2.176584763689195068e+00,5.441148694030143451e-01,1.537897810665886933e+00,-1.508641497838665746e+00,-3.481759119151261572e+00,-1.793709056635256260e+00,-4.582187390443441810e-01,-7.647587771265387246e-01,-3.262267364463408814e+00,-7.754069170249729970e-01,-8.092769052360058168e-01,-1.283645962745322056e+00,-4.196887180635389125e-01,-9.204096845965986651e-01,-1.698336686654289496e+00,-4.194950232830883530e-01,-1.545098302898014753e+00,-2.432450824047661442e+00,-1.394434911648746667e+00,-1.113901189737931618e+00,-7.369643750999199661e-01,-8.623164985025838503e-01,-9.898908798046147650e-01,-1.120099352446805918e+00,-8.299046462421418857e-01,-2.004287226947851330e+00,-3.974562670904782102e+00,-5.659883168023950306e-01,-7.031152942494910407e-01,-3.856799064125516208e-01,-3.135859687799798234e-02,-8.826485971191795343e-01,-1.120325037773388877e+00
8.845047642927281739e-01,5.441148694030143451e-01,-1.117839943644278966e+00,-3.171476319498239826e-01,-1.474557526383528661e-01,7.299902954603146865e-01,-4.582187390443441810e-01,1.639105483795093132e+00,-6.983722343323787163e-01,-7.754069170249729970e-01,4.472713394927279595e-01,7.897014355131553032e-01,9.264826417629067334e-01,1.516270014335442173e+00,3.025234323628490096e-01,-4.194950232830883530e-01,5.016943931925067490e-01,-8.603137283152774151e-01,2.333115882046278844e-01,2.540933277598717566e-01,-7.369643750999199661e-01,1.159667015227612730e+00,-9.898908798046147650e-01,-3.971983519314924160e-02,1.204957707524648258e+00,5.605850417487466819e-01,1.672269282466901652e-01,-2.599745901464164607e-02,1.060113398929431044e-01,-3.856799064125516208e-01,-3.133117043455323908e-02,1.366568872414919422e-01,-5.414336808692048475e-01
1.099851430858805879e+00,-1.837847219829066070e+00,1.537897810665886933e+00,8.743462339390176696e-01,4.638331978890137264e-01,6.850846130386852861e-01,-4.582187390443441810e-01,-7.647587771265387246e-01,2.226386376564379599e-01,1.289645446853545208e+00,8.825755528451835474e-02,7.897014355131553032e-01,-4.196887180635389125e-01,1.516270014335442173e+00,2.055066383357724569e-01,-4.194950232830883530e-01,8.338429588214312238e-01,-3.623431191087820857e-01,8.325017367727011175e-01,-1.113901189737931618e+00,1.356917693429100291e+00,1.159667015227612730e+00,1.207472988314443052e+00,-1.120099352446805918e+00,-8.299046462421418857e-01,5.524522511955894943e-01,3.114998825751355560e-01,-2.904827771147657223e-01,1.494598825571265277e-01,-3.856799064125516208e-01,-3.132709378420120427e-02,1.155962371602163419e+00,9.057947113912546699e-01
1.307914313114557359e-01,5.441148694030143451e-01,1.537897810665886933e+00,-1.508641497838665746e+00,3.526897523385834066e-01,4.964807468678419378e-01,-4.582187390443441810e-01,1.639105483795093132e+00,6.706979807861325193e-01,-7.754069170249729970e-01,2.677644473886231502e-01,7.897014355131553032e-01,9.264826417629067334e-01,1.516270014335442173e+00,3.484830145207969965e-01,-4.194950232830883530e-01,5.909229004064173729e-01,2.861113983344096279e-01,1.117677796786383126e+00,9.845758371033590528e-01,-7.369643750999199661e-01,1.159667015227612730e+00,-9.898908798046147650e-01,-1.120099352446805918e+00,1.204957707524648258e+00,5.166107023373627261e-01,2.869980914369990033e-01,-1.692603396522088244e-01,-2.494809548920076947e-01,-3.856799064125516208e-01,-3.132201285043977740e-02,-8.826485971191795343e-01,-5.414336808692048475e-01
-6.229219016698166467e-01,5.441148694030143451e-01,1.537897810665886933e+00,-1.508641497838665746e+00,-6.476012576152891942e-01,-1.793709056635256260e+00,-4.582187390443441810e-01,4.371733533342772038e-01,-5.241269342263863429e-01,1.289645446853545208e+00,8.825755528451835474e-02,1.826375134642393983e+00,-4.196887180635389125e-01,-9.204096845965986651e-01,-1.698336686654289496e+00,-4.194950232830883530e-01,-1.545098302898014753e+00,-2.637665617307403676e-01,9.339688742307526992e-01,-1.113901189737931618e+00,-7.369643750999199661e-01,-8.623164985025838503e-01,1.087910542549141157e-01,-1.120099352446805918e+00,1.204957707524648258e+00,-2.004287226947851330e+00,2.812930152929765323e-02,-2.904827771147657223e-01,3.798856060183745109e-01,-3.856799064125516208e-01,-3.132413761153399895e-02,-8.826485971191795343e-01,3.269033544870708630e-01
9.921780975757670262e-01,5.441148694030143451e-01,1.537897810665886933e+00,8.743462339390176696e-01,2.971180295633683022e-01,-1.793709056635256260e+00,-4.582187390443441810e-01,-7.647587771265387246e-01,-1.171323763191500777e+00,1.289645446853545208e+00,-8.092769052360058168e-01,-1.283645962745322056e+00,-4.196887180635389125e-01,1.516270014335442173e+00,-1.698336686654289496e+00,-4.194950232830883530e-01,-1.545098302898014753e+00,-1.170670889608725451e+00,-1.394434911648746667e+00,-1.113901189737931618e+00,-7.369643750999199661e-01,-8.623164985025838503e-01,1.087910542549141157e-01,1.040659682060507407e+00,-8.299046462421418857e-01,-2.004287226947851330e+00,2.744814924872576167e-01,-5.659883168023950306e-01,-7.031152942494910407e-01,-3.856799064125516208e-01,-3.133886111629588522e-02,-8.826485971191795343e-01,-2.519880024171129995e-01
4.538114311605724871e-01,-1.837847219829066070e+00,-1.117839943644278966e+00,-3.171476319498239826e-01,2.971180295633683022e-01,1.071273481864697841e+00,2.182363824940011909e+00,1.639105483795093132e+00,5.213448664095676754e-01,-7.754069170249729970e-01,-8.092769052360058168e-01,-2.469722636160833762e-01,2.272654001589352379e+00,1.238816149457046267e-01,7.297533510141953617e-01,2.192838862056739835e+00,1.088295953543005012e+00,4.759939191852301937e-02,2.290392876800785849e-01,9.048868360840695013e-01,-7.369643750999199661e-01,1.159667015227612730e+00,1.087910542549141157e-01,-1.120099352446805918e+00,1.204957707524648258e+00,6.180541858098983488e-01,2.744814924872576167e-01,-5.659883168023950306e-01,-7.031152942494910407e-01,2.832620176232143461e+00,-3.132288454729894450e-02,-3.729958549388437961e-01,3.269033544870708630e-01
-1.922285685376610154e-01,5.441148694030143451e-01,-2.325940255408903146e-01,8.743462339390176696e-01,9.639787028659499990e-01,4.156505185089090504e-01,-4.582187390443441810e-01,4.371733533342772038e-01,-1.221108134650355614e+00,1.289645446853545208e+00,2.780860936846091036e+00,7.897014355131553032e-01,-4.196887180635389125e-01,-9.204096845965986651e-01,3.901603387528688183e-01,-4.194950232830883530e-01,8.440405025030210950e-01,-9.401534015862276217e-01,-1.447870082180061635e-01,-1.113901189737931618e+00,1.356917693429100291e+00,1.159667015227612730e+00,1.207472988314443052e+00,1.040659682060507407e+00,1.204957707524648258e+00,5.003405849646818115e-01,4.138916512505173007e-01,3.842100318199674014e+00,5.090287112002705783e+00,-3.856799064125516208e-01,-3.134222089477611828e-02,1.155962371602163419e+00,1.484686068295438144e+00
-5.152485683867777944e-01,5.441148694030143451e-01,1.537897810665886933e+00,-1.508641497838665746e+00,-3.481759119151261572e+00,-5.183876758609818891e-01,-4.582187390443441810e-01,-7.647587771265387246e-01,-3.262267364463408814e+00,-7.754069170249729970e-01,-8.092769052360058168e-01,-1.283645962745322056e+00,-4.196887180635389125e-01,-9.204096845965986651e-01,-4.189719914820266289e-01,-4.194950232830883530e-01,-1.545098302898014753e+00,-2.432450824047661442e+00,-1.394434911648746667e+00,-1.113901189737931618e+00,-7.369643750999199661e-01,-8.623164985025838503e-01,-9.898908798046147650e-01,-1.120099352446805918e+00,-8.299046462421418857e-01,2.518758764062984934e-01,-3.974562670904782102e+00,-5.659883168023950306e-01,-7.031152942494910407e-01,-3.856799064125516208e-01,-3.135859687799798234e-02,-8.826485971191795343e-01,-1.120325037773388877e+00
-8.382685682358945733e-01,-1.837847219829066070e+00,-2.325940255408903146e-01,8.743462339390176696e-01,1.304028612377228502e-01,3.438014266343020764e-01,-4.582187390443441810e-01,-7.647587771265387246e-01,-1.021970648814935823e+00,-7.754069170249729970e-01,-8.092769052360058168e-01,-1.283645962745322056e+00,-4.196887180635389125e-01,-9.204096845965986651e-01,5.857954436425459877e-01,-4.194950232830883530e-01,3.329493251281043786e-01,-5.809259202513966658e-01,-1.394434911648746667e+00,8.143382555141114032e-02,-7.369643750999199661e-01,-8.623164985025838503e-01,-9.898908798046147650e-01,-1.120099352446805918e+00,-8.299046462421418857e-01,4.853726200267673985e-01,2.358050203166296432e-01,-5.659883168023950306e-01,-7.031152942494910407e-01,-3.856799064125516208e-01,-3.133647547477145384e-02,-8.826485971191795343e-01,-1.120325037773388877e+00
-1.591981901217166984e+00,-1.837847219829066070e+00,-2.325940255408903146e-01,-1.508641497838665746e+00,-4.253143665144286101e-01,-1.591422164879469081e-01,-4.582187390443441810e-01,4.371733533342772038e-01,1.218326066833536947e+00,-7.754069170249729970e-01,-8.092769052360058168e-01,-1.283645962745322056e+00,-4.196887180635389125e-01,-9.204096845965986651e-01,3.618609210644250229e-01,-4.194950232830883530e-01,-3.298910141752318115e-01,1.935248949010193620e+00,-1.394434911648746667e+00,1.276768840840753816e+00,-7.369643750999199661e-01,-8.623164985025838503e-01,-9.898908798046147650e-01,-1.120099352446805918e+00,1.204957707524648258e+00,3.640017929845815181e-01,9.272988894116553082e-02,-5.659883168023950306e-01,-7.031152942494910407e-01,-3.856799064125516208e-01,-3.130630992491709869e-02,-8.826485971191795343e-01,-5.414336808692048475e-01
-6.229219016698166467e-01,5.441148694030143451e-01,-2.325940255408903146e-01,8.743462339390176696e-01,-9.188402986313773391e-02,6.761034765543594283e-01,2.182363824940011909e+00,4.371733533342772038e-01,4.715604949507127275e-01,1.289645446853545208e+00,9.857920158050426096e-01,1.826375134642393983e+00,-4.196887180635389125e-01,-9.204096845965986651e-01,8.309237692503823602e-01,1.923922138565875128e+00,4.913754501813742404e-01,5.248458972935948763e-01,1.767067476517913072e+00,-1.113901189737931618e+00,-7.369643750999199661e-01,1.159667015227612730e+00,1.207472988314443052e+00,1.040659682060507407e+00,1.204957707524648258e+00,5.508080871334737338e-01,1.813851176366966800e-01,5.360338419481222028e-01,8.891111948860463965e-01,2.621616433068551633e+00,-3.131931023292354455e-02,2.175267855962834673e+00,1.195240389843346795e+00
-1.376635234651089057e+00,5.441148694030143451e-01,-2.325940255408903146e-01,-3.171476319498239826e-01,-1.474557526383528661e-01,8.198016603035734873e-01,-4.582187390443441810e-01,4.371733533342772038e-01,7.204823522449874673e-01,-7.754069170249729970e-01,-8.092769052360058168e-01,-1.283645962745322056e+00,-4.196887180635389125e-01,-9.204096845965986651e-01,1.435030058186194335e+00,-4.194950232830883530e-01,5.745339909181481630e-01,1.260563618212638959e+00,-1.394434911648746667e+00,1.011138837443122274e+00,-7.369643750999199661e-01,1.159667015227612730e+00,-9.898908798046147650e-01,-3.971983519314924160e-02,1.204957707524648258e+00,5.764267445133771650e-01,1.672269282466901652e-01,-5.659883168023950306e-01,-7.031152942494910407e-01,-3.856799064125516208e-01,-3.131599269400615199e-02,-8.826485971191795343e-01,-5.414336808692048475e-01
1.638218097274000584e+00,5.441148694030143451e-01,1.537897810665886933e+00,-1.508641497838665746e+00,4.082614751137985665e-01,-1.793709056635256260e+00,-4.582187390443441810e-01,4.371733533342772038e-01,-3.249894483909665510e-01,-7.754069170249729970e-01,1.434559246065304716e+00,1.826375134642393983e+00,-4.196887180635389125e-01,-9.204096845965986651e-01,-1.698336686654289496e+00,-4.194950232830883530e-01,-1.545098302898014753e+00,-8.140809081368521882e-01,1.072818641278612706e+00,4.533158303080955798e-01,1.356917693429100291e+00,-8.623164985025838503e-01,1.087910542549141157e-01,-1.120099352446805918e+00,1.204957707524648258e+00,-2.004287226947851330e+00,2.993358757040473495e-01,1.155921306245288216e+00,5.596273520712347072e-01,-3.856799064125516208e-01,-3.133166494740314417e-02,-8.826485971191795343e-01,6.163490329391630995e-01
2.311809802841681069e-02,5.441148694030143451e-01,-2.325940255408903146e-01,-3.171476319498239826e-01,-4.253143665144286101e-01,7.436733210452582676e-02,-4.582187390443441810e-01,-7.647587771265387246e-01,2.724230091152929356e-01,-7.754069170249729970e-01,-8.092769052360058168e-01,-1.283645962745322056e+00,-4.196887180635389125e-01,-9.204096845965986651e-01,2.143878446871470486e-03,-4.194950232830883530e-01,-1.562899729291199469e-01,5.605960220690690138e-02,-1.394434911648746667e+00,7.720718343852536192e-01,-7.369643750999199661e-01,-8.623164985025838503e-01,-9.898908798046147650e-01,-3.971983519314924160e-02,-8.299046462421418857e-01,4.243959825921714279e-01,9.272988894116553082e-02,-5.659883168023950306e-01,-7.031152942494910407e-01,-3.856799064125516208e-01,-3.131734828167861973e-02,-8.826485971191795343e-01,-1.120325037773388877e+00
-6.229219016698166467e-01,5.441148694030143451e-01,-1.117839943644278966e+00,-3.171476319498239826e-01,1.304028612377228502e-01,4.066693820245831925e-01,-4.582187390443441810e-01,1.639105483795093132e+00,1.218326066833536947e+00,-7.754069170249729970e-01,-6.297700131319009520e-01,7.897014355131553032e-01,-4.196887180635389125e-01,1.238816149457046267e-01,5.550044467880544952e-01,-4.194950232830883530e-01,3.881860200700490426e-01,1.116305241561846184e+00,1.486163717028781361e+00,1.276768840840753816e+00,-7.369643750999199661e-01,1.159667015227612730e+00,-9.898908798046147650e-01,-3.971983519314924160e-02,1.204957707524648258e+00,4.984963192805818566e-01,2.358050203166296432e-01,-5.549680952148898783e-01,-6.366992169402462265e-01,-3.856799064125516208e-01,-3.131435407154492534e-02,1.366568872414919422e-01,-5.414336808692048475e-01
-1.484308567934127909e+00,5.441148694030143451e-01,-1.117839943644278966e+00,8.743462339390176696e-01,-4.253143665144286101e-01,-2.938592637528350537e-01,-4.582187390443441810e-01,1.639105483795093132e+00,-4.245581913086764470e-01,1.289645446853545208e+00,9.857920158050426096e-01,7.897014355131553032e-01,-4.196887180635389125e-01,1.516270014335442173e+00,1.448043873940602355e-01,-4.194950232830883530e-01,-4.300454610479886308e-01,2.646037858155643741e-01,3.999313086620602253e-01,-1.113901189737931618e+00,-7.369643750999199661e-01,-8.623164985025838503e-01,1.087910542549141157e-01,1.040659682060507407e+00,1.204957707524648258e+00,3.251224835148970316e-01,9.272988894116553082e-02,5.360338419481222028e-01,1.387547313224127832e+00,-3.856799064125516208e-01,-3.132548180771342616e-02,1.155962371602163419e+00,3.269033544870708630e-01
1.530544763990961732e+00,5.441148694030143451e-01,6.526518925624983369e-01,8.743462339390176696e-01,5.471907820518364662e-01,-1.793709056635256260e+00,-4.582187390443441810e-01,-7.647587771265387246e-01,1.230698947387280501e-01,-7.754069170249729970e-01,8.062851237009377448e-01,-2.469722636160833762e-01,-4.196887180635389125e-01,-9.204096845965986651e-01,-1.698336686654289496e+00,-4.194950232830883530e-01,-1.545098302898014753e+00,-5.397809223892574559e-01,3.892191433762393071e-02,6.923828333659640677e-01,1.356917693429100291e+00,-8.623164985025838503e-01,1.087910542549141157e-01,1.040659682060507407e+00,-8.299046462421418857e-01,-2.004287226947851330e+00,3.294305656233620927e-01,3.266496317855240306e-01,8.660580017941243991e-02,-3.856799064125516208e-01,-3.132862703822442141e-02,1.366568872414919422e-01,3.745767603497900805e-02
-1.591981901217166984e+00,-1.837847219829066070e+00,-1.117839943644278966e+00,-1.508641497838665746e+00,3.526897523385834066e-01,1.821409699164363294e-01,-4.582187390443441810e-01,-7.647587771265387246e-01,5.213448664095676754e-01,-7.754069170249729970e-01,-8.092769052360058168e-01,7.897014355131553032e-01,-4.196887180635389125e-01,1.238816149457046267e-01,7.920120699287720445e-01,-4.194950232830883530e-01,2.977435195607110452e-01,1.255828984312305385e+00,1.040776387344491294e+00,9.048868360840695013e-01,-7.369643750999199661e-01,-8.623164985025838503e-01,-9.898908798046147650e-01,-1.120099352446805918e+00,-8.299046462421418857e-01,4.497762024827584026e-01,2.869980914369990033e-01,-5.659883168023950306e-01,-7.031152942494910407e-01,-3.856799064125516208e-01,-3.132340211730907931e-02,-8.826485971191795343e-01,-1.120325037773388877e+00
-7.305952349528556100e-01,5.441148694030143451e-01,-1.117839943644278966e+00,8.743462339390176696e-01,-4.253143665144286101e-01,6.761034765543594283e-01,-4.582187390443441810e-01,1.639105483795093132e+00,-3.249894483909665510e-01,1.289645446853545208e+00,8.825755528451835474e-02,7.897014355131553032e-01,9.264826417629067334e-01,1.238816149457046267e-01,8.847378215036731941e-01,-4.194950232830883530e-01,2.910665564358606017e-01,-5.654605388072891231e-02,4.800369434973640881e-01,-1.113901189737931618e+00,-7.369643750999199661e-01,1.159667015227612730e+00,1.087910542549141157e-01,1.040659682060507407e+00,1.204957707524648258e+00,5.508080871334737338e-01,9.272988894116553082e-02,-2.904827771147657223e-01,3.070788228070894244e-01,-3.856799064125516208e-01,-3.132431987542273755e-02,1.155962371602163419e+00,3.269033544870708630e-01
2.384647645944946437e-01,5.441148694030143451e-01,6.526518925624983369e-01,8.743462339390176696e-01,-1.474557526383528661e-01,-1.793709056635256260e+00,-4.582187390443441810e-01,4.371733533342772038e-01,4.217761234918577795e-01,-7.754069170249729970e-01,-8.092769052360058168e-01,7.897014355131553032e-01,-4.196887180635389125e-01,-9.204096845965986651e-01,-1.698336686654289496e+00,-4.194950232830883530e-01,-1.545098302898014753e+00,6.857726028665807327e-02,9.766918794762481371e-01,8.517608354045431707e-01,-7.369643750999199661e-01,-8.623164985025838503e-01,-9.898908798046147650e-01,1.040659682060507407e+00,1.204957707524648258e+00,-2.004287226947851330e+00,1.672269282466901652e-01,-5.659883168023950306e-01,-7.031152942494910407e-01,-3.856799064125516208e-01,-3.131918800780553874e-02,1.155962371602163419e+00,-5.414336808692048475e-01
-2.561041900764517099e+00,-1.837847219829066070e+00,-2.325940255408903146e-01,-9.128945648942448088e-01,1.241837316742025799e+00,3.348202901499762185e-01,-4.582187390443441810e-01,4.371733533342772038e-01,9.694042095392622072e-01,-7.754069170249729970e-01,-8.092769052360058168e-01,-1.283645962745322056e+00,-4.196887180635389125e-01,1.168172914488007974e+00,1.789283549269534257e+00,-4.194950232830883530e-01,9.004911907403930771e-01,2.930113897317816907e+00,-1.394434911648746667e+00,1.143953839141937934e+00,1.356917693429100291e+00,-8.623164985025838503e-01,1.087910542549141157e-01,-1.120099352446805918e+00,1.204957707524648258e+00,4.834664920030388724e-01,4.659333095152841664e-01,-5.659883168023950306e-01,-7.031152942494910407e-01,-3.856799064125516208e-01,-3.132664374000410784e-02,-8.826485971191795343e-01,6.163490329391630995e-01
3.461380978775335793e-01,5.441148694030143451e-01,-1.117839943644278966e+00,8.743462339390176696e-01,1.859745840129379824e-01,6.538619562019995501e-02,-4.582187390443441810e-01,-7.647587771265387246e-01,9.196198380804072592e-01,1.289645446853545208e+00,-8.092769052360058168e-01,-2.469722636160833762e-01,-4.196887180635389125e-01,1.516270014335442173e+00,-9.510020245213199330e-02,-4.194950232830883530e-01,1.134593373148384543e-01,3.567469257647232772e-01,3.999313086620602253e-01,-1.113901189737931618e+00,-7.369643750999199661e-01,-8.623164985025838503e-01,1.087910542549141157e-01,1.040659682060507407e+00,-8.299046462421418857e-01,4.222155905580857738e-01,2.488905768783777062e-01,-5.659883168023950306e-01,-7.031152942494910407e-01,-3.856799064125516208e-01,-3.131792924782396403e-02,1.366568872414919422e-01,-2.519880024171129995e-01
-2.022675234349322615e+00,5.441148694030143451e-01,1.537897810665886933e+00,-1.508641497838665746e+00,-3.481759119151261572e+00,-3.477460826587903120e-01,-4.582187390443441810e-01,4.371733533342772038e-01,-3.262267364463408814e+00,-7.754069170249729970e-01,-8.092769052360058168e-01,-1.283645962745322056e+00,-4.196887180635389125e-01,-9.204096845965986651e-01,3.324295266684431094e-01,-4.194950232830883530e-01,-1.545098302898014753e+00,-2.432450824047661442e+00,-1.394434911648746667e+00,-1.113901189737931618e+00,-7.369643750999199661e-01,-8.623164985025838503e-01,-9.898908798046147650e-01,-1.120099352446805918e+00,1.204957707524648258e+00,3.085893572441388844e-01,-3.974562670904782102e+00,-5.659883168023950306e-01,-7.031152942494910407e-01,-3.856799064125516208e-01,-3.135859687799798234e-02,-8.826485971191795343e-01,-5.414336808692048475e-01
-1.161288568085011352e+00,5.441148694030143451e-01,-1.117839943644278966e+00,-1.508641497838665746e+00,1.304028612377228502e-01,1.035348935927394409e+00,-4.582187390443441810e-01,-7.647587771265387246e-01,7.702667237038424153e-01,-7.754069170249729970e-01,8.960385697529900106e-01,-2.469722636160833762e-01,9.264826417629067334e-01,1.238816149457046267e-01,1.535694441741366711e+00,-4.194950232830883530e-01,9.405529694894958492e-01,1.132811083727471635e+00,3.155533733022067300e-01,1.037701837782885272e+00,-7.369643750999199661e-01,1.159667015227612730e+00,-9.898908798046147650e-01,-1.120099352446805918e+00,-8.299046462421418857e-01,6.123357347169093856e-01,2.358050203166296432e-01,4.285866814699467731e-01,-2.486797726506893933e-03,-3.856799064125516208e-01,-3.131877835219022688e-02,-8.826485971191795343e-01,-1.120325037773388877e+00
5.614847644436113949e-01,5.441148694030143451e-01,-2.325940255408903146e-01,8.743462339390176696e-01,4.082614751137985665e-01,-1.793709056635256260e+00,-4.582187390443441810e-01,-7.647587771265387246e-01,2.226386376564379599e-01,-7.754069170249729970e-01,-8.092769052360058168e-01,-1.283645962745322056e+00,-4.196887180635389125e-01,-9.204096845965986651e-01,-1.698336686654289496e+00,-4.194950232830883530e-01,-1.545098302898014753e+00,-1.869102627580296883e-01,-1.394434911648746667e+00,7.455088340454903983e-01,1.356917693429100291e+00,-8.623164985025838503e-01,1.087910542549141157e-01,1.040659682060507407e+00,-8.299046462421418857e-01,-2.004287226947851330e+00,2.993358757040473495e-01,-5.659883168023950306e-01,-7.031152942494910407e-01,-3.856799064125516208e-01,-3.132664374000410784e-02,-8.826485971191795343e-01,3.745767603497900805e-02
6.691580977266503583e-01,5.441148694030143451e-01,-1.117839943644278966e+00,8.743462339390176696e-01,5.471907820518364662e-01,7.389714319446405444e-01,-4.582187390443441810e-01,1.639105483795093132e+00,2.724230091152929356e-01,1.289645446853545208e+00,1.703819584221461847e+00,7.897014355131553032e-01,2.272654001589352379e+00,1.516270014335442173e+00,3.765766182624157854e-01,-4.194950232830883530e-01,9.369109896032137286e-01,-1.927914404185500363e-01,8.357059621661131477e-01,-1.113901189737931618e+00,1.356917693429100291e+00,1.159667015227612730e+00,1.207472988314443052e+00,1.040659682060507407e+00,1.204957707524648258e+00,5.621942854384790467e-01,3.294305656233620927e-01,1.593975114348618494e+00,1.650707641437590079e+00,-3.856799064125516208e-01,-3.132730483941088134e-02,1.155962371602163419e+00,1.484686068295438144e+00
5.614847644436113949e-01,5.441148694030143451e-01,-1.117839943644278966e+00,-9.128945648942448088e-01,1.241837316742025799e+00,7.928582508505958026e-01,-4.582187390443441810e-01,1.639105483795093132e+00,6.955901665155600488e-01,-7.754069170249729970e-01,-6.297700131319009520e-01,7.897014355131553032e-01,-4.196887180635389125e-01,1.516270014335442173e+00,4.566399877633489091e-01,-4.194950232830883530e-01,1.426757284308151741e+00,1.178416705598489683e-01,1.149720050720504760e+00,9.978573372732405522e-01,1.356917693429100291e+00,1.159667015227612730e+00,1.087910542549141157e-01,-5.799095938199776423e-01,1.204957707524648258e+00,5.717319261867084279e-01,4.659333095152841664e-01,-5.549680952148898783e-01,-6.279821067934078238e-01,-3.856799064125516208e-01,-3.132871129599194837e-02,-3.729958549388437961e-01,6.163490329391630995e-01
-8.455523525462210754e-02,-1.837847219829066070e+00,-2.325940255408903146e-01,-1.508641497838665746e+00,-1.474557526383528661e-01,6.671223400700335704e-01,-4.582187390443441810e-01,-7.647587771265387246e-01,-2.628321963783680770e-02,-7.754069170249729970e-01,-8.092769052360058168e-01,-1.283645962745322056e+00,-4.196887180635389125e-01,-9.204096845965986651e-01,5.839846523548524182e-01,-4.194950232830883530e-01,4.507066747845578369e-01,-1.112518880515056957e-01,-1.394434911648746667e+00,6.126938323466746272e-01,-7.369643750999199661e-01,1.159667015227612730e+00,-9.898908798046147650e-01,-1.120099352446805918e+00,-8.299046462421418857e-01,5.491579551306472462e-01,1.672269282466901652e-01,-5.659883168023950306e-01,-7.031152942494910407e-01,-3.856799064125516208e-01,-3.132398097850461888e-02,-8.826485971191795343e-01,-1.120325037773388877e+00
3.461380978775335793e-01,5.441148694030143451e-01,-2.325940255408903146e-01,-3.171476319498239826e-01,4.082614751137985665e-01,5.862921117111007385e-01,-4.582187390443441810e-01,4.371733533342772038e-01,3.470995663035753576e-01,1.289645446853545208e+00,8.825755528451835474e-02,7.897014355131553032e-01,-4.196887180635389125e-01,-9.204096845965986651e-01,3.541158172760085487e-01,-4.194950232830883530e-01,7.068592601197298819e-01,-2.510752807863889449e-02,9.126073716080049802e-01,-1.113901189737931618e+00,1.356917693429100291e+00,1.159667015227612730e+00,1.207472988314443052e+00,-3.971983519314924160e-02,1.204957707524648258e+00,5.340308744849618927e-01,2.993358757040473495e-01,-2.904827771147657223e-01,1.202621025295026319e-01,-3.856799064125516208e-01,-3.132550255650432686e-02,1.366568872414919422e-01,1.484686068295438144e+00
8.845047642927281739e-01,5.441148694030143451e-01,1.537897810665886933e+00,-1.508641497838665746e+00,-3.481759119151261572e+00,3.844278616722233283e-02,-4.582187390443441810e-01,4.371733533342772038e-01,-3.262267364463408814e+00,-7.754069170249729970e-01,-8.092769052360058168e-01,-1.283645962745322056e+00,-4.196887180635389125e-01,-9.204096845965986651e-01,-2.457549632397120210e-01,-4.194950232830883530e-01,-1.545098302898014753e+00,-2.432450824047661442e+00,-1.394434911648746667e+00,-1.113901189737931618e+00,-7.369643750999199661e-01,-8.623164985025838503e-01,-9.898908798046147650e-01,-1.120099352446805918e+00,1.204957707524648258e+00,4.156109581559349064e-01,-3.974562670904782102e+00,-5.659883168023950306e-01,-7.031152942494910407e-01,-3.856799064125516208e-01,-3.135859687799798234e-02,-8.826485971191795343e-01,-5.414336808692048475e-01
-2.999019018206999232e-01,-1.837847219829066070e+00,-2.325940255408903146e-01,-1.508641497838665746e+00,-4.253143665144286101e-01,-8.729312461333992024e-02,-4.582187390443441810e-01,-7.647587771265387246e-01,-2.752050769321116030e-01,-7.754069170249729970e-01,-8.092769052360058168e-01,-1.283645962745322056e+00,-4.196887180635389125e-01,-9.204096845965986651e-01,-5.364111746708051520e-02,-4.194950232830883530e-01,-2.764753091764281523e-01,-2.057803515083625467e-01,-1.394434911648746667e+00,4.798788306478587451e-01,-7.369643750999199661e-01,-8.623164985025838503e-01,-9.898908798046147650e-01,-1.120099352446805918e+00,-8.299046462421418857e-01,3.834533532898243835e-01,9.272988894116553082e-02,-5.659883168023950306e-01,-7.031152942494910407e-01,-3.856799064125516208e-01,-3.132373890927739324e-02,-8.826485971191795343e-01,-1.120325037773388877e+00
-5.152485683867777944e-01,-1.837847219829066070e+00,-2.325940255408903146e-01,-3.171476319498239826e-01,-4.253143665144286101e-01,-1.793709056635256260e+00,-4.582187390443441810e-01,-7.647587771265387246e-01,7.204823522449874673e-01,-7.754069170249729970e-01,-8.092769052360058168e-01,-1.283645962745322056e+00,-4.196887180635389125e-01,-9.204096845965986651e-01,-1.698336686654289496e+00,-4.194950232830883530e-01,-1.545098302898014753e+00,6.576224847823859410e-01,-1.394434911648746667e+00,1.011138837443122274e+00,-7.369643750999199661e-01,-8.623164985025838503e-01,-9.898908798046147650e-01,-1.120099352446805918e+00,-8.299046462421418857e-01,-2.004287226947851330e+00,9.272988894116553082e-02,-5.659883168023950306e-01,-7.031152942494910407e-01,-3.856799064125516208e-01,-3.131211958637052789e-02,-8.826485971191795343e-01,-1.120325037773388877e+00
6.691580977266503583e-01,5.441148694030143451e-01,6.526518925624983369e-01,8.743462339390176696e-01,9.639787028659499990e-01,-1.793709056635256260e+00,-4.582187390443441810e-01,-7.647587771265387246e-01,4.466683092212852535e-01,-7.754069170249729970e-01,-4.502631210277961427e-01,7.897014355131553032e-01,-4.196887180635389125e-01,-9.204096845965986651e-01,-1.698336686654289496e+00,-4.194950232830883530e-01,-1.545098302898014753e+00,-8.238569615514308719e-02,9.863045556564843386e-01,8.650423355744247811e-01,1.356917693429100291e+00,-8.623164985025838503e-01,1.087910542549141157e-01,1.040659682060507407e+00,-8.299046462421418857e-01,-2.004287226947851330e+00,4.138916512505173007e-01,-5.219074304523743102e-01,-5.428311610098468520e-01,-3.856799064125516208e-01,-3.132884051824118971e-02,1.155962371602163419e+00,3.745767603497900805e-02
-1.268961901368050205e+00,5.441148694030143451e-01,-1.117839943644278966e+00,8.743462339390176696e-01,2.971180295633683022e-01,1.035348935927394409e+00,-4.582187390443441810e-01,-7.647587771265387246e-01,-1.507441482849742054e-01,1.289645446853545208e+00,8.062851237009377448e-01,7.897014355131553032e-01,-4.196887180635389125e-01,1.168172914488007974e+00,1.612695182893644441e+00,-4.194950232830883530e-01,1.055275335907380985e+00,3.840222438963922236e-01,5.793679306931409645e-01,-1.113901189737931618e+00,-7.369643750999199661e-01,1.159667015227612730e+00,1.087910542549141157e-01,1.040659682060507407e+00,-8.299046462421418857e-01,6.123357347169093856e-01,2.744814924872576167e-01,3.266496317855240306e-01,1.014214704746695839e+00,-3.856799064125516208e-01,-3.132922818498890677e-02,1.155962371602163419e+00,-2.519880024171129995e-01
2.384647645944946437e-01,5.441148694030143451e-01,1.537897810665886933e+00,8.743462339390176696e-01,-3.481759119151261572e+00,7.389714319446405444e-01,2.182363824940011909e+00,-7.647587771265387246e-01,-3.262267364463408814e+00,-7.754069170249729970e-01,-8.092769052360058168e-01,-1.283645962745322056e+00,-4.196887180635389125e-01,-9.204096845965986651e-01,5.247847114707517857e-01,-4.194950232830883530e-01,-1.545098302898014753e+00,-2.432450824047661442e+00,-1.394434911648746667e+00,-1.113901189737931618e+00,-7.369643750999199661e-01,1.159667015227612730e+00,1.087910542549141157e-01,1.040659682060507407e+00,-8.299046462421418857e-01,5.621942854384790467e-01,-3.974562670904782102e+00,-5.659883168023950306e-01,-7.031152942494910407e-01,-3.856799064125516208e-01,-3.135859687799798234e-02,-8.826485971191795343e-01,-2.519880024171129995e-01
-1.053615234801972278e+00,5.441148694030143451e-01,-1.117839943644278966e+00,8.743462339390176696e-01,-1.474557526383528661e-01,-2.758969907841832825e-01,-4.582187390443441810e-01,-7.647587771265387246e-01,3.222073805741478836e-01,1.289645446853545208e+00,1.703819584221461847e+00,1.826375134642393983e+00,-4.196887180635389125e-01,1.168172914488007974e+00,-2.687032249438587629e-03,-4.194950232830883530e-01,-3.141091013346761773e-01,6.646453786660907470e-01,1.621809258683228450e+00,-1.113901189737931618e+00,-7.369643750999199661e-01,-8.623164985025838503e-01,1.087910542549141157e-01,1.040659682060507407e+00,-8.299046462421418857e-01,3.305025565739196369e-01,1.672269282466901652e-01,1.593975114348618494e+00,1.618241118186733551e+00,-3.856799064125516208e-01,-3.132025311240533433e-02,2.175267855962834673e+00,-2.519880024171129995e-01
2.311809802841681069e-02,-1.837847219829066070e+00,-1.117839943644278966e+00,-1.508641497838665746e+00,-4.808860892896437700e-01,6.042543846797524543e-01,-4.582187390443441810e-01,1.639105483795093132e+00,8.947276523509798407e-01,-7.754069170249729970e-01,-8.092769052360058168e-01,-2.469722636160833762e-01,-4.196887180635389125e-01,1.238816149457046267e-01,4.844917310476817840e-01,-4.194950232830883530e-01,2.052372304491465460e-01,4.941776349982039962e-01,3.892505573506863659e-01,1.104109338632293325e+00,-7.369643750999199661e-01,1.159667015227612730e+00,-9.898908798046147650e-01,-1.120099352446805918e+00,1.204957707524648258e+00,5.374362152590045349e-01,7.702708888115142316e-02,-5.659883168023950306e-01,-7.031152942494910407e-01,-3.856799064125516208e-01,-3.130918785906301044e-02,-8.826485971191795343e-01,-5.414336808692048475e-01
5.614847644436113949e-01,5.441148694030143451e-01,1.537897810665886933e+00,8.743462339390176696e-01,-3.631230708792258788e-02,-1.793709056635256260e+00,-4.582187390443441810e-01,-7.647587771265387246e-01,-3.498816341203940250e-01,1.289645446853545208e+00,8.825755528451835474e-02,7.897014355131553032e-01,-4.196887180635389125e-01,-9.204096845965986651e-01,-1.698336686654289496e+00,-4.194950232830883530e-01,-1.545098302898014753e+00,-5.558204978270404606e-01,4.640158165303033266e-01,-1.113901189737931618e+00,-7.369643750999199661e-01,-8.623164985025838503e-01,1.087910542549141157e-01,1.040659682060507407e+00,-8.299046462421418857e-01,-2.004287226947851330e+00,1.953149391505394350e-01,-2.904827771147657223e-01,3.156397899007892804e-01,-3.856799064125516208e-01,-3.132844754618117900e-02,1.155962371602163419e+00,-2.519880024171129995e-01
2.311809802841681069e-02,5.441148694030143451e-01,-1.117839943644278966e+00,8.743462339390176696e-01,-9.188402986313773391e-02,7.748959778819440869e-01,-4.582187390443441810e-01,1.639105483795093132e+00,-3.747738198498214990e-01,1.289645446853545208e+00,2.062833368429671577e+00,7.897014355131553032e-01,2.272654001589352379e+00,1.238816149457046267e-01,6.398240903598071405e-01,-4.194950232830883530e-01,5.728344003045497956e-01,-3.995831518960421547e-01,4.127482102357086791e-01,-1.113901189737931618e+00,-7.369643750999199661e-01,1.159667015227612730e+00,1.087910542549141157e-01,1.040659682060507407e+00,1.204957707524648258e+00,5.685748935850541974e-01,1.813851176366966800e-01,2.255188409598929855e+00,2.584764361948336475e+00,-3.856799064125516208e-01,-3.132821520580708619e-02,1.155962371602163419e+00,3.269033544870708630e-01
6.691580977266503583e-01,5.441148694030143451e-01,-2.325940255408903146e-01,8.743462339390176696e-01,-7.031729803905043541e-01,4.336127914775608216e-01,-4.582187390443441810e-01,-7.647587771265387246e-01,-1.507441482849742054e-01,-7.754069170249729970e-01,8.825755528451835474e-02,7.897014355131553032e-01,-4.196887180635389125e-01,-9.204096845965986651e-01,1.264097658965719906e-01,-4.194950232830883530e-01,-3.974661656809381355e-02,-4.609196764868238039e-01,5.921848322667895292e-01,5.462863314972666862e-01,-7.369643750999199661e-01,1.159667015227612730e+00,-9.898908798046147650e-01,1.040659682060507407e+00,-8.299046462421418857e-01,5.040068215092396997e-01,1.119483325352974186e-02,-2.904827771147657223e-01,-2.260791834172169168e-01,-3.856799064125516208e-01,-3.131865545550564095e-02,1.155962371602163419e+00,-1.120325037773388877e+00
-1.161288568085011352e+00,5.441148694030143451e-01,-1.117839943644278966e+00,8.743462339390176696e-01,1.859745840129379824e-01,4.246316549932349638e-01,2.182363824940011909e+00,1.639105483795093132e+00,2.973151948447204096e-01,1.289645446853545208e+00,-7.195234591839534399e-01,7.897014355131553032e-01,-4.196887180635389125e-01,1.516270014335442173e+00,8.375543886273840721e-01,2.116005512487921347e+00,4.339535673076603262e-01,7.146630821982895565e-01,8.949841319442384258e-01,-1.113901189737931618e+00,-7.369643750999199661e-01,1.159667015227612730e+00,1.207472988314443052e+00,1.040659682060507407e+00,1.204957707524648258e+00,5.021773990499442952e-01,2.488905768783777062e-01,-5.632332614055187703e-01,-6.196339748538429726e-01,2.876646169154779553e+00,-3.132398097850461888e-02,1.155962371602163419e+00,1.195240389843346795e+00
-1.915001901066283763e+00,5.441148694030143451e-01,-2.325940255408903146e-01,-1.508641497838665746e+00,1.304028612377228502e-01,8.334846858885169851e-02,-4.582187390443441810e-01,-7.647587771265387246e-01,1.168541695374682110e+00,-7.754069170249729970e-01,-8.092769052360058168e-01,-1.283645962745322056e+00,-4.196887180635389125e-01,-9.204096845965986651e-01,8.646472419957776934e-01,-4.194950232830883530e-01,1.041115889400478223e-01,2.246649766163393291e+00,-1.394434911648746667e+00,1.250205840500990817e+00,-7.369643750999199661e-01,-8.623164985025838503e-01,-9.898908798046147650e-01,-1.120099352446805918e+00,-8.299046462421418857e-01,4.265659669874327098e-01,2.358050203166296432e-01,-5.659883168023950306e-01,-7.031152942494910407e-01,-3.856799064125516208e-01,-3.131484565828329680e-02,-8.826485971191795343e-01,-1.120325037773388877e+00
-8.455523525462210754e-02,5.441148694030143451e-01,-1.117839943644278966e+00,-1.508641497838665746e+00,1.304028612377228502e-01,-2.442516922305879370e-02,2.182363824940011909e+00,1.639105483795093132e+00,5.213448664095676754e-01,-7.754069170249729970e-01,2.677644473886231502e-01,1.826375134642393983e+00,-4.196887180635389125e-01,1.238816149457046267e-01,-5.739762174625696878e-02,2.077588837703511881e+00,9.420111896714085040e-03,2.815663934247667477e-01,1.826879683861606818e+00,9.048868360840695013e-01,-7.369643750999199661e-01,-8.623164985025838503e-01,1.087910542549141157e-01,-1.120099352446805918e+00,1.204957707524648258e+00,3.998164362192896393e-01,2.358050203166296432e-01,-1.692603396522088244e-01,-2.316913729564201163e-01,1.693339998655823297e+00,-3.132123628588207032e-02,-8.826485971191795343e-01,3.269033544870708630e-01
-1.807328567783244688e+00,5.441148694030143451e-01,1.537897810665886933e+00,-1.508641497838665746e+00,-2.030274754135680260e-01,3.617636996029538476e-01,-4.582187390443441810e-01,1.639105483795093132e+00,8.449432808921248927e-01,-7.754069170249729970e-01,8.825755528451835474e-02,7.897014355131553032e-01,-4.196887180635389125e-01,1.238816149457046267e-01,1.165258443765545326e+00,-4.194950232830883530e-01,1.739162034271207746e-01,1.787691524244725993e+00,1.233029910949220431e+00,1.077546338292530104e+00,-7.369643750999199661e-01,1.159667015227612730e+00,-9.898908798046147650e-01,-1.120099352446805918e+00,1.204957707524648258e+00,4.891610658477938967e-01,1.528327581978870808e-01,-2.904827771147657223e-01,-3.410276438587286907e-01,-3.856799064125516208e-01,-3.131391664266756220e-02,-8.826485971191795343e-01,-5.414336808692048475e-01
1.422871430707922658e+00,5.441148694030143451e-01,-1.117839943644278966e+00,8.743462339390176696e-01,-1.474557526383528661e-01,2.629711982753691890e-01,-4.582187390443441810e-01,1.639105483795093132e+00,-5.117540536726428863e-02,1.289645446853545208e+00,1.524312692117357093e+00,7.897014355131553032e-01,2.272654001589352379e+00,1.516270014335442173e+00,-1.894286306812013321e-01,-4.194950232830883530e-01,1.229284850191718348e-01,-6.104029336451680665e-01,6.306355369877355566e-01,-1.113901189737931618e+00,-7.369643750999199661e-01,-8.623164985025838503e-01,1.087910542549141157e-01,1.040659682060507407e+00,1.204957707524648258e+00,4.679227260088268392e-01,1.672269282466901652e-01,1.296429131485979269e+00,1.701146704345170457e+00,-3.856799064125516208e-01,-3.132424725465456777e-02,1.155962371602163419e+00,3.269033544870708630e-01
8.845047642927281739e-01,5.441148694030143451e-01,1.537897810665886933e+00,-9.128945648942448088e-01,-3.697426437392134502e-01,5.234241563208196224e-01,-4.582187390443441810e-01,4.371733533342772038e-01,4.715604949507127275e-01,1.289645446853545208e+00,-8.092769052360058168e-01,-1.283645962745322056e+00,-4.196887180635389125e-01,-9.204096845965986651e-01,1.387519635464995182e-01,-4.194950232830883530e-01,2.088792103354286112e-01,-1.429307817189468532e-01,-1.394434911648746667e+00,-1.113901189737931618e+00,-7.369643750999199661e-01,1.159667015227612730e+00,1.087910542549141157e-01,-5.799095938199776423e-01,1.204957707524648258e+00,5.219071995403455899e-01,1.081522668181317537e-01,-5.659883168023950306e-01,-7.031152942494910407e-01,-3.856799064125516208e-01,-3.131580249675618849e-02,-8.826485971191795343e-01,3.269033544870708630e-01
-1.053615234801972278e+00,-1.837847219829066070e+00,-2.325940255408903146e-01,8.743462339390176696e-01,-1.474557526383528661e-01,1.641786969477845859e-01,-4.582187390443441810e-01,4.371733533342772038e-01,-3.996660055792489730e-01,-7.754069170249729970e-01,-8.092769052360058168e-01,-1.283645962745322056e+00,-4.196887180635389125e-01,-9.204096845965986651e-01,4.889510332288908301e-01,-4.194950232830883530e-01,4.280492752096636683e-02,4.092461561957116967e-02,-1.394434911648746667e+00,4.134713297984508040e-01,-7.369643750999199661e-01,-8.623164985025838503e-01,-9.898908798046147650e-01,-1.120099352446805918e+00,1.204957707524648258e+00,4.456433479499082861e-01,1.672269282466901652e-01,-5.659883168023950306e-01,-7.031152942494910407e-01,-3.856799064125516208e-01,-3.132797512075385232e-02,-8.826485971191795343e-01,-5.414336808692048475e-01
5.614847644436113949e-01,-1.837847219829066070e+00,-2.325940255408903146e-01,8.743462339390176696e-01,6.861200889898743105e-01,8.826696156938546034e-01,2.182363824940011909e+00,1.639105483795093132e+00,-2.628321963783680770e-02,1.289645446853545208e+00,1.703819584221461847e+00,7.897014355131553032e-01,2.272654001589352379e+00,1.516270014335442173e+00,5.314655667361833924e-01,2.461755585547604319e+00,1.168176712382124949e+00,-3.473060171358605119e-01,6.434524385613841213e-01,-1.113901189737931618e+00,1.356917693429100291e+00,1.159667015227612730e+00,2.306154922373972127e+00,-1.120099352446805918e+00,1.204957707524648258e+00,5.871963719176656049e-01,3.585117714792993016e-01,1.593975114348618494e+00,1.866325009592131989e+00,2.874041241376306122e+00,-3.133090415840329018e-02,1.155962371602163419e+00,2.353023103651714187e+00
8.845047642927281739e-01,5.441148694030143451e-01,-1.117839943644278966e+00,-3.171476319498239826e-01,7.483113846250770418e-02,7.436733210452582676e-02,2.182363824940011909e+00,1.639105483795093132e+00,2.226386376564379599e-01,-7.754069170249729970e-01,-8.092769052360058168e-01,-2.469722636160833762e-01,-4.196887180635389125e-01,1.238816149457046267e-01,-2.172729686629556178e-01,2.039172162919102860e+00,7.096957197488101832e-02,-2.955654512075276963e-01,1.008702719435923822e-01,7.455088340454903983e-01,-7.369643750999199661e-01,-8.623164985025838503e-01,1.087910542549141157e-01,-3.971983519314924160e-02,1.204957707524648258e+00,4.243959825921714279e-01,2.225181396183785187e-01,-5.659883168023950306e-01,-7.031152942494910407e-01,1.461914137927891266e+00,-3.132364813331717929e-02,-3.729958549388437961e-01,3.269033544870708630e-01
2.311809802841681069e-02,5.441148694030143451e-01,-2.325940255408903146e-01,8.743462339390176696e-01,2.075413158370253086e+00,-1.544403273873291849e-02,-4.582187390443441810e-01,-7.647587771265387246e-01,2.724230091152929356e-01,1.289645446853545208e+00,9.857920158050426096e-01,7.897014355131553032e-01,-4.196887180635389125e-01,-9.204096845965986651e-01,-7.960999487529971108e-02,-4.194950232830883530e-01,8.586084220481493556e-01,5.605960220690690138e-02,8.485228637397619345e-01,-1.113901189737931618e+00,1.356917693429100291e+00,-8.623164985025838503e-01,1.207472988314443052e+00,1.040659682060507407e+00,-8.299046462421418857e-01,4.021066721342696493e-01,6.055316640105270487e-01,5.360338419481222028e-01,9.781868026698526952e-01,-3.856799064125516208e-01,-3.133591015002232943e-02,1.155962371602163419e+00,9.057947113912546699e-01
-1.922285685376610154e-01,5.441148694030143451e-01,-2.325940255408903146e-01,-3.171476319498239826e-01,9.639787028659499990e-01,-3.340630570738466892e-02,-4.582187390443441810e-01,-7.647587771265387246e-01,8.449432808921248927e-01,-7.754069170249729970e-01,-8.092769052360058168e-01,-1.283645962745322056e+00,-4.196887180635389125e-01,-9.204096845965986651e-01,-3.433092657378946505e-02,-4.194950232830883530e-01,3.584431843320788347e-01,5.703427699296139686e-01,-1.394434911648746667e+00,1.077546338292530104e+00,1.356917693429100291e+00,-8.623164985025838503e-01,1.087910542549141157e-01,-3.971983519314924160e-02,-8.299046462421418857e-01,3.975146041236708450e-01,4.138916512505173007e-01,-5.659883168023950306e-01,-7.031152942494910407e-01,-3.856799064125516208e-01,-3.132564520444180295e-02,-8.826485971191795343e-01,3.745767603497900805e-02
-1.922285685376610154e-01,-1.837847219829066070e+00,-1.117839943644278966e+00,-1.508641497838665746e+00,2.415463067881531423e-01,2.988957442126726760e-01,-4.582187390443441810e-01,-7.647587771265387246e-01,7.453745379744149968e-01,-7.754069170249729970e-01,-9.124933681958644072e-02,7.897014355131553032e-01,-4.196887180635389125e-01,1.238816149457046267e-01,2.797926097679376833e-01,-4.194950232830883530e-01,3.500666305936300793e-01,4.975477737119833321e-01,1.172149628474389305e+00,1.024420337613003662e+00,-7.369643750999199661e-01,-8.623164985025838503e-01,-9.898908798046147650e-01,-1.120099352446805918e+00,-8.299046462421418857e-01,4.757610385917999674e-01,2.617808193191699107e-01,-3.896647714023122600e-01,-4.062928252871871315e-01,-3.856799064125516208e-01,-3.132020542115459411e-02,-8.826485971191795343e-01,-1.120325037773388877e+00
-7.305952349528556100e-01,5.441148694030143451e-01,-2.325940255408903146e-01,-1.508641497838665746e+00,4.082614751137985665e-01,-6.034971516036229111e-02,-4.582187390443441810e-01,-7.647587771265387246e-01,3.470995663035753576e-01,1.289645446853545208e+00,8.825755528451835474e-02,7.897014355131553032e-01,-4.196887180635389125e-01,-9.204096845965986651e-01,1.145119681620261481e-01,-4.194950232830883530e-01,9.500663922434265940e-02,4.870931731913661356e-01,9.126073716080049802e-01,-1.113901189737931618e+00,1.356917693429100291e+00,-8.623164985025838503e-01,1.207472988314443052e+00,-1.120099352446805918e+00,-8.299046462421418857e-01,3.905383413793532821e-01,2.993358757040473495e-01,-2.904827771147657223e-01,1.202621025295026319e-01,-3.856799064125516208e-01,-3.132550255650432686e-02,-8.826485971191795343e-01,9.057947113912546699e-01
5.614847644436113949e-01,5.441148694030143451e-01,-1.117839943644278966e+00,8.743462339390176696e-01,2.693321681757607222e-01,3.078768806969985894e-01,-4.582187390443441810e-01,-7.647587771265387246e-01,7.453745379744149968e-01,-7.754069170249729970e-01,-3.605096749757437102e-01,7.897014355131553032e-01,-4.196887180635389125e-01,1.516270014335442173e+00,5.258186131004163877e-02,-4.194950232830883530e-01,3.724041072294934085e-01,1.499208214354150470e-01,1.176955966564507738e+00,1.024420337613003662e+00,-7.369643750999199661e-01,-8.623164985025838503e-01,-9.898908798046147650e-01,1.040659682060507407e+00,-8.299046462421418857e-01,4.776996806240993432e-01,2.681545029392731205e-01,-4.971119318804877452e-01,-5.176012511480511114e-01,-3.856799064125516208e-01,-3.132048980231640078e-02,1.155962371602163419e+00,-1.120325037773388877e+00
-1.161288568085011352e+00,5.441148694030143451e-01,-1.117839943644278966e+00,8.743462339390176696e-01,-4.253143665144286101e-01,1.013107415575034559e-01,-4.582187390443441810e-01,-7.647587771265387246e-01,7.453745379744149968e-01,-7.754069170249729970e-01,-8.092769052360058168e-01,-2.469722636160833762e-01,-4.196887180635389125e-01,1.516270014335442173e+00,4.679508310964516360e-01,-4.194950232830883530e-01,-1.362590835545685886e-01,1.110803294173304145e+00,3.251660494824432646e-01,1.024420337613003662e+00,-7.369643750999199661e-01,-8.623164985025838503e-01,-9.898908798046147650e-01,1.040659682060507407e+00,-8.299046462421418857e-01,4.308751070008010609e-01,9.272988894116553082e-02,-5.659883168023950306e-01,-7.031152942494910407e-01,-3.856799064125516208e-01,-3.131182910329785574e-02,1.366568872414919422e-01,-1.120325037773388877e+00
3.461380978775335793e-01,5.441148694030143451e-01,1.537897810665886933e+00,-3.171476319498239826e-01,1.519695930618101487e+00,7.659148413976182290e-01,2.182363824940011909e+00,4.371733533342772038e-01,-2.752050769321116030e-01,-7.754069170249729970e-01,-9.124933681958644072e-02,-1.283645962745322056e+00,-4.196887180635389125e-01,-9.204096845965986651e-01,5.090178930443330918e-01,3.038005707313742754e+00,1.568794499873152448e+00,-4.401667170388152694e-01,-1.394434911648746667e+00,4.798788306478587451e-01,1.356917693429100291e+00,1.159667015227612730e+00,1.207472988314443052e+00,-3.971983519314924160e-02,1.204957707524648258e+00,5.669881175669503337e-01,5.150164152972586118e-01,-3.896647714023122600e-01,-3.057166167958279002e-01,3.486606289282937254e+00,-3.133729478600207063e-02,-8.826485971191795343e-01,1.484686068295438144e+00
-5.152485683867777944e-01,5.441148694030143451e-01,-2.325940255408903146e-01,8.743462339390176696e-01,6.861200889898743105e-01,2.001032428850880729e-01,-4.582187390443441810e-01,-7.647587771265387246e-01,-2.254207054732566273e-01,-7.754069170249729970e-01,9.857920158050426096e-01,7.897014355131553032e-01,-4.196887180635389125e-01,-9.204096845965986651e-01,3.017968508685440754e-01,-4.194950232830883530e-01,4.762005339885322930e-01,-7.626992606475024861e-02,5.281003243985463724e-01,5.064418309876218549e-01,1.356917693429100291e+00,-8.623164985025838503e-01,1.087910542549141157e-01,1.040659682060507407e+00,-8.299046462421418857e-01,4.538718235859399708e-01,3.585117714792993016e-01,5.360338419481222028e-01,2.742269816019975437e-01,-3.856799064125516208e-01,-3.133260832576296312e-02,1.155962371602163419e+00,3.745767603497900805e-02
2.384647645944946437e-01,5.441148694030143451e-01,1.537897810665886933e+00,-3.171476319498239826e-01,1.925941568729255815e-02,-3.028404002371609116e-01,-4.582187390443441810e-01,4.371733533342772038e-01,2.226386376564379599e-01,-7.754069170249729970e-01,-8.092769052360058168e-01,-1.283645962745322056e+00,-4.196887180635389125e-01,-9.204096845965986651e-01,-3.896907572615346815e-01,-4.194950232830883530e-01,-2.755041145400862757e-01,-6.661344697465644560e-02,-1.394434911648746667e+00,7.455088340454903983e-01,-7.369643750999199661e-01,-8.623164985025838503e-01,-9.898908798046147650e-01,-3.971983519314924160e-02,1.204957707524648258e+00,3.224083807211719499e-01,2.090236430261879219e-01,-5.659883168023950306e-01,-7.031152942494910407e-01,-3.856799064125516208e-01,-3.132309339133812487e-02,-8.826485971191795343e-01,-5.414336808692048475e-01
-2.999019018206999232e-01,-1.837847219829066070e+00,-1.117839943644278966e+00,-1.508641497838665746e+00,4.082614751137985665e-01,9.724809805371132931e-01,-4.582187390443441810e-01,1.639105483795093132e+00,2.724230091152929356e-01,-7.754069170249729970e-01,5.370247855447803920e-01,-2.469722636160833762e-01,9.264826417629067334e-01,1.238816149457046267e-01,9.678013939228702345e-01,-4.194950232830883530e-01,1.072271242043363992e+00,2.024425684571753981e-01,1.062106475992793120e-01,7.720718343852536192e-01,1.356917693429100291e+00,1.159667015227612730e+00,1.087910542549141157e-01,-1.120099352446805918e+00,1.204957707524648258e+00,6.021520254525669635e-01,2.993358757040473495e-01,5.389914749477092704e-02,-7.262700790473707035e-02,-3.856799064125516208e-01,-3.132618726660419545e-02,-8.826485971191795343e-01,6.163490329391630995e-01
-1.922285685376610154e-01,5.441148694030143451e-01,-1.117839943644278966e+00,-3.171476319498239826e-01,-1.474557526383528661e-01,1.125160300770653210e+00,-4.582187390443441810e-01,-7.647587771265387246e-01,1.019188580998117155e+00,-7.754069170249729970e-01,-6.297700131319009520e-01,-2.469722636160833762e-01,-4.196887180635389125e-01,1.238816149457046267e-01,1.060856537968988711e+00,-4.194950232830883530e-01,8.221886231853287041e-01,6.977340133104680264e-01,4.405181636452809579e-01,1.170516839481701155e+00,-7.369643750999199661e-01,1.159667015227612730e+00,-9.898908798046147650e-01,-3.971983519314924160e-02,-8.299046462421418857e-01,6.264992125729350603e-01,1.672269282466901652e-01,-5.549680952148898783e-01,-6.336279532496452704e-01,-3.856799064125516208e-01,-3.131279738020676523e-02,-3.729958549388437961e-01,-1.120325037773388877e+00
-2.668715234047556173e+00,5.441148694030143451e-01,-2.325940255408903146e-01,-3.171476319498239826e-01,4.082614751137985665e-01,-1.793709056635256260e+00,-4.582187390443441810e-01,-7.647587771265387246e-01,9.694042095392622072e-01,-7.754069170249729970e-01,-8.092769052360058168e-01,-1.283645962745322056e+00,-4.196887180635389125e-01,-9.204096845965986651e-01,-1.698336686654289496e+00,-4.194950232830883530e-01,-1.545098302898014753e+00,3.115029922192487977e+00,-1.394434911648746667e+00,1.143953839141937934e+00,1.356917693429100291e+00,-8.623164985025838503e-01,1.087910542549141157e-01,-3.971983519314924160e-02,-8.299046462421418857e-01,-2.004287226947851330e+00,2.993358757040473495e-01,-5.659883168023950306e-01,-7.031152942494910407e-01,-3.856799064125516208e-01,-3.131979663900542193e-02,-8.826485971191795343e-01,3.745767603497900805e-02
-1.591981901217166984e+00,5.441148694030143451e-01,-1.117839943644278966e+00,-1.508641497838665746e+00,4.082614751137985665e-01,1.089235754833349779e+00,-4.582187390443441810e-01,1.639105483795093132e+00,1.268110438292392006e+00,-7.754069170249729970e-01,-8.092769052360058168e-01,-2.469722636160833762e-01,-4.196887180635389125e-01,1.238816149457046267e-01,1.935308544541904263e+00,-4.194950232830883530e-01,1.182744631927253209e+00,1.983778946488614858e+00,5.494618270212940914e-01,1.303331841180517037e+00,1.356917693429100291e+00,1.159667015227612730e+00,1.087910542549141157e-01,-1.120099352446805918e+00,1.204957707524648258e+00,6.208866614379461302e-01,2.993358757040473495e-01,-5.659883168023950306e-01,-7.031152942494910407e-01,-3.856799064125516208e-01,-3.131705779860594757e-02,-8.826485971191795343e-01,6.163490329391630995e-01
2.311809802841681069e-02,-1.837847219829066070e+00,-2.325940255408903146e-01,-3.171476319498239826e-01,6.861200889898743105e-01,2.719523347596951024e-01,-4.582187390443441810e-01,-7.647587771265387246e-01,-2.628321963783680770e-02,-7.754069170249729970e-01,-8.092769052360058168e-01,-1.283645962745322056e+00,-4.196887180635389125e-01,-9.204096845965986651e-01,1.820023997556483308e-01,-4.194950232830883530e-01,5.490401317141736515e-01,-1.542370535329158632e-01,-1.394434911648746667e+00,6.126938323466746272e-01,1.356917693429100291e+00,-8.623164985025838503e-01,1.087910542549141157e-01,-1.120099352446805918e+00,-8.299046462421418857e-01,4.698950105237615915e-01,3.585117714792993016e-01,-5.659883168023950306e-01,-7.031152942494910407e-01,-3.856799064125516208e-01,-3.133090415840329018e-02,-8.826485971191795343e-01,3.745767603497900805e-02
5.614847644436113949e-01,5.441148694030143451e-01,6.526518925624983369e-01,-1.508641497838665746e+00,3.526897523385834066e-01,2.539900617910433311e-01,-4.582187390443441810e-01,-7.647587771265387246e-01,7.204823522449874673e-01,-7.754069170249729970e-01,-1.810027828716389287e-01,-2.469722636160833762e-01,-4.196887180635389125e-01,1.238816149457046267e-01,7.686513926340762630e-03,-4.194950232830883530e-01,3.647559494683010883e-01,1.338812459976320146e-01,3.070087722531077978e-01,1.011138837443122274e+00,-7.369643750999199661e-01,-8.623164985025838503e-01,-9.898908798046147650e-01,-1.120099352446805918e+00,-8.299046462421418857e-01,4.659418476344478477e-01,2.869980914369990033e-01,-4.309906023554566645e-01,-4.417824683152886678e-01,-3.856799064125516208e-01,-3.132154976148334574e-02,-8.826485971191795343e-01,-1.120325037773388877e+00
2.499604763538311847e+00,5.441148694030143451e-01,1.537897810665886933e+00,8.743462339390176696e-01,-3.631230708792258788e-02,-2.579347178155315667e-01,-4.582187390443441810e-01,4.371733533342772038e-01,-5.241269342263863429e-01,1.289645446853545208e+00,9.857920158050426096e-01,-2.469722636160833762e-01,-4.196887180635389125e-01,-9.204096845965986651e-01,-7.179272499569792076e-01,-4.194950232830883530e-01,-2.580226110859323296e-01,-1.080543751434515753e+00,-2.409137700203708155e-01,-1.113901189737931618e+00,-7.369643750999199661e-01,-8.623164985025838503e-01,1.087910542549141157e-01,1.040659682060507407e+00,1.204957707524648258e+00,3.358197033586844404e-01,1.953149391505394350e-01,5.360338419481222028e-01,1.462886506286240174e+00,-3.856799064125516208e-01,-3.133025135235825709e-02,1.366568872414919422e-01,3.269033544870708630e-01
-1.484308567934127909e+00,-1.837847219829066070e+00,-2.325940255408903146e-01,8.743462339390176696e-01,6.861200889898743105e-01,1.726896445220486909e+00,-4.582187390443441810e-01,-7.647587771265387246e-01,-2.628321963783680770e-02,-7.754069170249729970e-01,9.857920158050426096e-01,7.897014355131553032e-01,-4.196887180635389125e-01,1.168172914488007974e+00,2.628078289555010993e+00,-4.194950232830883530e-01,2.024041985658410869e+00,6.431377661472450491e-01,6.562693401350325750e-01,6.126938323466746272e-01,1.356917693429100291e+00,1.159667015227612730e+00,1.087910542549141157e-01,-1.120099352446805918e+00,-8.299046462421418857e-01,7.114715438553275151e-01,3.585117714792993016e-01,5.360338419481222028e-01,2.145419571225171684e-01,-3.856799064125516208e-01,-3.133090415840329018e-02,1.155962371602163419e+00,3.745767603497900805e-02
-1.807328567783244688e+00,-1.837847219829066070e+00,-2.325940255408903146e-01,-3.171476319498239826e-01,-1.474557526383528661e-01,5.413864292894713381e-01,-4.582187390443441810e-01,-7.647587771265387246e-01,-2.628321963783680770e-02,-7.754069170249729970e-01,-8.092769052360058168e-01,-1.283645962745322056e+00,-4.196887180635389125e-01,-9.204096845965986651e-01,1.403891371300531432e+00,-4.194950232830883530e-01,3.487312379686599573e-01,8.925098140008862480e-01,-1.394434911648746667e+00,6.126938323466746272e-01,-7.369643750999199661e-01,1.159667015227612730e+00,-9.898908798046147650e-01,-1.120099352446805918e+00,-8.299046462421418857e-01,5.254042234583207183e-01,1.672269282466901652e-01,-5.659883168023950306e-01,-7.031152942494910407e-01,-3.856799064125516208e-01,-3.132398097850461888e-02,-8.826485971191795343e-01,-1.120325037773388877e+00
-1.915001901066283763e+00,5.441148694030143451e-01,-2.325940255408903146e-01,-3.171476319498239826e-01,-1.474557526383528661e-01,6.042543846797524543e-01,-4.582187390443441810e-01,-7.647587771265387246e-01,7.204823522449874673e-01,-7.754069170249729970e-01,1.883326476325566823e+00,7.897014355131553032e-01,-4.196887180635389125e-01,-9.204096845965986651e-01,1.575905939898667452e+00,-4.194950232830883530e-01,3.997189563766089249e-01,1.773482290748792156e+00,1.120882022179795046e+00,1.011138837443122274e+00,-7.369643750999199661e-01,1.159667015227612730e+00,-9.898908798046147650e-01,-3.971983519314924160e-02,-8.299046462421418857e-01,5.374362152590045349e-01,1.672269282466901652e-01,1.913561540386268911e+00,4.168825311828047719e-01,-3.856799064125516208e-01,-3.131599269400615199e-02,1.366568872414919422e-01,-1.120325037773388877e+00
-2.999019018206999232e-01,-1.837847219829066070e+00,1.537897810665886933e+00,8.743462339390176696e-01,-3.141709209639982903e-01,5.234241563208196224e-01,2.182363824940011909e+00,1.639105483795093132e+00,-8.726175344383709787e-01,-7.754069170249729970e-01,8.825755528451835474e-02,-2.469722636160833762e-01,-4.196887180635389125e-01,-9.204096845965986651e-01,5.349867704525520518e-01,1.770255439428238153e+00,2.402002373574543825e-01,-6.511144460162224812e-01,-3.797635370682309053e-01,1.611228265707006502e-01,-7.369643750999199661e-01,1.159667015227612730e+00,1.087910542549141157e-01,-1.120099352446805918e+00,1.204957707524648258e+00,5.219071995403455899e-01,1.233040626577449894e-01,-2.904827771147657223e-01,-8.346013997251638949e-02,2.095620346044871685e+00,-3.133168897231893013e-02,1.366568872414919422e-01,3.269033544870708630e-01
2.384647645944946437e-01,5.441148694030143451e-01,-1.117839943644278966e+00,-3.171476319498239826e-01,-1.474557526383528661e-01,3.258391536656503051e-01,-4.582187390443441810e-01,-7.647587771265387246e-01,1.168541695374682110e+00,-7.754069170249729970e-01,-9.124933681958644072e-02,-2.469722636160833762e-01,-4.196887180635389125e-01,1.238816149457046267e-01,1.621478876631209931e-01,-4.194950232830883530e-01,1.739162034271207746e-01,5.755424125165876648e-01,4.981942207266994993e-01,1.250205840500990817e+00,-7.369643750999199661e-01,-8.623164985025838503e-01,-9.898908798046147650e-01,-3.971983519314924160e-02,-8.299046462421418857e-01,4.815523381534405623e-01,1.672269282466901652e-01,-3.896647714023122600e-01,-4.344826687081880245e-01,-3.856799064125516208e-01,-3.131119972330706491e-02,-3.729958549388437961e-01,-1.120325037773388877e+00
-2.999019018206999232e-01,5.441148694030143451e-01,-2.325940255408903146e-01,8.743462339390176696e-01,1.304028612377228502e-01,-1.860856259409245372e-01,-4.582187390443441810e-01,-7.647587771265387246e-01,-7.730487915206610827e-01,-7.754069170249729970e-01,-8.092769052360058168e-01,-1.283645962745322056e+00,-4.196887180635389125e-01,1.516270014335442173e+00,-1.488603346305505670e-01,-4.194950232830883530e-01,-1.326171036682865234e-01,-5.768920969315791680e-01,-1.394434911648746667e+00,2.142488272502270086e-01,-7.369643750999199661e-01,-8.623164985025838503e-01,-9.898908798046147650e-01,1.040659682060507407e+00,-8.299046462421418857e-01,3.564873926829607576e-01,2.358050203166296432e-01,-5.659883168023950306e-01,-7.031152942494910407e-01,-3.856799064125516208e-01,-3.133401754107961734e-02,-8.826485971191795343e-01,-1.120325037773388877e+00
8.845047642927281739e-01,5.441148694030143451e-01,-2.325940255408903146e-01,-3.171476319498239826e-01,4.082614751137985665e-01,6.401789306170559968e-01,-4.582187390443441810e-01,-7.647587771265387246e-01,5.213448664095676754e-01,-7.754069170249729970e-01,8.825755528451835474e-02,-2.469722636160833762e-01,-4.196887180635389125e-01,-9.204096845965986651e-01,2.313184459209580157e-01,-4.194950232830883530e-01,7.578469785276787940e-01,-1.124038478212306957e-01,2.183585363687047531e-01,9.048868360840695013e-01,1.356917693429100291e+00,1.159667015227612730e+00,1.087910542549141157e-01,-3.971983519314924160e-02,-8.299046462421418857e-01,5.441713142620357990e-01,2.993358757040473495e-01,-2.904827771147657223e-01,-3.102620265052652426e-01,-3.856799064125516208e-01,-3.132390489960463348e-02,-3.729958549388437961e-01,3.745767603497900805e-02
6.691580977266503583e-01,-1.837847219829066070e+00,-1.117839943644278966e+00,8.743462339390176696e-01,6.861200889898743105e-01,5.234241563208196224e-01,-4.582187390443441810e-01,1.639105483795093132e+00,6.458057950567051009e-01,-7.754069170249729970e-01,1.524312692117357093e+00,7.897014355131553032e-01,2.272654001589352379e+00,1.516270014335442173e+00,1.999882518865258030e-01,-4.194950232830883530e-01,8.039787237539183229e-01,4.379229728875048272e-02,1.079227092065437432e+00,9.712943369334774424e-01,1.356917693429100291e+00,1.159667015227612730e+00,1.087910542549141157e-01,-1.120099352446805918e+00,1.204957707524648258e+00,5.219071995403455899e-01,3.585117714792993016e-01,1.296429131485979269e+00,2.859798317546419777e-01,-3.856799064125516208e-01,-3.132515259356439402e-02,1.155962371602163419e+00,6.163490329391630995e-01
1.207524764141844953e+00,5.441148694030143451e-01,-1.117839943644278966e+00,8.743462339390176696e-01,9.084069800907348391e-01,9.904432535057651199e-01,2.182363824940011909e+00,1.639105483795093132e+00,-2.752050769321116030e-01,1.289645446853545208e+00,1.793573030273514224e+00,7.897014355131553032e-01,3.618825361415798358e+00,1.516270014335442173e+00,4.071399893659350400e-01,2.615422284685241294e+00,1.427971277603579114e+00,-6.853709148245191729e-01,4.816390561940699366e-01,-1.113901189737931618e+00,1.356917693429100291e+00,1.159667015227612730e+00,2.306154922373972127e+00,1.040659682060507407e+00,1.204957707524648258e+00,6.050850089656190089e-01,4.030961330492208727e-01,1.751013271970567553e+00,2.178025117289565937e+00,2.856449629744115981e+00,-3.133432867192668947e-02,1.155962371602163419e+00,2.353023103651714187e+00
-2.999019018206999232e-01,-1.837847219829066070e+00,-2.325940255408903146e-01,-1.508641497838665746e+00,6.861200889898743105e-01,2.518240229918830651e-03,-4.582187390443441810e-01,-7.647587771265387246e-01,-2.752050769321116030e-01,-7.754069170249729970e-01,-3.605096749757437102e-01,-2.469722636160833762e-01,-4.196887180635389125e-01,-9.204096845965986651e-01,3.292180722698300616e-02,-4.194950232830883530e-01,2.758916402430186543e-01,-2.057803515083625467e-01,-1.180851299395715426e-01,4.798788306478587451e-01,1.356917693429100291e+00,-8.623164985025838503e-01,1.087910542549141157e-01,-1.120099352446805918e+00,-8.299046462421418857e-01,4.066528186955357671e-01,3.585117714792993016e-01,-4.971119318804877452e-01,-4.547411208409515848e-01,-3.856799064125516208e-01,-3.133303436760288829e-02,-8.826485971191795343e-01,3.745767603497900805e-02
-6.229219016698166467e-01,5.441148694030143451e-01,1.537897810665886933e+00,8.743462339390176696e-01,4.082614751137985665e-01,-1.793709056635256260e+00,-4.582187390443441810e-01,-7.647587771265387246e-01,6.955901665155600488e-01,1.289645446853545208e+00,5.370247855447803920e-01,-2.469722636160833762e-01,-4.196887180635389125e-01,-9.204096845965986651e-01,-1.698336686654289496e+00,-4.194950232830883530e-01,-1.545098302898014753e+00,7.022837005740701910e-01,2.877834198926347842e-01,-1.113901189737931618e+00,1.356917693429100291e+00,-8.623164985025838503e-01,1.207472988314443052e+00,1.040659682060507407e+00,-8.299046462421418857e-01,-2.004287226947851330e+00,2.993358757040473495e-01,5.389914749477092704e-02,4.238825175917565469e-01,-3.856799064125516208e-01,-3.132230724270494010e-02,1.366568872414919422e-01,9.057947113912546699e-01
-7.305952349528556100e-01,5.441148694030143451e-01,-1.117839943644278966e+00,-1.508641497838665746e+00,1.304028612377228502e-01,4.785184738991902220e-01,-4.582187390443441810e-01,-7.647587771265387246e-01,1.193433881104109640e+00,-7.754069170249729970e-01,-8.092769052360058168e-01,-2.469722636160833762e-01,-4.196887180635389125e-01,1.238816149457046267e-01,6.780918608510360102e-01,-4.194950232830883530e-01,4.513136714322715237e-01,1.171675903578448308e+00,5.174195730871725685e-01,1.263487340670872205e+00,-7.369643750999199661e-01,1.159667015227612730e+00,-9.898908798046147650e-01,-1.120099352446805918e+00,-8.299046462421418857e-01,5.130451086267051597e-01,2.358050203166296432e-01,-5.659883168023950306e-01,-7.031152942494910407e-01,-3.856799064125516208e-01,-3.131459986491411107e-02,-8.826485971191795343e-01,-1.120325037773388877e+00
-1.922285685376610154e-01,5.441148694030143451e-01,-1.117839943644278966e+00,8.743462339390176696e-01,7.483113846250770418e-02,3.844278616722233283e-02,2.182363824940011909e+00,-7.647587771265387246e-01,6.209136093272775714e-01,1.289645446853545208e+00,8.825755528451835474e-02,7.897014355131553032e-01,-4.196887180635389125e-01,-9.204096845965986651e-01,3.358767587847580338e-02,2.039172162919102860e+00,3.989134361194070916e-02,4.065540284399445925e-01,1.088839768245673634e+00,-1.113901189737931618e+00,-7.369643750999199661e-01,-8.623164985025838503e-01,1.207472988314443052e+00,1.040659682060507407e+00,-8.299046462421418857e-01,4.156109581559349064e-01,2.225181396183785187e-01,-2.904827771147657223e-01,6.257324033479615133e-02,1.774857212006264895e+00,-3.131965399106794584e-02,1.155962371602163419e+00,6.163490329391627665e-01
-8.455523525462210754e-02,5.441148694030143451e-01,-2.325940255408903146e-01,8.743462339390176696e-01,4.082614751137985665e-01,3.887071090559314768e-01,-4.582187390443441810e-01,-7.647587771265387246e-01,5.960214235978501529e-01,-7.754069170249729970e-01,-8.092769052360058168e-01,-1.283645962745322056e+00,-4.196887180635389125e-01,-9.204096845965986651e-01,3.257658147297302631e-01,-4.194950232830883530e-01,5.199042926239171303e-01,3.351325227169859589e-01,-1.394434911648746667e+00,9.447313365937142216e-01,1.356917693429100291e+00,1.159667015227612730e+00,1.087910542549141157e-01,1.040659682060507407e+00,-8.299046462421418857e-01,4.947851895480503415e-01,2.993358757040473495e-01,-5.659883168023950306e-01,-7.031152942494910407e-01,-3.856799064125516208e-01,-3.132322018950476489e-02,-8.826485971191795343e-01,3.745767603497900805e-02
1.638218097274000584e+00,5.441148694030143451e-01,1.537897810665886933e+00,8.743462339390176696e-01,1.304028612377228502e-01,-1.793709056635256260e+00,2.182363824940011909e+00,4.371733533342772038e-01,-5.117540536726428863e-02,-7.754069170249729970e-01,8.825755528451835474e-02,7.897014355131553032e-01,-4.196887180635389125e-01,1.168172914488007974e+00,-1.698336686654289496e+00,2.077588837703511881e+00,-1.545098302898014753e+00,-6.632159159756750855e-01,6.562693401350325750e-01,5.994123321767930168e-01,-7.369643750999199661e-01,-8.623164985025838503e-01,1.087910542549141157e-01,1.040659682060507407e+00,1.204957707524648258e+00,-2.004287226947851330e+00,2.358050203166296432e-01,-2.904827771147657223e-01,-2.407572175966714578e-01,-3.856799064125516208e-01,-3.132688953337329357e-02,1.155962371602163419e+00,3.269033544870708630e-01
-8.382685682358945733e-01,5.441148694030143451e-01,-2.325940255408903146e-01,-3.171476319498239826e-01,4.082614751137985665e-01,6.761034765543594283e-01,-4.582187390443441810e-01,-7.647587771265387246e-01,8.449432808921248927e-01,1.289645446853545208e+00,-8.092769052360058168e-01,-1.283645962745322056e+00,-4.196887180635389125e-01,-9.204096845965986651e-01,9.408916151592811028e-01,-4.194950232830883530e-01,7.918387907996448094e-01,9.620114995788239254e-01,-1.394434911648746667e+00,-1.113901189737931618e+00,1.356917693429100291e+00,1.159667015227612730e+00,1.207472988314443052e+00,-3.971983519314924160e-02,-8.299046462421418857e-01,5.508080871334737338e-01,2.993358757040473495e-01,-5.659883168023950306e-01,-7.031152942494910407e-01,-3.856799064125516208e-01,-3.132093782250520292e-02,-8.826485971191795343e-01,9.057947113912546699e-01
8.845047642927281739e-01,5.441148694030143451e-01,6.526518925624983369e-01,-1.508641497838665746e+00,9.639787028659499990e-01,-1.793709056635256260e+00,-4.582187390443441810e-01,-7.647587771265387246e-01,-1.470029991944630465e+00,1.289645446853545208e+00,-8.092769052360058168e-01,7.897014355131553032e-01,-4.196887180635389125e-01,1.238816149457046267e-01,-1.698336686654289496e+00,-4.194950232830883530e-01,-1.545098302898014753e+00,-1.333481203729878439e+00,-2.409137700203708155e-01,-1.113901189737931618e+00,1.356917693429100291e+00,-8.623164985025838503e-01,1.207472988314443052e+00,-1.120099352446805918e+00,-8.299046462421418857e-01,-2.004287226947851330e+00,4.138916512505173007e-01,-5.659883168023950306e-01,-7.031152942494910407e-01,-3.856799064125516208e-01,-3.134421796590074194e-02,-8.826485971191795343e-01,9.057947113912546699e-01
2.176584763689195068e+00,5.441148694030143451e-01,1.537897810665886933e+00,-1.508641497838665746e+00,4.082614751137985665e-01,3.348202901499762185e-01,2.182363824940011909e+00,-7.647587771265387246e-01,-9.224019058972259266e-01,-7.754069170249729970e-01,-8.092769052360058168e-01,-1.283645962745322056e+00,-4.196887180635389125e-01,-9.204096845965986651e-01,-2.844365910094961980e-01,2.269672211625558322e+00,4.689165742159681627e-01,-1.230349670291648323e+00,-1.394434911648746667e+00,1.345598262309374848e-01,1.356917693429100291e+00,-8.623164985025838503e-01,1.207472988314443052e+00,-1.120099352446805918e+00,-8.299046462421418857e-01,4.834664920030388724e-01,2.993358757040473495e-01,-5.659883168023950306e-01,-7.031152942494910407e-01,1.543486099190696681e+00,-3.133714262820209290e-02,-8.826485971191795343e-01,9.057947113912546699e-01
-8.382685682358945733e-01,5.441148694030143451e-01,-2.325940255408903146e-01,8.743462339390176696e-01,-1.474557526383528661e-01,2.809334712440209603e-01,-4.582187390443441810e-01,-7.647587771265387246e-01,-3.996660055792489730e-01,1.289645446853545208e+00,-8.092769052360058168e-01,-1.283645962745322056e+00,-4.196887180635389125e-01,-9.204096845965986651e-01,5.186150868691095095e-01,-4.194950232830883530e-01,1.374964045643000954e-01,-6.661344697465644560e-02,-1.394434911648746667e+00,-1.113901189737931618e+00,-7.369643750999199661e-01,-8.623164985025838503e-01,1.087910542549141157e-01,1.040659682060507407e+00,-8.299046462421418857e-01,4.718587754246064692e-01,1.672269282466901652e-01,-5.659883168023950306e-01,-7.031152942494910407e-01,-3.856799064125516208e-01,-3.132797512075385232e-02,-8.826485971191795343e-01,-2.519880024171129995e-01
9.921780975757670262e-01,5.441148694030143451e-01,-1.117839943644278966e+00,8.743462339390176696e-01,1.304028612377228502e-01,1.170065983192282610e+00,2.182363824940011909e+00,1.639105483795093132e+00,2.350115182101814373e-02,1.289645446853545208e+00,8.062851237009377448e-01,-2.469722636160833762e-01,3.618825361415798358e+00,1.516270014335442173e+00,6.141300158871246806e-01,2.077588837703511881e+00,1.058917315793663105e+00,-4.496537842150476472e-01,-3.801090907871467698e-03,-1.113901189737931618e+00,-7.369643750999199661e-01,1.159667015227612730e+00,1.207472988314443052e+00,1.040659682060507407e+00,1.204957707524648258e+00,6.334188418664153941e-01,2.358050203166296432e-01,3.266496317855240306e-01,9.238289153258438802e-01,2.544145098796204429e+00,-3.132615215326574332e-02,1.366568872414919422e-01,1.195240389843346795e+00
-7.305952349528556100e-01,-1.837847219829066070e+00,-2.325940255408903146e-01,-3.171476319498239826e-01,4.082614751137985665e-01,5.144430198364936535e-01,-4.582187390443441810e-01,-7.647587771265387246e-01,9.817770900930057609e-02,-7.754069170249729970e-01,8.825755528451835474e-02,-2.469722636160833762e-01,-4.196887180635389125e-01,-9.204096845965986651e-01,7.156638536969698317e-01,-4.194950232830883530e-01,6.388756355757979621e-01,2.857453113128124444e-01,3.678576407534928788e-02,6.791013331960825683e-01,1.356917693429100291e+00,1.159667015227612730e+00,1.087910542549141157e-01,-1.120099352446805918e+00,-8.299046462421418857e-01,5.201485479558674019e-01,2.993358757040473495e-01,-2.904827771147657223e-01,-2.611553680372370456e-01,-3.856799064125516208e-01,-3.132778492350388883e-02,-3.729958549388437961e-01,3.745767603497900805e-02
3.461380978775335793e-01,5.441148694030143451e-01,-1.117839943644278966e+00,8.743462339390176696e-01,-4.253143665144286101e-01,1.149937671424470544e-02,-4.582187390443441810e-01,-7.647587771265387246e-01,-1.258519625555467036e-01,1.289645446853545208e+00,5.370247855447803920e-01,7.897014355131553032e-01,-4.196887180635389125e-01,1.168172914488007974e+00,-1.415708251826294506e-01,-4.194950232830883530e-01,-2.030287148030731348e-01,-3.405525116883726389e-01,6.001953957503198822e-01,-1.113901189737931618e+00,-7.369643750999199661e-01,-8.623164985025838503e-01,1.087910542549141157e-01,1.040659682060507407e+00,-8.299046462421418857e-01,4.089089566643048790e-01,9.272988894116553082e-02,5.389914749477092704e-02,7.167244687001121939e-01,-3.856799064125516208e-01,-3.132199601084136031e-02,1.155962371602163419e+00,-2.519880024171129995e-01
1.307914313114557359e-01,-1.837847219829066070e+00,-2.325940255408903146e-01,-1.508641497838665746e+00,2.693321681757607222e-01,5.054618833521677956e-01,-4.582187390443441810e-01,-7.647587771265387246e-01,9.196198380804072592e-01,-7.754069170249729970e-01,-2.707562289236913333e-01,7.897014355131553032e-01,-4.196887180635389125e-01,1.238816149457046267e-01,3.565097584469735792e-01,-4.194950232830883530e-01,5.526821116004557721e-01,4.581722984851738789e-01,1.287501742637227498e+00,1.117390838802174935e+00,-7.369643750999199661e-01,1.159667015227612730e+00,-9.898908798046147650e-01,-1.120099352446805918e+00,-8.299046462421418857e-01,5.183830666393641762e-01,2.681545029392731205e-01,-4.668063225148485484e-01,-4.897192588712666050e-01,-3.856799064125516208e-01,-3.131883297293894253e-02,-8.826485971191795343e-01,-1.120325037773388877e+00
2.311809802841681069e-02,5.441148694030143451e-01,-2.325940255408903146e-01,-3.171476319498239826e-01,-1.474557526383528661e-01,4.156505185089090504e-01,-4.582187390443441810e-01,-7.647587771265387246e-01,-5.241269342263863429e-01,-7.754069170249729970e-01,-8.092769052360058168e-01,-1.283645962745322056e+00,-4.196887180635389125e-01,-9.204096845965986651e-01,3.128085970711220742e-01,-4.194950232830883530e-01,2.467558011527621054e-01,-5.047314797659535612e-01,-1.394434911648746667e+00,3.470638289490428630e-01,-7.369643750999199661e-01,1.159667015227612730e+00,-9.898908798046147650e-01,-3.971983519314924160e-02,-8.299046462421418857e-01,5.003405849646818115e-01,1.672269282466901652e-01,-5.659883168023950306e-01,-7.031152942494910407e-01,-3.856799064125516208e-01,-3.132930650150359680e-02,-8.826485971191795343e-01,-1.120325037773388877e+00
-8.455523525462210754e-02,5.441148694030143451e-01,-1.117839943644278966e+00,8.743462339390176696e-01,4.082614751137985665e-01,2.946164968289645414e-02,2.182363824940011909e+00,1.639105483795093132e+00,5.960214235978501529e-01,1.289645446853545208e+00,1.973079922377619200e+00,1.826375134642393983e+00,-4.196887180635389125e-01,1.516270014335442173e+00,-7.419782205910809003e-03,2.269672211625558322e+00,1.799861699042575591e-01,3.351325227169859589e-01,1.850377336746629187e+00,-1.113901189737931618e+00,1.356917693429100291e+00,-8.623164985025838503e-01,2.306154922373972127e+00,1.040659682060507407e+00,1.204957707524648258e+00,4.133879176985665316e-01,2.993358757040473495e-01,2.081619919595723012e+00,1.685734768456743415e+00,1.921455810184215407e+00,-3.132322018950476489e-02,2.175267855962834673e+00,2.353023103651714187e+00
1.638218097274000584e+00,5.441148694030143451e-01,-1.117839943644278966e+00,-9.128945648942448088e-01,9.639787028659499990e-01,3.078768806969985894e-01,2.182363824940011909e+00,1.639105483795093132e+00,-1.391033908409332418e-03,-7.754069170249729970e-01,-7.195234591839534399e-01,7.897014355131553032e-01,9.264826417629067334e-01,1.238816149457046267e-01,-2.011744499891368609e-01,2.653838959469650760e+00,7.274971461419948993e-01,-6.357859174009156122e-01,7.027306083395090663e-01,6.259753325165561266e-01,1.356917693429100291e+00,-8.623164985025838503e-01,1.207472988314443052e+00,-5.799095938199776423e-01,1.204957707524648258e+00,4.776996806240993432e-01,4.138916512505173007e-01,-5.632332614055187703e-01,-6.575800291245921247e-01,1.948915828963279084e+00,-3.133243524626549981e-02,-3.729958549388437961e-01,1.484686068295438144e+00
-7.305952349528556100e-01,5.441148694030143451e-01,6.526518925624983369e-01,-1.508641497838665746e+00,8.250493959279121547e-01,-1.793709056635256260e+00,-4.582187390443441810e-01,-7.647587771265387246e-01,-3.249894483909665510e-01,1.289645446853545208e+00,8.825755528451835474e-02,7.897014355131553032e-01,-4.196887180635389125e-01,1.238816149457046267e-01,-1.698336686654289496e+00,-4.194950232830883530e-01,-1.545098302898014753e+00,-5.654605388072891231e-02,4.800369434973640881e-01,-1.113901189737931618e+00,1.356917693429100291e+00,-8.623164985025838503e-01,1.207472988314443052e+00,-1.120099352446805918e+00,-8.299046462421418857e-01,-2.004287226947851330e+00,3.866455364140805040e-01,-2.904827771147657223e-01,3.070788228070894244e-01,-3.856799064125516208e-01,-3.133427126326716189e-02,-8.826485971191795343e-01,9.057947113912546699e-01
-8.455523525462210754e-02,-1.837847219829066070e+00,-1.117839943644278966e+00,8.743462339390176696e-01,1.304028612377228502e-01,5.773109752267747696e-01,-4.582187390443441810e-01,1.639105483795093132e+00,2.973151948447204096e-01,-7.754069170249729970e-01,-4.502631210277961427e-01,7.897014355131553032e-01,-4.196887180635389125e-01,1.238816149457046267e-01,5.006882531209418952e-01,-4.194950232830883530e-01,5.381141920553274005e-01,1.208680055481100579e-01,8.901777938541196589e-01,7.853533345551352296e-01,-7.369643750999199661e-01,1.159667015227612730e+00,-9.898908798046147650e-01,-1.120099352446805918e+00,1.204957707524648258e+00,5.323185904733367391e-01,2.358050203166296432e-01,-5.219074304523743102e-01,-5.361526554581950155e-01,-3.856799064125516208e-01,-3.132344842620472108e-02,1.155962371602163419e+00,-5.414336808692048475e-01
-6.229219016698166467e-01,-1.837847219829066070e+00,-2.325940255408903146e-01,8.743462339390176696e-01,-1.474557526383528661e-01,4.874996103835160799e-01,-4.582187390443441810e-01,4.371733533342772038e-01,-5.241269342263863429e-01,-7.754069170249729970e-01,-8.092769052360058168e-01,-1.283645962745322056e+00,-4.196887180635389125e-01,-9.204096845965986651e-01,6.377802435267528880e-01,-4.194950232830883530e-01,3.050274793332751755e-01,-2.637665617307403676e-01,-1.394434911648746667e+00,3.470638289490428630e-01,-7.369643750999199661e-01,1.159667015227612730e+00,-9.898908798046147650e-01,-1.120099352446805918e+00,1.204957707524648258e+00,5.148314011711022653e-01,1.672269282466901652e-01,-5.659883168023950306e-01,-7.031152942494910407e-01,-3.856799064125516208e-01,-3.132930650150359680e-02,-8.826485971191795343e-01,-5.414336808692048475e-01
-1.376635234651089057e+00,5.441148694030143451e-01,-2.325940255408903146e-01,8.743462339390176696e-01,-4.253143665144286101e-01,8.018393873349216605e-01,-4.582187390443441810e-01,-7.647587771265387246e-01,9.694042095392622072e-01,-7.754069170249729970e-01,-8.092769052360058168e-01,-1.283645962745322056e+00,-4.196887180635389125e-01,1.168172914488007974e+00,1.413494891554988087e+00,-4.194950232830883530e-01,3.845440401837669775e-01,1.491377020853908109e+00,-1.394434911648746667e+00,1.143953839141937934e+00,-7.369643750999199661e-01,1.159667015227612730e+00,-9.898908798046147650e-01,1.040659682060507407e+00,-8.299046462421418857e-01,5.733022588971421474e-01,9.272988894116553082e-02,-5.659883168023950306e-01,-7.031152942494910407e-01,-3.856799064125516208e-01,-3.130921475564381329e-02,-8.826485971191795343e-01,-1.120325037773388877e+00
-1.922285685376610154e-01,5.441148694030143451e-01,6.526518925624983369e-01,8.743462339390176696e-01,2.693321681757607222e-01,-1.793709056635256260e+00,-4.582187390443441810e-01,-7.647587771265387246e-01,-7.606759109669175567e-02,1.289645446853545208e+00,9.857920158050426096e-01,7.897014355131553032e-01,-4.196887180635389125e-01,1.516270014335442173e+00,-1.698336686654289496e+00,-4.194950232830883530e-01,-1.545098302898014753e+00,-1.030109450834717777e-01,6.242270862009110521e-01,-1.113901189737931618e+00,-7.369643750999199661e-01,-8.623164985025838503e-01,1.087910542549141157e-01,1.040659682060507407e+00,-8.299046462421418857e-01,-2.004287226947851330e+00,2.681545029392731205e-01,5.360338419481222028e-01,1.160653696909161203e+00,-3.856799064125516208e-01,-3.132830056938157304e-02,1.155962371602163419e+00,-2.519880024171129995e-01
-1.268961901368050205e+00,5.441148694030143451e-01,-1.117839943644278966e+00,-3.171476319498239826e-01,-1.474557526383528661e-01,8.557262062408769188e-01,-4.582187390443441810e-01,-7.647587771265387246e-01,7.702667237038424153e-01,-7.754069170249729970e-01,-8.092769052360058168e-01,-2.469722636160833762e-01,-4.196887180635389125e-01,1.238816149457046267e-01,1.402470937208061263e+00,-4.194950232830883530e-01,6.036698300084046842e-01,1.217698272007831983e+00,3.358468007938170685e-01,1.037701837782885272e+00,-7.369643750999199661e-01,1.159667015227612730e+00,-9.898908798046147650e-01,-3.971983519314924160e-02,-8.299046462421418857e-01,5.826120217993424610e-01,1.672269282466901652e-01,-5.659883168023950306e-01,-7.031152942494910407e-01,-3.856799064125516208e-01,-3.131546014170625419e-02,-3.729958549388437961e-01,-1.120325037773388877e+00
-2.345695234198439394e+00,5.441148694030143451e-01,-2.325940255408903146e-01,-3.171476319498239826e-01,-4.253143665144286101e-01,2.270466523380657020e-01,-4.582187390443441810e-01,-7.647587771265387246e-01,1.317894809751246843e+00,-7.754069170249729970e-01,-8.092769052360058168e-01,-1.283645962745322056e+00,-4.196887180635389125e-01,-9.204096845965986651e-01,1.405755691046898459e+00,-4.194950232830883530e-01,-4.278159980666220580e-02,3.008975143220250281e+00,-1.394434911648746667e+00,1.329894841520280258e+00,-7.369643750999199661e-01,-8.623164985025838503e-01,-9.898908798046147650e-01,-3.971983519314924160e-02,-8.299046462421418857e-01,4.599468921761789564e-01,9.272988894116553082e-02,-5.659883168023950306e-01,-7.031152942494910407e-01,-3.856799064125516208e-01,-3.130514799262641007e-02,-8.826485971191795343e-01,-1.120325037773388877e+00
-1.699655234500205836e+00,5.441148694030143451e-01,-1.117839943644278966e+00,-9.128945648942448088e-01,-1.474557526383528661e-01,2.809334712440209603e-01,-4.582187390443441810e-01,-7.647587771265387246e-01,1.268110438292392006e+00,1.289645446853545208e+00,2.601354044741985838e+00,7.897014355131553032e-01,-4.196887180635389125e-01,1.516270014335442173e+00,9.853417760319304053e-01,-4.194950232830883530e-01,1.374964045643000954e-01,2.099995519397464427e+00,1.460529913881483122e+00,-1.113901189737931618e+00,-7.369643750999199661e-01,-8.623164985025838503e-01,1.087910542549141157e-01,-5.799095938199776423e-01,-8.299046462421418857e-01,4.718587754246064692e-01,1.672269282466901652e-01,3.412311676286972073e+00,1.793113010302342936e+00,-3.856799064125516208e-01,-3.131013461870727627e-02,-3.729958549388437961e-01,-2.519880024171129995e-01
-4.075752351037388310e-01,5.441148694030143451e-01,1.537897810665886933e+00,8.743462339390176696e-01,-3.481759119151261572e+00,1.641786969477845859e-01,-4.582187390443441810e-01,-7.647587771265387246e-01,-3.262267364463408814e+00,-7.754069170249729970e-01,-8.092769052360058168e-01,-1.283645962745322056e+00,-4.196887180635389125e-01,-9.204096845965986651e-01,2.264765068429095141e-01,-4.194950232830883530e-01,-1.545098302898014753e+00,-2.432450824047661442e+00,-1.394434911648746667e+00,-1.113901189737931618e+00,-7.369643750999199661e-01,-8.623164985025838503e-01,-9.898908798046147650e-01,1.040659682060507407e+00,-8.299046462421418857e-01,4.456433479499082861e-01,-3.974562670904782102e+00,-5.659883168023950306e-01,-7.031152942494910407e-01,-3.856799064125516208e-01,-3.135859687799798234e-02,-8.826485971191795343e-01,-1.120325037773388877e+00
-9.459419015189334257e-01,5.441148694030143451e-01,-2.325940255408903146e-01,8.743462339390176696e-01,4.082614751137985665e-01,2.180655158537398164e-01,-4.582187390443441810e-01,-7.647587771265387246e-01,3.222073805741478836e-01,-7.754069170249729970e-01,-8.092769052360058168e-01,-1.283645962745322056e+00,-4.196887180635389125e-01,-9.204096845965986651e-01,4.992074282456725465e-01,-4.194950232830883530e-01,3.584431843320788347e-01,5.958210186057851798e-01,-1.394434911648746667e+00,7.986348347250168400e-01,1.356917693429100291e+00,-8.623164985025838503e-01,1.087910542549141157e-01,1.040659682060507407e+00,-8.299046462421418857e-01,4.579308761554964913e-01,2.993358757040473495e-01,-5.659883168023950306e-01,-7.031152942494910407e-01,-3.856799064125516208e-01,-3.132573079320428305e-02,-8.826485971191795343e-01,3.745767603497900805e-02
-1.699655234500205836e+00,-1.837847219829066070e+00,6.526518925624983369e-01,8.743462339390176696e-01,-5.642436734524665098e-01,-1.793709056635256260e+00,-4.582187390443441810e-01,-7.647587771265387246e-01,8.698354666215523112e-01,-7.754069170249729970e-01,1.703819584221461847e+00,-2.469722636160833762e-01,-4.196887180635389125e-01,-9.204096845965986651e-01,-1.698336686654289496e+00,-4.194950232830883530e-01,-1.545098302898014753e+00,1.701538697995694571e+00,3.486637023674655778e-01,1.090827838462411714e+00,-7.369643750999199661e-01,-8.623164985025838503e-01,-9.898908798046147650e-01,-1.120099352446805918e+00,-8.299046462421418857e-01,-2.004287226947851330e+00,5.292421632047194374e-02,1.593975114348618494e+00,3.046591961794089531e-01,-3.856799064125516208e-01,-3.130808048840767049e-02,1.366568872414919422e-01,-1.120325037773388877e+00
1.422871430707922658e+00,-1.837847219829066070e+00,-1.117839943644278966e+00,-1.508641497838665746e+00,7.416918117650894704e-01,6.940657495230111440e-01,-4.582187390443441810e-01,-7.647587771265387246e-01,1.019188580998117155e+00,-7.754069170249729970e-01,-8.092769052360058168e-01,-2.469722636160833762e-01,9.264826417629067334e-01,1.238816149457046267e-01,1.268490404397952798e-01,-4.194950232830883530e-01,1.010600382635654215e+00,-3.053636844337039719e-03,4.426543139075556077e-01,1.170516839481701155e+00,1.356917693429100291e+00,1.159667015227612730e+00,1.087910542549141157e-01,-1.120099352446805918e+00,-8.299046462421418857e-01,5.540904903293192296e-01,3.698754908347927639e-01,-5.659883168023950306e-01,-7.031152942494910407e-01,-3.856799064125516208e-01,-3.132243937974175940e-02,-8.826485971191795343e-01,3.745767603497900805e-02
1.307914313114557359e-01,5.441148694030143451e-01,1.537897810665886933e+00,8.743462339390176696e-01,9.084069800907348391e-01,1.551975604634587003e-01,-4.582187390443441810e-01,-7.647587771265387246e-01,-5.241269342263863429e-01,1.289645446853545208e+00,1.434559246065304716e+00,7.897014355131553032e-01,-4.196887180635389125e-01,-9.204096845965986651e-01,4.346674532607804758e-02,-4.194950232830883530e-01,5.360504034531009543e-01,-5.397809223892574559e-01,3.278362373102867156e-01,-1.113901189737931618e+00,1.356917693429100291e+00,-8.623164985025838503e-01,1.207472988314443052e+00,1.040659682060507407e+00,-8.299046462421418857e-01,4.435627453816501919e-01,4.030961330492208727e-01,1.155921306245288216e+00,2.004386956420172616e+00,-3.856799064125516208e-01,-3.133635102243263054e-02,1.155962371602163419e+00,9.057947113912546699e-01
-1.268961901368050205e+00,5.441148694030143451e-01,-2.325940255408903146e-01,-1.508641497838665746e+00,-1.474557526383528661e-01,2.539900617910433311e-01,-4.582187390443441810e-01,-7.647587771265387246e-01,5.213448664095676754e-01,1.289645446853545208e+00,5.370247855447803920e-01,7.897014355131553032e-01,-4.196887180635389125e-01,-9.204096845965986651e-01,6.982197141613579738e-01,-4.194950232830883530e-01,1.156445252466077045e-01,9.923804265723077389e-01,1.016744696893900013e+00,-1.113901189737931618e+00,-7.369643750999199661e-01,-8.623164985025838503e-01,1.087910542549141157e-01,-1.120099352446805918e+00,-8.299046462421418857e-01,4.659418476344478477e-01,1.672269282466901652e-01,5.389914749477092704e-02,4.754445089831861870e-01,-3.856799064125516208e-01,-3.131812290320574316e-02,-8.826485971191795343e-01,-2.519880024171129995e-01
4.538114311605724871e-01,5.441148694030143451e-01,1.537897810665886933e+00,8.743462339390176696e-01,-4.253143665144286101e-01,-1.544403273873291849e-02,-4.582187390443441810e-01,-7.647587771265387246e-01,-5.241269342263863429e-01,-7.754069170249729970e-01,-8.092769052360058168e-01,-1.283645962745322056e+00,-4.196887180635389125e-01,-9.204096845965986651e-01,-1.912463184462644961e-01,-4.194950232830883530e-01,-2.230596041776245209e-01,-6.376776414405541660e-01,-1.394434911648746667e+00,3.470638289490428630e-01,-7.369643750999199661e-01,-8.623164985025838503e-01,-9.898908798046147650e-01,1.040659682060507407e+00,-8.299046462421418857e-01,4.021066721342696493e-01,9.272988894116553082e-02,-5.659883168023950306e-01,-7.031152942494910407e-01,-3.856799064125516208e-01,-3.132664374000410784e-02,-8.826485971191795343e-01,-1.120325037773388877e+00
2.384647645944946437e-01,5.441148694030143451e-01,-1.117839943644278966e+00,8.743462339390176696e-01,1.859745840129379824e-01,-1.411799435192951646e-01,-4.582187390443441810e-01,1.639105483795093132e+00,-6.485878628735237683e-01,1.289645446853545208e+00,1.075545461857095209e+00,7.897014355131553032e-01,9.264826417629067334e-01,1.168172914488007974e+00,-2.477893914237661865e-01,-4.194950232830883530e-01,-7.082484493103412271e-02,-6.580727912429077398e-01,2.541390532618073572e-01,-1.113901189737931618e+00,-7.369643750999199661e-01,-8.623164985025838503e-01,1.087910542549141157e-01,1.040659682060507407e+00,1.204957707524648258e+00,3.689432641112267430e-01,2.488905768783777062e-01,6.489911132200503197e-01,1.678464987377296547e+00,-3.856799064125516208e-01,-3.133317960913922090e-02,1.155962371602163419e+00,3.269033544870708630e-01
-7.305952349528556100e-01,5.441148694030143451e-01,-1.117839943644278966e+00,-1.508641497838665746e+00,1.859745840129379824e-01,3.617636996029538476e-01,-4.582187390443441810e-01,-7.647587771265387246e-01,9.196198380804072592e-01,-7.754069170249729970e-01,-2.707562289236913333e-01,7.897014355131553032e-01,-4.196887180635389125e-01,1.238816149457046267e-01,5.559828841017506740e-01,-4.194950232830883530e-01,3.778670770589165340e-01,9.501932555120391477e-01,1.287501742637227498e+00,1.117390838802174935e+00,-7.369643750999199661e-01,1.159667015227612730e+00,-9.898908798046147650e-01,-1.120099352446805918e+00,-8.299046462421418857e-01,4.891610658477938967e-01,2.488905768783777062e-01,-4.668063225148485484e-01,-4.897192588712666050e-01,-3.856799064125516208e-01,-3.131792924782396403e-02,-8.826485971191795343e-01,-1.120325037773388877e+00
6.691580977266503583e-01,5.441148694030143451e-01,1.537897810665886933e+00,8.743462339390176696e-01,-3.481759119151261572e+00,7.299902954603146865e-01,-4.582187390443441810e-01,4.371733533342772038e-01,-3.262267364463408814e+00,-7.754069170249729970e-01,-8.092769052360058168e-01,-1.283645962745322056e+00,-4.196887180635389125e-01,-9.204096845965986651e-01,3.692187696634203764e-01,-4.194950232830883530e-01,-1.545098302898014753e+00,-2.432450824047661442e+00,-1.394434911648746667e+00,-1.113901189737931618e+00,-7.369643750999199661e-01,1.159667015227612730e+00,-9.898908798046147650e-01,1.040659682060507407e+00,1.204957707524648258e+00,5.605850417487466819e-01,-3.974562670904782102e+00,-5.659883168023950306e-01,-7.031152942494910407e-01,-3.856799064125516208e-01,-3.135859687799798234e-02,-8.826485971191795343e-01,-5.414336808692048475e-01
-2.130348567632361689e+00,5.441148694030143451e-01,-2.325940255408903146e-01,-9.128945648942448088e-01,4.082614751137985665e-01,-3.926517650804196569e-01,-4.582187390443441810e-01,-7.647587771265387246e-01,1.218326066833536947e+00,-7.754069170249729970e-01,-8.092769052360058168e-01,-1.283645962745322056e+00,-4.196887180635389125e-01,-9.204096845965986651e-01,3.272357511867993174e-01,-4.194950232830883530e-01,-2.194176242913424557e-01,2.577557739165760697e+00,-1.394434911648746667e+00,1.276768840840753816e+00,1.356917693429100291e+00,-8.623164985025838503e-01,1.087910542549141157e-01,-5.799095938199776423e-01,-8.299046462421418857e-01,2.943370656523810469e-01,2.993358757040473495e-01,-5.659883168023950306e-01,-7.031152942494910407e-01,-3.856799064125516208e-01,-3.131751427200585997e-02,-8.826485971191795343e-01,3.745767603497900805e-02
-1.591981901217166984e+00,5.441148694030143451e-01,-2.325940255408903146e-01,-3.171476319498239826e-01,-1.474557526383528661e-01,-1.793709056635256260e+00,-4.582187390443441810e-01,4.371733533342772038e-01,3.719917520330028315e-01,-7.754069170249729970e-01,9.857920158050426096e-01,-2.469722636160833762e-01,-4.196887180635389125e-01,-9.204096845965986651e-01,-1.698336686654289496e+00,-4.194950232830883530e-01,-1.545098302898014753e+00,1.110238991877043446e+00,1.435932771890877924e-01,8.251978350647799498e-01,-7.369643750999199661e-01,-8.623164985025838503e-01,-9.898908798046147650e-01,-3.971983519314924160e-02,1.204957707524648258e+00,-2.004287226947851330e+00,1.672269282466901652e-01,5.360338419481222028e-01,1.146608957486931618e-01,-3.856799064125516208e-01,-3.131972056010543654e-02,-3.729958549388437961e-01,-5.414336808692048475e-01
1.422871430707922658e+00,5.441148694030143451e-01,1.537897810665886933e+00,8.743462339390176696e-01,4.082614751137985665e-01,1.731598334321104438e-01,-4.582187390443441810e-01,4.371733533342772038e-01,-2.254207054732566273e-01,1.289645446853545208e+00,9.857920158050426096e-01,7.897014355131553032e-01,-4.196887180635389125e-01,1.516270014335442173e+00,-2.553198121647423102e-01,-4.194950232830883530e-01,3.159534189921213709e-01,-7.092737494034430101e-01,5.281003243985463724e-01,-1.113901189737931618e+00,1.356917693429100291e+00,-8.623164985025838503e-01,1.207472988314443052e+00,1.040659682060507407e+00,1.204957707524648258e+00,4.477144716581111239e-01,2.993358757040473495e-01,5.360338419481222028e-01,1.251569257453486017e+00,-3.856799064125516208e-01,-3.133075200060331938e-02,1.155962371602163419e+00,1.484686068295438144e+00
3.461380978775335793e-01,-1.837847219829066070e+00,-1.117839943644278966e+00,8.743462339390176696e-01,-1.474557526383528661e-01,1.385613258816103643e+00,-4.582187390443441810e-01,-7.647587771265387246e-01,7.951589094332699448e-01,1.289645446853545208e+00,-2.707562289236913333e-01,-2.469722636160833762e-01,-4.196887180635389125e-01,1.238816149457046267e-01,1.043430054445052102e+00,-4.194950232830883530e-01,1.033423456589688483e+00,2.737350879726881403e-01,3.401191013183667011e-01,-1.113901189737931618e+00,-7.369643750999199661e-01,1.159667015227612730e+00,1.087910542549141157e-01,-1.120099352446805918e+00,-8.299046462421418857e-01,6.652413362443708733e-01,1.672269282466901652e-01,-4.668063225148485484e-01,-2.633112701163212166e-01,-3.856799064125516208e-01,-3.131519386555630530e-02,1.366568872414919422e-01,-2.519880024171129995e-01
1.745891430557039437e+00,5.441148694030143451e-01,-1.117839943644278966e+00,8.743462339390176696e-01,1.304028612377228502e-01,1.098216891317675525e+00,-4.582187390443441810e-01,1.639105483795093132e+00,-5.490191199558138724e-01,-7.754069170249729970e-01,1.344805800013252117e+00,7.897014355131553032e-01,3.618825361415798358e+00,1.238816149457046267e-01,3.324295266684431094e-01,-4.194950232830883530e-01,9.957896644314404577e-01,-9.588721148993326615e-01,3.134172230399317471e-01,3.337823287791612525e-01,-7.369643750999199661e-01,1.159667015227612730e+00,-9.898908798046147650e-01,1.040659682060507407e+00,1.204957707524648258e+00,6.222963086686313927e-01,2.358050203166296432e-01,1.020923591798349905e+00,6.083003413475970289e-01,-3.856799064125516208e-01,-3.133180540075696657e-02,1.155962371602163419e+00,-5.414336808692048475e-01
2.311809802841681069e-02,5.441148694030143451e-01,1.537897810665886933e+00,8.743462339390176696e-01,1.304028612377228502e-01,2.048051319857057892e-02,2.182363824940011909e+00,-7.647587771265387246e-01,-4.743425627675313949e-01,1.289645446853545208e+00,9.857920158050426096e-01,7.897014355131553032e-01,-4.196887180635389125e-01,-9.204096845965986651e-01,-4.690844554643108094e-02,2.077588837703511881e+00,4.887489399810314439e-02,-4.696820371426499996e-01,3.678890547279386469e-01,-1.113901189737931618e+00,-7.369643750999199661e-01,-8.623164985025838503e-01,1.207472988314443052e+00,1.040659682060507407e+00,-8.299046462421418857e-01,4.111539531656095980e-01,2.358050203166296432e-01,5.360338419481222028e-01,1.424550191232510254e+00,1.706629465994105477e+00,-3.133106802064941632e-02,1.155962371602163419e+00,6.163490329391627665e-01
2.311809802841681069e-02,5.441148694030143451e-01,1.537897810665886933e+00,8.743462339390176696e-01,-3.481759119151261572e+00,-1.793709056635256260e+00,-4.582187390443441810e-01,4.371733533342772038e-01,-3.262267364463408814e+00,-7.754069170249729970e-01,-8.092769052360058168e-01,-1.283645962745322056e+00,-4.196887180635389125e-01,-9.204096845965986651e-01,-1.698336686654289496e+00,-4.194950232830883530e-01,-1.545098302898014753e+00,-2.432450824047661442e+00,-1.394434911648746667e+00,-1.113901189737931618e+00,-7.369643750999199661e-01,-8.623164985025838503e-01,-9.898908798046147650e-01,1.040659682060507407e+00,1.204957707524648258e+00,-2.004287226947851330e+00,-3.974562670904782102e+00,-5.659883168023950306e-01,-7.031152942494910407e-01,-3.856799064125516208e-01,-3.135859687799798234e-02,-8.826485971191795343e-01,-5.414336808692048475e-01
-6.229219016698166467e-01,-1.837847219829066070e+00,1.537897810665886933e+00,-9.128945648942448088e-01,-1.474557526383528661e-01,2.719523347596951024e-01,-4.582187390443441810e-01,-7.647587771265387246e-01,1.019188580998117155e+00,-7.754069170249729970e-01,-6.297700131319009520e-01,-2.469722636160833762e-01,-4.196887180635389125e-01,1.238816149457046267e-01,4.170447855568905626e-01,-4.194950232830883530e-01,1.302124447917359651e-01,9.585827497569792133e-01,4.405181636452809579e-01,1.170516839481701155e+00,-7.369643750999199661e-01,-8.623164985025838503e-01,-9.898908798046147650e-01,-1.120099352446805918e+00,-8.299046462421418857e-01,4.698950105237615915e-01,1.672269282466901652e-01,-5.549680952148898783e-01,-6.336279532496452704e-01,-3.856799064125516208e-01,-3.131279738020676523e-02,-6.278222260290116097e-01,-1.120325037773388877e+00
5.614847644436113949e-01,5.441148694030143451e-01,-2.325940255408903146e-01,-3.171476319498239826e-01,4.082614751137985665e-01,7.838771143662699448e-01,-4.582187390443441810e-01,-7.647587771265387246e-01,4.715604949507127275e-01,-7.754069170249729970e-01,-8.092769052360058168e-01,-1.283645962745322056e+00,-4.196887180635389125e-01,-9.204096845965986651e-01,4.491574298660654940e-01,-4.194950232830883530e-01,8.938142276155426336e-01,-2.651450838019884029e-02,-1.394434911648746667e+00,8.783238357443062805e-01,1.356917693429100291e+00,1.159667015227612730e+00,1.087910542549141157e-01,-3.971983519314924160e-02,-8.299046462421418857e-01,5.701561503710769196e-01,2.993358757040473495e-01,-5.659883168023950306e-01,-7.031152942494910407e-01,-3.856799064125516208e-01,-3.132436137300454587e-02,-8.826485971191795343e-01,3.745767603497900805e-02
2.311809802841681069e-02,-1.837847219829066070e+00,1.537897810665886933e+00,8.743462339390176696e-01,3.526897523385834066e-01,6.671223400700335704e-01,-4.582187390443441810e-01,-7.647587771265387246e-01,-6.485878628735237683e-01,1.289645446853545208e+00,5.370247855447803920e-01,7.897014355131553032e-01,-4.196887180635389125e-01,-9.204096845965986651e-01,5.417194423732016872e-01,-4.194950232830883530e-01,7.500774214369437809e-01,-5.923550863242131870e-01,2.637517294420436142e-01,-1.113901189737931618e+00,-7.369643750999199661e-01,1.159667015227612730e+00,1.087910542549141157e-01,-1.120099352446805918e+00,-8.299046462421418857e-01,5.491579551306472462e-01,2.869980914369990033e-01,5.389914749477092704e-02,9.980134783410714583e-01,-3.856799064125516208e-01,-3.133428470778525099e-02,1.155962371602163419e+00,-2.519880024171129995e-01
1.307914313114557359e-01,5.441148694030143451e-01,1.537897810665886933e+00,-1.508641497838665746e+00,-3.481759119151261572e+00,2.539900617910433311e-01,-4.582187390443441810e-01,4.371733533342772038e-01,-3.262267364463408814e+00,-7.754069170249729970e-01,-8.092769052360058168e-01,-1.283645962745322056e+00,-4.196887180635389125e-01,-9.204096845965986651e-01,1.317609285140230180e-01,-4.194950232830883530e-01,-1.545098302898014753e+00,-2.432450824047661442e+00,-1.394434911648746667e+00,-1.113901189737931618e+00,-7.369643750999199661e-01,-8.623164985025838503e-01,-9.898908798046147650e-01,-1.120099352446805918e+00,1.204957707524648258e+00,4.659418476344478477e-01,-3.974562670904782102e+00,-5.659883168023950306e-01,-7.031152942494910407e-01,-3.856799064125516208e-01,-3.135859687799798234e-02,-8.826485971191795343e-01,-5.414336808692048475e-01
2.384647645944946437e-01,5.441148694030143451e-01,1.537897810665886933e+00,8.743462339390176696e-01,1.304028612377228502e-01,2.946164968289645414e-02,2.182363824940011909e+00,-7.647587771265387246e-01,-8.228331629795160307e-01,-7.754069170249729970e-01,5.370247855447803920e-01,7.897014355131553032e-01,-4.196887180635389125e-01,1.516270014335442173e+00,-9.800461637278816418e-02,2.077588837703511881e+00,5.676585041838095452e-02,-7.763646600965580236e-01,1.516038406726181731e-01,1.876858269104638155e-01,-7.369643750999199661e-01,-8.623164985025838503e-01,1.087910542549141157e-01,1.040659682060507407e+00,-8.299046462421418857e-01,4.133879176985665316e-01,2.358050203166296432e-01,5.389914749477092704e-02,2.075900082484868625e-01,1.641892171055780780e+00,-3.133450912781798881e-02,1.155962371602163419e+00,-2.519880024171129995e-01
-1.922285685376610154e-01,5.441148694030143451e-01,-2.325940255408903146e-01,8.743462339390176696e-01,4.082614751137985665e-01,5.952732481954265964e-01,-4.582187390443441810e-01,-7.647587771265387246e-01,7.328552327987310211e-02,1.289645446853545208e+00,9.857920158050426096e-01,7.897014355131553032e-01,-4.196887180635389125e-01,-9.204096845965986651e-01,5.599568448835318124e-01,-4.194950232830883530e-01,7.153572131877213858e-01,6.181549242974640132e-03,7.203538480032757318e-01,-1.113901189737931618e+00,1.356917693429100291e+00,1.159667015227612730e+00,1.207472988314443052e+00,1.040659682060507407e+00,-8.299046462421418857e-01,5.357367334007617776e-01,2.993358757040473495e-01,5.360338419481222028e-01,1.077819519524332303e+00,-3.856799064125516208e-01,-3.132801316020384502e-02,1.155962371602163419e+00,9.057947113912546699e-01
8.845047642927281739e-01,5.441148694030143451e-01,6.526518925624983369e-01,8.743462339390176696e-01,8.250493959279121547e-01,7.659148413976182290e-01,2.182363824940011909e+00,1.639105483795093132e+00,-1.507441482849742054e-01,1.289645446853545208e+00,1.703819584221461847e+00,7.897014355131553032e-01,2.272654001589352379e+00,1.516270014335442173e+00,3.310054269396053850e-01,2.557797272508627540e+00,1.136309388377156893e+00,-5.245174554403994049e-01,5.633468037260802586e-01,-1.113901189737931618e+00,1.356917693429100291e+00,1.159667015227612730e+00,2.306154922373972127e+00,1.040659682060507407e+00,1.204957707524648258e+00,5.669881175669503337e-01,3.866455364140805040e-01,1.593975114348618494e+00,1.968286926411243698e+00,2.679879998513043926e+00,-3.133282821832550358e-02,1.155962371602163419e+00,2.353023103651714187e+00
1.207524764141844953e+00,5.441148694030143451e-01,-2.325940255408903146e-01,8.743462339390176696e-01,1.241837316742025799e+00,5.683298387424489118e-01,2.182363824940011909e+00,-7.647587771265387246e-01,-4.743425627675313949e-01,1.289645446853545208e+00,9.857920158050426096e-01,7.897014355131553032e-01,-4.196887180635389125e-01,-9.204096845965986651e-01,8.792255784028804588e-02,2.845922333391696757e+00,1.168783709029838747e+00,-8.018429087727286797e-01,3.678890547279386469e-01,-1.113901189737931618e+00,1.356917693429100291e+00,1.159667015227612730e+00,2.306154922373972127e+00,1.040659682060507407e+00,-8.299046462421418857e-01,5.305998327827584626e-01,4.659333095152841664e-01,5.360338419481222028e-01,1.424550191232510254e+00,2.573805833921555930e+00,-3.133754539884908014e-02,1.155962371602163419e+00,1.774131746747530380e+00
-8.455523525462210754e-02,5.441148694030143451e-01,-2.325940255408903146e-01,-1.508641497838665746e+00,-1.474557526383528661e-01,-4.238744219171054067e-02,-4.582187390443441810e-01,-7.647587771265387246e-01,2.226386376564379599e-01,-7.754069170249729970e-01,-8.092769052360058168e-01,-1.283645962745322056e+00,-4.196887180635389125e-01,-9.204096845965986651e-01,-7.405690159303902897e-02,-4.194950232830883530e-01,-1.247261472480087063e-01,6.730187625589087452e-02,-1.394434911648746667e+00,7.455088340454903983e-01,-7.369643750999199661e-01,-8.623164985025838503e-01,-9.898908798046147650e-01,-1.120099352446805918e+00,-8.299046462421418857e-01,3.952010578193693724e-01,1.672269282466901652e-01,-5.659883168023950306e-01,-7.031152942494910407e-01,-3.856799064125516208e-01,-3.132131821700512991e-02,-8.826485971191795343e-01,-1.120325037773388877e+00
-1.922285685376610154e-01,5.441148694030143451e-01,-2.325940255408903146e-01,8.743462339390176696e-01,1.241837316742025799e+00,-1.793709056635256260e+00,-4.582187390443441810e-01,-7.647587771265387246e-01,-1.258519625555467036e-01,1.289645446853545208e+00,5.370247855447803920e-01,7.897014355131553032e-01,-4.196887180635389125e-01,-9.204096845965986651e-01,-1.698336686654289496e+00,-4.194950232830883530e-01,-1.545098302898014753e+00,-1.394084431922875400e-01,6.001953957503198822e-01,-1.113901189737931618e+00,1.356917693429100291e+00,-8.623164985025838503e-01,1.207472988314443052e+00,1.040659682060507407e+00,-8.299046462421418857e-01,-2.004287226947851330e+00,4.659333095152841664e-01,5.389914749477092704e-02,7.167244687001121939e-01,-3.856799064125516208e-01,-3.133491396395546302e-02,1.155962371602163419e+00,9.057947113912546699e-01
1.207524764141844953e+00,5.441148694030143451e-01,-2.325940255408903146e-01,8.743462339390176696e-01,1.304028612377228502e-01,6.761034765543594283e-01,-4.582187390443441810e-01,4.371733533342772038e-01,-3.996660055792489730e-01,1.289645446853545208e+00,8.825755528451835474e-02,7.897014355131553032e-01,-4.196887180635389125e-01,-9.204096845965986651e-01,1.694248807830065207e-01,-4.194950232830883530e-01,6.249147126783833883e-01,-7.581659110421502534e-01,4.319735625961817482e-01,-1.113901189737931618e+00,-7.369643750999199661e-01,1.159667015227612730e+00,1.087910542549141157e-01,1.040659682060507407e+00,1.204957707524648258e+00,5.508080871334737338e-01,2.358050203166296432e-01,-2.904827771147657223e-01,3.332045327309665628e-01,-3.856799064125516208e-01,-3.133033064054186606e-02,1.155962371602163419e+00,3.269033544870708630e-01
1.307914313114557359e-01,5.441148694030143451e-01,1.537897810665886933e+00,8.743462339390176696e-01,4.638331978890137264e-01,2.539900617910433311e-01,-4.582187390443441810e-01,4.371733533342772038e-01,4.466683092212852535e-01,1.289645446853545208e+00,1.434559246065304716e+00,-2.469722636160833762e-01,-4.196887180635389125e-01,-9.204096845965986651e-01,1.317609285140230180e-01,-4.194950232830883530e-01,4.201140437397885008e-01,1.312565881987220739e-01,1.702951554675224133e-01,-1.113901189737931618e+00,1.356917693429100291e+00,-8.623164985025838503e-01,1.207472988314443052e+00,1.040659682060507407e+00,1.204957707524648258e+00,4.659418476344478477e-01,3.114998825751355560e-01,1.155921306245288216e+00,1.300436371246060263e+00,-3.856799064125516208e-01,-3.132506858531426686e-02,1.366568872414919422e-01,1.484686068295438144e+00
6.691580977266503583e-01,5.441148694030143451e-01,6.526518925624983369e-01,8.743462339390176696e-01,2.693321681757607222e-01,-1.793709056635256260e+00,-4.582187390443441810e-01,-7.647587771265387246e-01,-1.694059663509477787e+00,1.289645446853545208e+00,-3.605096749757437102e-01,-2.469722636160833762e-01,-4.196887180635389125e-01,1.516270014335442173e+00,-1.698336686654289496e+00,-4.194950232830883530e-01,-1.545098302898014753e+00,-1.438799125676999413e+00,-7.268879546878810327e-01,-1.113901189737931618e+00,-7.369643750999199661e-01,-8.623164985025838503e-01,1.087910542549141157e-01,1.040659682060507407e+00,-8.299046462421418857e-01,-2.004287226947851330e+00,2.681545029392731205e-01,-4.971119318804877452e-01,2.360495489515486434e-01,-3.856799064125516208e-01,-3.134368541360084415e-02,1.366568872414919422e-01,-2.519880024171129995e-01
4.538114311605724871e-01,5.441148694030143451e-01,-2.325940255408903146e-01,-3.171476319498239826e-01,1.304028612377228502e-01,4.605562009305384508e-01,-4.582187390443441810e-01,-7.647587771265387246e-01,-5.241269342263863429e-01,-7.754069170249729970e-01,-8.092769052360058168e-01,-1.283645962745322056e+00,-4.196887180635389125e-01,-9.204096845965986651e-01,2.121667599124492654e-01,-4.194950232830883530e-01,4.355317585917158896e-01,-6.376776414405541660e-01,-1.394434911648746667e+00,3.470638289490428630e-01,-7.369643750999199661e-01,1.159667015227612730e+00,-9.898908798046147650e-01,-3.971983519314924160e-02,-8.299046462421418857e-01,5.094513281120800485e-01,2.358050203166296432e-01,-5.659883168023950306e-01,-7.031152942494910407e-01,-3.856799064125516208e-01,-3.133155960738778084e-02,-8.826485971191795343e-01,-1.120325037773388877e+00
2.311809802841681069e-02,5.441148694030143451e-01,-1.117839943644278966e+00,8.743462339390176696e-01,-4.253143665144286101e-01,5.640505913587408326e-02,-4.582187390443441810e-01,1.639105483795093132e+00,-5.739113056852412909e-01,1.289645446853545208e+00,-8.092769052360058168e-01,7.897014355131553032e-01,9.264826417629067334e-01,1.238816149457046267e-01,-1.420689621756264683e-02,-4.194950232830883530e-01,-1.696438991788208617e-01,-5.397809223892574559e-01,3.358468007938170685e-01,-1.113901189737931618e+00,-7.369643750999199661e-01,-8.623164985025838503e-01,1.087910542549141157e-01,1.040659682060507407e+00,1.204957707524648258e+00,4.200246905700049105e-01,9.272988894116553082e-02,-5.659883168023950306e-01,-7.031152942494910407e-01,-3.856799064125516208e-01,-3.132722470614945215e-02,1.155962371602163419e+00,3.269033544870708630e-01
9.921780975757670262e-01,5.441148694030143451e-01,-1.117839943644278966e+00,8.743462339390176696e-01,9.084069800907348391e-01,8.557262062408769188e-01,2.182363824940011909e+00,1.639105483795093132e+00,-2.752050769321116030e-01,1.289645446853545208e+00,1.883326476325566823e+00,7.897014355131553032e-01,3.618825361415798358e+00,1.168172914488007974e+00,3.688683959206111029e-01,2.615422284685241294e+00,1.284113072095437458e+00,-6.299080605634672647e-01,4.800369434973640881e-01,-1.113901189737931618e+00,1.356917693429100291e+00,1.159667015227612730e+00,2.306154922373972127e+00,1.040659682060507407e+00,1.204957707524648258e+00,5.826120217993424610e-01,4.030961330492208727e-01,1.913561540386268911e+00,2.277374786652981875e+00,2.797516911600971046e+00,-3.133432867192668947e-02,1.155962371602163419e+00,2.353023103651714187e+00
6.691580977266503583e-01,5.441148694030143451e-01,1.537897810665886933e+00,8.743462339390176696e-01,-3.481759119151261572e+00,-4.238744219171054067e-02,-4.582187390443441810e-01,-7.647587771265387246e-01,-3.262267364463408814e+00,-7.754069170249729970e-01,-8.092769052360058168e-01,-1.283645962745322056e+00,-4.196887180635389125e-01,-9.204096845965986651e-01,-2.635562098501848527e-01,-4.194950232830883530e-01,-1.545098302898014753e+00,-2.432450824047661442e+00,-1.394434911648746667e+00,-1.113901189737931618e+00,-7.369643750999199661e-01,-8.623164985025838503e-01,-9.898908798046147650e-01,1.040659682060507407e+00,-8.299046462421418857e-01,3.952010578193693724e-01,-3.974562670904782102e+00,-5.659883168023950306e-01,-7.031152942494910407e-01,-3.856799064125516208e-01,-3.135859687799798234e-02,-8.826485971191795343e-01,-1.120325037773388877e+00
-1.376635234651089057e+00,5.441148694030143451e-01,-1.117839943644278966e+00,-1.508641497838665746e+00,1.304028612377228502e-01,1.282541510104810711e-01,-4.582187390443441810e-01,1.639105483795093132e+00,9.196198380804072592e-01,-7.754069170249729970e-01,9.857920158050426096e-01,7.897014355131553032e-01,-4.196887180635389125e-01,1.238816149457046267e-01,6.059261428847604325e-01,-4.194950232830883530e-01,1.435663710414368799e-01,1.445214340325654101e+00,1.265072164883342065e+00,1.117390838802174935e+00,-7.369643750999199661e-01,-8.623164985025838503e-01,-9.898908798046147650e-01,-1.120099352446805918e+00,1.204957707524648258e+00,4.372631868312201187e-01,2.358050203166296432e-01,5.360338419481222028e-01,8.204823677923637343e-03,-3.856799064125516208e-01,-3.131730359197513330e-02,-8.826485971191795343e-01,-5.414336808692048475e-01
4.538114311605724871e-01,5.441148694030143451e-01,-1.117839943644278966e+00,8.743462339390176696e-01,6.861200889898743105e-01,6.311977941327300279e-01,-4.582187390443441810e-01,1.639105483795093132e+00,-4.992347484969588689e-01,1.289645446853545208e+00,-9.124933681958644072e-02,-2.469722636160833762e-01,-4.196887180635389125e-01,1.516270014335442173e+00,3.567865427202900341e-01,-4.194950232830883530e-01,9.132381203423802774e-01,-6.213615215986715290e-01,-2.174161171353483357e-01,-1.113901189737931618e+00,1.356917693429100291e+00,1.159667015227612730e+00,1.207472988314443052e+00,1.040659682060507407e+00,1.204957707524648258e+00,5.424968708675803608e-01,3.585117714792993016e-01,-3.896647714023122600e-01,1.555497052486024823e-01,-3.856799064125516208e-01,-3.133495155588251341e-02,1.366568872414919422e-01,1.484686068295438144e+00
-9.459419015189334257e-01,5.441148694030143451e-01,-1.117839943644278966e+00,-3.171476319498239826e-01,7.483113846250770418e-02,9.724809805371132931e-01,-4.582187390443441810e-01,1.639105483795093132e+00,9.694042095392622072e-01,-7.754069170249729970e-01,-8.092769052360058168e-01,-2.469722636160833762e-01,-4.196887180635389125e-01,1.238816149457046267e-01,1.323286471333158243e+00,-4.194950232830883530e-01,8.479252810483886016e-01,1.142592323529323828e+00,4.212928112848078888e-01,1.143953839141937934e+00,-7.369643750999199661e-01,1.159667015227612730e+00,-9.898908798046147650e-01,-3.971983519314924160e-02,1.204957707524648258e+00,6.021520254525669635e-01,2.225181396183785187e-01,-5.659883168023950306e-01,-7.031152942494910407e-01,-3.856799064125516208e-01,-3.131615911659986484e-02,-3.729958549388437961e-01,-5.414336808692048475e-01
-1.699655234500205836e+00,5.441148694030143451e-01,-1.117839943644278966e+00,-1.508641497838665746e+00,3.526897523385834066e-01,-2.220101718782280520e-01,-4.582187390443441810e-01,-7.647587771265387246e-01,1.044080766727544685e+00,-7.754069170249729970e-01,-8.092769052360058168e-01,-2.469722636160833762e-01,-4.196887180635389125e-01,1.238816149457046267e-01,3.347530578049682792e-01,-4.194950232830883530e-01,-7.920139866948287810e-02,1.875863557358968592e+00,4.533350652189294672e-01,1.183798339651582765e+00,-7.369643750999199661e-01,-8.623164985025838503e-01,-9.898908798046147650e-01,-1.120099352446805918e+00,-8.299046462421418857e-01,3.462709881855754457e-01,2.869980914369990033e-01,-5.659883168023950306e-01,-7.031152942494910407e-01,-3.856799064125516208e-01,-3.131853968326653304e-02,-8.826485971191795343e-01,-1.120325037773388877e+00
-1.268961901368050205e+00,-1.837847219829066070e+00,-2.325940255408903146e-01,-1.508641497838665746e+00,-2.863850595763907658e-01,1.013107415575034559e-01,-4.582187390443441810e-01,4.371733533342772038e-01,1.479620804681555379e-01,-7.754069170249729970e-01,-8.092769052360058168e-01,-1.283645962745322056e+00,-4.196887180635389125e-01,-9.204096845965986651e-01,5.195291053286121841e-01,-4.194950232830883530e-01,-7.222093722077557731e-02,6.544036584190212613e-01,-1.394434911648746667e+00,7.056643335358456781e-01,-7.369643750999199661e-01,-8.623164985025838503e-01,-9.898908798046147650e-01,-1.120099352446805918e+00,1.204957707524648258e+00,4.308751070008010609e-01,1.307814272084459051e-01,-5.659883168023950306e-01,-7.031152942494910407e-01,-3.856799064125516208e-01,-3.132053096577919193e-02,-8.826485971191795343e-01,-5.414336808692048475e-01
-1.922285685376610154e-01,-1.837847219829066070e+00,-2.325940255408903146e-01,8.743462339390176696e-01,1.304028612377228502e-01,-1.771044894565986794e-01,-4.582187390443441810e-01,-7.647587771265387246e-01,2.226386376564379599e-01,1.289645446853545208e+00,5.370247855447803920e-01,7.897014355131553032e-01,-4.196887180635389125e-01,-9.204096845965986651e-01,-1.701681314783199950e-01,-4.194950232830883530e-01,-1.247261472480087063e-01,1.153740435694210614e-01,8.244911732891707645e-01,-1.113901189737931618e+00,-7.369643750999199661e-01,-8.623164985025838503e-01,1.087910542549141157e-01,-1.120099352446805918e+00,-8.299046462421418857e-01,3.590060188904340976e-01,2.358050203166296432e-01,5.389914749477092704e-02,5.757474709604353258e-01,-3.856799064125516208e-01,-3.132418580631227134e-02,1.155962371602163419e+00,-2.519880024171129995e-01
2.311809802841681069e-02,5.441148694030143451e-01,-2.325940255408903146e-01,8.743462339390176696e-01,-8.526445700315014864e-03,1.462164239791328424e-01,-4.582187390443441810e-01,-7.647587771265387246e-01,2.226386376564379599e-01,-7.754069170249729970e-01,-8.092769052360058168e-01,-1.283645962745322056e+00,-4.196887180635389125e-01,-9.204096845965986651e-01,6.754697710460853821e-02,-4.194950232830883530e-01,9.379264592891529972e-02,2.101015958360296851e-02,-1.394434911648746667e+00,7.455088340454903983e-01,-7.369643750999199661e-01,-8.623164985025838503e-01,-9.898908798046147650e-01,1.040659682060507407e+00,-8.299046462421418857e-01,4.414725767909474241e-01,2.021964911831932998e-01,-5.659883168023950306e-01,-7.031152942494910407e-01,-3.856799064125516208e-01,-3.132280936344484373e-02,-8.826485971191795343e-01,-1.120325037773388877e+00
-1.161288568085011352e+00,-1.837847219829066070e+00,-2.325940255408903146e-01,-9.128945648942448088e-01,-7.031729803905043541e-01,2.090843793694139585e-01,-4.582187390443441810e-01,-7.647587771265387246e-01,2.724230091152929356e-01,-7.754069170249729970e-01,-8.092769052360058168e-01,-1.283645962745322056e+00,-4.196887180635389125e-01,-9.204096845965986651e-01,5.911520169400958924e-01,-4.194950232830883530e-01,-1.914957784965132803e-01,6.926552926441220670e-01,-1.394434911648746667e+00,7.720718343852536192e-01,-7.369643750999199661e-01,-8.623164985025838503e-01,-9.898908798046147650e-01,-1.120099352446805918e+00,-8.299046462421418857e-01,4.559058800783658549e-01,1.119483325352974186e-02,-5.659883168023950306e-01,-7.031152942494910407e-01,-3.856799064125516208e-01,-3.131322342204668346e-02,-8.826485971191795343e-01,-1.120325037773388877e+00
2.384647645944946437e-01,5.441148694030143451e-01,-2.325940255408903146e-01,8.743462339390176696e-01,8.250493959279121547e-01,1.277839621004193127e+00,2.182363824940011909e+00,-7.647587771265387246e-01,4.715604949507127275e-01,1.289645446853545208e+00,1.883326476325566823e+00,7.897014355131553032e-01,-4.196887180635389125e-01,-9.204096845965986651e-01,9.977892642633136022e-01,2.557797272508627540e+00,1.672590926632191222e+00,1.023749371019865989e-01,9.606707525091873201e-01,-1.113901189737931618e+00,1.356917693429100291e+00,1.159667015227612730e+00,2.306154922373972127e+00,1.040659682060507407e+00,-8.299046462421418857e-01,6.496084767210242861e-01,3.866455364140805040e-01,1.913561540386268911e+00,1.685224439453815171e+00,3.687135395845739350e+00,-3.132767448639100366e-02,1.155962371602163419e+00,1.774131746747530380e+00
-1.268961901368050205e+00,5.441148694030143451e-01,-2.325940255408903146e-01,-3.171476319498239826e-01,-1.474557526383528661e-01,-1.544403273873291849e-02,-4.582187390443441810e-01,-7.647587771265387246e-01,5.960214235978501529e-01,-7.754069170249729970e-01,-8.092769052360058168e-01,-1.283645962745322056e+00,-4.196887180635389125e-01,-9.204096845965986651e-01,3.828833456329832630e-01,-4.194950232830883530e-01,-1.028742679303163016e-01,1.059975780202965234e+00,-1.394434911648746667e+00,9.447313365937142216e-01,-7.369643750999199661e-01,-8.623164985025838503e-01,-9.898908798046147650e-01,-3.971983519314924160e-02,-8.299046462421418857e-01,4.021066721342696493e-01,1.672269282466901652e-01,-5.659883168023950306e-01,-7.031152942494910407e-01,-3.856799064125516208e-01,-3.131732407475589647e-02,-8.826485971191795343e-01,-1.120325037773388877e+00
-2.999019018206999232e-01,5.441148694030143451e-01,-1.117839943644278966e+00,8.743462339390176696e-01,4.082614751137985665e-01,5.503675657737971960e-01,-4.582187390443441810e-01,1.639105483795093132e+00,1.367679181210101902e+00,1.289645446853545208e+00,-8.092769052360058168e-01,-2.469722636160833762e-01,-4.196887180635389125e-01,1.238816149457046267e-01,5.609556478607710117e-01,-4.194950232830883530e-01,6.728674478477638665e-01,1.018888408388251676e+00,5.921848322667895292e-01,-1.113901189737931618e+00,1.356917693429100291e+00,1.159667015227612730e+00,1.207472988314443052e+00,1.040659682060507407e+00,1.204957707524648258e+00,5.271426992581444981e-01,2.993358757040473495e-01,-5.659883168023950306e-01,-7.031152942494910407e-01,-3.856799064125516208e-01,-3.131614485180612278e-02,1.366568872414919422e-01,1.484686068295438144e+00
-9.459419015189334257e-01,5.441148694030143451e-01,1.537897810665886933e+00,-1.508641497838665746e+00,-3.481759119151261572e+00,3.258391536656503051e-01,-4.582187390443441810e-01,-7.647587771265387246e-01,-3.262267364463408814e+00,-7.754069170249729970e-01,-8.092769052360058168e-01,-1.283645962745322056e+00,-4.196887180635389125e-01,-9.204096845965986651e-01,6.169330058295990904e-01,-4.194950232830883530e-01,-1.545098302898014753e+00,-2.432450824047661442e+00,-1.394434911648746667e+00,-1.113901189737931618e+00,-7.369643750999199661e-01,-8.623164985025838503e-01,-9.898908798046147650e-01,-1.120099352446805918e+00,-8.299046462421418857e-01,4.815523381534405623e-01,-3.974562670904782102e+00,-5.659883168023950306e-01,-7.031152942494910407e-01,-3.856799064125516208e-01,-3.135859687799798234e-02,-8.826485971191795343e-01,-1.120325037773388877e+00
-2.238021900915400320e+00,5.441148694030143451e-01,-2.325940255408903146e-01,-1.508641497838665746e+00,-1.474557526383528661e-01,8.826696156938546034e-01,-4.582187390443441810e-01,-7.647587771265387246e-01,1.342786995480674372e+00,-7.754069170249729970e-01,-8.092769052360058168e-01,-1.283645962745322056e+00,-4.196887180635389125e-01,-9.204096845965986651e-01,2.288279463346859721e+00,-4.194950232830883530e-01,6.255217093260970751e-01,2.872760263934229119e+00,-1.394434911648746667e+00,1.343176341690161868e+00,-7.369643750999199661e-01,1.159667015227612730e+00,-9.898908798046147650e-01,-1.120099352446805918e+00,-8.299046462421418857e-01,5.871963719176656049e-01,1.672269282466901652e-01,-5.659883168023950306e-01,-7.031152942494910407e-01,-3.856799064125516208e-01,-3.130933579025742958e-02,-8.826485971191795343e-01,-1.120325037773388877e+00
-6.229219016698166467e-01,5.441148694030143451e-01,6.526518925624983369e-01,8.743462339390176696e-01,-2.863850595763907658e-01,-1.793709056635256260e+00,-4.582187390443441810e-01,-7.647587771265387246e-01,-7.606759109669175567e-02,-7.754069170249729970e-01,-8.092769052360058168e-01,7.897014355131553032e-01,-4.196887180635389125e-01,1.168172914488007974e+00,-1.698336686654289496e+00,-4.194950232830883530e-01,-1.545098302898014753e+00,9.110904483021041445e-02,6.562693401350325750e-01,5.861308320069114064e-01,-7.369643750999199661e-01,-8.623164985025838503e-01,-9.898908798046147650e-01,1.040659682060507407e+00,-8.299046462421418857e-01,-2.004287226947851330e+00,1.307814272084459051e-01,-5.659883168023950306e-01,-7.031152942494910407e-01,-3.856799064125516208e-01,-3.132303164614393121e-02,1.155962371602163419e+00,-1.120325037773388877e+00
1.307914313114557359e-01,5.441148694030143451e-01,-2.325940255408903146e-01,-3.171476319498239826e-01,5.471907820518364662e-01,1.134141437254979179e+00,-4.582187390443441810e-01,-7.647587771265387246e-01,5.960214235978501529e-01,-7.754069170249729970e-01,-8.092769052360058168e-01,-1.283645962745322056e+00,-4.196887180635389125e-01,-9.204096845965986651e-01,9.183818332793505235e-01,-4.194950232830883530e-01,1.324174850844540119e+00,2.344931282891807300e-01,-1.394434911648746667e+00,9.447313365937142216e-01,1.356917693429100291e+00,1.159667015227612730e+00,1.087910542549141157e-01,-3.971983519314924160e-02,-8.299046462421418857e-01,6.278915899788332089e-01,3.294305656233620927e-01,-5.659883168023950306e-01,-7.031152942494910407e-01,-3.856799064125516208e-01,-3.132444007531487440e-02,-8.826485971191795343e-01,3.745767603497900805e-02
7.768314310096892106e-01,5.441148694030143451e-01,1.537897810665886933e+00,8.743462339390176696e-01,8.250493959279121547e-01,8.557262062408769188e-01,2.182363824940011909e+00,1.639105483795093132e+00,-1.507441482849742054e-01,1.289645446853545208e+00,1.703819584221461847e+00,7.897014355131553032e-01,2.272654001589352379e+00,1.516270014335442173e+00,4.366456117427389705e-01,2.557797272508627540e+00,1.230393868772776900e+00,-4.932398592337230991e-01,5.633468037260802586e-01,-1.113901189737931618e+00,1.356917693429100291e+00,1.159667015227612730e+00,2.306154922373972127e+00,1.040659682060507407e+00,1.204957707524648258e+00,5.826120217993424610e-01,3.866455364140805040e-01,1.593975114348618494e+00,1.968286926411243698e+00,2.839461920512333926e+00,-3.133282821832550358e-02,1.155962371602163419e+00,2.353023103651714187e+00
9.921780975757670262e-01,5.441148694030143451e-01,-1.117839943644278966e+00,-9.128945648942448088e-01,5.471907820518364662e-01,2.988957442126726760e-01,2.182363824940011909e+00,1.639105483795093132e+00,4.715604949507127275e-01,-7.754069170249729970e-01,1.255052353961199740e+00,1.826375134642393983e+00,-4.196887180635389125e-01,1.168172914488007974e+00,-6.559504516292735676e-02,2.365713898586581099e+00,5.056398714026456576e-01,-1.792723696924186094e-01,1.760659025731088567e+00,8.783238357443062805e-01,1.356917693429100291e+00,-8.623164985025838503e-01,1.207472988314443052e+00,-5.799095938199776423e-01,1.204957707524648258e+00,4.757610385917999674e-01,3.294305656233620927e-01,8.914359881451638934e-01,2.124149370034429385e-01,1.921642653050801064e+00,-3.132554190765949459e-02,-1.181694838486759130e-01,1.484686068295438144e+00
-2.022675234349322615e+00,-1.837847219829066070e+00,-2.325940255408903146e-01,8.743462339390176696e-01,4.082614751137985665e-01,-2.938592637528350537e-01,-4.582187390443441810e-01,-7.647587771265387246e-01,4.715604949507127275e-01,-7.754069170249729970e-01,-8.092769052360058168e-01,-1.283645962745322056e+00,-4.196887180635389125e-01,-9.204096845965986651e-01,4.081102551152531177e-01,-4.194950232830883530e-01,-1.259401405434360521e-01,1.623270393791775623e+00,-1.394434911648746667e+00,8.783238357443062805e-01,1.356917693429100291e+00,-8.623164985025838503e-01,1.087910542549141157e-01,-1.120099352446805918e+00,-8.299046462421418857e-01,3.251224835148970316e-01,2.993358757040473495e-01,-5.659883168023950306e-01,-7.031152942494910407e-01,-3.856799064125516208e-01,-3.132436137300454587e-02,-8.826485971191795343e-01,3.745767603497900805e-02
6.691580977266503583e-01,5.441148694030143451e-01,1.537897810665886933e+00,8.743462339390176696e-01,1.859745840129379824e-01,1.641786969477845859e-01,-4.582187390443441810e-01,4.371733533342772038e-01,2.226386376564379599e-01,1.289645446853545208e+00,5.370247855447803920e-01,1.826375134642393983e+00,-4.196887180635389125e-01,-9.204096845965986651e-01,-9.432569207329047356e-02,-4.194950232830883530e-01,2.015952505628644809e-01,-2.243359387795233195e-01,1.564133201601809908e+00,-1.113901189737931618e+00,-7.369643750999199661e-01,-8.623164985025838503e-01,1.087910542549141157e-01,1.040659682060507407e+00,1.204957707524648258e+00,4.456433479499082861e-01,2.488905768783777062e-01,5.389914749477092704e-02,5.757474709604353258e-01,-3.856799064125516208e-01,-3.132470718618630273e-02,2.175267855962834673e+00,3.269033544870708630e-01
-7.305952349528556100e-01,-1.837847219829066070e+00,-2.325940255408903146e-01,-1.508641497838665746e+00,2.693321681757607222e-01,4.336127914775608216e-01,2.182363824940011909e+00,-7.647587771265387246e-01,9.694042095392622072e-01,-7.754069170249729970e-01,-8.092769052360058168e-01,-1.283645962745322056e+00,-4.196887180635389125e-01,-9.204096845965986651e-01,6.311268697936184280e-01,2.173630524664535102e+00,4.871264736473784884e-01,9.904628278877501968e-01,-1.394434911648746667e+00,1.143953839141937934e+00,-7.369643750999199661e-01,1.159667015227612730e+00,1.087910542549141157e-01,-1.120099352446805918e+00,-8.299046462421418857e-01,5.040068215092396997e-01,2.681545029392731205e-01,-5.659883168023950306e-01,-7.031152942494910407e-01,2.679193422946430925e+00,-3.131835959311680961e-02,-8.826485971191795343e-01,-2.519880024171129995e-01
-1.053615234801972278e+00,5.441148694030143451e-01,-2.325940255408903146e-01,-3.171476319498239826e-01,-1.474557526383528661e-01,-1.411799435192951646e-01,-4.582187390443441810e-01,-7.647587771265387246e-01,2.724230091152929356e-01,-7.754069170249729970e-01,8.825755528451835474e-02,7.897014355131553032e-01,-4.196887180635389125e-01,-9.204096845965986651e-01,1.478144163663765442e-01,-4.194950232830883530e-01,-2.048497047462141674e-01,6.216301536283993512e-01,8.645439907068226404e-01,7.720718343852536192e-01,-7.369643750999199661e-01,-8.623164985025838503e-01,-9.898908798046147650e-01,-3.971983519314924160e-02,-8.299046462421418857e-01,3.689432641112267430e-01,1.672269282466901652e-01,-2.904827771147657223e-01,-2.827897700196550512e-01,-3.856799064125516208e-01,-3.132078566470523212e-02,1.366568872414919422e-01,-1.120325037773388877e+00
2.311809802841681069e-02,5.441148694030143451e-01,-2.325940255408903146e-01,-1.508641497838665746e+00,-1.474557526383528661e-01,3.348202901499762185e-01,-4.582187390443441810e-01,-7.647587771265387246e-01,4.715604949507127275e-01,1.289645446853545208e+00,5.370247855447803920e-01,-1.283645962745322056e+00,-4.196887180635389125e-01,1.516270014335442173e+00,2.392301110811682341e-01,-4.194950232830883530e-01,1.812001631996849049e-01,1.962573727001218071e-01,-1.394434911648746667e+00,-1.113901189737931618e+00,-7.369643750999199661e-01,-8.623164985025838503e-01,1.087910542549141157e-01,-1.120099352446805918e+00,-8.299046462421418857e-01,4.834664920030388724e-01,1.672269282466901652e-01,5.389914749477092704e-02,4.910545726021621205e-01,-3.856799064125516208e-01,-3.131865545550564095e-02,-8.826485971191795343e-01,-2.519880024171129995e-01
-6.229219016698166467e-01,5.441148694030143451e-01,1.537897810665886933e+00,8.743462339390176696e-01,-3.481759119151261572e+00,6.491600671013818546e-01,-4.582187390443441810e-01,4.371733533342772038e-01,-3.262267364463408814e+00,-7.754069170249729970e-01,-8.092769052360058168e-01,-1.283645962745322056e+00,-4.196887180635389125e-01,-9.204096845965986651e-01,8.033318370041495626e-01,-4.194950232830883530e-01,-1.545098302898014753e+00,-2.432450824047661442e+00,-1.394434911648746667e+00,-1.113901189737931618e+00,-7.369643750999199661e-01,1.159667015227612730e+00,-9.898908798046147650e-01,1.040659682060507407e+00,1.204957707524648258e+00,5.458396128962719196e-01,-3.974562670904782102e+00,-5.659883168023950306e-01,-7.031152942494910407e-01,-3.856799064125516208e-01,-3.135859687799798234e-02,-8.826485971191795343e-01,-5.414336808692048475e-01
-6.229219016698166467e-01,-1.837847219829066070e+00,-2.325940255408903146e-01,-3.171476319498239826e-01,-1.474557526383528661e-01,-1.793709056635256260e+00,2.182363824940011909e+00,4.371733533342772038e-01,4.217761234918577795e-01,-7.754069170249729970e-01,-8.092769052360058168e-01,-1.283645962745322056e+00,-4.196887180635389125e-01,-9.204096845965986651e-01,-1.698336686654289496e+00,1.885505463781465885e+00,-1.545098302898014753e+00,4.854152743423781891e-01,-1.394434911648746667e+00,8.517608354045431707e-01,-7.369643750999199661e-01,-8.623164985025838503e-01,1.087910542549141157e-01,-1.120099352446805918e+00,1.204957707524648258e+00,-2.004287226947851330e+00,1.672269282466901652e-01,-5.659883168023950306e-01,-7.031152942494910407e-01,-3.856799064125516208e-01,-3.131918800780553874e-02,-8.826485971191795343e-01,3.269033544870708630e-01
5.614847644436113949e-01,-1.837847219829066070e+00,-1.117839943644278966e+00,8.743462339390176696e-01,1.352980762292456118e+00,4.425939279618866795e-01,-4.582187390443441810e-01,-7.647587771265387246e-01,2.973151948447204096e-01,1.289645446853545208e+00,-8.092769052360058168e-01,7.897014355131553032e-01,-4.196887180635389125e-01,1.238816149457046267e-01,1.648202297692937246e-01,-4.194950232830883530e-01,1.084775372986265696e+00,-1.387915364446801469e-01,8.965862446409442743e-01,-1.113901189737931618e+00,1.356917693429100291e+00,1.159667015227612730e+00,1.207472988314443052e+00,-1.120099352446805918e+00,-8.299046462421418857e-01,5.058289115943179759e-01,4.859025277433117185e-01,-5.659883168023950306e-01,-7.031152942494910407e-01,-3.856799064125516208e-01,-3.133233654045129019e-02,1.155962371602163419e+00,9.057947113912546699e-01
-9.459419015189334257e-01,-1.837847219829066070e+00,-1.117839943644278966e+00,-3.171476319498239826e-01,1.304028612377228502e-01,3.078768806969985894e-01,-4.582187390443441810e-01,1.639105483795093132e+00,1.093865138186399744e+00,-7.754069170249729970e-01,-2.707562289236913333e-01,7.897014355131553032e-01,-4.196887180635389125e-01,1.238816149457046267e-01,5.973120762322779997e-01,-4.194950232830883530e-01,3.013854994469931103e-01,1.247740651399235290e+00,1.399649631406652883e+00,1.210361339991345986e+00,-7.369643750999199661e-01,-8.623164985025838503e-01,-9.898908798046147650e-01,-1.120099352446805918e+00,1.204957707524648258e+00,4.776996806240993432e-01,2.358050203166296432e-01,-4.668063225148485484e-01,-4.982066011874460298e-01,-3.856799064125516208e-01,-3.131558303839084706e-02,1.366568872414919422e-01,-5.414336808692048475e-01
4.538114311605724871e-01,5.441148694030143451e-01,1.537897810665886933e+00,8.743462339390176696e-01,9.639787028659499990e-01,5.054618833521677956e-01,2.182363824940011909e+00,1.639105483795093132e+00,-4.494503770381039209e-01,1.289645446853545208e+00,8.825755528451835474e-02,-2.469722636160833762e-01,-4.196887180635389125e-01,-9.204096845965986651e-01,2.502245974934600437e-01,2.653838959469650760e+00,9.411599661372095360e-01,-5.887292819149058110e-01,-1.981907647748754331e-01,-1.113901189737931618e+00,1.356917693429100291e+00,1.159667015227612730e+00,2.306154922373972127e+00,1.040659682060507407e+00,1.204957707524648258e+00,5.183830666393641762e-01,4.138916512505173007e-01,-2.904827771147657223e-01,3.513855823271148648e-01,2.652803667834330081e+00,-3.133602997428980991e-02,1.366568872414919422e-01,2.353023103651714187e+00
5.614847644436113949e-01,5.441148694030143451e-01,-2.325940255408903146e-01,8.743462339390176696e-01,1.304028612377228502e-01,-1.793709056635256260e+00,-4.582187390443441810e-01,-7.647587771265387246e-01,-1.507441482849742054e-01,-7.754069170249729970e-01,-8.092769052360058168e-01,-1.283645962745322056e+00,-4.196887180635389125e-01,-9.204096845965986651e-01,-1.698336686654289496e+00,-4.194950232830883530e-01,-1.545098302898014753e+00,-4.275038943247757572e-01,-1.394434911648746667e+00,5.462863314972666862e-01,-7.369643750999199661e-01,-8.623164985025838503e-01,-9.898908798046147650e-01,1.040659682060507407e+00,-8.299046462421418857e-01,-2.004287226947851330e+00,2.358050203166296432e-01,-5.659883168023950306e-01,-7.031152942494910407e-01,-3.856799064125516208e-01,-3.132787270685002956e-02,-8.826485971191795343e-01,-1.120325037773388877e+00
5.614847644436113949e-01,5.441148694030143451e-01,6.526518925624983369e-01,-1.508641497838665746e+00,4.638331978890137264e-01,6.311977941327300279e-01,2.182363824940011909e+00,1.639105483795093132e+00,4.715604949507127275e-01,-7.754069170249729970e-01,5.370247855447803920e-01,7.897014355131553032e-01,9.264826417629067334e-01,1.516270014335442173e+00,3.219539456122464949e-01,2.308088886409967344e+00,7.821268444362259320e-01,-2.651450838019884029e-02,9.847024429597784900e-01,8.783238357443062805e-01,1.356917693429100291e+00,1.159667015227612730e+00,1.207472988314443052e+00,-1.120099352446805918e+00,1.204957707524648258e+00,5.424968708675803608e-01,3.114998825751355560e-01,5.389914749477092704e-02,-1.060303608236644324e-01,2.410241990818428715e+00,-3.132484356321572211e-02,-8.826485971191795343e-01,1.484686068295438144e+00
-8.382685682358945733e-01,5.441148694030143451e-01,-1.117839943644278966e+00,-1.508641497838665746e+00,7.483113846250770418e-02,3.617636996029538476e-01,-4.582187390443441810e-01,-7.647587771265387246e-01,9.694042095392622072e-01,-7.754069170249729970e-01,-2.707562289236913333e-01,-2.469722636160833762e-01,-4.196887180635389125e-01,1.238816149457046267e-01,6.049898312920992671e-01,-4.194950232830883530e-01,3.195953988784034361e-01,1.064873994234172061e+00,4.148843604979836619e-01,1.143953839141937934e+00,-7.369643750999199661e-01,1.159667015227612730e+00,-9.898908798046147650e-01,-1.120099352446805918e+00,-8.299046462421418857e-01,4.891610658477938967e-01,2.225181396183785187e-01,-4.668063225148485484e-01,-4.922151189341697486e-01,-3.856799064125516208e-01,-3.131615911659986484e-02,-8.826485971191795343e-01,-1.120325037773388877e+00
1.315198097424883805e+00,5.441148694030143451e-01,-1.117839943644278966e+00,8.743462339390176696e-01,-1.474557526383528661e-01,9.185941616311580349e-01,-4.582187390443441810e-01,1.639105483795093132e+00,4.964526806801402015e-01,-7.754069170249729970e-01,-4.502631210277961427e-01,7.897014355131553032e-01,-4.196887180635389125e-01,1.238816149457046267e-01,3.217272014335409991e-01,-4.194950232830883530e-01,6.546575484163535963e-01,-2.673511638172142990e-01,1.018346809590605861e+00,8.916053359141878909e-01,-7.369643750999199661e-01,1.159667015227612730e+00,-9.898908798046147650e-01,1.040659682060507407e+00,1.204957707524648258e+00,5.932378012614875074e-01,1.672269282466901652e-01,-5.219074304523743102e-01,-5.449401627630001688e-01,-3.856799064125516208e-01,-3.131838917935569205e-02,1.155962371602163419e+00,-5.414336808692048475e-01
-1.053615234801972278e+00,-1.837847219829066070e+00,-1.117839943644278966e+00,-9.128945648942448088e-01,-2.030274754135680260e-01,4.742392265154820458e-02,-4.582187390443441810e-01,-7.647587771265387246e-01,1.118757323915827051e+00,-7.754069170249729970e-01,-8.092769052360058168e-01,-2.469722636160833762e-01,-4.196887180635389125e-01,1.238816149457046267e-01,3.585164444285179330e-01,-4.194950232830883530e-01,-7.677341207862815875e-02,1.352888979269146530e+00,4.853773191530509901e-01,1.223642840161227596e+00,-7.369643750999199661e-01,-8.623164985025838503e-01,-9.898908798046147650e-01,-1.120099352446805918e+00,-8.299046462421418857e-01,4.178231808553840021e-01,1.528327581978870808e-01,-5.659883168023950306e-01,-7.031152942494910407e-01,-3.856799064125516208e-01,-3.131093796031220178e-02,-6.278222260290116097e-01,-1.120325037773388877e+00
2.384647645944946437e-01,-1.837847219829066070e+00,-1.117839943644278966e+00,8.743462339390176696e-01,2.415463067881531423e-01,1.879575765454026604e+00,-4.582187390443441810e-01,1.639105483795093132e+00,4.715604949507127275e-01,1.289645446853545208e+00,8.960385697529900106e-01,7.897014355131553032e-01,2.272654001589352379e+00,1.516270014335442173e+00,1.525977681548341458e+00,-4.194950232830883530e-01,1.781607524561567901e+00,1.023749371019865989e-01,9.782939921729539856e-01,-1.113901189737931618e+00,-7.369643750999199661e-01,1.159667015227612730e+00,1.087910542549141157e-01,-1.120099352446805918e+00,1.204957707524648258e+00,7.307231993165866912e-01,2.617808193191699107e-01,4.285866814699467731e-01,8.094998704292694081e-01,-3.856799064125516208e-01,-3.132282843994513982e-02,1.155962371602163419e+00,3.269033544870708630e-01
-1.161288568085011352e+00,-1.837847219829066070e+00,-2.325940255408903146e-01,-3.171476319498239826e-01,-1.474557526383528661e-01,1.149937671424470544e-02,-4.582187390443441810e-01,-7.647587771265387246e-01,8.449432808921248927e-01,-7.754069170249729970e-01,-8.092769052360058168e-01,-1.283645962745322056e+00,-4.196887180635389125e-01,-9.204096845965986651e-01,3.652831762267484406e-01,-4.194950232830883530e-01,-8.102238861262391068e-02,1.198834452389974325e+00,-1.394434911648746667e+00,1.077546338292530104e+00,-7.369643750999199661e-01,-8.623164985025838503e-01,-9.898908798046147650e-01,-1.120099352446805918e+00,-8.299046462421418857e-01,4.089089566643048790e-01,1.672269282466901652e-01,-5.659883168023950306e-01,-7.031152942494910407e-01,-3.856799064125516208e-01,-3.131466131325640750e-02,-8.826485971191795343e-01,-1.120325037773388877e+00
5.614847644436113949e-01,5.441148694030143451e-01,-1.117839943644278966e+00,-9.128945648942448088e-01,2.415463067881531423e-01,3.844278616722233283e-02,-4.582187390443441810e-01,-7.647587771265387246e-01,7.702667237038424153e-01,-7.754069170249729970e-01,-9.124933681958644072e-02,-2.469722636160833762e-01,2.272654001589352379e+00,1.238816149457046267e-01,-1.718948756084623386e-01,-4.194950232830883530e-01,1.141877332920948757e-01,1.659603968731980794e-01,3.273021997447179143e-01,1.037701837782885272e+00,-7.369643750999199661e-01,-8.623164985025838503e-01,-9.898908798046147650e-01,-5.799095938199776423e-01,-8.299046462421418857e-01,4.156109581559349064e-01,2.617808193191699107e-01,-3.896647714023122600e-01,-4.081138220292870877e-01,-3.856799064125516208e-01,-3.131996696490091381e-02,-6.278222260290116097e-01,-1.120325037773388877e+00
-8.455523525462210754e-02,5.441148694030143451e-01,1.537897810665886933e+00,8.743462339390176696e-01,5.194049206642288308e-01,9.006318886625063191e-01,2.182363824940011909e+00,4.371733533342772038e-01,-7.606759109669175567e-02,1.289645446853545208e+00,5.370247855447803920e-01,7.897014355131553032e-01,-4.196887180635389125e-01,-9.204096845965986651e-01,8.005552903630188677e-01,2.346505561194376810e+00,1.077127215225073265e+00,-1.469626409129849987e-01,6.322376496844414051e-01,-1.113901189737931618e+00,1.356917693429100291e+00,1.159667015227612730e+00,2.306154922373972127e+00,1.040659682060507407e+00,1.204957707524648258e+00,5.902271222603393541e-01,3.234949394362649500e-01,5.389914749477092704e-02,6.947114491194982255e-01,3.121296270821098950e+00,-3.133019408867009081e-02,1.155962371602163419e+00,2.353023103651714187e+00
-8.382685682358945733e-01,5.441148694030143451e-01,-1.117839943644278966e+00,-1.508641497838665746e+00,6.861200889898743105e-01,2.809334712440209603e-01,-4.582187390443441810e-01,-7.647587771265387246e-01,3.968839377624303055e-01,-7.754069170249729970e-01,2.421847152637881528e+00,7.897014355131553032e-01,-4.196887180635389125e-01,1.238816149457046267e-01,5.186150868691095095e-01,-4.194950232830883530e-01,5.581450814298788421e-01,5.917065188195710368e-01,9.029946954277687787e-01,8.384793352346615602e-01,1.356917693429100291e+00,-8.623164985025838503e-01,1.087910542549141157e-01,-1.120099352446805918e+00,-8.299046462421418857e-01,4.718587754246064692e-01,3.585117714792993016e-01,3.004563477549281103e+00,7.589359211121275983e-01,-3.856799064125516208e-01,-3.132728280276398519e-02,-8.826485971191795343e-01,3.745767603497900805e-02
1.307914313114557359e-01,-1.837847219829066070e+00,-1.117839943644278966e+00,-3.171476319498239826e-01,1.859745840129379824e-01,1.277839621004193127e+00,-4.582187390443441810e-01,-7.647587771265387246e-01,8.698354666215523112e-01,-7.754069170249729970e-01,2.677644473886231502e-01,-2.469722636160833762e-01,-4.196887180635389125e-01,1.238816149457046267e-01,1.046809736098179178e+00,-4.194950232830883530e-01,1.195127363540612331e+00,4.237601184550208733e-01,3.657529044656639972e-01,1.090827838462411714e+00,-7.369643750999199661e-01,1.159667015227612730e+00,-9.898908798046147650e-01,-1.120099352446805918e+00,-8.299046462421418857e-01,6.496084767210242861e-01,2.488905768783777062e-01,-1.692603396522088244e-01,-2.712119412085338133e-01,-3.856799064125516208e-01,-3.131841338627841531e-02,-3.729958549388437961e-01,-1.120325037773388877e+00
-2.999019018206999232e-01,5.441148694030143451e-01,-1.117839943644278966e+00,-1.508641497838665746e+00,-8.698881487161497228e-01,2.450089253067174455e-01,-4.582187390443441810e-01,-7.647587771265387246e-01,5.711292378684226234e-01,1.289645446853545208e+00,-8.092769052360058168e-01,-2.469722636160833762e-01,9.264826417629067334e-01,1.516270014335442173e+00,2.666417039009549850e-01,-4.194950232830883530e-01,-2.498888560065690712e-01,4.251096157111053375e-01,2.504007903028263038e-01,-1.113901189737931618e+00,-7.369643750999199661e-01,-8.623164985025838503e-01,1.087910542549141157e-01,-1.120099352446805918e+00,-8.299046462421418857e-01,4.639523001804898850e-01,-4.169701171439460508e-02,-5.659883168023950306e-01,-7.031152942494910407e-01,-3.856799064125516208e-01,-3.130624812000801921e-02,-8.826485971191795343e-01,-2.519880024171129995e-01
3.461380978775335793e-01,5.441148694030143451e-01,-1.117839943644278966e+00,8.743462339390176696e-01,1.304028612377228502e-01,-6.171801771885665477e-01,-4.582187390443441810e-01,-7.647587771265387246e-01,-3.996660055792489730e-01,1.289645446853545208e+00,2.677644473886231502e-01,7.897014355131553032e-01,9.264826417629067334e-01,1.516270014335442173e+00,-6.837280903717647407e-01,-4.194950232830883530e-01,-5.113830118416214932e-01,-5.231785548308504064e-01,4.287693372027694960e-01,-1.113901189737931618e+00,-7.369643750999199661e-01,-8.623164985025838503e-01,1.087910542549141157e-01,1.040659682060507407e+00,-8.299046462421418857e-01,2.154875916221066223e-01,2.358050203166296432e-01,-1.692603396522088244e-01,5.404684981270579947e-01,-3.856799064125516208e-01,-3.133033064054186606e-02,1.155962371602163419e+00,-2.519880024171129995e-01
2.311809802841681069e-02,-1.837847219829066070e+00,-2.325940255408903146e-01,-3.171476319498239826e-01,4.082614751137985665e-01,9.814621170214391510e-01,-4.582187390443441810e-01,4.371733533342772038e-01,2.226386376564379599e-01,-7.754069170249729970e-01,-8.092769052360058168e-01,-1.283645962745322056e+00,-4.196887180635389125e-01,-9.204096845965986651e-01,8.278579990008008149e-01,-4.194950232830883530e-01,1.080769195111355385e+00,2.101015958360296851e-02,-1.394434911648746667e+00,7.455088340454903983e-01,1.356917693429100291e+00,1.159667015227612730e+00,1.087910542549141157e-01,-1.120099352446805918e+00,1.204957707524648258e+00,6.036208825224800290e-01,2.993358757040473495e-01,-5.659883168023950306e-01,-7.031152942494910407e-01,-3.856799064125516208e-01,-3.132664374000410784e-02,-8.826485971191795343e-01,6.163490329391630995e-01
-1.807328567783244688e+00,5.441148694030143451e-01,-2.325940255408903146e-01,-3.171476319498239826e-01,1.304028612377228502e-01,7.479525684289664023e-01,-4.582187390443441810e-01,4.371733533342772038e-01,-8.228331629795160307e-01,-7.754069170249729970e-01,-8.092769052360058168e-01,-1.283645962745322056e+00,-4.196887180635389125e-01,-9.204096845965986651e-01,1.678319237965765431e+00,-4.194950232830883530e-01,6.880423640406058139e-01,7.405796463508983185e-02,-1.394434911648746667e+00,1.876858269104638155e-01,-7.369643750999199661e-01,1.159667015227612730e+00,-9.898908798046147650e-01,-3.971983519314924160e-02,1.204957707524648258e+00,5.637978527718352506e-01,2.358050203166296432e-01,-5.659883168023950306e-01,-7.031152942494910407e-01,-3.856799064125516208e-01,-3.133450912781798881e-02,-8.826485971191795343e-01,-5.414336808692048475e-01
4.538114311605724871e-01,5.441148694030143451e-01,-1.117839943644278966e+00,-1.508641497838665746e+00,-5.642436734524665098e-01,3.617636996029538476e-01,-4.582187390443441810e-01,1.639105483795093132e+00,5.711292378684226234e-01,1.289645446853545208e+00,-2.707562289236913333e-01,7.897014355131553032e-01,-4.196887180635389125e-01,1.516270014335442173e+00,1.284395172342258362e-01,-4.194950232830883530e-01,-1.546675065954670504e-02,8.023163160228888313e-02,1.063205965098376504e+00,-1.113901189737931618e+00,-7.369643750999199661e-01,1.159667015227612730e+00,1.087910542549141157e-01,-1.120099352446805918e+00,1.204957707524648258e+00,4.891610658477938967e-01,5.292421632047194374e-02,-4.668063225148485484e-01,-2.377742622634274605e-01,-3.856799064125516208e-01,-3.131173227560696271e-02,-8.826485971191795343e-01,3.269033544870708630e-01
3.461380978775335793e-01,5.441148694030143451e-01,-2.325940255408903146e-01,8.743462339390176696e-01,6.861200889898743105e-01,4.964807468678419378e-01,-4.582187390443441810e-01,-7.647587771265387246e-01,-9.721862773560808746e-01,1.289645446853545208e+00,1.883326476325566823e+00,7.897014355131553032e-01,-4.196887180635389125e-01,-9.204096845965986651e-01,2.766647793918465270e-01,-4.194950232830883530e-01,7.766638746068028620e-01,-9.050330086742127689e-01,3.144538841966235815e-02,-1.113901189737931618e+00,1.356917693429100291e+00,1.159667015227612730e+00,1.207472988314443052e+00,1.040659682060507407e+00,-8.299046462421418857e-01,5.166107023373627261e-01,3.585117714792993016e-01,1.913561540386268911e+00,3.174726638967704684e+00,-3.856799064125516208e-01,-3.133899895336173663e-02,1.155962371602163419e+00,9.057947113912546699e-01
4.538114311605724871e-01,-1.837847219829066070e+00,-2.325940255408903146e-01,-3.171476319498239826e-01,1.519695930618101487e+00,1.735877581704812656e+00,-4.582187390443441810e-01,-7.647587771265387246e-01,-5.241269342263863429e-01,1.289645446853545208e+00,8.825755528451835474e-02,7.897014355131553032e-01,-4.196887180635389125e-01,1.516270014335442173e+00,1.293009347213154081e+00,-4.194950232830883530e-01,2.748795983028542000e+00,-6.376776414405541660e-01,3.518679277608778855e-01,-1.113901189737931618e+00,1.356917693429100291e+00,1.159667015227612730e+00,1.207472988314443052e+00,-1.120099352446805918e+00,-8.299046462421418857e-01,7.126268452843227408e-01,5.150164152972586118e-01,-2.904827771147657223e-01,3.798856060183745109e-01,-3.856799064125516208e-01,-3.133906996033505865e-02,1.366568872414919422e-01,9.057947113912546699e-01
2.384647645944946437e-01,5.441148694030143451e-01,6.526518925624983369e-01,8.743462339390176696e-01,-2.863850595763907658e-01,-1.793709056635256260e+00,-4.582187390443441810e-01,4.371733533342772038e-01,-1.221108134650355614e+00,-7.754069170249729970e-01,-1.706811365756529808e+00,-2.469722636160833762e-01,-4.196887180635389125e-01,-9.204096845965986651e-01,-1.698336686654289496e+00,-4.194950232830883530e-01,-1.545098302898014753e+00,-1.046746074619187228e+00,-5.079325528047170524e-01,-2.481817580764155221e-02,-7.369643750999199661e-01,-8.623164985025838503e-01,-9.898908798046147650e-01,1.040659682060507407e+00,1.204957707524648258e+00,-2.004287226947851330e+00,1.307814272084459051e-01,-2.904827771147657223e-01,-1.427290595031015519e+00,-3.856799064125516208e-01,-3.133581290134148517e-02,1.366568872414919422e-01,-5.414336808692048475e-01
1.307914313114557359e-01,-1.837847219829066070e+00,-1.117839943644278966e+00,-3.171476319498239826e-01,2.693321681757607222e-01,4.515750644462125929e-01,-4.582187390443441810e-01,1.639105483795093132e+00,7.453745379744149968e-01,-7.754069170249729970e-01,4.472713394927279595e-01,7.897014355131553032e-01,-4.196887180635389125e-01,1.238816149457046267e-01,3.083492948899129726e-01,-4.194950232830883530e-01,5.035153831356478094e-01,3.377296683796389698e-01,1.162536952294152881e+00,1.024420337613003662e+00,-7.369643750999199661e-01,1.159667015227612730e+00,-9.898908798046147650e-01,-1.120099352446805918e+00,1.204957707524648258e+00,5.076437278473231451e-01,2.681545029392731205e-01,-2.599745901464164607e-02,-1.836759735654592274e-01,-3.856799064125516208e-01,-3.132048980231640078e-02,1.366568872414919422e-01,-5.414336808692048475e-01
-1.922285685376610154e-01,5.441148694030143451e-01,-2.325940255408903146e-01,-3.171476319498239826e-01,-1.474557526383528661e-01,7.569337049132923712e-01,-4.582187390443441810e-01,-7.647587771265387246e-01,-3.249894483909665510e-01,-7.754069170249729970e-01,-8.092769052360058168e-01,-1.283645962745322056e+00,-4.196887180635389125e-01,-9.204096845965986651e-01,7.127737004011290844e-01,-4.194950232830883530e-01,5.235462725101991399e-01,-2.849984356275492847e-01,-1.394434911648746667e+00,4.533158303080955798e-01,-7.369643750999199661e-01,1.159667015227612730e+00,-9.898908798046147650e-01,-3.971983519314924160e-02,-8.299046462421418857e-01,5.653957836530255632e-01,1.672269282466901652e-01,-5.659883168023950306e-01,-7.031152942494910407e-01,-3.856799064125516208e-01,-3.132717629230400563e-02,-8.826485971191795343e-01,-1.120325037773388877e+00
-6.229219016698166467e-01,5.441148694030143451e-01,-1.117839943644278966e+00,-1.508641497838665746e+00,-3.631230708792258788e-02,4.964807468678419378e-01,2.182363824940011909e+00,-7.647587771265387246e-01,1.093865138186399744e+00,-7.754069170249729970e-01,-8.092769052360058168e-01,-2.469722636160833762e-01,2.272654001589352379e+00,1.238816149457046267e-01,6.469775542754969688e-01,1.962338813350284372e+00,3.742250971726344688e-01,1.017728684183804466e+00,4.746965678416771306e-01,1.210361339991345986e+00,-7.369643750999199661e-01,1.159667015227612730e+00,1.087910542549141157e-01,-1.120099352446805918e+00,-8.299046462421418857e-01,5.166107023373627261e-01,1.953149391505394350e-01,-5.659883168023950306e-01,-7.031152942494910407e-01,2.448618461825674331e+00,-3.131350172357114797e-02,-8.826485971191795343e-01,-2.519880024171129995e-01
-1.161288568085011352e+00,5.441148694030143451e-01,-1.117839943644278966e+00,8.743462339390176696e-01,6.861200889898743105e-01,4.246316549932349638e-01,-4.582187390443441810e-01,-7.647587771265387246e-01,9.942963952686897366e-01,-7.754069170249729970e-01,5.370247855447803920e-01,-2.469722636160833762e-01,-4.196887180635389125e-01,1.238816149457046267e-01,8.375543886273840721e-01,-4.194950232830883530e-01,7.038242768811614480e-01,1.330881189714979040e+00,4.159524356291209868e-01,1.157235339311819544e+00,1.356917693429100291e+00,1.159667015227612730e+00,1.087910542549141157e-01,1.040659682060507407e+00,-8.299046462421418857e-01,5.021773990499442952e-01,3.585117714792993016e-01,5.389914749477092704e-02,-1.789302654861200381e-01,-3.856799064125516208e-01,-3.132217030068496638e-02,1.366568872414919422e-01,3.745767603497900805e-02
-5.152485683867777944e-01,5.441148694030143451e-01,-2.325940255408903146e-01,8.743462339390176696e-01,7.483113846250770418e-02,1.102918780418293276e-01,-4.582187390443441810e-01,-7.647587771265387246e-01,-8.726175344383709787e-01,1.289645446853545208e+00,-8.092769052360058168e-01,-1.283645962745322056e+00,-4.196887180635389125e-01,-9.204096845965986651e-01,2.117007455747228206e-01,-4.194950232830883530e-01,1.020478003378213205e-01,-5.784068387496330566e-01,-1.394434911648746667e+00,-1.113901189737931618e+00,-7.369643750999199661e-01,-8.623164985025838503e-01,1.087910542549141157e-01,1.040659682060507407e+00,-8.299046462421418857e-01,4.330144562083663717e-01,2.225181396183785187e-01,-5.659883168023950306e-01,-7.031152942494910407e-01,-3.856799064125516208e-01,-3.133463202450257473e-02,-8.826485971191795343e-01,-2.519880024171129995e-01
8.845047642927281739e-01,-1.837847219829066070e+00,-1.117839943644278966e+00,8.743462339390176696e-01,3.526897523385834066e-01,8.467450697565510609e-01,2.182363824940011909e+00,-7.647587771265387246e-01,-6.236956771440962388e-01,-7.754069170249729970e-01,8.960385697529900106e-01,7.897014355131553032e-01,3.618825361415798358e+00,1.238816149457046267e-01,3.950899147373074793e-01,2.231255536841148857e+00,9.176084962059187777e-01,-8.145233274687031511e-01,2.733644056222798158e-01,2.939378282695165323e-01,-7.369643750999199661e-01,1.159667015227612730e+00,1.087910542549141157e-01,-1.120099352446805918e+00,-8.299046462421418857e-01,5.810735740785284431e-01,2.869980914369990033e-01,4.285866814699467731e-01,3.641972752201015906e-01,2.429846895231845938e+00,-3.133405316330703516e-02,1.155962371602163419e+00,-2.519880024171129995e-01
1.307914313114557359e-01,5.441148694030143451e-01,1.537897810665886933e+00,-3.171476319498239826e-01,-4.253143665144286101e-01,1.282541510104810711e-01,2.182363824940011909e+00,4.371733533342772038e-01,1.218326066833536947e+00,-7.754069170249729970e-01,-8.092769052360058168e-01,-1.283645962745322056e+00,-4.196887180635389125e-01,-9.204096845965986651e-01,1.938651354754775472e-02,1.693422089859419666e+00,-1.162281941800172164e-01,6.646453786660907470e-01,-1.394434911648746667e+00,1.276768840840753816e+00,-7.369643750999199661e-01,-8.623164985025838503e-01,1.087910542549141157e-01,-3.971983519314924160e-02,1.204957707524648258e+00,4.372631868312201187e-01,9.272988894116553082e-02,-5.659883168023950306e-01,-7.031152942494910407e-01,1.455807306651525357e+00,-3.130630992491709869e-02,-8.826485971191795343e-01,3.269033544870708630e-01
2.384647645944946437e-01,5.441148694030143451e-01,6.526518925624983369e-01,-1.508641497838665746e+00,-1.474557526383528661e-01,-1.793709056635256260e+00,-4.582187390443441810e-01,-7.647587771265387246e-01,-8.477253487089435602e-01,-7.754069170249729970e-01,-8.092769052360058168e-01,7.897014355131553032e-01,-4.196887180635389125e-01,1.516270014335442173e+00,-1.698336686654289496e+00,-4.194950232830883530e-01,-1.545098302898014753e+00,-7.932634985042222864e-01,1.596144041561485538e-01,1.744043267405822328e-01,-7.369643750999199661e-01,-8.623164985025838503e-01,-9.898908798046147650e-01,-1.120099352446805918e+00,-8.299046462421418857e-01,-2.004287226947851330e+00,1.672269282466901652e-01,-5.659883168023950306e-01,-7.031152942494910407e-01,-3.856799064125516208e-01,-3.133276809145293940e-02,-8.826485971191795343e-01,-1.120325037773388877e+00
-9.459419015189334257e-01,-1.837847219829066070e+00,-1.117839943644278966e+00,-3.171476319498239826e-01,-3.697426437392134502e-01,-3.567272191431161699e-01,-4.582187390443441810e-01,-7.647587771265387246e-01,1.728542661975830119e-01,-7.754069170249729970e-01,-8.092769052360058168e-01,7.897014355131553032e-01,-4.196887180635389125e-01,1.238816149457046267e-01,-1.286623188686024655e-01,-4.194950232830883530e-01,-4.573603101951041472e-01,4.696430251618915475e-01,8.164806098056404116e-01,7.189458337057272885e-01,-7.369643750999199661e-01,-8.623164985025838503e-01,-9.898908798046147650e-01,-1.120099352446805918e+00,-8.299046462421418857e-01,3.057744202772942899e-01,1.081522668181317537e-01,-5.659883168023950306e-01,-7.031152942494910407e-01,-3.856799064125516208e-01,-3.131922604725553144e-02,1.366568872414919422e-01,-1.120325037773388877e+00
-5.152485683867777944e-01,5.441148694030143451e-01,-2.325940255408903146e-01,-1.508641497838665746e+00,-2.863850595763907658e-01,5.862921117111007385e-01,-4.582187390443441810e-01,-7.647587771265387246e-01,1.093865138186399744e+00,-7.754069170249729970e-01,-8.092769052360058168e-01,-1.283645962745322056e+00,-4.196887180635389125e-01,-9.204096845965986651e-01,6.892101036319755458e-01,-4.194950232830883530e-01,3.047239810094183321e-01,9.473168574852030011e-01,-1.394434911648746667e+00,1.210361339991345986e+00,-7.369643750999199661e-01,1.159667015227612730e+00,-9.898908798046147650e-01,-1.120099352446805918e+00,-8.299046462421418857e-01,5.340308744849618927e-01,1.307814272084459051e-01,-5.659883168023950306e-01,-7.031152942494910407e-01,-3.856799064125516208e-01,-3.130997253757251964e-02,-8.826485971191795343e-01,-1.120325037773388877e+00
5.614847644436113949e-01,5.441148694030143451e-01,-1.117839943644278966e+00,-3.171476319498239826e-01,4.082614751137985665e-01,1.911221064007622150e-01,-4.582187390443441810e-01,-7.647587771265387246e-01,8.200510951626973633e-01,1.289645446853545208e+00,-8.092769052360058168e-01,-2.469722636160833762e-01,-4.196887180635389125e-01,1.238816149457046267e-01,-4.469139135464356150e-02,-4.194950232830883530e-01,3.329493251281043786e-01,1.980395477487645883e-01,3.572083034165647875e-01,-1.113901189737931618e+00,1.356917693429100291e+00,-8.623164985025838503e-01,1.207472988314443052e+00,-3.971983519314924160e-02,-8.299046462421418857e-01,4.518286252358736377e-01,2.993358757040473495e-01,-5.659883168023950306e-01,-7.031152942494910407e-01,-3.856799064125516208e-01,-3.132116605920515912e-02,-3.729958549388437961e-01,9.057947113912546699e-01
8.845047642927281739e-01,-1.837847219829066070e+00,-1.117839943644278966e+00,8.743462339390176696e-01,4.082614751137985665e-01,1.744858718189138624e+00,-4.582187390443441810e-01,1.639105483795093132e+00,6.458057950567051009e-01,-7.754069170249729970e-01,2.677644473886231502e-01,7.897014355131553032e-01,-4.196887180635389125e-01,1.238816149457046267e-01,1.107139779156217863e+00,-4.194950232830883530e-01,1.803095205890631991e+00,-3.608651307694028115e-02,1.101656669819322421e+00,9.712943369334774424e-01,1.356917693429100291e+00,1.159667015227612730e+00,1.087910542549141157e-01,-1.120099352446805918e+00,1.204957707524648258e+00,7.137792181894450083e-01,2.993358757040473495e-01,-1.692603396522088244e-01,-2.466098514783527373e-01,-3.856799064125516208e-01,-3.132276371610485249e-02,1.155962371602163419e+00,6.163490329391630995e-01
8.845047642927281739e-01,-1.837847219829066070e+00,-1.117839943644278966e+00,8.743462339390176696e-01,4.082614751137985665e-01,6.132355211640783121e-01,-4.582187390443441810e-01,1.639105483795093132e+00,7.204823522449874673e-01,-7.754069170249729970e-01,2.421847152637881528e+00,1.826375134642393983e+00,2.272654001589352379e+00,1.238816149457046267e-01,2.099569499883905122e-01,-4.194950232830883530e-01,7.323531193237043935e-01,9.703887769633970720e-03,1.946504098548993866e+00,1.011138837443122274e+00,1.356917693429100291e+00,1.159667015227612730e+00,1.087910542549141157e-01,-1.120099352446805918e+00,1.204957707524648258e+00,5.391293675612156555e-01,2.993358757040473495e-01,3.004563477549281103e+00,6.408820962692639567e-01,-3.856799064125516208e-01,-3.132207900600498390e-02,2.175267855962834673e+00,6.163490329391630995e-01
2.384647645944946437e-01,5.441148694030143451e-01,6.526518925624983369e-01,8.743462339390176696e-01,-1.474557526383528661e-01,-1.793709056635256260e+00,-4.582187390443441810e-01,4.371733533342772038e-01,-7.730487915206610827e-01,1.289645446853545208e+00,-1.706811365756529808e+00,1.826375134642393983e+00,-4.196887180635389125e-01,1.516270014335442173e+00,-1.698336686654289496e+00,-4.194950232830883530e-01,-1.545098302898014753e+00,-7.425669832812292759e-01,7.630768532487710587e-01,-1.113901189737931618e+00,-7.369643750999199661e-01,-8.623164985025838503e-01,1.087910542549141157e-01,1.040659682060507407e+00,1.204957707524648258e+00,-2.004287226947851330e+00,1.672269282466901652e-01,-2.904827771147657223e-01,-1.893344006425066173e+00,-3.856799064125516208e-01,-3.133196926300308577e-02,2.175267855962834673e+00,3.269033544870708630e-01
-6.229219016698166467e-01,-1.837847219829066070e+00,6.526518925624983369e-01,-3.171476319498239826e-01,-9.188402986313773391e-02,2.270466523380657020e-01,-4.582187390443441810e-01,-7.647587771265387246e-01,9.694042095392622072e-01,-7.754069170249729970e-01,-5.400165670798485751e-01,-2.469722636160833762e-01,-4.196887180635389125e-01,1.238816149457046267e-01,3.710582318131691593e-01,-4.194950232830883530e-01,1.211074950760308022e-01,9.191521268057621930e-01,4.180885858913956366e-01,1.143953839141937934e+00,-7.369643750999199661e-01,-8.623164985025838503e-01,-9.898908798046147650e-01,-1.120099352446805918e+00,-8.299046462421418857e-01,4.599468921761789564e-01,1.813851176366966800e-01,-5.411928182305083546e-01,-5.976652065918304224e-01,-3.856799064125516208e-01,-3.131407201358028802e-02,-3.729958549388437961e-01,-1.120325037773388877e+00
1.207524764141844953e+00,5.441148694030143451e-01,-1.117839943644278966e+00,8.743462339390176696e-01,-4.253143665144286101e-01,4.336127914775608216e-01,-4.582187390443441810e-01,1.639105483795093132e+00,6.706979807861325193e-01,-7.754069170249729970e-01,-2.707562289236913333e-01,-2.469722636160833762e-01,2.272654001589352379e+00,1.168172914488007974e+00,-1.395534583810974921e-02,-4.194950232830883530e-01,1.107885520648982797e-01,-1.321289435705244597e-01,2.867153447614974593e-01,9.845758371033590528e-01,-7.369643750999199661e-01,1.159667015227612730e+00,-9.898908798046147650e-01,1.040659682060507407e+00,1.204957707524648258e+00,5.040068215092396997e-01,9.272988894116553082e-02,-4.668063225148485484e-01,-4.762981245707493816e-01,-3.856799064125516208e-01,-3.131270055251587220e-02,1.366568872414919422e-01,-5.414336808692048475e-01
3.461380978775335793e-01,5.441148694030143451e-01,1.537897810665886933e+00,8.743462339390176696e-01,-3.481759119151261572e+00,6.940657495230111440e-01,2.182363824940011909e+00,4.371733533342772038e-01,-3.262267364463408814e+00,-7.754069170249729970e-01,-8.092769052360058168e-01,-1.283645962745322056e+00,-4.196887180635389125e-01,-9.204096845965986651e-01,4.470570627370031302e-01,-4.194950232830883530e-01,-1.545098302898014753e+00,-2.432450824047661442e+00,-1.394434911648746667e+00,-1.113901189737931618e+00,-7.369643750999199661e-01,1.159667015227612730e+00,1.087910542549141157e-01,1.040659682060507407e+00,1.204957707524648258e+00,5.540904903293192296e-01,-3.974562670904782102e+00,-5.659883168023950306e-01,-7.031152942494910407e-01,-3.856799064125516208e-01,-3.135859687799798234e-02,-8.826485971191795343e-01,3.269033544870708630e-01
2.384647645944946437e-01,5.441148694030143451e-01,6.526518925624983369e-01,-1.508641497838665746e+00,-8.526445700315014864e-03,-1.793709056635256260e+00,-4.582187390443441810e-01,-7.647587771265387246e-01,-8.228331629795160307e-01,-7.754069170249729970e-01,-2.604345826277054243e+00,7.897014355131553032e-01,-4.196887180635389125e-01,1.516270014335442173e+00,-1.698336686654289496e+00,-4.194950232830883530e-01,-1.545098302898014753e+00,-7.763646600965580236e-01,2.076777850573308937e-01,1.876858269104638155e-01,-7.369643750999199661e-01,-8.623164985025838503e-01,-9.898908798046147650e-01,-1.120099352446805918e+00,-8.299046462421418857e-01,-2.004287226947851330e+00,2.021964911831932998e-01,5.360338419481222028e-01,-1.917389030913461800e+00,-3.856799064125516208e-01,-3.133354561781078601e-02,-8.826485971191795343e-01,-1.120325037773388877e+00
-5.152485683867777944e-01,-1.837847219829066070e+00,-1.117839943644278966e+00,-3.171476319498239826e-01,2.415463067881531423e-01,6.401789306170559968e-01,-4.582187390443441810e-01,-7.647587771265387246e-01,7.702667237038424153e-01,-7.754069170249729970e-01,-8.092769052360058168e-01,7.897014355131553032e-01,-4.196887180635389125e-01,1.238816149457046267e-01,7.432677668082685596e-01,-4.194950232830883530e-01,6.591493236094347896e-01,6.962484011427616526e-01,1.200987657015099019e+00,1.037701837782885272e+00,-7.369643750999199661e-01,1.159667015227612730e+00,-9.898908798046147650e-01,-1.120099352446805918e+00,-8.299046462421418857e-01,5.441713142620357990e-01,2.617808193191699107e-01,-5.659883168023950306e-01,-7.031152942494910407e-01,-3.856799064125516208e-01,-3.131996696490091381e-02,1.366568872414919422e-01,-1.120325037773388877e+00
-7.305952349528556100e-01,5.441148694030143451e-01,-1.117839943644278966e+00,-1.508641497838665746e+00,-4.808860892896437700e-01,3.887071090559314768e-01,-4.582187390443441810e-01,-7.647587771265387246e-01,5.213448664095676754e-01,-7.754069170249729970e-01,-8.092769052360058168e-01,-2.469722636160833762e-01,-4.196887180635389125e-01,1.238816149457046267e-01,5.841618787362011789e-01,-4.194950232830883530e-01,4.790369936176126081e-02,6.280366765063533085e-01,2.290392876800785849e-01,9.048868360840695013e-01,-7.369643750999199661e-01,1.159667015227612730e+00,-9.898908798046147650e-01,-1.120099352446805918e+00,-8.299046462421418857e-01,4.947851895480503415e-01,7.702708888115142316e-02,-5.659883168023950306e-01,-7.031152942494910407e-01,-3.856799064125516208e-01,-3.131362579489549436e-02,-8.826485971191795343e-01,-1.120325037773388877e+00
8.845047642927281739e-01,5.441148694030143451e-01,1.537897810665886933e+00,8.743462339390176696e-01,9.084069800907348391e-01,9.232960507317758414e-02,2.182363824940011909e+00,-7.647587771265387246e-01,-4.743425627675313949e-01,1.289645446853545208e+00,1.883326476325566823e+00,1.826375134642393983e+00,-4.196887180635389125e-01,-9.204096845965986651e-01,-2.030319713745774302e-01,2.615422284685241294e+00,4.689165742159681627e-01,-7.229425257755547340e-01,9.339688742307526992e-01,-1.113901189737931618e+00,1.356917693429100291e+00,-8.623164985025838503e-01,2.306154922373972127e+00,1.040659682060507407e+00,-8.299046462421418857e-01,4.287256426293599709e-01,4.030961330492208727e-01,1.913561540386268911e+00,2.488382933973511069e+00,1.916873068017131310e+00,-3.133594655233144094e-02,2.175267855962834673e+00,1.774131746747530380e+00
2.311809802841681069e-02,-1.837847219829066070e+00,-1.117839943644278966e+00,-1.508641497838665746e+00,9.639787028659499990e-01,1.149937671424470544e-02,-4.582187390443441810e-01,-7.647587771265387246e-01,7.951589094332699448e-01,-7.754069170249729970e-01,-8.092769052360058168e-01,-2.469722636160833762e-01,9.264826417629067334e-01,1.238816149457046267e-01,-5.508383287864823674e-02,-4.194950232830883530e-01,4.070029161491730552e-01,4.240787497515965399e-01,3.465275521051909280e-01,1.050983337952766883e+00,1.356917693429100291e+00,-8.623164985025838503e-01,1.087910542549141157e-01,-1.120099352446805918e+00,-8.299046462421418857e-01,4.089089566643048790e-01,4.138916512505173007e-01,-5.659883168023950306e-01,-7.031152942494910407e-01,-3.856799064125516208e-01,-3.132604461866672629e-02,-8.826485971191795343e-01,3.745767603497900805e-02
-1.376635234651089057e+00,-1.837847219829066070e+00,-1.117839943644278966e+00,-1.508641497838665746e+00,-3.697426437392134502e-01,6.132355211640783121e-01,-4.582187390443441810e-01,1.639105483795093132e+00,1.019188580998117155e+00,1.289645446853545208e+00,-8.092769052360058168e-01,-2.469722636160833762e-01,-4.196887180635389125e-01,1.238816149457046267e-01,1.187375641927324255e+00,-4.194950232830883530e-01,2.768628348793605309e-01,1.537539701382161894e+00,4.426543139075556077e-01,-1.113901189737931618e+00,-7.369643750999199661e-01,1.159667015227612730e+00,1.087910542549141157e-01,-1.120099352446805918e+00,1.204957707524648258e+00,5.391293675612156555e-01,1.081522668181317537e-01,-5.659883168023950306e-01,-7.031152942494910407e-01,-3.856799064125516208e-01,-3.130952598750738614e-02,-8.826485971191795343e-01,3.269033544870708630e-01
-1.484308567934127909e+00,5.441148694030143451e-01,-2.325940255408903146e-01,8.743462339390176696e-01,-1.474557526383528661e-01,2.391500545060601279e+00,-4.582187390443441810e-01,-7.647587771265387246e-01,5.213448664095676754e-01,1.289645446853545208e+00,8.825755528451835474e-02,7.897014355131553032e-01,-4.196887180635389125e-01,1.168172914488007974e+00,3.444799484043501447e+00,-4.194950232830883530e-01,1.849226951116871520e+00,1.163621989103305943e+00,1.024755260377430366e+00,-1.113901189737931618e+00,-7.369643750999199661e-01,1.159667015227612730e+00,1.087910542549141157e-01,1.040659682060507407e+00,-8.299046462421418857e-01,7.899008497182600230e-01,1.672269282466901652e-01,-2.904827771147657223e-01,8.259124123896049996e-02,-3.856799064125516208e-01,-3.131812290320574316e-02,1.155962371602163419e+00,-2.519880024171129995e-01
5.614847644436113949e-01,5.441148694030143451e-01,6.526518925624983369e-01,8.743462339390176696e-01,2.693321681757607222e-01,-1.793709056635256260e+00,-4.582187390443441810e-01,-7.647587771265387246e-01,-3.996660055792489730e-01,1.289645446853545208e+00,8.825755528451835474e-02,7.897014355131553032e-01,-4.196887180635389125e-01,1.516270014335442173e+00,-1.698336686654289496e+00,-4.194950232830883530e-01,-1.545098302898014753e+00,-5.878996487026068030e-01,4.319735625961817482e-01,-1.113901189737931618e+00,-7.369643750999199661e-01,-8.623164985025838503e-01,1.087910542549141157e-01,1.040659682060507407e+00,-8.299046462421418857e-01,-2.004287226947851330e+00,2.681545029392731205e-01,-2.904827771147657223e-01,3.332045327309665628e-01,-3.856799064125516208e-01,-3.133137753822542310e-02,1.155962371602163419e+00,-2.519880024171129995e-01
-2.668715234047556173e+00,5.441148694030143451e-01,-1.117839943644278966e+00,-3.171476319498239826e-01,1.304028612377228502e-01,3.844278616722233283e-02,-4.582187390443441810e-01,1.639105483795093132e+00,1.765954152880941486e+00,-7.754069170249729970e-01,-8.092769052360058168e-01,-2.469722636160833762e-01,-4.196887180635389125e-01,1.238816149457046267e-01,1.407182859956186416e+00,-4.194950232830883530e-01,6.465680683865876466e-02,4.159261592072986957e+00,7.630768532487710587e-01,1.568961844578148801e+00,-7.369643750999199661e-01,-8.623164985025838503e-01,-9.898908798046147650e-01,-3.971983519314924160e-02,1.204957707524648258e+00,4.156109581559349064e-01,2.358050203166296432e-01,-5.659883168023950306e-01,-7.031152942494910407e-01,-3.856799064125516208e-01,-3.130894661742288781e-02,-3.729958549388437961e-01,-5.414336808692048475e-01
4.538114311605724871e-01,5.441148694030143451e-01,1.537897810665886933e+00,-1.508641497838665746e+00,4.082614751137985665e-01,5.503675657737971960e-01,-4.582187390443441810e-01,1.639105483795093132e+00,5.960214235978501529e-01,-7.754069170249729970e-01,8.062851237009377448e-01,7.897014355131553032e-01,9.264826417629067334e-01,1.516270014335442173e+00,2.882824350744707664e-01,-4.194950232830883530e-01,6.728674478477638665e-01,9.654775144417160337e-02,1.060001739704963919e+00,9.447313365937142216e-01,1.356917693429100291e+00,1.159667015227612730e+00,1.087910542549141157e-01,-1.120099352446805918e+00,1.204957707524648258e+00,5.271426992581444981e-01,2.993358757040473495e-01,3.266496317855240306e-01,-9.578179270261673317e-03,-3.856799064125516208e-01,-3.132322018950476489e-02,-8.826485971191795343e-01,6.163490329391630995e-01
-1.922285685376610154e-01,5.441148694030143451e-01,-2.325940255408903146e-01,-1.508641497838665746e+00,4.082614751137985665e-01,5.324052928051454803e-01,-4.582187390443441810e-01,4.371733533342772038e-01,9.694042095392622072e-01,-7.754069170249729970e-01,-8.092769052360058168e-01,-1.283645962745322056e+00,-4.196887180635389125e-01,-9.204096845965986651e-01,5.005280677377998977e-01,-4.194950232830883530e-01,6.558715417117809698e-01,6.613365152016527082e-01,-1.394434911648746667e+00,1.143953839141937934e+00,1.356917693429100291e+00,1.159667015227612730e+00,1.087910542549141157e-01,-1.120099352446805918e+00,1.204957707524648258e+00,5.236590740306215075e-01,2.993358757040473495e-01,-5.659883168023950306e-01,-7.031152942494910407e-01,-3.856799064125516208e-01,-3.131979663900542193e-02,-8.826485971191795343e-01,6.163490329391630995e-01
5.614847644436113949e-01,5.441148694030143451e-01,6.526518925624983369e-01,8.743462339390176696e-01,-4.253143665144286101e-01,-1.793709056635256260e+00,-4.582187390443441810e-01,-7.647587771265387246e-01,-9.224019058972259266e-01,-7.754069170249729970e-01,-8.092769052360058168e-01,-1.283645962745322056e+00,-4.196887180635389125e-01,1.168172914488007974e+00,-1.698336686654289496e+00,-4.194950232830883530e-01,-1.545098302898014753e+00,-9.247307328960515660e-01,-1.394434911648746667e+00,1.345598262309374848e-01,-7.369643750999199661e-01,-8.623164985025838503e-01,-9.898908798046147650e-01,1.040659682060507407e+00,-8.299046462421418857e-01,-2.004287226947851330e+00,9.272988894116553082e-02,-5.659883168023950306e-01,-7.031152942494910407e-01,-3.856799064125516208e-01,-3.133129146916685537e-02,-8.826485971191795343e-01,-1.120325037773388877e+00
9.921780975757670262e-01,-1.837847219829066070e+00,-1.117839943644278966e+00,-3.171476319498239826e-01,4.082614751137985665e-01,-4.238744219171054067e-02,-4.582187390443441810e-01,-7.647587771265387246e-01,1.193433881104109640e+00,-7.754069170249729970e-01,-8.092769052360058168e-01,-2.469722636160833762e-01,2.272654001589352379e+00,1.238816149457046267e-01,-3.318790896979993410e-01,-4.194950232830883530e-01,1.120025453603256393e-01,2.563421314829285036e-01,5.174195730871725685e-01,1.263487340670872205e+00,1.356917693429100291e+00,-8.623164985025838503e-01,1.087910542549141157e-01,-1.120099352446805918e+00,-8.299046462421418857e-01,3.952010578193693724e-01,2.993358757040473495e-01,-5.659883168023950306e-01,-7.031152942494910407e-01,-3.856799064125516208e-01,-3.131774250870581616e-02,-3.729958549388437961e-01,3.745767603497900805e-02
-1.484308567934127909e+00,5.441148694030143451e-01,-1.117839943644278966e+00,-9.128945648942448088e-01,4.082614751137985665e-01,-6.462896254407044135e-03,-4.582187390443441810e-01,-7.647587771265387246e-01,1.168541695374682110e+00,1.289645446853545208e+00,4.472713394927279595e-01,-2.469722636160833762e-01,-4.196887180635389125e-01,1.516270014335442173e+00,4.979811201458397840e-01,-4.194950232830883530e-01,1.459943576322915992e-01,1.778739707142287685e+00,4.917857699398752724e-01,-1.113901189737931618e+00,1.356917693429100291e+00,-8.623164985025838503e-01,1.207472988314443052e+00,-5.799095938199776423e-01,-8.299046462421418857e-01,4.043854281217822422e-01,2.993358757040473495e-01,-2.599745901464164607e-02,2.370988951450692106e-01,-3.856799064125516208e-01,-3.131797074540577236e-02,-6.278222260290116097e-01,9.057947113912546699e-01
-4.075752351037388310e-01,5.441148694030143451e-01,6.526518925624983369e-01,8.743462339390176696e-01,5.471907820518364662e-01,-1.793709056635256260e+00,-4.582187390443441810e-01,-7.647587771265387246e-01,1.977464519270104859e-01,1.289645446853545208e+00,-1.810027828716389287e-01,7.897014355131553032e-01,-4.196887180635389125e-01,-9.204096845965986651e-01,-1.698336686654289496e+00,-4.194950232830883530e-01,-1.545098302898014753e+00,1.983603392575199464e-01,8.212869478957587344e-01,-1.113901189737931618e+00,1.356917693429100291e+00,-8.623164985025838503e-01,1.207472988314443052e+00,1.040659682060507407e+00,-8.299046462421418857e-01,-2.004287226947851330e+00,3.294305656233620927e-01,-4.309906023554566645e-01,-1.020497946008255968e-01,-3.856799064125516208e-01,-3.132796593881764791e-02,1.155962371602163419e+00,9.057947113912546699e-01
7.768314310096892106e-01,5.441148694030143451e-01,-1.117839943644278966e+00,8.743462339390176696e-01,-1.474557526383528661e-01,5.413864292894713381e-01,-4.582187390443441810e-01,-7.647587771265387246e-01,2.226386376564379599e-01,1.289645446853545208e+00,2.421847152637881528e+00,7.897014355131553032e-01,9.264826417629067334e-01,1.516270014335442173e+00,1.833426271871593516e-01,-4.194950232830883530e-01,3.487312379686599573e-01,-2.605345434560504270e-01,7.908468066583433931e-01,-1.113901189737931618e+00,-7.369643750999199661e-01,1.159667015227612730e+00,1.087910542549141157e-01,1.040659682060507407e+00,-8.299046462421418857e-01,5.254042234583207183e-01,1.672269282466901652e-01,3.004563477549281103e+00,2.366155342254332439e+00,-3.856799064125516208e-01,-3.132131821700512991e-02,1.155962371602163419e+00,-2.519880024171129995e-01
-1.699655234500205836e+00,5.441148694030143451e-01,6.526518925624983369e-01,-1.508641497838665746e+00,-7.031729803905043541e-01,-1.793709056635256260e+00,-4.582187390443441810e-01,-7.647587771265387246e-01,1.193433881104109640e+00,-7.754069170249729970e-01,-1.796564811808582407e+00,-2.469722636160833762e-01,-4.196887180635389125e-01,-9.204096845965986651e-01,-1.698336686654289496e+00,-4.194950232830883530e-01,-1.545098302898014753e+00,2.025284865384632038e+00,5.291683995296837528e-01,1.263487340670872205e+00,-7.369643750999199661e-01,-8.623164985025838503e-01,-9.898908798046147650e-01,-1.120099352446805918e+00,-8.299046462421418857e-01,-2.004287226947851330e+00,1.119483325352974186e-02,-2.326266137803635059e-01,-1.070433099590342163e+00,-3.856799064125516208e-01,-3.130140076098894553e-02,-8.826485971191795343e-01,-1.120325037773388877e+00
-4.075752351037388310e-01,5.441148694030143451e-01,-1.117839943644278966e+00,-1.508641497838665746e+00,4.082614751137985665e-01,2.988957442126726760e-01,-4.582187390443441810e-01,-7.647587771265387246e-01,7.951589094332699448e-01,-7.754069170249729970e-01,-2.707562289236913333e-01,7.897014355131553032e-01,9.264826417629067334e-01,1.516270014335442173e+00,3.589177816248267927e-01,-4.194950232830883530e-01,4.349247619440022028e-01,6.526011156555369119e-01,1.207396107801923524e+00,1.050983337952766883e+00,1.356917693429100291e+00,-8.623164985025838503e-01,1.087910542549141157e-01,-1.120099352446805918e+00,-8.299046462421418857e-01,4.757610385917999674e-01,2.993358757040473495e-01,-4.668063225148485484e-01,-4.832132821829061009e-01,-3.856799064125516208e-01,-3.132139429590511531e-02,-8.826485971191795343e-01,3.745767603497900805e-02
-1.922285685376610154e-01,-1.837847219829066070e+00,-2.325940255408903146e-01,-1.508641497838665746e+00,-8.526445700315014864e-03,6.491600671013818546e-01,-4.582187390443441810e-01,-7.647587771265387246e-01,1.977464519270104859e-01,-7.754069170249729970e-01,-8.092769052360058168e-01,-1.283645962745322056e+00,-4.196887180635389125e-01,-9.204096845965986651e-01,6.108957967227310881e-01,-4.194950232830883530e-01,5.186902993284897567e-01,9.717529451501297211e-02,-1.394434911648746667e+00,7.322273338756088989e-01,-7.369643750999199661e-01,1.159667015227612730e+00,-9.898908798046147650e-01,-1.120099352446805918e+00,-8.299046462421418857e-01,5.458396128962719196e-01,2.021964911831932998e-01,-5.659883168023950306e-01,-7.031152942494910407e-01,-3.856799064125516208e-01,-3.132306498854879606e-02,-8.826485971191795343e-01,-1.120325037773388877e+00
1.307914313114557359e-01,5.441148694030143451e-01,-2.325940255408903146e-01,8.743462339390176696e-01,4.082614751137985665e-01,2.629711982753691890e-01,-4.582187390443441810e-01,-7.647587771265387246e-01,-5.241269342263863429e-01,1.289645446853545208e+00,-3.605096749757437102e-01,7.897014355131553032e-01,-4.196887180635389125e-01,-9.204096845965986651e-01,1.397876724401999893e-01,-4.194950232830883530e-01,4.009329496720362429e-01,-5.397809223892574559e-01,3.598784912444082384e-01,-1.113901189737931618e+00,1.356917693429100291e+00,-8.623164985025838503e-01,1.207472988314443052e+00,1.040659682060507407e+00,-8.299046462421418857e-01,4.679227260088268392e-01,2.993358757040473495e-01,-4.971119318804877452e-01,-1.616148441155582371e-01,-3.856799064125516208e-01,-3.133349084100279375e-02,1.155962371602163419e+00,9.057947113912546699e-01
2.384647645944946437e-01,5.441148694030143451e-01,-2.325940255408903146e-01,8.743462339390176696e-01,1.241837316742025799e+00,1.690971899283183255e+00,-4.582187390443441810e-01,4.371733533342772038e-01,-2.254207054732566273e-01,1.289645446853545208e+00,9.857920158050426096e-01,7.897014355131553032e-01,-4.196887180635389125e-01,-9.204096845965986651e-01,1.360426088070944672e+00,-4.194950232830883530e-01,2.458651585421403940e+00,-3.707925383126144392e-01,5.281003243985463724e-01,-1.113901189737931618e+00,1.356917693429100291e+00,1.159667015227612730e+00,1.207472988314443052e+00,1.040659682060507407e+00,1.204957707524648258e+00,7.068207527295743420e-01,4.659333095152841664e-01,5.360338419481222028e-01,1.251569257453486017e+00,-3.856799064125516208e-01,-3.133566580249649847e-02,1.155962371602163419e+00,1.484686068295438144e+00
1.961238097123117363e+00,5.441148694030143451e-01,1.537897810665886933e+00,8.743462339390176696e-01,9.639787028659499990e-01,-1.793709056635256260e+00,2.182363824940011909e+00,1.639105483795093132e+00,-2.628321963783680770e-02,-7.754069170249729970e-01,5.370247855447803920e-01,-1.283645962745322056e+00,-4.196887180635389125e-01,-9.204096845965986651e-01,-1.698336686654289496e+00,2.653838959469650760e+00,-1.545098302898014753e+00,-7.237904961616022925e-01,-1.394434911648746667e+00,6.126938323466746272e-01,1.356917693429100291e+00,-8.623164985025838503e-01,1.207472988314443052e+00,1.040659682060507407e+00,1.204957707524648258e+00,-2.004287226947851330e+00,4.138916512505173007e-01,5.389914749477092704e-02,-1.487235572048483702e-02,-3.856799064125516208e-01,-3.133263495337795801e-02,-8.826485971191795343e-01,1.484686068295438144e+00
6.691580977266503583e-01,5.441148694030143451e-01,-1.117839943644278966e+00,8.743462339390176696e-01,1.304028612377228502e-01,5.640505913587408326e-02,-4.582187390443441810e-01,1.639105483795093132e+00,2.350115182101814373e-02,1.289645446853545208e+00,1.344805800013252117e+00,7.897014355131553032e-01,2.272654001589352379e+00,1.516270014335442173e+00,-1.826198752612354648e-01,-4.194950232830883530e-01,8.043871967921438493e-02,-3.505139322234168686e-01,6.819031432823295935e-01,-1.113901189737931618e+00,-7.369643750999199661e-01,-8.623164985025838503e-01,1.087910542549141157e-01,1.040659682060507407e+00,1.204957707524648258e+00,4.200246905700049105e-01,2.358050203166296432e-01,1.020923591798349905e+00,1.466143651850955187e+00,-3.856799064125516208e-01,-3.132615215326574332e-02,1.155962371602163419e+00,3.269033544870708630e-01
-8.455523525462210754e-02,5.441148694030143451e-01,-2.325940255408903146e-01,8.743462339390176696e-01,-3.631230708792258788e-02,5.413864292894713381e-01,-4.582187390443441810e-01,4.371733533342772038e-01,-4.743425627675313949e-01,1.289645446853545208e+00,1.883326476325566823e+00,7.897014355131553032e-01,-4.196887180635389125e-01,-9.204096845965986651e-01,4.673696934273778303e-01,-4.194950232830883530e-01,4.118588893308824939e-01,-4.326486638048195332e-01,3.518679277608778855e-01,-1.113901189737931618e+00,-7.369643750999199661e-01,1.159667015227612730e+00,1.087910542549141157e-01,1.040659682060507407e+00,1.204957707524648258e+00,5.254042234583207183e-01,1.953149391505394350e-01,1.913561540386268911e+00,2.488382933973511069e+00,-3.856799064125516208e-01,-3.132973597916480918e-02,1.155962371602163419e+00,3.269033544870708630e-01
3.461380978775335793e-01,5.441148694030143451e-01,1.537897810665886933e+00,8.743462339390176696e-01,8.528352573155197902e-01,-2.399724448468797955e-01,-4.582187390443441810e-01,1.639105483795093132e+00,-3.000972626615390770e-01,1.289645446853545208e+00,1.883326476325566823e+00,1.826375134642393983e+00,-4.196887180635389125e-01,-9.204096845965986651e-01,-3.584337312582834834e-01,-4.194950232830883530e-01,9.306424995165889225e-02,-4.567690845972223745e-01,1.083499392589986732e+00,-1.113901189737931618e+00,1.356917693429100291e+00,-8.623164985025838503e-01,1.207472988314443052e+00,1.040659682060507407e+00,1.204957707524648258e+00,3.410753788611377013e-01,3.921639590921653928e-01,1.913561540386268911e+00,2.302212203993835971e+00,-3.856799064125516208e-01,-3.133422236888726981e-02,2.175267855962834673e+00,1.484686068295438144e+00
-8.455523525462210754e-02,5.441148694030143451e-01,-2.325940255408903146e-01,8.743462339390176696e-01,-1.474557526383528661e-01,4.156505185089090504e-01,-4.582187390443441810e-01,-7.647587771265387246e-01,-3.747738198498214990e-01,1.289645446853545208e+00,-8.092769052360058168e-01,-1.283645962745322056e+00,-4.196887180635389125e-01,-9.204096845965986651e-01,3.507547344999036310e-01,-4.194950232830883530e-01,2.467558011527621054e-01,-3.612271580818608996e-01,-1.394434911648746667e+00,-1.113901189737931618e+00,-7.369643750999199661e-01,1.159667015227612730e+00,1.087910542549141157e-01,1.040659682060507407e+00,-8.299046462421418857e-01,5.003405849646818115e-01,1.672269282466901652e-01,-5.659883168023950306e-01,-7.031152942494910407e-01,-3.856799064125516208e-01,-3.132770884460390343e-02,-8.826485971191795343e-01,-2.519880024171129995e-01
-1.922285685376610154e-01,5.441148694030143451e-01,6.526518925624983369e-01,8.743462339390176696e-01,1.304028612377228502e-01,-1.793709056635256260e+00,-4.582187390443441810e-01,-7.647587771265387246e-01,-2.752050769321116030e-01,-7.754069170249729970e-01,-8.092769052360058168e-01,7.897014355131553032e-01,-4.196887180635389125e-01,1.516270014335442173e+00,-1.698336686654289496e+00,-4.194950232830883530e-01,-1.545098302898014753e+00,-2.486009375187339665e-01,5.281003243985463724e-01,4.798788306478587451e-01,-7.369643750999199661e-01,-8.623164985025838503e-01,-9.898908798046147650e-01,1.040659682060507407e+00,-8.299046462421418857e-01,-2.004287226947851330e+00,2.358050203166296432e-01,-5.659883168023950306e-01,-7.031152942494910407e-01,-3.856799064125516208e-01,-3.132910167369594434e-02,1.155962371602163419e+00,-1.120325037773388877e+00
1.207524764141844953e+00,5.441148694030143451e-01,1.537897810665886933e+00,8.743462339390176696e-01,-3.481759119151261572e+00,1.008405526474416725e+00,-4.582187390443441810e-01,1.639105483795093132e+00,-3.262267364463408814e+00,-7.754069170249729970e-01,-8.092769052360058168e-01,-1.283645962745322056e+00,-4.196887180635389125e-01,-9.204096845965986651e-01,4.207237098563880728e-01,-4.194950232830883530e-01,-1.545098302898014753e+00,-2.432450824047661442e+00,-1.394434911648746667e+00,-1.113901189737931618e+00,-7.369643750999199661e-01,1.159667015227612730e+00,-9.898908798046147650e-01,1.040659682060507407e+00,1.204957707524648258e+00,6.079991911731280618e-01,-3.974562670904782102e+00,-5.659883168023950306e-01,-7.031152942494910407e-01,-3.856799064125516208e-01,-3.135859687799798234e-02,-8.826485971191795343e-01,-5.414336808692048475e-01
9.921780975757670262e-01,5.441148694030143451e-01,6.526518925624983369e-01,8.743462339390176696e-01,6.305483662146591506e-01,8.557262062408769188e-01,2.182363824940011909e+00,1.639105483795093132e+00,-2.628321963783680770e-02,1.289645446853545208e+00,1.793573030273514224e+00,7.897014355131553032e-01,2.272654001589352379e+00,1.516270014335442173e+00,3.688683959206111029e-01,2.423338910763195297e+00,1.105049061019902412e+00,-4.796961636064507872e-01,6.418503258646777176e-01,-1.113901189737931618e+00,1.356917693429100291e+00,1.159667015227612730e+00,2.306154922373972127e+00,1.040659682060507407e+00,1.204957707524648258e+00,5.826120217993424610e-01,3.469965314057267824e-01,1.751013271970567553e+00,1.958090734729332816e+00,2.596048758562140346e+00,-3.133052993246282503e-02,1.155962371602163419e+00,2.353023103651714187e+00
-1.591981901217166984e+00,5.441148694030143451e-01,-2.325940255408903146e-01,-3.171476319498239826e-01,1.797554544494177176e+00,3.707448360872797055e-01,-4.582187390443441810e-01,-7.647587771265387246e-01,-6.236956771440962388e-01,-7.754069170249729970e-01,-8.092769052360058168e-01,-1.283645962745322056e+00,-4.196887180635389125e-01,-9.204096845965986651e-01,1.029727178511700592e+00,-4.194950232830883530e-01,1.234339346982915808e+00,1.396390423086312782e-01,-1.394434911648746667e+00,2.939378282695165323e-01,1.356917693429100291e+00,1.159667015227612730e+00,1.087910542549141157e-01,-3.971983519314924160e-02,-8.299046462421418857e-01,4.910435151944403942e-01,5.614593361773366764e-01,-5.659883168023950306e-01,-7.031152942494910407e-01,-3.856799064125516208e-01,-3.134077039048561303e-02,-8.826485971191795343e-01,3.745767603497900805e-02
1.207524764141844953e+00,5.441148694030143451e-01,-1.117839943644278966e+00,8.743462339390176696e-01,-1.474557526383528661e-01,-2.040478989095762807e-01,-4.582187390443441810e-01,-7.647587771265387246e-01,2.226386376564379599e-01,-7.754069170249729970e-01,-4.502631210277961427e-01,-2.469722636160833762e-01,-4.196887180635389125e-01,1.516270014335442173e+00,-4.961774232491935055e-01,-4.194950232830883530e-01,-2.558374231541631350e-01,-3.941909299539956835e-01,9.659797141904279127e-02,7.455088340454903983e-01,-7.369643750999199661e-01,-8.623164985025838503e-01,-9.898908798046147650e-01,1.040659682060507407e+00,-8.299046462421418857e-01,3.514078888035787607e-01,1.672269282466901652e-01,-5.219074304523743102e-01,-5.326002588881674216e-01,-3.856799064125516208e-01,-3.132131821700512991e-02,1.366568872414919422e-01,-1.120325037773388877e+00
-8.382685682358945733e-01,5.441148694030143451e-01,-2.325940255408903146e-01,-1.508641497838665746e+00,-1.474557526383528661e-01,2.719523347596951024e-01,-4.582187390443441810e-01,-7.647587771265387246e-01,4.715604949507127275e-01,-7.754069170249729970e-01,-8.092769052360058168e-01,-1.283645962745322056e+00,-4.196887180635389125e-01,-9.204096845965986651e-01,5.090178930443330918e-01,-4.194950232830883530e-01,1.302124447917359651e-01,6.534240156127797405e-01,-1.394434911648746667e+00,8.783238357443062805e-01,-7.369643750999199661e-01,-8.623164985025838503e-01,-9.898908798046147650e-01,-1.120099352446805918e+00,-8.299046462421418857e-01,4.698950105237615915e-01,1.672269282466901652e-01,-5.659883168023950306e-01,-7.031152942494910407e-01,-3.856799064125516208e-01,-3.131865545550564095e-02,-8.826485971191795343e-01,-1.120325037773388877e+00
1.207524764141844953e+00,5.441148694030143451e-01,-2.325940255408903146e-01,8.743462339390176696e-01,4.082614751137985665e-01,9.545187075684615774e-01,2.182363824940011909e+00,-7.647587771265387246e-01,-1.096647206003218411e+00,1.289645446853545208e+00,5.370247855447803920e-01,7.897014355131553032e-01,-4.196887180635389125e-01,-9.204096845965986651e-01,3.799725483850290297e-01,2.269672211625558322e+00,1.055275335907380985e+00,-1.165817889860883527e+00,-2.462855596505035549e-02,-1.113901189737931618e+00,1.356917693429100291e+00,1.159667015227612730e+00,2.306154922373972127e+00,1.040659682060507407e+00,-8.299046462421418857e-01,5.991999964586143257e-01,2.993358757040473495e-01,5.389914749477092704e-02,1.345971636370959068e+00,2.450025061512144831e+00,-3.133874028510178628e-02,1.155962371602163419e+00,1.774131746747530380e+00
1.099851430858805879e+00,5.441148694030143451e-01,-1.117839943644278966e+00,8.743462339390176696e-01,6.861200889898743105e-01,7.210091589759888286e-01,2.182363824940011909e+00,1.639105483795093132e+00,-1.507441482849742054e-01,1.289645446853545208e+00,1.344805800013252117e+00,7.897014355131553032e-01,2.272654001589352379e+00,1.516270014335442173e+00,2.330985705820052267e-01,2.461755585547604319e+00,1.004287617499431962e+00,-5.841403732093762846e-01,5.697552545129042079e-01,-1.113901189737931618e+00,1.356917693429100291e+00,1.159667015227612730e+00,2.306154922373972127e+00,1.040659682060507407e+00,1.204957707524648258e+00,5.589700813731580675e-01,3.585117714792993016e-01,1.020923591798349905e+00,1.586658037745424465e+00,2.437862111282075528e+00,-3.133196926300308577e-02,1.155962371602163419e+00,2.353023103651714187e+00
1.638218097274000584e+00,5.441148694030143451e-01,1.537897810665886933e+00,-1.508641497838665746e+00,-3.481759119151261572e+00,6.401789306170559968e-01,-4.582187390443441810e-01,1.639105483795093132e+00,-3.262267364463408814e+00,-7.754069170249729970e-01,-8.092769052360058168e-01,-1.283645962745322056e+00,-4.196887180635389125e-01,-9.204096845965986651e-01,3.555633102201985474e-02,-4.194950232830883530e-01,-1.545098302898014753e+00,-2.432450824047661442e+00,-1.394434911648746667e+00,-1.113901189737931618e+00,-7.369643750999199661e-01,1.159667015227612730e+00,-9.898908798046147650e-01,-1.120099352446805918e+00,1.204957707524648258e+00,5.441713142620357990e-01,-3.974562670904782102e+00,-5.659883168023950306e-01,-7.031152942494910407e-01,-3.856799064125516208e-01,-3.135859687799798234e-02,-8.826485971191795343e-01,-5.414336808692048475e-01
7.768314310096892106e-01,5.441148694030143451e-01,-1.117839943644278966e+00,8.743462339390176696e-01,3.526897523385834066e-01,-3.028404002371609116e-01,-4.582187390443441810e-01,1.639105483795093132e+00,-1.507441482849742054e-01,1.289645446853545208e+00,2.421847152637881528e+00,7.897014355131553032e-01,9.264826417629067334e-01,1.238816149457046267e-01,-4.969568170478261271e-01,-4.194950232830883530e-01,-1.545903823155216628e-01,-4.932398592337230991e-01,5.505299021524316938e-01,-1.113901189737931618e+00,-7.369643750999199661e-01,-8.623164985025838503e-01,1.087910542549141157e-01,1.040659682060507407e+00,1.204957707524648258e+00,3.224083807211719499e-01,2.869980914369990033e-01,3.004563477549281103e+00,2.731544703742882607e+00,-3.856799064125516208e-01,-3.132965381822092055e-02,1.155962371602163419e+00,3.269033544870708630e-01
1.307914313114557359e-01,5.441148694030143451e-01,-2.325940255408903146e-01,8.743462339390176696e-01,4.082614751137985665e-01,6.132355211640783121e-01,-4.582187390443441810e-01,-7.647587771265387246e-01,-7.606759109669175567e-02,1.289645446853545208e+00,5.370247855447803920e-01,7.897014355131553032e-01,-4.196887180635389125e-01,-9.204096845965986651e-01,4.528306855610955139e-01,-4.194950232830883530e-01,7.323531193237043935e-01,-2.300713021178823481e-01,6.322376496844414051e-01,-1.113901189737931618e+00,1.356917693429100291e+00,1.159667015227612730e+00,1.207472988314443052e+00,1.040659682060507407e+00,-8.299046462421418857e-01,5.391293675612156555e-01,2.993358757040473495e-01,5.389914749477092704e-02,6.947114491194982255e-01,-3.856799064125516208e-01,-3.132938258040358220e-02,1.155962371602163419e+00,9.057947113912546699e-01
8.845047642927281739e-01,5.441148694030143451e-01,1.537897810665886933e+00,8.743462339390176696e-01,9.084069800907348391e-01,-2.669158542998574246e-01,-4.582187390443441810e-01,4.371733533342772038e-01,1.728542661975830119e-01,1.289645446853545208e+00,-8.092769052360058168e-01,-1.283645962745322056e+00,-4.196887180635389125e-01,-9.204096845965986651e-01,-4.878519171421417666e-01,-4.194950232830883530e-01,8.529469286092380975e-02,-3.260923851052442979e-01,-1.394434911648746667e+00,-1.113901189737931618e+00,1.356917693429100291e+00,-8.623164985025838503e-01,1.207472988314443052e+00,1.040659682060507407e+00,1.204957707524648258e+00,3.331689036170210616e-01,4.030961330492208727e-01,-5.659883168023950306e-01,-7.031152942494910407e-01,-3.856799064125516208e-01,-3.133068844101598999e-02,-8.826485971191795343e-01,1.484686068295438144e+00
9.921780975757670262e-01,5.441148694030143451e-01,6.526518925624983369e-01,8.743462339390176696e-01,4.082614751137985665e-01,-1.793709056635256260e+00,-4.582187390443441810e-01,1.639105483795093132e+00,4.466683092212852535e-01,-7.754069170249729970e-01,9.857920158050426096e-01,-2.469722636160833762e-01,-4.196887180635389125e-01,-9.204096845965986651e-01,-1.698336686654289496e+00,-4.194950232830883530e-01,-1.545098302898014753e+00,-1.942935593881201795e-01,1.756355311232093430e-01,8.650423355744247811e-01,1.356917693429100291e+00,-8.623164985025838503e-01,1.087910542549141157e-01,1.040659682060507407e+00,1.204957707524648258e+00,-2.004287226947851330e+00,2.993358757040473495e-01,5.360338419481222028e-01,9.830537194872955575e-02,-3.856799064125516208e-01,-3.132458960970450207e-02,1.366568872414919422e-01,6.163490329391630995e-01
-6.229219016698166467e-01,-1.837847219829066070e+00,-2.325940255408903146e-01,-3.171476319498239826e-01,-1.474557526383528661e-01,7.569337049132923712e-01,-4.582187390443441810e-01,-7.647587771265387246e-01,-2.752050769321116030e-01,-7.754069170249729970e-01,-8.092769052360058168e-01,-1.283645962745322056e+00,-4.196887180635389125e-01,-9.204096845965986651e-01,9.136995659890806420e-01,-4.194950232830883530e-01,5.235462725101991399e-01,-6.661344697465644560e-02,-1.394434911648746667e+00,4.798788306478587451e-01,-7.369643750999199661e-01,1.159667015227612730e+00,-9.898908798046147650e-01,-1.120099352446805918e+00,-8.299046462421418857e-01,5.653957836530255632e-01,1.672269282466901652e-01,-5.659883168023950306e-01,-7.031152942494910407e-01,-3.856799064125516208e-01,-3.132664374000410784e-02,-8.826485971191795343e-01,-1.120325037773388877e+00
-1.699655234500205836e+00,5.441148694030143451e-01,-2.325940255408903146e-01,8.743462339390176696e-01,-4.253143665144286101e-01,-1.793709056635256260e+00,-4.582187390443441810e-01,-7.647587771265387246e-01,4.715604949507127275e-01,1.289645446853545208e+00,8.825755528451835474e-02,7.897014355131553032e-01,-4.196887180635389125e-01,-9.204096845965986651e-01,-1.698336686654289496e+00,-4.194950232830883530e-01,-1.545098302898014753e+00,1.303081876593925381e+00,9.927130064433088430e-01,-1.113901189737931618e+00,-7.369643750999199661e-01,-8.623164985025838503e-01,1.087910542549141157e-01,1.040659682060507407e+00,-8.299046462421418857e-01,-2.004287226947851330e+00,9.272988894116553082e-02,-2.904827771147657223e-01,9.299795031827771952e-02,-3.856799064125516208e-01,-3.131502441709724249e-02,1.155962371602163419e+00,-2.519880024171129995e-01
3.461380978775335793e-01,5.441148694030143451e-01,1.537897810665886933e+00,8.743462339390176696e-01,5.194049206642288308e-01,6.311977941327300279e-01,2.182363824940011909e+00,4.371733533342772038e-01,7.204823522449874673e-01,1.289645446853545208e+00,9.857920158050426096e-01,7.897014355131553032e-01,-4.196887180635389125e-01,-9.204096845965986651e-01,3.928413362180895874e-01,2.346505561194376810e+00,8.149046634127645738e-01,2.239279852974668250e-01,1.136903149146855974e+00,-1.113901189737931618e+00,1.356917693429100291e+00,1.159667015227612730e+00,2.306154922373972127e+00,1.040659682060507407e+00,1.204957707524648258e+00,5.424968708675803608e-01,3.234949394362649500e-01,5.360338419481222028e-01,7.902151396602365985e-01,2.549105420851397685e+00,-3.132309339133812487e-02,1.155962371602163419e+00,2.353023103651714187e+00
-6.229219016698166467e-01,-1.837847219829066070e+00,-1.117839943644278966e+00,-1.508641497838665746e+00,1.304028612377228502e-01,6.761034765543594283e-01,-4.582187390443441810e-01,-7.647587771265387246e-01,1.977464519270104859e-01,-7.754069170249729970e-01,-6.297700131319009520e-01,-2.469722636160833762e-01,-4.196887180635389125e-01,1.238816149457046267e-01,8.309237692503823602e-01,-4.194950232830883530e-01,6.249147126783833883e-01,3.079774710619028188e-01,8.805337036994388689e-02,7.322273338756088989e-01,-7.369643750999199661e-01,1.159667015227612730e+00,-9.898908798046147650e-01,-1.120099352446805918e+00,-8.299046462421418857e-01,5.508080871334737338e-01,2.358050203166296432e-01,-5.549680952148898783e-01,-6.172487942996817134e-01,-3.856799064125516208e-01,-3.132443159968145707e-02,-8.826485971191795343e-01,-1.120325037773388877e+00
5.614847644436113949e-01,5.441148694030143451e-01,1.537897810665886933e+00,8.743462339390176696e-01,4.082614751137985665e-01,-1.793709056635256260e+00,-4.582187390443441810e-01,4.371733533342772038e-01,-3.498816341203940250e-01,1.289645446853545208e+00,8.825755528451835474e-02,7.897014355131553032e-01,-4.196887180635389125e-01,-9.204096845965986651e-01,-1.698336686654289496e+00,-4.194950232830883530e-01,-1.545098302898014753e+00,-5.558204978270404606e-01,4.640158165303033266e-01,-1.113901189737931618e+00,1.356917693429100291e+00,-8.623164985025838503e-01,1.207472988314443052e+00,1.040659682060507407e+00,1.204957707524648258e+00,-2.004287226947851330e+00,2.993358757040473495e-01,-2.904827771147657223e-01,3.156397899007892804e-01,-3.856799064125516208e-01,-3.133189318410310037e-02,1.155962371602163419e+00,1.484686068295438144e+00
6.691580977266503583e-01,5.441148694030143451e-01,6.526518925624983369e-01,8.743462339390176696e-01,9.639787028659499990e-01,-1.793709056635256260e+00,-4.582187390443441810e-01,4.371733533342772038e-01,-7.979409772500886122e-01,1.289645446853545208e+00,-3.605096749757437102e-01,7.897014355131553032e-01,-4.196887180635389125e-01,1.516270014335442173e+00,-1.698336686654289496e+00,-4.194950232830883530e-01,-1.545098302898014753e+00,-8.709981551794783172e-01,1.836460946067397237e-01,-1.113901189737931618e+00,1.356917693429100291e+00,-8.623164985025838503e-01,1.207472988314443052e+00,1.040659682060507407e+00,1.204957707524648258e+00,-2.004287226947851330e+00,4.138916512505173007e-01,-4.971119318804877452e-01,-1.020497946008255968e-01,-3.856799064125516208e-01,-3.133882587386427332e-02,1.155962371602163419e+00,1.484686068295438144e+00
1.315198097424883805e+00,5.441148694030143451e-01,-2.325940255408903146e-01,8.743462339390176696e-01,4.082614751137985665e-01,-1.793709056635256260e+00,-4.582187390443441810e-01,-7.647587771265387246e-01,-9.224019058972259266e-01,1.289645446853545208e+00,8.825755528451835474e-02,7.897014355131553032e-01,-4.196887180635389125e-01,-9.204096845965986651e-01,-1.698336686654289496e+00,-4.194950232830883530e-01,-1.545098302898014753e+00,-1.084640439533343326e+00,9.552989628790546639e-02,-1.113901189737931618e+00,1.356917693429100291e+00,-8.623164985025838503e-01,1.207472988314443052e+00,1.040659682060507407e+00,-8.299046462421418857e-01,-2.004287226947851330e+00,2.993358757040473495e-01,-2.904827771147657223e-01,5.622857576424360460e-01,-3.856799064125516208e-01,-3.133714262820209290e-02,1.155962371602163419e+00,9.057947113912546699e-01
6.691580977266503583e-01,5.441148694030143451e-01,6.526518925624983369e-01,8.743462339390176696e-01,6.861200889898743105e-01,7.659148413976182290e-01,2.182363824940011909e+00,1.639105483795093132e+00,-2.254207054732566273e-01,1.289645446853545208e+00,1.703819584221461847e+00,7.897014355131553032e-01,2.272654001589352379e+00,1.516270014335442173e+00,3.986501640594019014e-01,2.461755585547604319e+00,1.049812366077957915e+00,-5.082364240282841727e-01,5.152834228248979187e-01,-1.113901189737931618e+00,1.356917693429100291e+00,1.159667015227612730e+00,2.306154922373972127e+00,1.040659682060507407e+00,1.204957707524648258e+00,5.669881175669503337e-01,3.585117714792993016e-01,1.593975114348618494e+00,2.033443078134676174e+00,2.679879998513043926e+00,-3.133260832576296312e-02,1.155962371602163419e+00,2.353023103651714187e+00
-1.161288568085011352e+00,-1.837847219829066070e+00,-2.325940255408903146e-01,-3.171476319498239826e-01,6.861200889898743105e-01,-1.232176705506434211e-01,-4.582187390443441810e-01,-7.647587771265387246e-01,5.711292378684226234e-01,-7.754069170249729970e-01,-8.092769052360058168e-01,-1.283645962745322056e+00,-4.196887180635389125e-01,-9.204096845965986651e-01,2.112816939221931201e-01,-4.194950232830883530e-01,1.484223442231462908e-01,9.567487672941319410e-01,-1.394434911648746667e+00,9.314498364238326111e-01,1.356917693429100291e+00,-8.623164985025838503e-01,1.087910542549141157e-01,-1.120099352446805918e+00,-8.299046462421418857e-01,3.738316001102484631e-01,3.585117714792993016e-01,-5.659883168023950306e-01,-7.031152942494910407e-01,-3.856799064125516208e-01,-3.132579165632427137e-02,-8.826485971191795343e-01,3.745767603497900805e-02
1.530544763990961732e+00,5.441148694030143451e-01,-1.117839943644278966e+00,-1.508641497838665746e+00,1.519695930618101487e+00,6.671223400700335704e-01,2.182363824940011909e+00,1.639105483795093132e+00,4.715604949507127275e-01,1.289645446853545208e+00,6.267782315968328799e-01,7.897014355131553032e-01,-4.196887180635389125e-01,1.516270014335442173e+00,8.053141580871803207e-02,3.038005707313742754e+00,1.448609163625844243e+00,-3.449472560420686618e-01,9.831003302630726415e-01,-1.113901189737931618e+00,1.356917693429100291e+00,1.159667015227612730e+00,2.306154922373972127e+00,-1.120099352446805918e+00,1.204957707524648258e+00,5.491579551306472462e-01,5.150164152972586118e-01,1.393058647979361631e-01,5.706658970589388868e-01,2.734927204236165643e+00,-3.133196926300308577e-02,-8.826485971191795343e-01,2.353023103651714187e+00
-8.382685682358945733e-01,-1.837847219829066070e+00,-1.117839943644278966e+00,-1.508641497838665746e+00,4.638331978890137264e-01,-2.040478989095762807e-01,-4.582187390443441810e-01,1.639105483795093132e+00,7.204823522449874673e-01,1.289645446853545208e+00,4.472713394927279595e-01,1.826375134642393983e+00,-4.196887180635389125e-01,1.238816149457046267e-01,3.666203311722847011e-04,-4.194950232830883530e-01,-1.947292853445697913e-02,8.591490049234759008e-01,1.993499404319038604e+00,-1.113901189737931618e+00,1.356917693429100291e+00,-8.623164985025838503e-01,1.207472988314443052e+00,-1.120099352446805918e+00,1.204957707524648258e+00,3.514078888035787607e-01,3.114998825751355560e-01,-2.599745901464164607e-02,3.422160094873183400e-01,-3.856799064125516208e-01,-3.132259334223023994e-02,-8.826485971191795343e-01,1.484686068295438144e+00
2.176584763689195068e+00,5.441148694030143451e-01,1.537897810665886933e+00,8.743462339390176696e-01,6.861200889898743105e-01,5.234241563208196224e-01,2.182363824940011909e+00,4.371733533342772038e-01,-2.628321963783680770e-02,1.289645446853545208e+00,2.780860936846091036e+00,1.826375134642393983e+00,-4.196887180635389125e-01,-9.204096845965986651e-01,-1.591543040536284315e-01,2.461755585547604319e+00,8.039787237539183229e-01,-7.699705050233875969e-01,1.297114418817463699e+00,-1.113901189737931618e+00,1.356917693429100291e+00,1.159667015227612730e+00,2.306154922373972127e+00,1.040659682060507407e+00,1.204957707524648258e+00,5.219071995403455899e-01,3.585117714792993016e-01,3.842100318199674014e+00,2.967513711238541685e+00,1.864432342437529977e+00,-3.133090415840329018e-02,2.175267855962834673e+00,2.353023103651714187e+00
-8.382685682358945733e-01,5.441148694030143451e-01,-1.117839943644278966e+00,8.743462339390176696e-01,4.082614751137985665e-01,9.994243899900909778e-01,-4.582187390443441810e-01,-7.647587771265387246e-01,-2.752050769321116030e-01,1.289645446853545208e+00,8.062851237009377448e-01,7.897014355131553032e-01,2.272654001589352379e+00,1.516270014335442173e+00,1.286390592851239356e+00,-4.194950232830883530e-01,1.097765101247338393e+00,3.624904768069163452e-02,4.992622958578371017e-01,-1.113901189737931618e+00,1.356917693429100291e+00,1.159667015227612730e+00,1.207472988314443052e+00,1.040659682060507407e+00,-8.299046462421418857e-01,6.065444351552687907e-01,2.993358757040473495e-01,3.266496317855240306e-01,1.085178754291992842e+00,-3.856799064125516208e-01,-3.133120847400323178e-02,1.155962371602163419e+00,9.057947113912546699e-01
4.538114311605724871e-01,5.441148694030143451e-01,-1.117839943644278966e+00,8.743462339390176696e-01,-3.141709209639982903e-01,1.062292345380372094e+00,-4.582187390443441810e-01,4.371733533342772038e-01,2.226386376564379599e-01,-7.754069170249729970e-01,3.139874721054300988e+00,1.826375134642393983e+00,3.618825361415798358e+00,1.168172914488007974e+00,7.221417834979929617e-01,-4.194950232830883530e-01,6.553859443936099760e-01,-1.481940461840704770e-01,1.502184843995841401e+00,7.455088340454903983e-01,-7.369643750999199661e-01,1.159667015227612730e+00,-9.898908798046147650e-01,1.040659682060507407e+00,1.204957707524648258e+00,6.166313024334710846e-01,1.233040626577449894e-01,4.767798931550109920e+00,1.172550094725067771e+00,-3.856799064125516208e-01,-3.131935618221603351e-02,2.175267855962834673e+00,-5.414336808692048475e-01
-1.268961901368050205e+00,5.441148694030143451e-01,-2.325940255408903146e-01,-1.508641497838665746e+00,9.639787028659499990e-01,-4.734819934393525442e-01,-4.582187390443441810e-01,-7.647587771265387246e-01,3.719917520330028315e-01,-7.754069170249729970e-01,-8.092769052360058168e-01,-1.283645962745322056e+00,-4.196887180635389125e-01,-9.204096845965986651e-01,-1.531884808652537178e-01,-4.194950232830883530e-01,-1.174421874754445760e-01,8.571897193109931923e-01,-1.394434911648746667e+00,8.251978350647799498e-01,1.356917693429100291e+00,-8.623164985025838503e-01,1.087910542549141157e-01,-1.120099352446805918e+00,-8.299046462421418857e-01,2.674997806386906207e-01,4.138916512505173007e-01,-5.659883168023950306e-01,-7.031152942494910407e-01,-3.856799064125516208e-01,-3.132943963957857125e-02,-8.826485971191795343e-01,3.745767603497900805e-02
-1.376635234651089057e+00,5.441148694030143451e-01,-2.325940255408903146e-01,8.743462339390176696e-01,-3.697426437392134502e-01,4.515750644462125929e-01,-4.582187390443441810e-01,-7.647587771265387246e-01,2.724230091152929356e-01,-7.754069170249729970e-01,-8.092769052360058168e-01,-1.283645962745322056e+00,-4.196887180635389125e-01,-9.204096845965986651e-01,9.935591422464697953e-01,-4.194950232830883530e-01,1.544923107002830753e-01,8.450994934583552221e-01,-1.394434911648746667e+00,7.720718343852536192e-01,-7.369643750999199661e-01,1.159667015227612730e+00,-9.898908798046147650e-01,1.040659682060507407e+00,-8.299046462421418857e-01,5.076437278473231451e-01,1.081522668181317537e-01,-5.659883168023950306e-01,-7.031152942494910407e-01,-3.856799064125516208e-01,-3.131808486375575046e-02,-8.826485971191795343e-01,-1.120325037773388877e+00
5.614847644436113949e-01,-1.837847219829066070e+00,-2.325940255408903146e-01,-3.171476319498239826e-01,1.304028612377228502e-01,-1.052553975819916637e-01,-4.582187390443441810e-01,-7.647587771265387246e-01,-1.756363340144016794e-01,-7.754069170249729970e-01,8.825755528451835474e-02,7.897014355131553032e-01,-4.196887180635389125e-01,-9.204096845965986651e-01,-2.916158019649978672e-01,-4.194950232830883530e-01,-6.159849588578621832e-02,-4.435434697625587619e-01,5.761637052997287123e-01,5.330048313273850757e-01,-7.369643750999199661e-01,-8.623164985025838503e-01,-9.898908798046147650e-01,-1.120099352446805918e+00,-8.299046462421418857e-01,3.786679315486112252e-01,2.358050203166296432e-01,-2.904827771147657223e-01,-2.222628945305586690e-01,-3.856799064125516208e-01,-3.132811850021920835e-02,1.366568872414919422e-01,-1.120325037773388877e+00
3.461380978775335793e-01,5.441148694030143451e-01,-1.117839943644278966e+00,-3.171476319498239826e-01,7.972635345403046303e-01,2.899146077283468181e-01,-4.582187390443441810e-01,1.639105483795093132e+00,8.200510951626973633e-01,-7.754069170249729970e-01,-8.092769052360058168e-01,-2.469722636160833762e-01,9.264826417629067334e-01,1.238816149457046267e-01,9.852739225827350511e-02,-4.194950232830883530e-01,6.235793200534133218e-01,2.903374555310952454e-01,3.572083034165647875e-01,1.064264838122648493e+00,1.356917693429100291e+00,-8.623164985025838503e-01,1.087910542549141157e-01,-3.971983519314924160e-02,1.204957707524648258e+00,4.738140939987042777e-01,3.810916252434320417e-01,-5.659883168023950306e-01,-7.031152942494910407e-01,-3.856799064125516208e-01,-3.132456886091359444e-02,-3.729958549388437961e-01,6.163490329391630995e-01
2.384647645944946437e-01,5.441148694030143451e-01,-1.117839943644278966e+00,-1.508641497838665746e+00,1.304028612377228502e-01,5.054618833521677956e-01,2.182363824940011909e+00,1.639105483795093132e+00,2.724230091152929356e-01,1.289645446853545208e+00,-2.707562289236913333e-01,7.897014355131553032e-01,9.264826417629067334e-01,1.168172914488007974e+00,3.198160719273081543e-01,2.077588837703511881e+00,4.749865406931049749e-01,-3.281577015932792690e-02,8.709524414936472558e-01,-1.113901189737931618e+00,-7.369643750999199661e-01,1.159667015227612730e+00,1.207472988314443052e+00,-1.120099352446805918e+00,1.204957707524648258e+00,5.183830666393641762e-01,2.358050203166296432e-01,-4.668063225148485484e-01,-1.987246651736878644e-01,2.171258279951453929e+00,-3.132369421957390682e-02,-8.826485971191795343e-01,1.195240389843346795e+00
-1.268961901368050205e+00,5.441148694030143451e-01,-1.117839943644278966e+00,-9.128945648942448088e-01,6.305483662146591506e-01,3.976882455402573346e-01,-4.582187390443441810e-01,1.639105483795093132e+00,1.168541695374682110e+00,-7.754069170249729970e-01,-9.124933681958644072e-02,-2.469722636160833762e-01,2.272654001589352379e+00,1.238816149457046267e-01,8.663991107098242272e-01,-4.194950232830883530e-01,6.468879913256184722e-01,1.578206824704670996e+00,4.981942207266994993e-01,1.250205840500990817e+00,1.356917693429100291e+00,1.159667015227612730e+00,1.087910542549141157e-01,-5.799095938199776423e-01,1.204957707524648258e+00,4.966445412919050506e-01,3.469965314057267824e-01,-3.896647714023122600e-01,-4.344826687081880245e-01,-3.856799064125516208e-01,-3.132016675257291716e-02,-6.278222260290116097e-01,6.163490329391630995e-01
-1.161288568085011352e+00,-1.837847219829066070e+00,-2.325940255408903146e-01,-1.508641497838665746e+00,6.861200889898743105e-01,-1.793709056635256260e+00,-4.582187390443441810e-01,-7.647587771265387246e-01,1.093865138186399744e+00,-7.754069170249729970e-01,-8.092769052360058168e-01,-1.283645962745322056e+00,-4.196887180635389125e-01,1.238816149457046267e-01,-1.698336686654289496e+00,-4.194950232830883530e-01,-1.545098302898014753e+00,1.418912347931649220e+00,-1.394434911648746667e+00,1.210361339991345986e+00,1.356917693429100291e+00,-8.623164985025838503e-01,1.087910542549141157e-01,-1.120099352446805918e+00,-8.299046462421418857e-01,-2.004287226947851330e+00,3.585117714792993016e-01,-5.659883168023950306e-01,-7.031152942494910407e-01,-3.856799064125516208e-01,-3.132131821700512991e-02,-8.826485971191795343e-01,3.745767603497900805e-02
-2.022675234349322615e+00,5.441148694030143451e-01,6.526518925624983369e-01,8.743462339390176696e-01,-3.481759119151261572e+00,-1.793709056635256260e+00,-4.582187390443441810e-01,-7.647587771265387246e-01,-2.628321963783680770e-02,1.289645446853545208e+00,-8.092769052360058168e-01,-1.283645962745322056e+00,-4.196887180635389125e-01,1.516270014335442173e+00,-1.698336686654289496e+00,-4.194950232830883530e-01,-1.545098302898014753e+00,1.082507564746517659e+00,-1.394434911648746667e+00,-1.113901189737931618e+00,-7.369643750999199661e-01,-8.623164985025838503e-01,1.087910542549141157e-01,1.040659682060507407e+00,-8.299046462421418857e-01,-2.004287226947851330e+00,-3.974562670904782102e+00,-5.659883168023950306e-01,-7.031152942494910407e-01,-3.856799064125516208e-01,-3.135859687799798234e-02,-8.826485971191795343e-01,-2.519880024171129995e-01
-2.999019018206999232e-01,5.441148694030143451e-01,6.526518925624983369e-01,8.743462339390176696e-01,1.304028612377228502e-01,-1.793709056635256260e+00,-4.582187390443441810e-01,4.371733533342772038e-01,7.951589094332699448e-01,-7.754069170249729970e-01,-8.092769052360058168e-01,-1.283645962745322056e+00,-4.196887180635389125e-01,1.516270014335442173e+00,-1.698336686654289496e+00,-4.194950232830883530e-01,-1.545098302898014753e+00,5.921099011515530419e-01,-1.394434911648746667e+00,1.050983337952766883e+00,-7.369643750999199661e-01,-8.623164985025838503e-01,-9.898908798046147650e-01,1.040659682060507407e+00,1.204957707524648258e+00,-2.004287226947851330e+00,2.358050203166296432e-01,-5.659883168023950306e-01,-7.031152942494910407e-01,-3.856799064125516208e-01,-3.131853255882104808e-02,-8.826485971191795343e-01,-5.414336808692048475e-01
-8.455523525462210754e-02,5.441148694030143451e-01,-1.117839943644278966e+00,8.743462339390176696e-01,-6.409816847553016783e-02,7.389714319446405444e-01,-4.582187390443441810e-01,-7.647587771265387246e-01,-8.975097201677985082e-01,1.289645446853545208e+00,9.857920158050426096e-01,7.897014355131553032e-01,2.272654001589352379e+00,1.516270014335442173e+00,6.506217717419806590e-01,-4.194950232830883530e-01,5.603302693616480923e-01,-7.361900631273936568e-01,9.552989628790546639e-02,-1.113901189737931618e+00,-7.369643750999199661e-01,1.159667015227612730e+00,1.087910542549141157e-01,1.040659682060507407e+00,-8.299046462421418857e-01,5.621942854384790467e-01,1.883781130156129691e-01,5.360338419481222028e-01,1.801324287619948006e+00,-3.856799064125516208e-01,-3.133391762507588274e-02,1.155962371602163419e+00,-2.519880024171129995e-01
2.384647645944946437e-01,5.441148694030143451e-01,-2.325940255408903146e-01,-1.508641497838665746e+00,4.082614751137985665e-01,5.413864292894713381e-01,-4.582187390443441810e-01,-7.647587771265387246e-01,4.715604949507127275e-01,-7.754069170249729970e-01,4.472713394927279595e-01,7.897014355131553032e-01,9.264826417629067334e-01,1.516270014335442173e+00,3.513497087801458751e-01,-4.194950232830883530e-01,6.643694947797724737e-01,1.023749371019865989e-01,9.863045556564843386e-01,8.783238357443062805e-01,1.356917693429100291e+00,1.159667015227612730e+00,1.087910542549141157e-01,-1.120099352446805918e+00,-8.299046462421418857e-01,5.254042234583207183e-01,2.993358757040473495e-01,-2.599745901464164607e-02,-1.458360230520529544e-01,-3.856799064125516208e-01,-3.132436137300454587e-02,-8.826485971191795343e-01,3.745767603497900805e-02
1.638218097274000584e+00,5.441148694030143451e-01,6.526518925624983369e-01,8.743462339390176696e-01,-3.481759119151261572e+00,-1.793709056635256260e+00,-4.582187390443441810e-01,4.371733533342772038e-01,-3.262267364463408814e+00,-7.754069170249729970e-01,-8.092769052360058168e-01,-1.283645962745322056e+00,-4.196887180635389125e-01,1.516270014335442173e+00,-1.698336686654289496e+00,-4.194950232830883530e-01,-1.545098302898014753e+00,-2.432450824047661442e+00,-1.394434911648746667e+00,-1.113901189737931618e+00,-7.369643750999199661e-01,-8.623164985025838503e-01,-9.898908798046147650e-01,1.040659682060507407e+00,1.204957707524648258e+00,-2.004287226947851330e+00,-3.974562670904782102e+00,-5.659883168023950306e-01,-7.031152942494910407e-01,-3.856799064125516208e-01,-3.135859687799798234e-02,-8.826485971191795343e-01,-5.414336808692048475e-01
6.691580977266503583e-01,5.441148694030143451e-01,1.537897810665886933e+00,-1.508641497838665746e+00,-3.481759119151261572e+00,1.044330072411720378e+00,2.182363824940011909e+00,4.371733533342772038e-01,-3.262267364463408814e+00,-7.754069170249729970e-01,-8.092769052360058168e-01,-1.283645962745322056e+00,-4.196887180635389125e-01,-9.204096845965986651e-01,6.267434706282595247e-01,-4.194950232830883530e-01,-1.545098302898014753e+00,-2.432450824047661442e+00,-1.394434911648746667e+00,-1.113901189737931618e+00,-7.369643750999199661e-01,1.159667015227612730e+00,1.087910542549141157e-01,-1.120099352446805918e+00,1.204957707524648258e+00,6.137721051618930668e-01,-3.974562670904782102e+00,-5.659883168023950306e-01,-7.031152942494910407e-01,-3.856799064125516208e-01,-3.135859687799798234e-02,-8.826485971191795343e-01,3.269033544870708630e-01
-1.053615234801972278e+00,5.441148694030143451e-01,-2.325940255408903146e-01,8.743462339390176696e-01,1.304028612377228502e-01,8.108205238192475184e-01,-4.582187390443441810e-01,-7.647587771265387246e-01,-7.730487915206610827e-01,1.289645446853545208e+00,9.857920158050426096e-01,7.897014355131553032e-01,-4.196887180635389125e-01,-9.204096845965986651e-01,1.211357986584803870e+00,-4.194950232830883530e-01,7.432790589825505334e-01,-2.816895721631112459e-01,1.756355311232093430e-01,-1.113901189737931618e+00,-7.369643750999199661e-01,1.159667015227612730e+00,1.087910542549141157e-01,1.040659682060507407e+00,-8.299046462421418857e-01,5.748671859765362990e-01,2.358050203166296432e-01,5.360338419481222028e-01,1.677342130101659112e+00,-3.856799064125516208e-01,-3.133401754107961734e-02,1.155962371602163419e+00,-2.519880024171129995e-01
1.307914313114557359e-01,5.441148694030143451e-01,-2.325940255408903146e-01,-1.508641497838665746e+00,-4.253143665144286101e-01,6.940657495230111440e-01,-4.582187390443441810e-01,-7.647587771265387246e-01,7.204823522449874673e-01,-7.754069170249729970e-01,-8.092769052360058168e-01,-1.283645962745322056e+00,-4.196887180635389125e-01,-9.204096845965986651e-01,5.250713808966865903e-01,-4.194950232830883530e-01,3.044204826855614887e-01,3.205235783645626335e-01,-1.394434911648746667e+00,1.011138837443122274e+00,-7.369643750999199661e-01,1.159667015227612730e+00,-9.898908798046147650e-01,-1.120099352446805918e+00,-8.299046462421418857e-01,5.540904903293192296e-01,9.272988894116553082e-02,-5.659883168023950306e-01,-7.031152942494910407e-01,-3.856799064125516208e-01,-3.131211958637052789e-02,-8.826485971191795343e-01,-1.120325037773388877e+00
-2.345695234198439394e+00,5.441148694030143451e-01,6.526518925624983369e-01,-9.128945648942448088e-01,-8.421022873285421984e-01,-1.793709056635256260e+00,-4.582187390443441810e-01,-7.647587771265387246e-01,-1.009597768261192435e-01,-7.754069170249729970e-01,-1.810027828716389287e-01,-2.469722636160833762e-01,-4.196887180635389125e-01,-9.204096845965986651e-01,-1.698336686654289496e+00,-4.194950232830883530e-01,-1.545098302898014753e+00,1.323316012055734125e+00,-4.545602102222939117e-02,5.728493318370297960e-01,-7.369643750999199661e-01,-8.623164985025838503e-01,-9.898908798046147650e-01,-5.799095938199776423e-01,-8.299046462421418857e-01,-2.004287226947851330e+00,-3.265368080416956864e-02,-4.309906023554566645e-01,-3.744075991291271333e-01,-3.856799064125516208e-01,-3.131588057773249112e-02,-6.278222260290116097e-01,-1.120325037773388877e+00
1.207524764141844953e+00,5.441148694030143451e-01,6.526518925624983369e-01,8.743462339390176696e-01,9.639787028659499990e-01,-1.793709056635256260e+00,2.182363824940011909e+00,4.371733533342772038e-01,-2.254207054732566273e-01,-7.754069170249729970e-01,-8.092769052360058168e-01,-1.283645962745322056e+00,-4.196887180635389125e-01,1.516270014335442173e+00,-1.698336686654289496e+00,2.653838959469650760e+00,-1.545098302898014753e+00,-6.562529163374669627e-01,-1.394434911648746667e+00,5.064418309876218549e-01,1.356917693429100291e+00,-8.623164985025838503e-01,1.207472988314443052e+00,1.040659682060507407e+00,1.204957707524648258e+00,-2.004287226947851330e+00,4.138916512505173007e-01,-5.659883168023950306e-01,-7.031152942494910407e-01,-3.856799064125516208e-01,-3.133423261027765139e-02,-8.826485971191795343e-01,1.484686068295438144e+00
-1.922285685376610154e-01,5.441148694030143451e-01,-1.117839943644278966e+00,8.743462339390176696e-01,-4.808860892896437700e-01,2.988957442126726760e-01,2.182363824940011909e+00,-7.647587771265387246e-01,3.968839377624303055e-01,-7.754069170249729970e-01,-7.195234591839534399e-01,-2.469722636160833762e-01,3.618825361415798358e+00,1.516270014335442173e+00,2.797926097679376833e-01,1.655005415075010422e+00,-1.765193859131594309e-02,2.427652869502751609e-01,1.745674559920720181e-01,8.384793352346615602e-01,-7.369643750999199661e-01,-8.623164985025838503e-01,1.087910542549141157e-01,1.040659682060507407e+00,-8.299046462421418857e-01,4.757610385917999674e-01,7.702708888115142316e-02,-5.632332614055187703e-01,-6.625027604894460076e-01,1.696418594196022589e+00,-3.131510510683965104e-02,1.366568872414919422e-01,-2.519880024171129995e-01
7.768314310096892106e-01,5.441148694030143451e-01,6.526518925624983369e-01,-1.508641497838665746e+00,2.075413158370253086e+00,-1.793709056635256260e+00,-4.582187390443441810e-01,4.371733533342772038e-01,-1.519814363403485302e+00,-7.754069170249729970e-01,-8.092769052360058168e-01,-1.283645962745322056e+00,-4.196887180635389125e-01,1.238816149457046267e-01,-1.698336686654289496e+00,-4.194950232830883530e-01,-1.545098302898014753e+00,-1.346492683751856045e+00,-1.394434911648746667e+00,-1.841961778462205823e-01,1.356917693429100291e+00,-8.623164985025838503e-01,1.087910542549141157e-01,-1.120099352446805918e+00,1.204957707524648258e+00,-2.004287226947851330e+00,6.055316640105270487e-01,-5.659883168023950306e-01,-7.031152942494910407e-01,-3.856799064125516208e-01,-3.134741327970012870e-02,-8.826485971191795343e-01,6.163490329391630995e-01
1.530544763990961732e+00,5.441148694030143451e-01,1.537897810665886933e+00,-9.128945648942448088e-01,-3.481759119151261572e+00,-1.681233529722727937e-01,2.182363824940011909e+00,4.371733533342772038e-01,-3.262267364463408814e+00,-7.754069170249729970e-01,-8.092769052360058168e-01,-1.283645962745322056e+00,-4.196887180635389125e-01,-9.204096845965986651e-01,-5.232449839323758400e-01,-4.194950232830883530e-01,-1.545098302898014753e+00,-2.432450824047661442e+00,-1.394434911648746667e+00,-1.113901189737931618e+00,-7.369643750999199661e-01,-8.623164985025838503e-01,1.087910542549141157e-01,-5.799095938199776423e-01,1.204957707524648258e+00,3.615107682990889026e-01,-3.974562670904782102e+00,-5.659883168023950306e-01,-7.031152942494910407e-01,-3.856799064125516208e-01,-3.135859687799798234e-02,-8.826485971191795343e-01,3.269033544870708630e-01
1.530544763990961732e+00,5.441148694030143451e-01,-1.117839943644278966e+00,8.743462339390176696e-01,9.639787028659499990e-01,1.080254618349023810e+00,2.182363824940011909e+00,1.639105483795093132e+00,-5.241269342263863429e-01,1.289645446853545208e+00,2.242340260533776330e+00,1.826375134642393983e+00,3.618825361415798358e+00,1.168172914488007974e+00,3.791735060032376814e-01,2.653838959469650760e+00,1.562724533396015580e+00,-9.016148741768935659e-01,8.827012679361581071e-01,-1.113901189737931618e+00,1.356917693429100291e+00,1.159667015227612730e+00,2.306154922373972127e+00,1.040659682060507407e+00,1.204957707524648258e+00,6.194726296053938430e-01,4.138916512505173007e-01,2.618855721986599772e+00,2.979087766661251635e+00,2.853879786718314993e+00,-3.133662909562719145e-02,2.175267855962834673e+00,2.353023103651714187e+00
2.311809802841681069e-02,5.441148694030143451e-01,-2.325940255408903146e-01,-1.508641497838665746e+00,-1.474557526383528661e-01,1.551975604634587003e-01,-4.582187390443441810e-01,-7.647587771265387246e-01,1.479620804681555379e-01,-7.754069170249729970e-01,-8.092769052360058168e-01,-1.283645962745322056e+00,-4.196887180635389125e-01,-9.204096845965986651e-01,7.572236443682549278e-02,-4.194950232830883530e-01,3.552096774840222959e-02,-3.156400435135251620e-02,-1.394434911648746667e+00,7.056643335358456781e-01,-7.369643750999199661e-01,-8.623164985025838503e-01,-9.898908798046147650e-01,-1.120099352446805918e+00,-8.299046462421418857e-01,4.435627453816501919e-01,1.672269282466901652e-01,-5.659883168023950306e-01,-7.031152942494910407e-01,-3.856799064125516208e-01,-3.132211704545497660e-02,-8.826485971191795343e-01,-1.120325037773388877e+00
-1.161288568085011352e+00,5.441148694030143451e-01,-2.325940255408903146e-01,-9.128945648942448088e-01,-1.474557526383528661e-01,8.198016603035734873e-01,-4.582187390443441810e-01,4.371733533342772038e-01,5.960214235978501529e-01,-7.754069170249729970e-01,-8.092769052360058168e-01,-1.283645962745322056e+00,-4.196887180635389125e-01,-9.204096845965986651e-01,1.289292070054078643e+00,-4.194950232830883530e-01,5.745339909181481630e-01,9.787565568482994305e-01,-1.394434911648746667e+00,9.447313365937142216e-01,-7.369643750999199661e-01,1.159667015227612730e+00,-9.898908798046147650e-01,-5.799095938199776423e-01,1.204957707524648258e+00,5.764267445133771650e-01,1.672269282466901652e-01,-5.659883168023950306e-01,-7.031152942494910407e-01,-3.856799064125516208e-01,-3.131732407475589647e-02,-8.826485971191795343e-01,-5.414336808692048475e-01
-6.229219016698166467e-01,-1.837847219829066070e+00,-2.325940255408903146e-01,-3.171476319498239826e-01,-3.481759119151261572e+00,9.724809805371132931e-01,-4.582187390443441810e-01,4.371733533342772038e-01,-3.262267364463408814e+00,-7.754069170249729970e-01,9.857920158050426096e-01,-2.469722636160833762e-01,-4.196887180635389125e-01,-9.204096845965986651e-01,1.134435023958942912e+00,-4.194950232830883530e-01,-1.545098302898014753e+00,-2.432450824047661442e+00,-1.394434911648746667e+00,-1.113901189737931618e+00,-7.369643750999199661e-01,1.159667015227612730e+00,-9.898908798046147650e-01,-1.120099352446805918e+00,1.204957707524648258e+00,6.021520254525669635e-01,-3.974562670904782102e+00,5.360338419481222028e-01,-7.031152942494910407e-01,-3.856799064125516208e-01,-3.135859687799798234e-02,-3.729958549388437961e-01,-5.414336808692048475e-01
4.538114311605724871e-01,-1.837847219829066070e+00,-1.117839943644278966e+00,8.743462339390176696e-01,-7.031729803905043541e-01,4.336127914775608216e-01,-4.582187390443441810e-01,1.639105483795093132e+00,-2.254207054732566273e-01,-7.754069170249729970e-01,8.825755528451835474e-02,7.897014355131553032e-01,-4.196887180635389125e-01,1.238816149457046267e-01,1.893320573638427318e-01,-4.194950232830883530e-01,-3.974661656809381355e-02,-4.418842033379606904e-01,5.441214513656071894e-01,5.064418309876218549e-01,-7.369643750999199661e-01,1.159667015227612730e+00,-9.898908798046147650e-01,-1.120099352446805918e+00,1.204957707524648258e+00,5.040068215092396997e-01,1.119483325352974186e-02,-2.904827771147657223e-01,-2.144441563237467208e-01,-3.856799064125516208e-01,-3.131961404964545698e-02,1.155962371602163419e+00,-5.414336808692048475e-01
-1.922285685376610154e-01,5.441148694030143451e-01,-1.117839943644278966e+00,8.743462339390176696e-01,-8.526445700315014864e-03,1.102918780418293276e-01,-4.582187390443441810e-01,-7.647587771265387246e-01,9.196198380804072592e-01,-7.754069170249729970e-01,8.825755528451835474e-02,-2.469722636160833762e-01,2.272654001589352379e+00,1.516270014335442173e+00,1.015062783307410649e-01,-4.194950232830883530e-01,6.344281354323140498e-02,6.249390170928373900e-01,3.892505573506863659e-01,1.117390838802174935e+00,-7.369643750999199661e-01,-8.623164985025838503e-01,-9.898908798046147650e-01,1.040659682060507407e+00,-8.299046462421418857e-01,4.330144562083663717e-01,2.021964911831932998e-01,-2.904827771147657223e-01,-3.474552352857836479e-01,-3.856799064125516208e-01,-3.131565186053421324e-02,1.366568872414919422e-01,-1.120325037773388877e+00
1.307914313114557359e-01,5.441148694030143451e-01,6.526518925624983369e-01,8.743462339390176696e-01,-2.863850595763907658e-01,-1.793709056635256260e+00,-4.582187390443441810e-01,-7.647587771265387246e-01,5.960214235978501529e-01,-7.754069170249729970e-01,-7.195234591839534399e-01,7.897014355131553032e-01,-4.196887180635389125e-01,-9.204096845965986651e-01,-1.698336686654289496e+00,-4.194950232830883530e-01,-1.545098302898014753e+00,2.344931282891807300e-01,1.087237655548967785e+00,9.447313365937142216e-01,-7.369643750999199661e-01,-8.623164985025838503e-01,-9.898908798046147650e-01,1.040659682060507407e+00,-8.299046462421418857e-01,-2.004287226947851330e+00,1.307814272084459051e-01,-5.632332614055187703e-01,-6.645854545284227699e-01,-3.856799064125516208e-01,-3.131552960504972033e-02,1.155962371602163419e+00,-1.120325037773388877e+00
1.307914313114557359e-01,5.441148694030143451e-01,1.537897810665886933e+00,8.743462339390176696e-01,-1.474557526383528661e-01,2.360277888223915876e-01,-4.582187390443441810e-01,1.639105483795093132e+00,-1.009597768261192435e-01,1.289645446853545208e+00,7.165316776488852568e-01,1.826375134642393983e+00,-4.196887180635389125e-01,1.516270014335442173e+00,1.157074406616695056e-01,-4.194950232830883530e-01,1.010766057014794300e-01,-2.472773921329586566e-01,1.282161366981540151e+00,-1.113901189737931618e+00,-7.369643750999199661e-01,-8.623164985025838503e-01,1.087910542549141157e-01,1.040659682060507407e+00,1.204957707524648258e+00,4.619540074348978398e-01,1.672269282466901652e-01,2.302226928948536144e-01,8.934649391922763195e-01,-3.856799064125516208e-01,-3.132477980695446557e-02,2.175267855962834673e+00,3.269033544870708630e-01
7.768314310096892106e-01,5.441148694030143451e-01,6.526518925624983369e-01,8.743462339390176696e-01,1.304028612377228502e-01,-1.793709056635256260e+00,-4.582187390443441810e-01,1.639105483795093132e+00,-3.996660055792489730e-01,-7.754069170249729970e-01,-8.092769052360058168e-01,7.897014355131553032e-01,-4.196887180635389125e-01,1.516270014335442173e+00,-1.698336686654289496e+00,-4.194950232830883530e-01,-1.545098302898014753e+00,-6.483767364188379734e-01,4.479946895632425097e-01,4.134713297984508040e-01,-7.369643750999199661e-01,-8.623164985025838503e-01,-9.898908798046147650e-01,1.040659682060507407e+00,1.204957707524648258e+00,-2.004287226947851330e+00,2.358050203166296432e-01,-5.659883168023950306e-01,-7.031152942494910407e-01,-3.856799064125516208e-01,-3.133033064054186606e-02,1.155962371602163419e+00,-5.414336808692048475e-01
-9.459419015189334257e-01,-1.837847219829066070e+00,-2.325940255408903146e-01,-3.171476319498239826e-01,1.519695930618101487e+00,-1.793709056635256260e+00,-4.582187390443441810e-01,-7.647587771265387246e-01,1.218326066833536947e+00,-7.754069170249729970e-01,-8.092769052360058168e-01,-1.283645962745322056e+00,-4.196887180635389125e-01,-9.204096845965986651e-01,-1.698336686654289496e+00,-4.194950232830883530e-01,-1.545098302898014753e+00,1.352888979269146530e+00,-1.394434911648746667e+00,1.276768840840753816e+00,1.356917693429100291e+00,-8.623164985025838503e-01,1.087910542549141157e-01,-1.120099352446805918e+00,-8.299046462421418857e-01,-2.004287226947851330e+00,5.150164152972586118e-01,-5.659883168023950306e-01,-7.031152942494910407e-01,-3.856799064125516208e-01,-3.132664374000410784e-02,-8.826485971191795343e-01,3.745767603497900805e-02
-4.075752351037388310e-01,-1.837847219829066070e+00,-2.325940255408903146e-01,-3.171476319498239826e-01,-4.253143665144286101e-01,2.048051319857057892e-02,-4.582187390443441810e-01,-7.647587771265387246e-01,3.470995663035753576e-01,-7.754069170249729970e-01,-8.092769052360058168e-01,-1.283645962745322056e+00,-4.196887180635389125e-01,-9.204096845965986651e-01,8.520581374219753090e-02,-4.194950232830883530e-01,-1.963517516782226913e-01,3.119205333570242988e-01,-1.394434911648746667e+00,8.119163348948983394e-01,-7.369643750999199661e-01,-8.623164985025838503e-01,-9.898908798046147650e-01,-1.120099352446805918e+00,-8.299046462421418857e-01,4.111539531656095980e-01,9.272988894116553082e-02,-5.659883168023950306e-01,-7.031152942494910407e-01,-3.856799064125516208e-01,-3.131647683246060326e-02,-8.826485971191795343e-01,-1.120325037773388877e+00
-1.053615234801972278e+00,5.441148694030143451e-01,-1.117839943644278966e+00,8.743462339390176696e-01,-4.253143665144286101e-01,-2.442516922305879370e-02,-4.582187390443441810e-01,1.639105483795093132e+00,1.143649509645254581e+00,-7.754069170249729970e-01,-8.092769052360058168e-01,-2.469722636160833762e-01,9.264826417629067334e-01,1.238816149457046267e-01,2.782490051667498854e-01,-4.194950232830883530e-01,-2.297365673024749644e-01,1.374396591787991895e+00,4.960580704644248495e-01,1.236924340331109207e+00,-7.369643750999199661e-01,-8.623164985025838503e-01,-9.898908798046147650e-01,1.040659682060507407e+00,1.204957707524648258e+00,3.998164362192896393e-01,9.272988894116553082e-02,-5.659883168023950306e-01,-7.031152942494910407e-01,-3.856799064125516208e-01,-3.130718137413510821e-02,1.366568872414919422e-01,-5.414336808692048475e-01
-1.161288568085011352e+00,-1.837847219829066070e+00,-1.117839943644278966e+00,8.743462339390176696e-01,1.859745840129379824e-01,1.268858484519867158e+00,2.182363824940011909e+00,1.639105483795093132e+00,1.230698947387280501e-01,1.289645446853545208e+00,1.883326476325566823e+00,7.897014355131553032e-01,-4.196887180635389125e-01,1.516270014335442173e+00,1.802630344402595508e+00,2.116005512487921347e+00,1.187115007790791710e+00,5.606085553191167969e-01,7.363749749703364378e-01,-1.113901189737931618e+00,-7.369643750999199661e-01,1.159667015227612730e+00,1.207472988314443052e+00,-1.120099352446805918e+00,1.204957707524648258e+00,6.482811447776725133e-01,2.488905768783777062e-01,1.913561540386268911e+00,1.929288353846853932e+00,4.118179169573116916e+00,-3.132567546309520529e-02,1.155962371602163419e+00,1.195240389843346795e+00
-1.161288568085011352e+00,5.441148694030143451e-01,-2.325940255408903146e-01,8.743462339390176696e-01,4.082614751137985665e-01,7.928582508505958026e-01,-4.582187390443441810e-01,-7.647587771265387246e-01,9.817770900930057609e-02,1.289645446853545208e+00,9.857920158050426096e-01,7.897014355131553032e-01,-4.196887180635389125e-01,-9.204096845965986651e-01,1.258491773593167773e+00,-4.194950232830883530e-01,9.023121806835341374e-01,5.386007657649493074e-01,7.363749749703364378e-01,-1.113901189737931618e+00,1.356917693429100291e+00,1.159667015227612730e+00,1.207472988314443052e+00,1.040659682060507407e+00,-8.299046462421418857e-01,5.717319261867084279e-01,2.993358757040473495e-01,5.360338419481222028e-01,1.064724410599524829e+00,-3.856799064125516208e-01,-3.132778492350388883e-02,1.155962371602163419e+00,9.057947113912546699e-01
1.307914313114557359e-01,5.441148694030143451e-01,-2.325940255408903146e-01,-3.171476319498239826e-01,9.639787028659499990e-01,8.287827967878993451e-01,2.182363824940011909e+00,-7.647587771265387246e-01,2.973151948447204096e-01,1.289645446853545208e+00,9.857920158050426096e-01,7.897014355131553032e-01,-4.196887180635389125e-01,-9.204096845965986651e-01,6.454725397893390504e-01,2.653838959469650760e+00,1.290790035220287901e+00,2.802004810826384112e-02,8.645439907068226404e-01,-1.113901189737931618e+00,1.356917693429100291e+00,1.159667015227612730e+00,2.306154922373972127e+00,-3.971983519314924160e-02,-8.299046462421418857e-01,5.779809712157563117e-01,4.138916512505173007e-01,5.360338419481222028e-01,9.665110936634683236e-01,3.269132438292362330e+00,-3.133003876091595974e-02,1.366568872414919422e-01,1.774131746747530380e+00
-7.305952349528556100e-01,5.441148694030143451e-01,-2.325940255408903146e-01,-9.128945648942448088e-01,-4.253143665144286101e-01,4.425939279618866795e-01,-4.582187390443441810e-01,-7.647587771265387246e-01,4.715604949507127275e-01,-7.754069170249729970e-01,-8.092769052360058168e-01,-1.283645962745322056e+00,-4.196887180635389125e-01,-9.204096845965986651e-01,6.405198680051021887e-01,-4.194950232830883530e-01,1.174655151897487371e-01,5.877671041306428146e-01,-1.394434911648746667e+00,8.783238357443062805e-01,-7.369643750999199661e-01,1.159667015227612730e+00,-9.898908798046147650e-01,-5.799095938199776423e-01,-8.299046462421418857e-01,5.058289115943179759e-01,9.272988894116553082e-02,-5.659883168023950306e-01,-7.031152942494910407e-01,-3.856799064125516208e-01,-3.131502441709724249e-02,-8.826485971191795343e-01,-1.120325037773388877e+00
-5.152485683867777944e-01,5.441148694030143451e-01,-1.117839943644278966e+00,-1.508641497838665746e+00,-1.474557526383528661e-01,-1.052553975819916637e-01,-4.582187390443441810e-01,-7.647587771265387246e-01,1.977464519270104859e-01,-7.754069170249729970e-01,9.857920158050426096e-01,7.897014355131553032e-01,3.618825361415798358e+00,1.516270014335442173e+00,-4.529907130448613400e-03,-4.194950232830883530e-01,-1.757138656559576462e-01,2.520503629984420235e-01,8.004594828385795946e-01,7.322273338756088989e-01,-7.369643750999199661e-01,-8.623164985025838503e-01,-9.898908798046147650e-01,-1.120099352446805918e+00,-8.299046462421418857e-01,3.786679315486112252e-01,1.672269282466901652e-01,5.360338419481222028e-01,1.555497052486023712e-01,-3.856799064125516208e-01,-3.132158449315507881e-02,-8.826485971191795343e-01,-1.120325037773388877e+00
8.845047642927281739e-01,-1.837847219829066070e+00,-1.117839943644278966e+00,-1.508641497838665746e+00,1.304028612377228502e-01,5.683298387424489118e-01,-4.582187390443441810e-01,-7.647587771265387246e-01,-8.477253487089435602e-01,-7.754069170249729970e-01,2.677644473886231502e-01,7.897014355131553032e-01,9.264826417629067334e-01,1.516270014335442173e+00,1.743544567674452095e-01,-4.194950232830883530e-01,5.302232356350495834e-01,-9.518945300084261651e-01,1.403890517956755124e-01,1.744043267405822328e-01,-7.369643750999199661e-01,1.159667015227612730e+00,-9.898908798046147650e-01,-1.120099352446805918e+00,-8.299046462421418857e-01,5.305998327827584626e-01,2.358050203166296432e-01,-1.692603396522088244e-01,3.288327674887473601e-02,-3.856799064125516208e-01,-3.133475492118716760e-02,-8.826485971191795343e-01,-1.120325037773388877e+00
-4.075752351037388310e-01,5.441148694030143451e-01,-2.325940255408903146e-01,8.743462339390176696e-01,4.082614751137985665e-01,-6.351424501572182635e-01,-4.582187390443441810e-01,-7.647587771265387246e-01,9.817770900930057609e-02,-7.754069170249729970e-01,-8.092769052360058168e-01,-1.283645962745322056e+00,-4.196887180635389125e-01,-9.204096845965986651e-01,-5.593417235298002721e-01,-4.194950232830883530e-01,-4.488623571271126433e-01,1.226535431911841278e-01,-1.394434911648746667e+00,6.791013331960825683e-01,1.356917693429100291e+00,-8.623164985025838503e-01,1.087910542549141157e-01,1.040659682060507407e+00,-8.299046462421418857e-01,2.085468328699696394e-01,2.993358757040473495e-01,-5.659883168023950306e-01,-7.031152942494910407e-01,-3.856799064125516208e-01,-3.132778492350388883e-02,-8.826485971191795343e-01,3.745767603497900805e-02
4.538114311605724871e-01,5.441148694030143451e-01,6.526518925624983369e-01,8.743462339390176696e-01,1.241837316742025799e+00,-1.793709056635256260e+00,-4.582187390443441810e-01,4.371733533342772038e-01,-6.485878628735237683e-01,1.289645446853545208e+00,-8.092769052360058168e-01,-1.283645962745322056e+00,-4.196887180635389125e-01,1.238816149457046267e-01,-1.698336686654289496e+00,-4.194950232830883530e-01,-1.545098302898014753e+00,-7.192582406499682390e-01,-1.394434911648746667e+00,-1.113901189737931618e+00,1.356917693429100291e+00,-8.623164985025838503e-01,1.207472988314443052e+00,1.040659682060507407e+00,1.204957707524648258e+00,-2.004287226947851330e+00,4.659333095152841664e-01,-5.659883168023950306e-01,-7.031152942494910407e-01,-3.856799064125516208e-01,-3.133886111629588522e-02,-8.826485971191795343e-01,1.484686068295438144e+00
2.311809802841681069e-02,5.441148694030143451e-01,-2.325940255408903146e-01,-1.508641497838665746e+00,6.861200889898743105e-01,-1.793709056635256260e+00,-4.582187390443441810e-01,-7.647587771265387246e-01,-2.254207054732566273e-01,-7.754069170249729970e-01,-8.092769052360058168e-01,-1.283645962745322056e+00,-4.196887180635389125e-01,-9.204096845965986651e-01,-1.698336686654289496e+00,-4.194950232830883530e-01,-1.545098302898014753e+00,-2.944348240261311922e-01,-1.394434911648746667e+00,5.064418309876218549e-01,1.356917693429100291e+00,-8.623164985025838503e-01,1.087910542549141157e-01,-1.120099352446805918e+00,-8.299046462421418857e-01,-2.004287226947851330e+00,3.585117714792993016e-01,-5.659883168023950306e-01,-7.031152942494910407e-01,-3.856799064125516208e-01,-3.133260832576296312e-02,-8.826485971191795343e-01,3.745767603497900805e-02
-5.152485683867777944e-01,5.441148694030143451e-01,-2.325940255408903146e-01,-1.508641497838665746e+00,4.082614751137985665e-01,-1.142365340663175494e-01,-4.582187390443441810e-01,-7.647587771265387246e-01,1.019188580998117155e+00,-7.754069170249729970e-01,-8.092769052360058168e-01,-1.283645962745322056e+00,-4.196887180635389125e-01,-9.204096845965986651e-01,-1.353951765983065804e-02,-4.194950232830883530e-01,4.401892081639371956e-02,8.893779829446394336e-01,-1.394434911648746667e+00,1.170516839481701155e+00,1.356917693429100291e+00,-8.623164985025838503e-01,1.087910542549141157e-01,-1.120099352446805918e+00,-8.299046462421418857e-01,3.762561971515636094e-01,2.993358757040473495e-01,-5.659883168023950306e-01,-7.031152942494910407e-01,-3.856799064125516208e-01,-3.131934016560550954e-02,-8.826485971191795343e-01,3.745767603497900805e-02
8.845047642927281739e-01,5.441148694030143451e-01,-1.117839943644278966e+00,-1.508641497838665746e+00,1.304028612377228502e-01,2.809334712440209603e-01,-4.582187390443441810e-01,-7.647587771265387246e-01,3.719917520330028315e-01,-7.754069170249729970e-01,8.062851237009377448e-01,7.897014355131553032e-01,3.618825361415798358e+00,1.516270014335442173e+00,-5.350149984660634850e-02,-4.194950232830883530e-01,2.777126301861596591e-01,-2.039846495143791960e-01,9.158115970014170104e-01,8.251978350647799498e-01,-7.369643750999199661e-01,-8.623164985025838503e-01,-9.898908798046147650e-01,-1.120099352446805918e+00,-8.299046462421418857e-01,4.718587754246064692e-01,2.358050203166296432e-01,3.266496317855240306e-01,3.288327674887484009e-02,-3.856799064125516208e-01,-3.132271104609717083e-02,-8.826485971191795343e-01,-1.120325037773388877e+00
9.921780975757670262e-01,5.441148694030143451e-01,1.537897810665886933e+00,-1.508641497838665746e+00,1.304028612377228502e-01,-1.793709056635256260e+00,2.182363824940011909e+00,4.371733533342772038e-01,7.204823522449874673e-01,-7.754069170249729970e-01,1.883326476325566823e+00,7.897014355131553032e-01,-4.196887180635389125e-01,-9.204096845965986651e-01,-1.698336686654289496e+00,2.077588837703511881e+00,-1.545098302898014753e+00,-2.906047273540253092e-02,1.120882022179795046e+00,1.011138837443122274e+00,-7.369643750999199661e-01,-8.623164985025838503e-01,1.087910542549141157e-01,-1.120099352446805918e+00,1.204957707524648258e+00,-2.004287226947851330e+00,2.358050203166296432e-01,1.913561540386268911e+00,4.168825311828047719e-01,-3.856799064125516208e-01,-3.131926993892859834e-02,-8.826485971191795343e-01,3.269033544870708630e-01
-2.999019018206999232e-01,-1.837847219829066070e+00,-1.117839943644278966e+00,-1.508641497838665746e+00,1.304028612377228502e-01,5.054618833521677956e-01,-4.582187390443441810e-01,1.639105483795093132e+00,4.466683092212852535e-01,-7.754069170249729970e-01,-3.605096749757437102e-01,-2.469722636160833762e-01,-4.196887180635389125e-01,1.238816149457046267e-01,5.176741855137393378e-01,-4.194950232830883530e-01,4.749865406931049749e-01,3.323316793553011128e-01,1.916566580902701045e-01,8.650423355744247811e-01,-7.369643750999199661e-01,1.159667015227612730e+00,-9.898908798046147650e-01,-1.120099352446805918e+00,1.204957707524648258e+00,5.183830666393641762e-01,2.358050203166296432e-01,-4.971119318804877452e-01,-5.027601276999358326e-01,-3.856799064125516208e-01,-3.132197366598962057e-02,-8.826485971191795343e-01,-5.414336808692048475e-01
-1.591981901217166984e+00,5.441148694030143451e-01,-2.325940255408903146e-01,-3.171476319498239826e-01,-1.474557526383528661e-01,3.844278616722233283e-02,-4.582187390443441810e-01,-7.647587771265387246e-01,3.470995663035753576e-01,-7.754069170249729970e-01,-8.092769052360058168e-01,-1.283645962745322056e+00,-4.196887180635389125e-01,-9.204096845965986651e-01,6.108957967227310881e-01,-4.194950232830883530e-01,-5.917050929493150591e-02,1.085973993137833382e+00,-1.394434911648746667e+00,8.119163348948983394e-01,-7.369643750999199661e-01,-8.623164985025838503e-01,-9.898908798046147650e-01,-3.971983519314924160e-02,-8.299046462421418857e-01,4.156109581559349064e-01,1.672269282466901652e-01,-5.659883168023950306e-01,-7.031152942494910407e-01,-3.856799064125516208e-01,-3.131998683625538543e-02,-8.826485971191795343e-01,-1.120325037773388877e+00
1.530544763990961732e+00,5.441148694030143451e-01,-1.117839943644278966e+00,8.743462339390176696e-01,9.639787028659499990e-01,7.928582508505958026e-01,2.182363824940011909e+00,1.639105483795093132e+00,-6.485878628735237683e-01,1.289645446853545208e+00,2.242340260533776330e+00,7.897014355131553032e-01,3.618825361415798358e+00,1.168172914488007974e+00,1.714224867374849193e-01,2.653838959469650760e+00,1.251942249766612614e+00,-9.711983264437465957e-01,2.333115882046278844e-01,-1.113901189737931618e+00,1.356917693429100291e+00,1.159667015227612730e+00,2.306154922373972127e+00,1.040659682060507407e+00,1.204957707524648258e+00,5.717319261867084279e-01,4.138916512505173007e-01,2.618855721986599772e+00,3.152776590289116943e+00,2.529923817405228093e+00,-3.133762763118950329e-02,1.155962371602163419e+00,2.353023103651714187e+00
5.614847644436113949e-01,-1.837847219829066070e+00,-2.325940255408903146e-01,-3.171476319498239826e-01,-8.526445700315014864e-03,4.066693820245831925e-01,-4.582187390443441810e-01,-7.647587771265387246e-01,7.702667237038424153e-01,-7.754069170249729970e-01,-4.502631210277961427e-01,-2.469722636160833762e-01,-4.196887180635389125e-01,1.238816149457046267e-01,1.348899981801595371e-01,-4.194950232830883530e-01,3.138289307251235227e-01,1.659603968731980794e-01,3.315745002692674914e-01,1.037701837782885272e+00,-7.369643750999199661e-01,1.159667015227612730e+00,-9.898908798046147650e-01,-1.120099352446805918e+00,-8.299046462421418857e-01,4.984963192805818566e-01,2.021964911831932998e-01,-5.219074304523743102e-01,-5.556145581393890920e-01,-3.856799064125516208e-01,-3.131718561115792027e-02,-3.729958549388437961e-01,-1.120325037773388877e+00
-9.459419015189334257e-01,-1.837847219829066070e+00,-2.325940255408903146e-01,-9.128945648942448088e-01,-1.474557526383528661e-01,2.518240229918830651e-03,-4.582187390443441810e-01,-7.647587771265387246e-01,1.218326066833536947e+00,-7.754069170249729970e-01,-8.092769052360058168e-01,-2.469722636160833762e-01,-4.196887180635389125e-01,1.238816149457046267e-01,2.637562730778195141e-01,-4.194950232830883530e-01,-8.830634838518804097e-02,1.352888979269146530e+00,5.281003243985463724e-01,1.276768840840753816e+00,-7.369643750999199661e-01,-8.623164985025838503e-01,-9.898908798046147650e-01,-1.120099352446805918e+00,-8.299046462421418857e-01,4.066528186955357671e-01,1.672269282466901652e-01,-5.659883168023950306e-01,-7.031152942494910407e-01,-3.856799064125516208e-01,-3.131066717100717406e-02,-6.278222260290116097e-01,-1.120325037773388877e+00
1.638218097274000584e+00,5.441148694030143451e-01,1.537897810665886933e+00,8.743462339390176696e-01,-3.481759119151261572e+00,8.018393873349216605e-01,2.182363824940011909e+00,4.371733533342772038e-01,-3.262267364463408814e+00,-7.754069170249729970e-01,-8.092769052360058168e-01,-1.283645962745322056e+00,-4.196887180635389125e-01,-9.204096845965986651e-01,1.507226569193392263e-01,-4.194950232830883530e-01,-1.545098302898014753e+00,-2.432450824047661442e+00,-1.394434911648746667e+00,-1.113901189737931618e+00,-7.369643750999199661e-01,1.159667015227612730e+00,1.087910542549141157e-01,1.040659682060507407e+00,1.204957707524648258e+00,5.733022588971421474e-01,-3.974562670904782102e+00,-5.659883168023950306e-01,-7.031152942494910407e-01,-3.856799064125516208e-01,-3.135859687799798234e-02,-8.826485971191795343e-01,3.269033544870708630e-01
-7.305952349528556100e-01,5.441148694030143451e-01,6.526518925624983369e-01,8.743462339390176696e-01,9.639787028659499990e-01,-1.793709056635256260e+00,-4.582187390443441810e-01,-7.647587771265387246e-01,-1.756363340144016794e-01,1.289645446853545208e+00,-8.092769052360058168e-01,7.897014355131553032e-01,-4.196887180635389125e-01,1.516270014335442173e+00,-1.698336686654289496e+00,-4.194950232830883530e-01,-1.545098302898014753e+00,6.426266324640322880e-02,5.921848322667895292e-01,-1.113901189737931618e+00,1.356917693429100291e+00,-8.623164985025838503e-01,1.207472988314443052e+00,1.040659682060507407e+00,-8.299046462421418857e-01,-2.004287226947851330e+00,4.138916512505173007e-01,-5.659883168023950306e-01,-7.031152942494910407e-01,-3.856799064125516208e-01,-3.133383319605272804e-02,1.155962371602163419e+00,9.057947113912546699e-01
9.921780975757670262e-01,5.441148694030143451e-01,1.537897810665886933e+00,-3.171476319498239826e-01,-3.481759119151261572e+00,1.551975604634587003e-01,2.182363824940011909e+00,4.371733533342772038e-01,-3.262267364463408814e+00,-7.754069170249729970e-01,-8.092769052360058168e-01,-1.283645962745322056e+00,-4.196887180635389125e-01,-9.204096845965986651e-01,-1.777146428619049978e-01,-4.194950232830883530e-01,-1.545098302898014753e+00,-2.432450824047661442e+00,-1.394434911648746667e+00,-1.113901189737931618e+00,-7.369643750999199661e-01,-8.623164985025838503e-01,1.087910542549141157e-01,-3.971983519314924160e-02,1.204957707524648258e+00,4.435627453816501919e-01,-3.974562670904782102e+00,-5.659883168023950306e-01,-7.031152942494910407e-01,-3.856799064125516208e-01,-3.135859687799798234e-02,-8.826485971191795343e-01,3.269033544870708630e-01
-2.999019018206999232e-01,-1.837847219829066070e+00,6.526518925624983369e-01,8.743462339390176696e-01,-1.474557526383528661e-01,-1.793709056635256260e+00,-4.582187390443441810e-01,-7.647587771265387246e-01,-1.009597768261192435e-01,1.289645446853545208e+00,5.370247855447803920e-01,-2.469722636160833762e-01,-4.196887180635389125e-01,-9.204096845965986651e-01,-1.698336686654289496e+00,-4.194950232830883530e-01,-1.545098302898014753e+00,-7.589124061023683199e-02,-5.400062207132844128e-02,-1.113901189737931618e+00,-7.369643750999199661e-01,-8.623164985025838503e-01,1.087910542549141157e-01,-1.120099352446805918e+00,-8.299046462421418857e-01,-2.004287226947851330e+00,1.672269282466901652e-01,5.389914749477092704e-02,7.056319705520684993e-01,-3.856799064125516208e-01,-3.132477980695446557e-02,1.366568872414919422e-01,-2.519880024171129995e-01
9.921780975757670262e-01,-1.837847219829066070e+00,-1.117839943644278966e+00,-1.508641497838665746e+00,2.693321681757607222e-01,4.695373374148643086e-01,-4.582187390443441810e-01,1.639105483795093132e+00,1.019188580998117155e+00,-7.754069170249729970e-01,-8.092769052360058168e-01,-2.469722636160833762e-01,-4.196887180635389125e-01,1.238816149457046267e-01,6.754697710460853821e-02,-4.194950232830883530e-01,5.199042926239171303e-01,1.511938036130170970e-01,4.426543139075556077e-01,1.170516839481701155e+00,-7.369643750999199661e-01,1.159667015227612730e+00,-9.898908798046147650e-01,-1.120099352446805918e+00,1.204957707524648258e+00,5.112517695451557209e-01,2.681545029392731205e-01,-5.659883168023950306e-01,-7.031152942494910407e-01,-3.856799064125516208e-01,-3.131788621329467670e-02,-8.826485971191795343e-01,-5.414336808692048475e-01
2.384647645944946437e-01,-1.837847219829066070e+00,-1.117839943644278966e+00,-3.171476319498239826e-01,4.082614751137985665e-01,8.467450697565510609e-01,-4.582187390443441810e-01,1.639105483795093132e+00,5.462370521389952049e-01,-7.754069170249729970e-01,3.575178934406756381e-01,7.897014355131553032e-01,-4.196887180635389125e-01,1.238816149457046267e-01,6.193856220292641712e-01,-4.194950232830883530e-01,9.532998990914830495e-01,1.530714523249797898e-01,1.035970049254372860e+00,9.181683362539511117e-01,1.356917693429100291e+00,1.159667015227612730e+00,1.087910542549141157e-01,-1.120099352446805918e+00,1.204957707524648258e+00,5.810735740785284431e-01,2.993358757040473495e-01,-1.003839547303014418e-01,-1.957223400006175562e-01,-3.856799064125516208e-01,-3.132367666290467728e-02,1.366568872414919422e-01,6.163490329391630995e-01
-6.229219016698166467e-01,-1.837847219829066070e+00,-2.325940255408903146e-01,-1.508641497838665746e+00,-1.474557526383528661e-01,-4.238744219171054067e-02,-4.582187390443441810e-01,-7.647587771265387246e-01,-1.507441482849742054e-01,-7.754069170249729970e-01,-8.092769052360058168e-01,-1.283645962745322056e+00,-4.196887180635389125e-01,-9.204096845965986651e-01,9.513890935084130807e-02,-4.194950232830883530e-01,-1.247261472480087063e-01,3.196311040338529336e-02,-1.394434911648746667e+00,5.462863314972666862e-01,-7.369643750999199661e-01,-8.623164985025838503e-01,-9.898908798046147650e-01,-1.120099352446805918e+00,-8.299046462421418857e-01,3.952010578193693724e-01,1.672269282466901652e-01,-5.659883168023950306e-01,-7.031152942494910407e-01,-3.856799064125516208e-01,-3.132531235925436336e-02,-8.826485971191795343e-01,-1.120325037773388877e+00
2.311809802841681069e-02,5.441148694030143451e-01,-2.325940255408903146e-01,8.743462339390176696e-01,1.304028612377228502e-01,3.797259725716055634e-01,-4.582187390443441810e-01,-7.647587771265387246e-01,-9.970784630855084041e-01,1.289645446853545208e+00,8.825755528451835474e-02,7.897014355131553032e-01,-4.196887180635389125e-01,-9.204096845965986651e-01,2.801070477422538119e-01,-4.194950232830883530e-01,3.645131508092155914e-01,-8.377011846873396728e-01,4.746651538672313347e-02,-1.113901189737931618e+00,-7.369643750999199661e-01,1.159667015227612730e+00,1.087910542549141157e-01,1.040659682060507407e+00,-8.299046462421418857e-01,4.929182018413219013e-01,2.358050203166296432e-01,-2.904827771147657223e-01,6.035488354215206019e-01,-3.856799064125516208e-01,-3.133622968140226811e-02,1.155962371602163419e+00,-2.519880024171129995e-01
5.614847644436113949e-01,5.441148694030143451e-01,-1.117839943644278966e+00,-1.508641497838665746e+00,6.861200889898743105e-01,1.102918780418293276e-01,2.182363824940011909e+00,-7.647587771265387246e-01,6.458057950567051009e-01,-7.754069170249729970e-01,6.267782315968328799e-01,-2.469722636160833762e-01,-4.196887180635389125e-01,1.238816149457046267e-01,-1.120344124301945743e-01,2.461755585547604319e+00,3.851510368314806643e-01,8.576251968428287575e-02,2.653538421387497404e-01,9.712943369334774424e-01,1.356917693429100291e+00,-8.623164985025838503e-01,1.207472988314443052e+00,-1.120099352446805918e+00,-8.299046462421418857e-01,4.330144562083663717e-01,3.585117714792993016e-01,1.393058647979361631e-01,-9.444137055463996955e-02,1.933316346376837247e+00,-3.132515259356439402e-02,-8.826485971191795343e-01,9.057947113912546699e-01
1.853564763840078289e+00,-1.837847219829066070e+00,-1.117839943644278966e+00,-3.171476319498239826e-01,9.639787028659499990e-01,9.185941616311580349e-01,-4.582187390443441810e-01,-7.647587771265387246e-01,7.702667237038424153e-01,-7.754069170249729970e-01,-4.502631210277961427e-01,-2.469722636160833762e-01,2.272654001589352379e+00,1.238816149457046267e-01,1.794691811456652908e-01,-4.194950232830883530e-01,1.387909498854476453e+00,-2.732076968035667131e-01,3.315745002692674914e-01,1.037701837782885272e+00,1.356917693429100291e+00,1.159667015227612730e+00,1.087910542549141157e-01,-1.120099352446805918e+00,-8.299046462421418857e-01,5.932378012614875074e-01,4.138916512505173007e-01,-5.219074304523743102e-01,-5.556145581393890920e-01,-3.856799064125516208e-01,-3.132624432577918450e-02,-3.729958549388437961e-01,3.745767603497900805e-02
2.311809802841681069e-02,-1.837847219829066070e+00,-1.117839943644278966e+00,-3.171476319498239826e-01,1.859745840129379824e-01,7.928582508505958026e-01,2.182363824940011909e+00,1.639105483795093132e+00,6.955901665155600488e-01,1.289645446853545208e+00,-8.092769052360058168e-01,-2.469722636160833762e-01,9.264826417629067334e-01,1.238816149457046267e-01,6.561748650242410497e-01,2.116005512487921347e+00,7.624601530503027913e-01,3.539798645049890835e-01,3.038045468596955456e-01,-1.113901189737931618e+00,-7.369643750999199661e-01,1.159667015227612730e+00,1.207472988314443052e+00,-1.120099352446805918e+00,1.204957707524648258e+00,5.717319261867084279e-01,2.488905768783777062e-01,-5.659883168023950306e-01,-7.031152942494910407e-01,2.643308406664808707e+00,-3.132010787086899478e-02,-3.729958549388437961e-01,1.195240389843346795e+00
-4.075752351037388310e-01,5.441148694030143451e-01,-2.325940255408903146e-01,-3.171476319498239826e-01,1.241837316742025799e+00,8.334846858885169851e-02,-4.582187390443441810e-01,4.371733533342772038e-01,-3.747738198498214990e-01,-7.754069170249729970e-01,-8.092769052360058168e-01,-1.283645962745322056e+00,-4.196887180635389125e-01,-9.204096845965986651e-01,1.470117419737588249e-01,-4.194950232830883530e-01,6.115607864286825013e-01,-2.369537381239129603e-01,-1.394434911648746667e+00,4.267528299683323589e-01,1.356917693429100291e+00,-8.623164985025838503e-01,1.087910542549141157e-01,-3.971983519314924160e-02,1.204957707524648258e+00,4.265659669874327098e-01,4.659333095152841664e-01,-5.659883168023950306e-01,-7.031152942494910407e-01,-3.856799064125516208e-01,-3.133679356030804469e-02,-8.826485971191795343e-01,6.163490329391630995e-01
1.099851430858805879e+00,5.441148694030143451e-01,1.537897810665886933e+00,8.743462339390176696e-01,6.861200889898743105e-01,-6.034971516036229111e-02,-4.582187390443441810e-01,4.371733533342772038e-01,9.817770900930057609e-02,1.289645446853545208e+00,-3.605096749757437102e-01,7.897014355131553032e-01,-4.196887180635389125e-01,-9.204096845965986651e-01,-3.670259557735577882e-01,-4.194950232830883530e-01,2.121569922330824587e-01,-4.362755371423134854e-01,7.604066654209276077e-01,-1.113901189737931618e+00,1.356917693429100291e+00,-8.623164985025838503e-01,1.207472988314443052e+00,1.040659682060507407e+00,1.204957707524648258e+00,3.905383413793532821e-01,3.585117714792993016e-01,-4.971119318804877452e-01,-2.611553680372370456e-01,-3.856799064125516208e-01,-3.132983905380349460e-02,1.155962371602163419e+00,1.484686068295438144e+00
-1.922285685376610154e-01,-1.837847219829066070e+00,-2.325940255408903146e-01,-3.171476319498239826e-01,-1.474557526383528661e-01,9.232960507317758414e-02,-4.582187390443441810e-01,-7.647587771265387246e-01,4.217761234918577795e-01,-7.754069170249729970e-01,-8.092769052360058168e-01,-1.283645962745322056e+00,-4.196887180635389125e-01,-9.204096845965986651e-01,8.452662771767480154e-02,-4.194950232830883530e-01,-1.546675065954670504e-02,2.609640360046828200e-01,-1.394434911648746667e+00,8.517608354045431707e-01,-7.369643750999199661e-01,-8.623164985025838503e-01,-9.898908798046147650e-01,-1.120099352446805918e+00,-8.299046462421418857e-01,4.287256426293599709e-01,1.672269282466901652e-01,-5.659883168023950306e-01,-7.031152942494910407e-01,-3.856799064125516208e-01,-3.131918800780553874e-02,-8.826485971191795343e-01,-1.120325037773388877e+00
6.691580977266503583e-01,5.441148694030143451e-01,1.537897810665886933e+00,8.743462339390176696e-01,1.304028612377228502e-01,-1.232176705506434211e-01,2.182363824940011909e+00,1.639105483795093132e+00,2.226386376564379599e-01,1.289645446853545208e+00,-3.605096749757437102e-01,7.897014355131553032e-01,-4.196887180635389125e-01,-9.204096845965986651e-01,-3.297768472411434781e-01,2.077588837703511881e+00,-7.738040872634184553e-02,-2.243359387795233195e-01,8.405123002562315815e-01,-1.113901189737931618e+00,-7.369643750999199661e-01,-8.623164985025838503e-01,1.207472988314443052e+00,1.040659682060507407e+00,1.204957707524648258e+00,3.738316001102484631e-01,2.358050203166296432e-01,-4.971119318804877452e-01,-2.768277058461822149e-01,1.348243801215539550e+00,-3.132418580631227134e-02,1.155962371602163419e+00,1.195240389843346795e+00
1.307914313114557359e-01,5.441148694030143451e-01,6.526518925624983369e-01,-1.508641497838665746e+00,3.526897523385834066e-01,5.413864292894713381e-01,-4.582187390443441810e-01,-7.647587771265387246e-01,5.960214235978501529e-01,-7.754069170249729970e-01,2.677644473886231502e-01,7.897014355131553032e-01,9.264826417629067334e-01,1.516270014335442173e+00,3.886167341516810203e-01,-4.194950232830883530e-01,6.328056690986612054e-01,2.344931282891807300e-01,1.069614415885200787e+00,9.447313365937142216e-01,-7.369643750999199661e-01,1.159667015227612730e+00,-9.898908798046147650e-01,-1.120099352446805918e+00,-8.299046462421418857e-01,5.254042234583207183e-01,2.869980914369990033e-01,-1.692603396522088244e-01,-2.407572175966714856e-01,-3.856799064125516208e-01,-3.132270748387442488e-02,-8.826485971191795343e-01,-1.120325037773388877e+00
2.311809802841681069e-02,-1.837847219829066070e+00,-2.325940255408903146e-01,-1.508641497838665746e+00,2.693321681757607222e-01,4.964807468678419378e-01,-4.582187390443441810e-01,-7.647587771265387246e-01,7.204823522449874673e-01,-7.754069170249729970e-01,-1.495890767534042119e-03,7.897014355131553032e-01,-4.196887180635389125e-01,1.238816149457046267e-01,3.863870830610762752e-01,-4.194950232830883530e-01,5.444876568563210562e-01,3.715045858166406423e-01,1.154526388810622528e+00,1.011138837443122274e+00,-7.369643750999199661e-01,1.159667015227612730e+00,-9.898908798046147650e-01,-1.120099352446805918e+00,-8.299046462421418857e-01,5.166107023373627261e-01,2.681545029392731205e-01,-3.428288296554152792e-01,-3.671159466198022359e-01,-3.856799064125516208e-01,-3.132072649222746724e-02,-8.826485971191795343e-01,-1.120325037773388877e+00
7.768314310096892106e-01,5.441148694030143451e-01,6.526518925624983369e-01,8.743462339390176696e-01,6.861200889898743105e-01,-1.793709056635256260e+00,-4.582187390443441810e-01,-7.647587771265387246e-01,-3.498816341203940250e-01,1.289645446853545208e+00,9.857920158050426096e-01,7.897014355131553032e-01,-4.196887180635389125e-01,1.516270014335442173e+00,-1.698336686654289496e+00,-4.194950232830883530e-01,-1.545098302898014753e+00,-6.173493609818151429e-01,4.479946895632425097e-01,-1.113901189737931618e+00,1.356917693429100291e+00,-8.623164985025838503e-01,1.207472988314443052e+00,1.040659682060507407e+00,-8.299046462421418857e-01,-2.004287226947851330e+00,3.585117714792993016e-01,5.360338419481222028e-01,1.334394874051069602e+00,-3.856799064125516208e-01,-3.133367343036275871e-02,1.155962371602163419e+00,9.057947113912546699e-01
2.391931430255272772e+00,-1.837847219829066070e+00,-1.117839943644278966e+00,-1.508641497838665746e+00,4.082614751137985665e-01,-2.442516922305879370e-02,-4.582187390443441810e-01,4.371733533342772038e-01,-3.747738198498214990e-01,-7.754069170249729970e-01,1.780110013365708566e-01,7.897014355131553032e-01,-4.196887180635389125e-01,1.238816149457046267e-01,-5.539976019157931697e-01,-4.194950232830883530e-01,1.289984514963086193e-01,-9.880448464662477948e-01,4.463925768665367166e-01,4.267528299683323589e-01,1.356917693429100291e+00,-8.623164985025838503e-01,1.087910542549141157e-01,-1.120099352446805918e+00,1.204957707524648258e+00,3.998164362192896393e-01,2.993358757040473495e-01,-2.326266137803635059e-01,-1.380109783404892820e-01,-3.856799064125516208e-01,-3.133212142080305657e-02,-8.826485971191795343e-01,6.163490329391630995e-01
-1.591981901217166984e+00,5.441148694030143451e-01,-2.325940255408903146e-01,-3.171476319498239826e-01,-1.474557526383528661e-01,2.518240229918830651e-03,-4.582187390443441810e-01,-7.647587771265387246e-01,7.204823522449874673e-01,1.289645446853545208e+00,8.825755528451835474e-02,7.897014355131553032e-01,-4.196887180635389125e-01,-9.204096845965986651e-01,5.656167284212210156e-01,-4.194950232830883530e-01,-8.830634838518804097e-02,1.449948974225987453e+00,1.152924276113916680e+00,-1.113901189737931618e+00,-7.369643750999199661e-01,-8.623164985025838503e-01,1.087910542549141157e-01,-3.971983519314924160e-02,-8.299046462421418857e-01,4.066528186955357671e-01,1.672269282466901652e-01,-2.904827771147657223e-01,4.354992270537277887e-02,-3.856799064125516208e-01,-3.131599269400615199e-02,1.366568872414919422e-01,-2.519880024171129995e-01
3.461380978775335793e-01,5.441148694030143451e-01,-1.117839943644278966e+00,-1.508641497838665746e+00,6.861200889898743105e-01,-2.848781272685091404e-01,-4.582187390443441810e-01,-7.647587771265387246e-01,1.068972952456972214e+00,-7.754069170249729970e-01,6.267782315968328799e-01,-2.469722636160833762e-01,-4.196887180635389125e-01,1.238816149457046267e-01,-3.971592502003647440e-01,-4.194950232830883530e-01,-1.546675065954670504e-02,4.563611311151659078e-01,4.469266144321051848e-01,1.197079839821464375e+00,1.356917693429100291e+00,-8.623164985025838503e-01,1.087910542549141157e-01,-1.120099352446805918e+00,-8.299046462421418857e-01,3.278204787788088215e-01,3.585117714792993016e-01,1.393058647979361631e-01,-1.535696945707111793e-01,-3.856799064125516208e-01,-3.132153123792508903e-02,-8.826485971191795343e-01,3.745767603497900805e-02
-8.455523525462210754e-02,5.441148694030143451e-01,6.526518925624983369e-01,8.743462339390176696e-01,-1.258890208142655842e+00,-1.793709056635256260e+00,-4.582187390443441810e-01,-7.647587771265387246e-01,2.475308233858654339e-01,1.289645446853545208e+00,9.857920158050426096e-01,1.826375134642393983e+00,-4.196887180635389125e-01,-9.204096845965986651e-01,-1.698336686654289496e+00,-4.194950232830883530e-01,-1.545098302898014753e+00,8.515725268663074110e-02,1.574813952913183712e+00,-1.113901189737931618e+00,-7.369643750999199661e-01,-8.623164985025838503e-01,1.087910542549141157e-01,1.040659682060507407e+00,-8.299046462421418857e-01,-2.004287226947851330e+00,-1.793836217418776080e-01,5.360338419481222028e-01,9.900269582819608560e-01,-3.856799064125516208e-01,-3.130227947228377688e-02,2.175267855962834673e+00,-2.519880024171129995e-01
-1.807328567783244688e+00,-1.837847219829066070e+00,-2.325940255408903146e-01,-1.508641497838665746e+00,1.304028612377228502e-01,1.013107415575034559e-01,-4.582187390443441810e-01,-7.647587771265387246e-01,2.724230091152929356e-01,-7.754069170249729970e-01,-8.092769052360058168e-01,-1.283645962745322056e+00,-4.196887180635389125e-01,-9.204096845965986651e-01,8.192406988398150958e-01,-4.194950232830883530e-01,1.198935017806034425e-01,1.199429257513059621e+00,-1.394434911648746667e+00,7.720718343852536192e-01,-7.369643750999199661e-01,-8.623164985025838503e-01,-9.898908798046147650e-01,-1.120099352446805918e+00,-8.299046462421418857e-01,4.308751070008010609e-01,2.358050203166296432e-01,-5.659883168023950306e-01,-7.031152942494910407e-01,-3.856799064125516208e-01,-3.132369421957390682e-02,-8.826485971191795343e-01,-1.120325037773388877e+00
-8.455523525462210754e-02,5.441148694030143451e-01,1.537897810665886933e+00,8.743462339390176696e-01,1.925941568729255815e-02,-1.793709056635256260e+00,-4.582187390443441810e-01,-7.647587771265387246e-01,-6.236956771440962388e-01,-7.754069170249729970e-01,-8.092769052360058168e-01,-1.283645962745322056e+00,-4.196887180635389125e-01,-9.204096845965986651e-01,-1.698336686654289496e+00,-4.194950232830883530e-01,-1.545098302898014753e+00,-5.397809223892574559e-01,-1.394434911648746667e+00,2.939378282695165323e-01,-7.369643750999199661e-01,-8.623164985025838503e-01,-9.898908798046147650e-01,1.040659682060507407e+00,-8.299046462421418857e-01,-2.004287226947851330e+00,2.090236430261879219e-01,-5.659883168023950306e-01,-7.031152942494910407e-01,-3.856799064125516208e-01,-3.133171566666979879e-02,-8.826485971191795343e-01,-1.120325037773388877e+00
-1.591981901217166984e+00,-1.837847219829066070e+00,-1.117839943644278966e+00,-1.508641497838665746e+00,-8.698881487161497228e-01,-6.462896254407044135e-03,-4.582187390443441810e-01,-7.647587771265387246e-01,1.193433881104109640e+00,-7.754069170249729970e-01,-8.092769052360058168e-01,-2.469722636160833762e-01,-4.196887180635389125e-01,1.238816149457046267e-01,5.542969613458430533e-01,-4.194950232830883530e-01,-4.096503736848090549e-01,1.910983950270983334e+00,5.174195730871725685e-01,1.263487340670872205e+00,-7.369643750999199661e-01,-8.623164985025838503e-01,-9.898908798046147650e-01,-1.120099352446805918e+00,-8.299046462421418857e-01,4.043854281217822422e-01,-4.169701171439460508e-02,-5.659883168023950306e-01,-7.031152942494910407e-01,-3.856799064125516208e-01,-3.129774994500964663e-02,-8.826485971191795343e-01,-1.120325037773388877e+00
-8.455523525462210754e-02,5.441148694030143451e-01,-1.117839943644278966e+00,-1.508641497838665746e+00,1.304028612377228502e-01,4.156505185089090504e-01,2.182363824940011909e+00,1.639105483795093132e+00,1.044080766727544685e+00,-7.754069170249729970e-01,-8.092769052360058168e-01,-2.469722636160833762e-01,3.618825361415798358e+00,1.238816149457046267e-01,3.507547344999036310e-01,2.077588837703511881e+00,3.960769764903268597e-01,6.565292984702997270e-01,4.533350652189294672e-01,1.183798339651582765e+00,-7.369643750999199661e-01,1.159667015227612730e+00,1.087910542549141157e-01,-1.120099352446805918e+00,1.204957707524648258e+00,5.003405849646818115e-01,2.358050203166296432e-01,-5.659883168023950306e-01,-7.031152942494910407e-01,2.210456624789581159e+00,-3.131607462512921158e-02,-8.826485971191795343e-01,3.269033544870708630e-01
3.461380978775335793e-01,5.441148694030143451e-01,-2.325940255408903146e-01,8.743462339390176696e-01,5.471907820518364662e-01,6.850846130386852861e-01,-4.582187390443441810e-01,1.639105483795093132e+00,2.724230091152929356e-01,1.289645446853545208e+00,1.344805800013252117e+00,7.897014355131553032e-01,9.264826417629067334e-01,1.516270014335442173e+00,4.393119589485870446e-01,-4.194950232830883530e-01,8.841022812521237562e-01,-7.491463075385978998e-02,8.421144129529373190e-01,-1.113901189737931618e+00,1.356917693429100291e+00,1.159667015227612730e+00,1.207472988314443052e+00,1.040659682060507407e+00,1.204957707524648258e+00,5.524522511955894943e-01,3.294305656233620927e-01,1.020923591798349905e+00,1.314447222053721553e+00,-3.856799064125516208e-01,-3.132730483941088134e-02,1.155962371602163419e+00,1.484686068295438144e+00
1.307914313114557359e-01,5.441148694030143451e-01,-2.325940255408903146e-01,8.743462339390176696e-01,4.082614751137985665e-01,1.149937671424470544e-02,-4.582187390443441810e-01,-7.647587771265387246e-01,-2.628321963783680770e-02,1.289645446853545208e+00,1.883326476325566823e+00,7.897014355131553032e-01,-4.196887180635389125e-01,-9.204096845965986651e-01,-8.496115749275075235e-02,-4.194950232830883530e-01,1.629902637682745792e-01,-1.956591220877293424e-01,6.402482131679718691e-01,-1.113901189737931618e+00,1.356917693429100291e+00,-8.623164985025838503e-01,1.207472988314443052e+00,1.040659682060507407e+00,-8.299046462421418857e-01,4.089089566643048790e-01,2.993358757040473495e-01,1.913561540386268911e+00,2.049856459866533420e+00,-3.856799064125516208e-01,-3.132892610700366981e-02,1.155962371602163419e+00,9.057947113912546699e-01
4.538114311605724871e-01,5.441148694030143451e-01,-1.117839943644278966e+00,-3.171476319498239826e-01,-1.474557526383528661e-01,7.569337049132923712e-01,-4.582187390443441810e-01,1.639105483795093132e+00,7.204823522449874673e-01,-7.754069170249729970e-01,8.062851237009377448e-01,7.897014355131553032e-01,-4.196887180635389125e-01,1.238816149457046267e-01,4.633484879471199691e-01,-4.194950232830883530e-01,5.235462725101991399e-01,1.781283506535856209e-01,1.140107374540267893e+00,1.011138837443122274e+00,-7.369643750999199661e-01,1.159667015227612730e+00,-9.898908798046147650e-01,-3.971983519314924160e-02,1.204957707524648258e+00,5.653957836530255632e-01,1.672269282466901652e-01,3.266496317855240306e-01,-3.111659899011351427e-02,-3.856799064125516208e-01,-3.131599269400615199e-02,1.366568872414919422e-01,-5.414336808692048475e-01
-1.268961901368050205e+00,5.441148694030143451e-01,-2.325940255408903146e-01,-3.171476319498239826e-01,-1.474557526383528661e-01,-3.340630570738466892e-02,-4.582187390443441810e-01,-7.647587771265387246e-01,4.715604949507127275e-01,-7.754069170249729970e-01,-8.092769052360058168e-01,-1.283645962745322056e+00,-4.196887180635389125e-01,-9.204096845965986651e-01,3.618609210644250229e-01,-4.194950232830883530e-01,-1.174421874754445760e-01,9.473168574852030011e-01,-1.394434911648746667e+00,8.783238357443062805e-01,-7.369643750999199661e-01,-8.623164985025838503e-01,-9.898908798046147650e-01,-3.971983519314924160e-02,-8.299046462421418857e-01,3.975146041236708450e-01,1.672269282466901652e-01,-5.659883168023950306e-01,-7.031152942494910407e-01,-3.856799064125516208e-01,-3.131865545550564095e-02,-8.826485971191795343e-01,-1.120325037773388877e+00
-1.922285685376610154e-01,-1.837847219829066070e+00,1.537897810665886933e+00,-1.508641497838665746e+00,1.304028612377228502e-01,4.066693820245831925e-01,-4.582187390443441810e-01,-7.647587771265387246e-01,8.449432808921248927e-01,-7.754069170249729970e-01,-3.605096749757437102e-01,7.897014355131553032e-01,-4.196887180635389125e-01,1.238816149457046267e-01,3.816705134463356797e-01,-4.194950232830883530e-01,3.881860200700490426e-01,5.703427699296139686e-01,1.241040474432751006e+00,1.077546338292530104e+00,-7.369643750999199661e-01,1.159667015227612730e+00,-9.898908798046147650e-01,-1.120099352446805918e+00,-8.299046462421418857e-01,4.984963192805818566e-01,2.358050203166296432e-01,-4.971119318804877452e-01,-5.220714690541099490e-01,-3.856799064125516208e-01,-3.131804097208268356e-02,-8.826485971191795343e-01,-1.120325037773388877e+00
7.768314310096892106e-01,5.441148694030143451e-01,1.537897810665886933e+00,-1.508641497838665746e+00,-3.481759119151261572e+00,7.569337049132923712e-01,-4.582187390443441810e-01,-7.647587771265387246e-01,-3.262267364463408814e+00,-7.754069170249729970e-01,-8.092769052360058168e-01,-1.283645962745322056e+00,-4.196887180635389125e-01,-9.204096845965986651e-01,3.570361023109852039e-01,-4.194950232830883530e-01,-1.545098302898014753e+00,-2.432450824047661442e+00,-1.394434911648746667e+00,-1.113901189737931618e+00,-7.369643750999199661e-01,1.159667015227612730e+00,-9.898908798046147650e-01,-1.120099352446805918e+00,-8.299046462421418857e-01,5.653957836530255632e-01,-3.974562670904782102e+00,-5.659883168023950306e-01,-7.031152942494910407e-01,-3.856799064125516208e-01,-3.135859687799798234e-02,-8.826485971191795343e-01,-1.120325037773388877e+00
-1.591981901217166984e+00,5.441148694030143451e-01,-2.325940255408903146e-01,-1.508641497838665746e+00,9.639787028659499990e-01,-4.734819934393525442e-01,2.182363824940011909e+00,-7.647587771265387246e-01,7.204823522449874673e-01,-7.754069170249729970e-01,-8.092769052360058168e-01,-1.283645962745322056e+00,-4.196887180635389125e-01,-9.204096845965986651e-01,-3.433092657378946505e-02,2.653838959469650760e+00,-1.174421874754445760e-01,1.449948974225987453e+00,-1.394434911648746667e+00,1.011138837443122274e+00,1.356917693429100291e+00,-8.623164985025838503e-01,1.207472988314443052e+00,-1.120099352446805918e+00,-8.299046462421418857e-01,2.674997806386906207e-01,4.138916512505173007e-01,-5.659883168023950306e-01,-7.031152942494910407e-01,2.209082809335536801e+00,-3.132664374000410784e-02,-8.826485971191795343e-01,9.057947113912546699e-01
-1.922285685376610154e-01,5.441148694030143451e-01,-2.325940255408903146e-01,-3.171476319498239826e-01,4.082614751137985665e-01,-8.955954082026686969e-01,-4.582187390443441810e-01,-7.647587771265387246e-01,1.728542661975830119e-01,1.289645446853545208e+00,-8.092769052360058168e-01,-1.283645962745322056e+00,-4.196887180635389125e-01,-9.204096845965986651e-01,-8.493541560009731928e-01,-4.194950232830883530e-01,-6.953029960988658109e-01,7.897654546060531300e-02,-1.394434911648746667e+00,-1.113901189737931618e+00,1.356917693429100291e+00,-8.623164985025838503e-01,1.207472988314443052e+00,-3.971983519314924160e-02,-8.299046462421418857e-01,9.379671550365305255e-02,2.993358757040473495e-01,-5.659883168023950306e-01,-7.031152942494910407e-01,-3.856799064125516208e-01,-3.132710021340402023e-02,-8.826485971191795343e-01,9.057947113912546699e-01
2.384647645944946437e-01,5.441148694030143451e-01,1.537897810665886933e+00,-3.171476319498239826e-01,-3.631230708792258788e-02,2.180655158537398164e-01,2.182363824940011909e+00,-7.647587771265387246e-01,7.453745379744149968e-01,-7.754069170249729970e-01,9.857920158050426096e-01,7.897014355131553032e-01,-4.196887180635389125e-01,-9.204096845965986651e-01,6.754697710460853821e-02,1.962338813350284372e+00,1.408955857914966914e-01,2.882621595862943087e-01,1.152924276113916680e+00,1.024420337613003662e+00,-7.369643750999199661e-01,-8.623164985025838503e-01,1.087910542549141157e-01,-3.971983519314924160e-02,-8.299046462421418857e-01,4.579308761554964913e-01,1.953149391505394350e-01,5.360338419481222028e-01,3.894087815626869065e-02,1.748380041437406662e+00,-3.131710933592529028e-02,1.366568872414919422e-01,-2.519880024171129995e-01
-6.229219016698166467e-01,5.441148694030143451e-01,1.537897810665886933e+00,-1.508641497838665746e+00,1.859745840129379824e-01,1.821409699164363294e-01,2.182363824940011909e+00,4.371733533342772038e-01,7.702667237038424153e-01,-7.754069170249729970e-01,-8.092769052360058168e-01,-1.283645962745322056e+00,-4.196887180635389125e-01,1.168172914488007974e+00,3.250716780694477004e-01,2.116005512487921347e+00,2.176199620625055842e-01,7.614296350008953329e-01,-1.394434911648746667e+00,1.037701837782885272e+00,-7.369643750999199661e-01,-8.623164985025838503e-01,1.087910542549141157e-01,-1.120099352446805918e+00,1.204957707524648258e+00,4.497762024827584026e-01,2.488905768783777062e-01,-5.659883168023950306e-01,-7.031152942494910407e-01,2.217356925138304735e+00,-3.131938166318731787e-02,-8.826485971191795343e-01,3.269033544870708630e-01
1.099851430858805879e+00,-1.837847219829066070e+00,-1.117839943644278966e+00,-1.508641497838665746e+00,4.082614751137985665e-01,1.017386662958742694e+00,-4.582187390443441810e-01,-7.647587771265387246e-01,4.839333755044562119e-02,-7.754069170249729970e-01,-6.297700131319009520e-01,-2.469722636160833762e-01,-4.196887180635389125e-01,1.516270014335442173e+00,4.607320116134256960e-01,-4.194950232830883530e-01,1.114761007383321401e+00,-4.658485043557260563e-01,2.396886250170078558e-02,6.525383328563193475e-01,1.356917693429100291e+00,1.159667015227612730e+00,1.087910542549141157e-01,-1.120099352446805918e+00,-8.299046462421418857e-01,6.094493068130328872e-01,2.993358757040473495e-01,-5.549680952148898783e-01,-6.134040256452125695e-01,-3.856799064125516208e-01,-3.132824139690380122e-02,-8.826485971191795343e-01,3.745767603497900805e-02
1.307914313114557359e-01,5.441148694030143451e-01,1.537897810665886933e+00,8.743462339390176696e-01,-9.188402986313773391e-02,2.090843793694139585e-01,2.182363824940011909e+00,4.371733533342772038e-01,-7.730487915206610827e-01,-7.754069170249729970e-01,-8.092769052360058168e-01,-1.283645962745322056e+00,-4.196887180635389125e-01,1.168172914488007974e+00,9.162720888313902190e-02,1.923922138565875128e+00,1.062967768718170586e-01,-7.118418225400214849e-01,-1.394434911648746667e+00,2.142488272502270086e-01,-7.369643750999199661e-01,-8.623164985025838503e-01,1.087910542549141157e-01,1.040659682060507407e+00,1.204957707524648258e+00,4.559058800783658549e-01,1.813851176366966800e-01,-5.659883168023950306e-01,-7.031152942494910407e-01,1.742591169144851682e+00,-3.133240578128169279e-02,-8.826485971191795343e-01,3.269033544870708630e-01
-1.053615234801972278e+00,-1.837847219829066070e+00,-1.117839943644278966e+00,-1.508641497838665746e+00,-4.808860892896437700e-01,-5.273688123453077470e-01,-4.582187390443441810e-01,-7.647587771265387246e-01,1.093865138186399744e+00,-7.754069170249729970e-01,-2.707562289236913333e-01,7.897014355131553032e-01,-4.196887180635389125e-01,1.238816149457046267e-01,-2.836230696656268924e-01,-4.194950232830883530e-01,-6.207638077596262516e-01,1.331381366750300943e+00,1.399649631406652883e+00,1.210361339991345986e+00,-7.369643750999199661e-01,-8.623164985025838503e-01,-9.898908798046147650e-01,-1.120099352446805918e+00,-8.299046462421418857e-01,2.486856116111833825e-01,7.702708888115142316e-02,-4.668063225148485484e-01,-4.982066011874460298e-01,-3.856799064125516208e-01,-3.130682095995235281e-02,-8.826485971191795343e-01,-1.120325037773388877e+00
2.311809802841681069e-02,5.441148694030143451e-01,-2.325940255408903146e-01,8.743462339390176696e-01,4.082614751137985665e-01,1.462164239791328424e-01,-4.582187390443441810e-01,-7.647587771265387246e-01,-6.485878628735237683e-01,-7.754069170249729970e-01,5.370247855447803920e-01,7.897014355131553032e-01,-4.196887180635389125e-01,-9.204096845965986651e-01,6.754697710460853821e-02,-4.194950232830883530e-01,2.904595597881469149e-01,-5.923550863242131870e-01,2.637517294420436142e-01,2.806563280996349219e-01,1.356917693429100291e+00,-8.623164985025838503e-01,1.087910542549141157e-01,1.040659682060507407e+00,-8.299046462421418857e-01,4.414725767909474241e-01,2.993358757040473495e-01,5.389914749477092704e-02,1.474490920457902088e-01,-3.856799064125516208e-01,-3.133463202450257473e-02,1.155962371602163419e+00,3.745767603497900805e-02
5.614847644436113949e-01,5.441148694030143451e-01,-1.117839943644278966e+00,8.743462339390176696e-01,1.241837316742025799e+00,1.134141437254979179e+00,-4.582187390443441810e-01,1.639105483795093132e+00,2.226386376564379599e-01,1.289645446853545208e+00,2.242340260533776330e+00,1.826375134642393983e+00,-4.196887180635389125e-01,1.516270014335442173e+00,7.409771878601206785e-01,-4.194950232830883530e-01,1.818877118731187625e+00,-1.869102627580296883e-01,1.523546346618589231e+00,-1.113901189737931618e+00,1.356917693429100291e+00,1.159667015227612730e+00,1.207472988314443052e+00,1.040659682060507407e+00,1.204957707524648258e+00,6.278915899788332089e-01,4.659333095152841664e-01,2.618855721986599772e+00,2.195640306893008820e+00,-3.856799064125516208e-01,-3.133228252906185285e-02,2.175267855962834673e+00,1.484686068295438144e+00
-1.922285685376610154e-01,5.441148694030143451e-01,1.537897810665886933e+00,-1.508641497838665746e+00,-9.188402986313773391e-02,-1.793709056635256260e+00,-4.582187390443441810e-01,-7.647587771265387246e-01,-5.241269342263863429e-01,1.289645446853545208e+00,9.857920158050426096e-01,1.826375134642393983e+00,-4.196887180635389125e-01,-9.204096845965986651e-01,-1.698336686654289496e+00,-4.194950232830883530e-01,-1.545098302898014753e+00,-4.305884280628110572e-01,9.126073716080049802e-01,-1.113901189737931618e+00,-7.369643750999199661e-01,-8.623164985025838503e-01,1.087910542549141157e-01,-1.120099352446805918e+00,-8.299046462421418857e-01,-2.004287226947851330e+00,1.813851176366966800e-01,5.360338419481222028e-01,1.462886506286240174e+00,-3.856799064125516208e-01,-3.132978667161006453e-02,-8.826485971191795343e-01,-2.519880024171129995e-01
7.768314310096892106e-01,5.441148694030143451e-01,-1.117839943644278966e+00,8.743462339390176696e-01,6.305483662146591506e-01,2.946164968289645414e-02,-4.582187390443441810e-01,-7.647587771265387246e-01,7.453745379744149968e-01,-7.754069170249729970e-01,-8.092769052360058168e-01,-2.469722636160833762e-01,9.264826417629067334e-01,1.516270014335442173e+00,-2.291793762319276617e-01,-4.194950232830883530e-01,2.785624254929588428e-01,6.525289863269141677e-02,3.251660494824432646e-01,1.024420337613003662e+00,1.356917693429100291e+00,-8.623164985025838503e-01,1.087910542549141157e-01,1.040659682060507407e+00,-8.299046462421418857e-01,4.133879176985665316e-01,3.469965314057267824e-01,-5.659883168023950306e-01,-7.031152942494910407e-01,-3.856799064125516208e-01,-3.132383704545059488e-02,1.366568872414919422e-01,3.745767603497900805e-02
1.207524764141844953e+00,5.441148694030143451e-01,6.526518925624983369e-01,8.743462339390176696e-01,8.250493959279121547e-01,9.096130251468321770e-01,2.182363824940011909e+00,1.639105483795093132e+00,-4.245581913086764470e-01,1.289645446853545208e+00,1.793573030273514224e+00,7.897014355131553032e-01,2.272654001589352379e+00,1.516270014335442173e+00,3.460132471588964753e-01,2.557797272508627540e+00,1.286844557010148993e+00,-7.727249102856764695e-01,3.855122943917052569e-01,-1.113901189737931618e+00,1.356917693429100291e+00,1.159667015227612730e+00,2.306154922373972127e+00,1.040659682060507407e+00,1.204957707524648258e+00,5.917349540494094562e-01,3.866455364140805040e-01,1.751013271970567553e+00,2.328345486587256374e+00,2.702551075812628323e+00,-3.133509586037667993e-02,1.155962371602163419e+00,2.353023103651714187e+00
-8.455523525462210754e-02,-1.837847219829066070e+00,-2.325940255408903146e-01,-3.171476319498239826e-01,-3.419567823516058702e-01,2.409462818029253217e+00,-4.582187390443441810e-01,-7.647587771265387246e-01,-1.009597768261192435e-01,-7.754069170249729970e-01,-8.092769052360058168e-01,-1.283645962745322056e+00,-4.196887180635389125e-01,-9.204096845965986651e-01,2.199934797492712146e+00,-4.194950232830883530e-01,1.664942768870999013e+00,-1.648180173437244489e-01,-1.394434911648746667e+00,5.728493318370297960e-01,-7.369643750999199661e-01,1.159667015227612730e+00,-9.898908798046147650e-01,-1.120099352446805918e+00,-8.299046462421418857e-01,7.918436341606595041e-01,1.157613927865352582e-01,-5.659883168023950306e-01,-7.031152942494910407e-01,-3.856799064125516208e-01,-3.132268494414645887e-02,-8.826485971191795343e-01,-1.120325037773388877e+00
1.307914313114557359e-01,5.441148694030143451e-01,-1.117839943644278966e+00,8.743462339390176696e-01,9.639787028659499990e-01,8.018393873349216605e-01,-4.582187390443441810e-01,1.639105483795093132e+00,3.470995663035753576e-01,1.289645446853545208e+00,-9.124933681958644072e-02,7.897014355131553032e-01,9.264826417629067334e-01,1.516270014335442173e+00,6.213923080108084696e-01,-4.194950232830883530e-01,1.261654196130031380e+00,6.243222813841644431e-02,9.158115970014170104e-01,-1.113901189737931618e+00,1.356917693429100291e+00,1.159667015227612730e+00,1.207472988314443052e+00,1.040659682060507407e+00,1.204957707524648258e+00,5.733022588971421474e-01,4.138916512505173007e-01,-3.896647714023122600e-01,-4.441337682629605682e-02,-3.856799064125516208e-01,-3.132963934669103639e-02,1.155962371602163419e+00,1.484686068295438144e+00
1.207524764141844953e+00,-1.837847219829066070e+00,-1.117839943644278966e+00,-1.508641497838665746e+00,9.639787028659499990e-01,1.439500077722058791e+00,-4.582187390443441810e-01,1.639105483795093132e+00,4.964526806801402015e-01,-7.754069170249729970e-01,-9.124933681958644072e-02,-2.469722636160833762e-01,-4.196887180635389125e-01,1.238816149457046267e-01,7.467330016272616389e-01,-4.194950232830883530e-01,1.951202387932769344e+00,-2.340419382752073896e-01,2.098139353196055434e-01,8.916053359141878909e-01,1.356917693429100291e+00,1.159667015227612730e+00,1.087910542549141157e-01,-1.120099352446805918e+00,1.204957707524648258e+00,6.728606911505543575e-01,4.138916512505173007e-01,-3.896647714023122600e-01,-3.867650312765092413e-01,-3.856799064125516208e-01,-3.132844110401626636e-02,-8.826485971191795343e-01,6.163490329391630995e-01
-2.999019018206999232e-01,5.441148694030143451e-01,1.537897810665886933e+00,8.743462339390176696e-01,-3.481759119151261572e+00,-1.793709056635256260e+00,2.182363824940011909e+00,4.371733533342772038e-01,-3.262267364463408814e+00,-7.754069170249729970e-01,-8.092769052360058168e-01,-1.283645962745322056e+00,-4.196887180635389125e-01,-9.204096845965986651e-01,-1.698336686654289496e+00,-4.194950232830883530e-01,-1.545098302898014753e+00,-2.432450824047661442e+00,-1.394434911648746667e+00,-1.113901189737931618e+00,-7.369643750999199661e-01,-8.623164985025838503e-01,1.087910542549141157e-01,1.040659682060507407e+00,1.204957707524648258e+00,-2.004287226947851330e+00,-3.974562670904782102e+00,-5.659883168023950306e-01,-7.031152942494910407e-01,-3.856799064125516208e-01,-3.135859687799798234e-02,-8.826485971191795343e-01,3.269033544870708630e-01
2.311809802841681069e-02,-1.837847219829066070e+00,-2.325940255408903146e-01,-3.171476319498239826e-01,1.304028612377228502e-01,4.785184738991902220e-01,-4.582187390443441810e-01,4.371733533342772038e-01,5.960214235978501529e-01,-7.754069170249729970e-01,-8.092769052360058168e-01,-1.283645962745322056e+00,-4.196887180635389125e-01,-9.204096845965986651e-01,3.700363083966419775e-01,-4.194950232830883530e-01,4.513136714322715237e-01,2.838809792583812386e-01,-1.394434911648746667e+00,9.447313365937142216e-01,-7.369643750999199661e-01,1.159667015227612730e+00,-9.898908798046147650e-01,-1.120099352446805918e+00,1.204957707524648258e+00,5.130451086267051597e-01,2.358050203166296432e-01,-5.659883168023950306e-01,-7.031152942494910407e-01,-3.856799064125516208e-01,-3.132049890577451312e-02,-8.826485971191795343e-01,-5.414336808692048475e-01
2.311809802841681069e-02,5.441148694030143451e-01,-1.117839943644278966e+00,-3.171476319498239826e-01,1.853126267269392446e+00,7.479525684289664023e-01,-4.582187390443441810e-01,1.639105483795093132e+00,1.591708852774949223e+00,-7.754069170249729970e-01,-8.092769052360058168e-01,-2.469722636160833762e-01,9.264826417629067334e-01,1.516270014335442173e+00,6.152979283631555552e-01,-4.194950232830883530e-01,1.753078682119024956e+00,9.848698317244569678e-01,6.883115940691542090e-01,1.475991343388977750e+00,1.356917693429100291e+00,1.159667015227612730e+00,1.087910542549141157e-01,-3.971983519314924160e-02,1.204957707524648258e+00,5.637978527718352506e-01,5.704555655516959645e-01,-5.659883168023950306e-01,-7.031152942494910407e-01,-3.856799064125516208e-01,-3.132614447222295539e-02,-3.729958549388437961e-01,6.163490329391630995e-01
1.315198097424883805e+00,5.441148694030143451e-01,-1.117839943644278966e+00,8.743462339390176696e-01,9.639787028659499990e-01,2.539900617910433311e-01,-4.582187390443441810e-01,1.639105483795093132e+00,1.728542661975830119e-01,-7.754069170249729970e-01,1.255052353961199740e+00,-2.469722636160833762e-01,-4.196887180635389125e-01,1.168172914488007974e+00,-1.732553406806957297e-01,-4.194950232830883530e-01,6.692254679614818569e-01,-4.537504723138755525e-01,5.494304130468470604e-02,7.189458337057272885e-01,1.356917693429100291e+00,-8.623164985025838503e-01,1.087910542549141157e-01,1.040659682060507407e+00,1.204957707524648258e+00,4.659418476344478477e-01,4.138916512505173007e-01,8.914359881451638934e-01,2.914535181188042112e-01,-3.856799064125516208e-01,-3.133103729647826463e-02,1.366568872414919422e-01,6.163490329391630995e-01
2.384647645944946437e-01,5.441148694030143451e-01,-1.117839943644278966e+00,8.743462339390176696e-01,1.304028612377228502e-01,7.479525684289664023e-01,2.182363824940011909e+00,1.639105483795093132e+00,-6.983722343323787163e-01,1.289645446853545208e+00,6.267782315968328799e-01,1.826375134642393983e+00,-4.196887180635389125e-01,1.516270014335442173e+00,5.326681206839612992e-01,2.077588837703511881e+00,6.880423640406058139e-01,-6.918704680582364874e-01,7.716214542978703239e-01,-1.113901189737931618e+00,-7.369643750999199661e-01,1.159667015227612730e+00,1.207472988314443052e+00,1.040659682060507407e+00,1.204957707524648258e+00,5.637978527718352506e-01,2.358050203166296432e-01,1.393058647979361631e-01,1.146317012361787180e+00,2.440935354294532011e+00,-3.133328016097206709e-02,2.175267855962834673e+00,1.195240389843346795e+00
7.768314310096892106e-01,-1.837847219829066070e+00,-2.325940255408903146e-01,8.743462339390176696e-01,1.304028612377228502e-01,8.467450697565510609e-01,-4.582187390443441810e-01,4.371733533342772038e-01,-2.752050769321116030e-01,1.289645446853545208e+00,8.825755528451835474e-02,7.897014355131553032e-01,-4.196887180635389125e-01,-9.204096845965986651e-01,4.294083836125792697e-01,-4.194950232830883530e-01,7.748428846636618017e-01,-5.708082978262805085e-01,5.120791974314856665e-01,-1.113901189737931618e+00,-7.369643750999199661e-01,1.159667015227612730e+00,1.087910542549141157e-01,-1.120099352446805918e+00,1.204957707524648258e+00,5.810735740785284431e-01,2.358050203166296432e-01,-2.904827771147657223e-01,2.903813993846666719e-01,-3.856799064125516208e-01,-3.132910167369594434e-02,1.155962371602163419e+00,3.269033544870708630e-01
-2.022675234349322615e+00,-1.837847219829066070e+00,-1.117839943644278966e+00,8.743462339390176696e-01,3.526897523385834066e-01,-1.501610800036210502e-01,-4.582187390443441810e-01,-7.647587771265387246e-01,1.268110438292392006e+00,-7.754069170249729970e-01,4.472713394927279595e-01,-2.469722636160833762e-01,-4.196887180635389125e-01,1.238816149457046267e-01,6.099255309734129549e-01,-4.194950232830883530e-01,-1.218896876189284363e-02,2.488490920264189388e+00,5.345087751853706548e-01,1.303331841180517037e+00,-7.369643750999199661e-01,-8.623164985025838503e-01,-9.898908798046147650e-01,-1.120099352446805918e+00,-8.299046462421418857e-01,3.664792425362911055e-01,2.869980914369990033e-01,-2.599745901464164607e-02,-2.432837644636268171e-01,-3.856799064125516208e-01,-3.131645578296258364e-02,1.366568872414919422e-01,-1.120325037773388877e+00
1.099851430858805879e+00,5.441148694030143451e-01,1.537897810665886933e+00,8.743462339390176696e-01,-3.481759119151261572e+00,9.545187075684615774e-01,2.182363824940011909e+00,4.371733533342772038e-01,-3.262267364463408814e+00,-7.754069170249729970e-01,-8.092769052360058168e-01,-1.283645962745322056e+00,-4.196887180635389125e-01,-9.204096845965986651e-01,4.124461301825183002e-01,-4.194950232830883530e-01,-1.545098302898014753e+00,-2.432450824047661442e+00,-1.394434911648746667e+00,-1.113901189737931618e+00,-7.369643750999199661e-01,1.159667015227612730e+00,1.087910542549141157e-01,1.040659682060507407e+00,1.204957707524648258e+00,5.991999964586143257e-01,-3.974562670904782102e+00,-5.659883168023950306e-01,-7.031152942494910407e-01,-3.856799064125516208e-01,-3.135859687799798234e-02,-8.826485971191795343e-01,3.269033544870708630e-01
-5.152485683867777944e-01,-1.837847219829066070e+00,-2.325940255408903146e-01,-1.508641497838665746e+00,9.639787028659499990e-01,-1.771044894565986794e-01,-4.582187390443441810e-01,-7.647587771265387246e-01,6.209136093272775714e-01,-7.754069170249729970e-01,8.825755528451835474e-02,7.897014355131553032e-01,-4.196887180635389125e-01,-9.204096845965986651e-01,-7.660679136550556378e-02,-4.194950232830883530e-01,2.030520425173772958e-01,5.803706520616347397e-01,1.088839768245673634e+00,9.580128367635958320e-01,1.356917693429100291e+00,-8.623164985025838503e-01,1.087910542549141157e-01,-1.120099352446805918e+00,-8.299046462421418857e-01,3.590060188904340976e-01,4.138916512505173007e-01,-2.904827771147657223e-01,-3.202710269573474378e-01,-3.856799064125516208e-01,-3.132744256845395453e-02,-8.826485971191795343e-01,3.745767603497900805e-02
1.099851430858805879e+00,-1.837847219829066070e+00,6.526518925624983369e-01,8.743462339390176696e-01,6.861200889898743105e-01,9.185941616311580349e-01,-4.582187390443441810e-01,1.639105483795093132e+00,-2.752050769321116030e-01,1.289645446853545208e+00,1.614066138169409692e+00,1.826375134642393983e+00,2.272654001589352379e+00,1.168172914488007974e+00,3.848541979362855581e-01,-4.194950232830883530e-01,1.204596511244945711e+00,-6.580727912429077398e-01,1.111269345999558622e+00,-1.113901189737931618e+00,1.356917693429100291e+00,1.159667015227612730e+00,1.207472988314443052e+00,-1.120099352446805918e+00,1.204957707524648258e+00,5.932378012614875074e-01,3.585117714792993016e-01,1.442447067520423065e+00,1.979325778562734950e+00,-3.856799064125516208e-01,-3.133303436760288829e-02,2.175267855962834673e+00,1.484686068295438144e+00
7.768314310096892106e-01,5.441148694030143451e-01,6.526518925624983369e-01,8.743462339390176696e-01,1.304028612377228502e-01,-1.793709056635256260e+00,-4.582187390443441810e-01,-7.647587771265387246e-01,-1.345569063297493040e+00,-7.754069170249729970e-01,1.434559246065304716e+00,7.897014355131553032e-01,-4.196887180635389125e-01,-9.204096845965986651e-01,-1.698336686654289496e+00,-4.194950232830883530e-01,-1.545098302898014753e+00,-1.237896869722275195e+00,-2.008609526027188841e-01,-9.122567665704947593e-02,-7.369643750999199661e-01,-8.623164985025838503e-01,-9.898908798046147650e-01,1.040659682060507407e+00,-8.299046462421418857e-01,-2.004287226947851330e+00,2.358050203166296432e-01,1.155921306245288216e+00,1.223376691803923499e+00,-3.856799064125516208e-01,-3.133967078857084060e-02,1.155962371602163419e+00,-1.120325037773388877e+00
2.384647645944946437e-01,-1.837847219829066070e+00,-1.117839943644278966e+00,8.743462339390176696e-01,2.075413158370253086e+00,7.928582508505958026e-01,2.182363824940011909e+00,1.639105483795093132e+00,4.839333755044562119e-02,1.289645446853545208e+00,2.780860936846091036e+00,1.826375134642393983e+00,2.272654001589352379e+00,1.516270014335442173e+00,5.720851667500082005e-01,3.422172455157835191e+00,1.951202387932769344e+00,-1.849053158283067155e-01,1.361198926685706745e+00,-1.113901189737931618e+00,1.356917693429100291e+00,1.159667015227612730e+00,2.306154922373972127e+00,-1.120099352446805918e+00,1.204957707524648258e+00,5.717319261867084279e-01,6.055316640105270487e-01,3.842100318199674014e+00,2.885335449921645701e+00,4.039790031525150482e+00,-3.133734804123206041e-02,2.175267855962834673e+00,2.353023103651714187e+00
4.538114311605724871e-01,5.441148694030143451e-01,-1.117839943644278966e+00,-1.508641497838665746e+00,4.082614751137985665e-01,1.013107415575034559e-01,2.182363824940011909e+00,1.639105483795093132e+00,8.449432808921248927e-01,-7.754069170249729970e-01,-8.092769052360058168e-01,-2.469722636160833762e-01,-4.196887180635389125e-01,1.238816149457046267e-01,-9.229594073563662793e-02,2.269672211625558322e+00,2.479697944481894512e-01,2.597089498629992499e-01,3.678890547279386469e-01,1.077546338292530104e+00,1.356917693429100291e+00,-8.623164985025838503e-01,1.207472988314443052e+00,-1.120099352446805918e+00,1.204957707524648258e+00,4.308751070008010609e-01,2.993358757040473495e-01,-5.659883168023950306e-01,-7.031152942494910407e-01,1.805648335366083490e+00,-3.132093782250520292e-02,-8.826485971191795343e-01,1.484686068295438144e+00
2.384647645944946437e-01,5.441148694030143451e-01,-2.325940255408903146e-01,8.743462339390176696e-01,-1.474557526383528661e-01,-1.030312455467556676e+00,-4.582187390443441810e-01,-7.647587771265387246e-01,2.226386376564379599e-01,-7.754069170249729970e-01,-8.092769052360058168e-01,-1.283645962745322056e+00,-4.196887180635389125e-01,-9.204096845965986651e-01,-1.028246903531493395e+00,-4.194950232830883530e-01,-9.259617222300634554e-01,-6.661344697465644560e-02,-1.394434911648746667e+00,7.455088340454903983e-01,-7.369643750999199661e-01,-8.623164985025838503e-01,-9.898908798046147650e-01,1.040659682060507407e+00,-8.299046462421418857e-01,2.070746219803260013e-02,1.672269282466901652e-01,-5.659883168023950306e-01,-7.031152942494910407e-01,-3.856799064125516208e-01,-3.132131821700512991e-02,-8.826485971191795343e-01,-1.120325037773388877e+00
1.315198097424883805e+00,-1.837847219829066070e+00,6.526518925624983369e-01,8.743462339390176696e-01,8.250493959279121547e-01,-1.793709056635256260e+00,-4.582187390443441810e-01,-7.647587771265387246e-01,-1.021970648814935823e+00,-7.754069170249729970e-01,-8.092769052360058168e-01,-1.283645962745322056e+00,-4.196887180635389125e-01,1.516270014335442173e+00,-1.698336686654289496e+00,-4.194950232830883530e-01,-1.545098302898014753e+00,-1.141994072916931557e+00,-1.394434911648746667e+00,8.143382555141114032e-02,1.356917693429100291e+00,-8.623164985025838503e-01,1.087910542549141157e-01,-1.120099352446805918e+00,-8.299046462421418857e-01,-2.004287226947851330e+00,3.866455364140805040e-01,-5.659883168023950306e-01,-7.031152942494910407e-01,-3.856799064125516208e-01,-3.134004344303379513e-02,-8.826485971191795343e-01,3.745767603497900805e-02
-1.376635234651089057e+00,5.441148694030143451e-01,-1.117839943644278966e+00,8.743462339390176696e-01,-4.253143665144286101e-01,-2.489535813312056534e-01,-4.582187390443441810e-01,1.639105483795093132e+00,6.706979807861325193e-01,-7.754069170249729970e-01,-8.092769052360058168e-01,-2.469722636160833762e-01,-4.196887180635389125e-01,1.516270014335442173e+00,1.536876436294329074e-01,-4.194950232830883530e-01,-3.966606454237363577e-01,1.214400937684385173e+00,2.931237955483216862e-01,9.845758371033590528e-01,-7.369643750999199661e-01,-8.623164985025838503e-01,-9.898908798046147650e-01,1.040659682060507407e+00,1.204957707524648258e+00,3.384551360590014046e-01,9.272988894116553082e-02,-5.659883168023950306e-01,-7.031152942494910407e-01,-3.856799064125516208e-01,-3.131270055251587220e-02,1.366568872414919422e-01,-5.414336808692048475e-01
8.845047642927281739e-01,-1.837847219829066070e+00,6.526518925624983369e-01,-9.128945648942448088e-01,4.082614751137985665e-01,-1.793709056635256260e+00,-4.582187390443441810e-01,-7.647587771265387246e-01,2.973151948447204096e-01,-7.754069170249729970e-01,-8.092769052360058168e-01,-1.283645962745322056e+00,-4.196887180635389125e-01,1.238816149457046267e-01,-1.698336686654289496e+00,-4.194950232830883530e-01,-1.545098302898014753e+00,-2.497750503609534600e-01,-1.394434911648746667e+00,7.853533345551352296e-01,1.356917693429100291e+00,-8.623164985025838503e-01,1.087910542549141157e-01,-1.120099352446805918e+00,-8.299046462421418857e-01,-2.004287226947851330e+00,2.993358757040473495e-01,-5.659883168023950306e-01,-7.031152942494910407e-01,-3.856799064125516208e-01,-3.132595902990423925e-02,-8.826485971191795343e-01,3.745767603497900805e-02
6.691580977266503583e-01,5.441148694030143451e-01,1.537897810665886933e+00,-1.508641497838665746e+00,4.082614751137985665e-01,6.850846130386852861e-01,-4.582187390443441810e-01,1.639105483795093132e+00,2.226386376564379599e-01,1.289645446853545208e+00,6.267782315968328799e-01,7.897014355131553032e-01,9.264826417629067334e-01,1.516270014335442173e+00,3.324295266684431094e-01,-4.194950232830883530e-01,8.003367438676363133e-01,-2.243359387795233195e-01,8.228890605924649160e-01,-1.113901189737931618e+00,1.356917693429100291e+00,1.159667015227612730e+00,1.207472988314443052e+00,-1.120099352446805918e+00,1.204957707524648258e+00,5.524522511955894943e-01,2.993358757040473495e-01,1.393058647979361631e-01,6.610049886410971354e-01,-3.856799064125516208e-01,-3.132664374000410784e-02,-8.826485971191795343e-01,1.484686068295438144e+00
-1.161288568085011352e+00,5.441148694030143451e-01,-2.325940255408903146e-01,-3.171476319498239826e-01,4.638331978890137264e-01,6.538619562019995501e-02,-4.582187390443441810e-01,-7.647587771265387246e-01,1.728542661975830119e-01,-7.754069170249729970e-01,-8.092769052360058168e-01,-1.283645962745322056e+00,-4.196887180635389125e-01,-9.204096845965986651e-01,4.268837691485701802e-01,-4.194950232830883530e-01,2.391076433915697574e-01,6.046241344274518870e-01,-1.394434911648746667e+00,7.189458337057272885e-01,1.356917693429100291e+00,-8.623164985025838503e-01,1.087910542549141157e-01,-3.971983519314924160e-02,-8.299046462421418857e-01,4.222155905580857738e-01,3.114998825751355560e-01,-5.659883168023950306e-01,-7.031152942494910407e-01,-3.856799064125516208e-01,-3.132754382839830071e-02,-8.826485971191795343e-01,3.745767603497900805e-02
-1.484308567934127909e+00,5.441148694030143451e-01,-1.117839943644278966e+00,8.743462339390176696e-01,7.416918117650894704e-01,2.090843793694139585e-01,-4.582187390443441810e-01,-7.647587771265387246e-01,1.243218252562964476e+00,-7.754069170249729970e-01,-8.092769052360058168e-01,-2.469722636160833762e-01,-4.196887180635389125e-01,1.516270014335442173e+00,7.628636697096747854e-01,-4.194950232830883530e-01,5.123775341922675031e-01,1.849714828454477988e+00,5.387810757099202874e-01,1.290050341010635426e+00,1.356917693429100291e+00,-8.623164985025838503e-01,1.087910542549141157e-01,1.040659682060507407e+00,-8.299046462421418857e-01,4.559058800783658549e-01,3.698754908347927639e-01,-5.659883168023950306e-01,-7.031152942494910407e-01,-3.856799064125516208e-01,-3.132054741762369671e-02,1.366568872414919422e-01,3.745767603497900805e-02
-2.999019018206999232e-01,5.441148694030143451e-01,-1.117839943644278966e+00,-1.508641497838665746e+00,-4.253143665144286101e-01,-2.220101718782280520e-01,-4.582187390443441810e-01,-7.647587771265387246e-01,-2.005285197438291533e-01,-7.754069170249729970e-01,-2.707562289236913333e-01,-2.469722636160833762e-01,-4.196887180635389125e-01,1.238816149457046267e-01,-1.834855045081760783e-01,-4.194950232830883530e-01,-3.766297560491849716e-01,-1.501135896948802839e-01,-8.711095113658731681e-02,5.197233311575034653e-01,-7.369643750999199661e-01,-8.623164985025838503e-01,-9.898908798046147650e-01,-1.120099352446805918e+00,-8.299046462421418857e-01,3.462709881855754457e-01,9.272988894116553082e-02,-4.668063225148485484e-01,-4.122771492582013031e-01,-3.856799064125516208e-01,-3.132286746005937678e-02,-8.826485971191795343e-01,-1.120325037773388877e+00
-1.376635234651089057e+00,-1.837847219829066070e+00,-2.325940255408903146e-01,-3.171476319498239826e-01,-8.526445700315014864e-03,-1.411799435192951646e-01,-4.582187390443441810e-01,-7.647587771265387246e-01,1.218326066833536947e+00,-7.754069170249729970e-01,-8.092769052360058168e-01,-1.283645962745322056e+00,-4.196887180635389125e-01,-9.204096845965986651e-01,2.828986434166694819e-01,-4.194950232830883530e-01,-1.490060131565558166e-01,1.722190423495177036e+00,-1.394434911648746667e+00,1.276768840840753816e+00,-7.369643750999199661e-01,-8.623164985025838503e-01,-9.898908798046147650e-01,-1.120099352446805918e+00,-8.299046462421418857e-01,3.689432641112267430e-01,2.021964911831932998e-01,-5.659883168023950306e-01,-7.031152942494910407e-01,-3.856799064125516208e-01,-3.131258435928679917e-02,-8.826485971191795343e-01,-1.120325037773388877e+00
1.422871430707922658e+00,5.441148694030143451e-01,-1.117839943644278966e+00,8.743462339390176696e-01,-7.031729803905043541e-01,8.916507521781804613e-01,-4.582187390443441810e-01,1.639105483795093132e+00,-1.507441482849742054e-01,1.289645446853545208e+00,-1.495890767534042119e-03,7.897014355131553032e-01,2.272654001589352379e+00,1.238816149457046267e-01,2.718096397035856260e-01,-4.194950232830883530e-01,2.698216737658818420e-01,-6.669005426498965106e-01,5.937869449634953778e-01,-1.113901189737931618e+00,-7.369643750999199661e-01,1.159667015227612730e+00,1.087910542549141157e-01,1.040659682060507407e+00,1.204957707524648258e+00,5.887142727189652591e-01,1.119483325352974186e-02,-3.428288296554152792e-01,1.555497052486023712e-01,-3.856799064125516208e-01,-3.131865545550564095e-02,1.155962371602163419e+00,3.269033544870708630e-01
4.538114311605724871e-01,-1.837847219829066070e+00,6.526518925624983369e-01,-1.508641497838665746e+00,2.971180295633683022e-01,5.413864292894713381e-01,-4.582187390443441810e-01,-7.647587771265387246e-01,7.702667237038424153e-01,-7.754069170249729970e-01,8.825755528451835474e-02,7.897014355131553032e-01,-4.196887180635389125e-01,1.238816149457046267e-01,2.806708675582684775e-01,-4.194950232830883530e-01,6.012418434175499371e-01,2.107605903373510614e-01,1.184966530048038313e+00,1.037701837782885272e+00,-7.369643750999199661e-01,1.159667015227612730e+00,-9.898908798046147650e-01,-1.120099352446805918e+00,-8.299046462421418857e-01,5.254042234583207183e-01,2.744814924872576167e-01,-2.904827771147657223e-01,-3.343634539742361689e-01,-3.856799064125516208e-01,-3.132053505185821568e-02,-8.826485971191795343e-01,-1.120325037773388877e+00
7.768314310096892106e-01,5.441148694030143451e-01,1.537897810665886933e+00,-9.128945648942448088e-01,4.638331978890137264e-01,2.518240229918830651e-03,2.182363824940011909e+00,4.371733533342772038e-01,-7.730487915206610827e-01,-7.754069170249729970e-01,5.370247855447803920e-01,1.826375134642393983e+00,-4.196887180635389125e-01,-9.204096845965986651e-01,-2.508910606224058482e-01,2.308088886409967344e+00,1.787721766088301856e-01,-8.810820521965105900e-01,7.096730966919018169e-01,2.142488272502270086e-01,1.356917693429100291e+00,-8.623164985025838503e-01,1.207472988314443052e+00,-5.799095938199776423e-01,1.204957707524648258e+00,4.066528186955357671e-01,3.114998825751355560e-01,5.389914749477092704e-02,1.895562398821902250e-01,1.617469965313347968e+00,-3.133609466814313987e-02,-1.181694838486759130e-01,1.484686068295438144e+00
1.207524764141844953e+00,5.441148694030143451e-01,6.526518925624983369e-01,8.743462339390176696e-01,8.250493959279121547e-01,-1.793709056635256260e+00,-4.582187390443441810e-01,-7.647587771265387246e-01,5.711292378684226234e-01,-7.754069170249729970e-01,8.825755528451835474e-02,-2.469722636160833762e-01,-4.196887180635389125e-01,-9.204096845965986651e-01,-1.698336686654289496e+00,-4.194950232830883530e-01,-1.545098302898014753e+00,-1.903649405446289911e-01,2.397200389914524443e-01,9.314498364238326111e-01,1.356917693429100291e+00,-8.623164985025838503e-01,1.087910542549141157e-01,1.040659682060507407e+00,-8.299046462421418857e-01,-2.004287226947851330e+00,3.866455364140805040e-01,-2.904827771147657223e-01,-3.153311009277713906e-01,-3.856799064125516208e-01,-3.132684988928148562e-02,1.366568872414919422e-01,3.745767603497900805e-02
9.921780975757670262e-01,5.441148694030143451e-01,1.537897810665886933e+00,8.743462339390176696e-01,9.639787028659499990e-01,2.719523347596951024e-01,2.182363824940011909e+00,-7.647587771265387246e-01,-6.485878628735237683e-01,1.289645446853545208e+00,8.825755528451835474e-02,7.897014355131553032e-01,-4.196887180635389125e-01,-9.204096845965986651e-01,-8.661746973148579110e-02,2.653838959469650760e+00,6.886493606883195007e-01,-8.552259059989913981e-01,2.717622929255739672e-01,-1.113901189737931618e+00,1.356917693429100291e+00,-8.623164985025838503e-01,2.306154922373972127e+00,1.040659682060507407e+00,-8.299046462421418857e-01,4.698950105237615915e-01,4.138916512505173007e-01,-2.904827771147657223e-01,4.309705541442171994e-01,2.127549934885402116e+00,-3.133762763118950329e-02,1.155962371602163419e+00,1.774131746747530380e+00
-1.053615234801972278e+00,5.441148694030143451e-01,-1.117839943644278966e+00,-1.508641497838665746e+00,-1.474557526383528661e-01,2.360277888223915876e-01,-4.582187390443441810e-01,-7.647587771265387246e-01,9.445120238098347887e-01,-7.754069170249729970e-01,-8.092769052360058168e-01,-2.469722636160833762e-01,-4.196887180635389125e-01,1.238816149457046267e-01,5.692184724906592663e-01,-4.194950232830883530e-01,1.010766057014794300e-01,1.202335691637228088e+00,4.106120599734340293e-01,1.130672338972056545e+00,-7.369643750999199661e-01,-8.623164985025838503e-01,-9.898908798046147650e-01,-1.120099352446805918e+00,-8.299046462421418857e-01,4.619540074348978398e-01,1.672269282466901652e-01,-5.659883168023950306e-01,-7.031152942494910407e-01,-3.856799064125516208e-01,-3.131359620865661192e-02,-8.826485971191795343e-01,-1.120325037773388877e+00
2.311809802841681069e-02,-1.837847219829066070e+00,-2.325940255408903146e-01,-3.171476319498239826e-01,-1.474557526383528661e-01,1.911221064007622150e-01,-4.582187390443441810e-01,-7.647587771265387246e-01,1.728542661975830119e-01,-7.754069170249729970e-01,8.825755528451835474e-02,-2.469722636160833762e-01,-4.196887180635389125e-01,-9.204096845965986651e-01,1.084239137656941160e-01,-4.194950232830883530e-01,6.465680683865876466e-02,-1.403928303970096610e-02,6.882801800947083160e-02,7.189458337057272885e-01,-7.369643750999199661e-01,-8.623164985025838503e-01,-9.898908798046147650e-01,-1.120099352446805918e+00,-8.299046462421418857e-01,4.518286252358736377e-01,1.672269282466901652e-01,-2.904827771147657223e-01,-2.706940714806669313e-01,-3.856799064125516208e-01,-3.132185076930502771e-02,-3.729958549388437961e-01,-1.120325037773388877e+00
1.099851430858805879e+00,5.441148694030143451e-01,-1.117839943644278966e+00,8.743462339390176696e-01,8.250493959279121547e-01,8.557262062408769188e-01,2.182363824940011909e+00,1.639105483795093132e+00,-2.628321963783680770e-02,1.289645446853545208e+00,1.434559246065304716e+00,7.897014355131553032e-01,2.272654001589352379e+00,1.168172914488007974e+00,3.365683165053781623e-01,2.557797272508627540e+00,1.230393868772776900e+00,-5.102079551758449405e-01,6.482587766515022221e-01,-1.113901189737931618e+00,1.356917693429100291e+00,1.159667015227612730e+00,2.306154922373972127e+00,1.040659682060507407e+00,1.204957707524648258e+00,5.826120217993424610e-01,3.866455364140805040e-01,1.155921306245288216e+00,1.591027834180529510e+00,2.688283397375230255e+00,-3.133179747193860082e-02,1.155962371602163419e+00,2.353023103651714187e+00
-2.668715234047556173e+00,5.441148694030143451e-01,-2.325940255408903146e-01,-3.171476319498239826e-01,-1.474557526383528661e-01,3.887071090559314768e-01,-4.582187390443441810e-01,-7.647587771265387246e-01,7.204823522449874673e-01,-7.754069170249729970e-01,-8.092769052360058168e-01,-1.283645962745322056e+00,-4.196887180635389125e-01,-9.204096845965986651e-01,2.000885126219953403e+00,-4.194950232830883530e-01,2.249039218350697145e-01,2.788707525354833017e+00,-1.394434911648746667e+00,1.011138837443122274e+00,-7.369643750999199661e-01,1.159667015227612730e+00,-9.898908798046147650e-01,-3.971983519314924160e-02,-8.299046462421418857e-01,4.947851895480503415e-01,1.672269282466901652e-01,-5.659883168023950306e-01,-7.031152942494910407e-01,-3.856799064125516208e-01,-3.131599269400615199e-02,-8.826485971191795343e-01,-1.120325037773388877e+00
-1.591981901217166984e+00,5.441148694030143451e-01,-2.325940255408903146e-01,8.743462339390176696e-01,-4.253143665144286101e-01,6.581412035857077125e-01,-4.582187390443441810e-01,-7.647587771265387246e-01,2.350115182101814373e-02,-7.754069170249729970e-01,-8.092769052360058168e-01,-1.283645962745322056e+00,-4.196887180635389125e-01,-9.204096845965986651e-01,1.391959724923782060e+00,-4.194950232830883530e-01,2.777126301861596591e-01,7.705290095280992180e-01,-1.394434911648746667e+00,6.392568326864377370e-01,-7.369643750999199661e-01,1.159667015227612730e+00,-9.898908798046147650e-01,1.040659682060507407e+00,-8.299046462421418857e-01,5.475018117047014687e-01,9.272988894116553082e-02,-5.659883168023950306e-01,-7.031152942494910407e-01,-3.856799064125516208e-01,-3.132025311240533433e-02,-8.826485971191795343e-01,-1.120325037773388877e+00
-1.161288568085011352e+00,5.441148694030143451e-01,6.526518925624983369e-01,8.743462339390176696e-01,4.082614751137985665e-01,-1.793709056635256260e+00,-4.582187390443441810e-01,4.371733533342772038e-01,2.226386376564379599e-01,1.289645446853545208e+00,-3.605096749757437102e-01,-2.469722636160833762e-01,-4.196887180635389125e-01,1.516270014335442173e+00,-1.698336686654289496e+00,-4.194950232830883530e-01,-1.545098302898014753e+00,6.486397135357869770e-01,9.552989628790546639e-02,-1.113901189737931618e+00,1.356917693429100291e+00,-8.623164985025838503e-01,1.207472988314443052e+00,1.040659682060507407e+00,1.204957707524648258e+00,-2.004287226947851330e+00,2.993358757040473495e-01,-4.971119318804877452e-01,-2.768277058461822149e-01,-3.856799064125516208e-01,-3.132664374000410784e-02,1.366568872414919422e-01,1.484686068295438144e+00
1.315198097424883805e+00,5.441148694030143451e-01,-1.117839943644278966e+00,8.743462339390176696e-01,9.639787028659499990e-01,9.455375710841357195e-01,2.182363824940011909e+00,1.639105483795093132e+00,-3.996660055792489730e-01,1.289645446853545208e+00,2.152586814481723732e+00,7.897014355131553032e-01,3.618825361415798358e+00,1.168172914488007974e+00,3.417940612489828167e-01,2.653838959469650760e+00,1.417045337944732974e+00,-7.835338642695064415e-01,3.951249705719420691e-01,-1.113901189737931618e+00,1.356917693429100291e+00,1.159667015227612730e+00,2.306154922373972127e+00,1.040659682060507407e+00,1.204957707524648258e+00,5.977167622957495485e-01,4.138916512505173007e-01,2.434267010395887887e+00,2.716740134786018501e+00,2.795592254360846685e+00,-3.133563056006488656e-02,1.155962371602163419e+00,2.353023103651714187e+00
6.691580977266503583e-01,-1.837847219829066070e+00,-1.117839943644278966e+00,-1.508641497838665746e+00,-6.476012576152891942e-01,1.062292345380372094e+00,-4.582187390443441810e-01,-7.647587771265387246e-01,7.204823522449874673e-01,-7.754069170249729970e-01,-8.092769052360058168e-01,-2.469722636160833762e-01,9.264826417629067334e-01,1.238816149457046267e-01,6.414591678262503427e-01,-4.194950232830883530e-01,4.237560236260705659e-01,9.110904483021041445e-02,3.144852981710694051e-01,1.011138837443122274e+00,-7.369643750999199661e-01,1.159667015227612730e+00,-9.898908798046147650e-01,-1.120099352446805918e+00,-8.299046462421418857e-01,6.166313024334710846e-01,2.812930152929765323e-02,-5.659883168023950306e-01,-7.031152942494910407e-01,-3.856799064125516208e-01,-3.130847430859582531e-02,-8.826485971191795343e-01,-1.120325037773388877e+00
1.207524764141844953e+00,5.441148694030143451e-01,-1.117839943644278966e+00,-9.128945648942448088e-01,3.526897523385834066e-01,7.389714319446405444e-01,2.182363824940011909e+00,1.639105483795093132e+00,1.068972952456972214e+00,-7.754069170249729970e-01,4.472713394927279595e-01,7.897014355131553032e-01,9.264826417629067334e-01,1.238816149457046267e-01,2.169679024995920802e-01,2.231255536841148857e+00,8.170898513445337130e-01,1.008150443258945123e-01,1.370811602865942946e+00,1.197079839821464375e+00,-7.369643750999199661e-01,1.159667015227612730e+00,1.087910542549141157e-01,-5.799095938199776423e-01,1.204957707524648258e+00,5.621942854384790467e-01,2.869980914369990033e-01,-2.599745901464164607e-02,-2.222628945305586690e-01,2.190284018231647423e+00,-3.131830813878831721e-02,-3.729958549388437961e-01,3.269033544870708630e-01
1.422871430707922658e+00,5.441148694030143451e-01,1.537897810665886933e+00,8.743462339390176696e-01,9.639787028659499990e-01,1.655047353345879824e+00,2.182363824940011909e+00,4.371733533342772038e-01,-2.628321963783680770e-02,1.289645446853545208e+00,-8.092769052360058168e-01,7.897014355131553032e-01,-4.196887180635389125e-01,-9.204096845965986651e-01,8.318846823136837321e-01,2.653838959469650760e+00,2.184289100654821514e+00,-5.962785313939859000e-01,6.883115940691542090e-01,-1.113901189737931618e+00,1.356917693429100291e+00,1.159667015227612730e+00,2.306154922373972127e+00,1.040659682060507407e+00,1.204957707524648258e+00,7.021218905597664817e-01,4.138916512505173007e-01,-5.659883168023950306e-01,-7.031152942494910407e-01,3.559813689997578301e+00,-3.133263495337795801e-02,1.155962371602163419e+00,2.353023103651714187e+00
7.768314310096892106e-01,5.441148694030143451e-01,1.537897810665886933e+00,8.743462339390176696e-01,-3.481759119151261572e+00,8.287827967878993451e-01,-4.582187390443441810e-01,4.371733533342772038e-01,-3.262267364463408814e+00,-7.754069170249729970e-01,-8.092769052360058168e-01,-1.283645962745322056e+00,-4.196887180635389125e-01,-9.204096845965986651e-01,4.149339273522605898e-01,-4.194950232830883530e-01,-1.545098302898014753e+00,-2.432450824047661442e+00,-1.394434911648746667e+00,-1.113901189737931618e+00,-7.369643750999199661e-01,1.159667015227612730e+00,-9.898908798046147650e-01,1.040659682060507407e+00,1.204957707524648258e+00,5.779809712157563117e-01,-3.974562670904782102e+00,-5.659883168023950306e-01,-7.031152942494910407e-01,-3.856799064125516208e-01,-3.135859687799798234e-02,-8.826485971191795343e-01,-5.414336808692048475e-01
-1.376635234651089057e+00,-1.837847219829066070e+00,-1.117839943644278966e+00,-3.171476319498239826e-01,-5.642436734524665098e-01,-1.544403273873291849e-02,-4.582187390443441810e-01,-7.647587771265387246e-01,9.196198380804072592e-01,-7.754069170249729970e-01,-8.092769052360058168e-01,-2.469722636160833762e-01,9.264826417629067334e-01,1.238816149457046267e-01,4.336448098351117220e-01,-4.194950232830883530e-01,-2.831522723012785958e-01,1.445214340325654101e+00,3.999313086620602253e-01,1.117390838802174935e+00,-7.369643750999199661e-01,-8.623164985025838503e-01,-9.898908798046147650e-01,-1.120099352446805918e+00,-8.299046462421418857e-01,4.021066721342696493e-01,5.292421632047194374e-02,-5.659883168023950306e-01,-7.031152942494910407e-01,-3.856799064125516208e-01,-3.130747185720778036e-02,-3.729958549388437961e-01,-1.120325037773388877e+00
-1.376635234651089057e+00,5.441148694030143451e-01,-2.325940255408903146e-01,-3.171476319498239826e-01,-8.526445700315014864e-03,6.222166576484041700e-01,-4.582187390443441810e-01,-7.647587771265387246e-01,3.222073805741478836e-01,-7.754069170249729970e-01,-8.092769052360058168e-01,-1.283645962745322056e+00,-4.196887180635389125e-01,-9.204096845965986651e-01,1.198143225242927157e+00,-4.194950232830883530e-01,4.959279250392268357e-01,8.912621739866090076e-01,-1.394434911648746667e+00,7.986348347250168400e-01,-7.369643750999199661e-01,1.159667015227612730e+00,-9.898908798046147650e-01,-3.971983519314924160e-02,-8.299046462421418857e-01,5.408162372801438300e-01,2.021964911831932998e-01,-5.659883168023950306e-01,-7.031152942494910407e-01,-3.856799064125516208e-01,-3.132178686302904136e-02,-8.826485971191795343e-01,-1.120325037773388877e+00
-1.922285685376610154e-01,5.441148694030143451e-01,1.537897810665886933e+00,-1.508641497838665746e+00,2.971180295633683022e-01,4.515750644462125929e-01,-4.582187390443441810e-01,-7.647587771265387246e-01,7.204823522449874673e-01,-7.754069170249729970e-01,8.825755528451835474e-02,7.897014355131553032e-01,-4.196887180635389125e-01,1.238816149457046267e-01,4.241196399790013172e-01,-4.194950232830883530e-01,5.186902993284897567e-01,4.793490246575756730e-01,1.152924276113916680e+00,1.011138837443122274e+00,-7.369643750999199661e-01,1.159667015227612730e+00,-9.898908798046147650e-01,-1.120099352446805918e+00,-8.299046462421418857e-01,5.076437278473231451e-01,2.744814924872576167e-01,-2.904827771147657223e-01,-3.297826857720591032e-01,-3.856799064125516208e-01,-3.132100495094636977e-02,-8.826485971191795343e-01,-1.120325037773388877e+00
-1.922285685376610154e-01,5.441148694030143451e-01,-1.117839943644278966e+00,-3.171476319498239826e-01,7.483113846250770418e-02,4.742392265154820458e-02,2.182363824940011909e+00,-7.647587771265387246e-01,1.317894809751246843e+00,-7.754069170249729970e-01,-8.092769052360058168e-01,-2.469722636160833762e-01,-4.196887180635389125e-01,1.238816149457046267e-01,4.207750118500912934e-02,2.039172162919102860e+00,4.766090070267578471e-02,9.161190019633609349e-01,5.708233296440418103e-01,1.329894841520280258e+00,-7.369643750999199661e-01,-8.623164985025838503e-01,1.087910542549141157e-01,-3.971983519314924160e-02,-8.299046462421418857e-01,4.178231808553840021e-01,2.225181396183785187e-01,-5.659883168023950306e-01,-7.031152942494910407e-01,1.785448080233807966e+00,-3.131266424213179078e-02,-3.729958549388437961e-01,-2.519880024171129995e-01
2.384647645944946437e-01,5.441148694030143451e-01,-2.325940255408903146e-01,-3.171476319498239826e-01,1.304028612377228502e-01,-1.411799435192951646e-01,-4.582187390443441810e-01,-7.647587771265387246e-01,-7.730487915206610827e-01,-7.754069170249729970e-01,-8.092769052360058168e-01,-1.283645962745322056e+00,-4.196887180635389125e-01,-9.204096845965986651e-01,-2.477893914237661865e-01,-4.194950232830883530e-01,-9.316232156689746580e-02,-7.425669832812292759e-01,-1.394434911648746667e+00,2.142488272502270086e-01,-7.369643750999199661e-01,-8.623164985025838503e-01,-9.898908798046147650e-01,-3.971983519314924160e-02,-8.299046462421418857e-01,3.689432641112267430e-01,2.358050203166296432e-01,-5.659883168023950306e-01,-7.031152942494910407e-01,-3.856799064125516208e-01,-3.133401754107961734e-02,-8.826485971191795343e-01,-1.120325037773388877e+00
-6.229219016698166467e-01,-1.837847219829066070e+00,-2.325940255408903146e-01,8.743462339390176696e-01,6.861200889898743105e-01,2.450089253067174455e-01,-4.582187390443441810e-01,-7.647587771265387246e-01,-2.628321963783680770e-02,1.289645446853545208e+00,8.825755528451835474e-02,7.897014355131553032e-01,-4.196887180635389125e-01,-9.204096845965986651e-01,3.894528533106578205e-01,-4.194950232830883530e-01,5.217252825670581906e-01,1.305396677814274486e-01,6.722904671020933920e-01,-1.113901189737931618e+00,1.356917693429100291e+00,-8.623164985025838503e-01,1.207472988314443052e+00,-1.120099352446805918e+00,-8.299046462421418857e-01,4.639523001804898850e-01,3.585117714792993016e-01,-2.904827771147657223e-01,2.145419571225171684e-01,-3.856799064125516208e-01,-3.133090415840329018e-02,1.155962371602163419e+00,9.057947113912546699e-01
1.745891430557039437e+00,5.441148694030143451e-01,6.526518925624983369e-01,8.743462339390176696e-01,4.082614751137985665e-01,-1.793709056635256260e+00,2.182363824940011909e+00,-7.647587771265387246e-01,6.458057950567051009e-01,1.289645446853545208e+00,9.857920158050426096e-01,7.897014355131553032e-01,-4.196887180635389125e-01,1.516270014335442173e+00,-1.698336686654289496e+00,2.269672211625558322e+00,-1.545098302898014753e+00,-3.099567200450226712e-01,1.088839768245673634e+00,-1.113901189737931618e+00,1.356917693429100291e+00,-8.623164985025838503e-01,2.306154922373972127e+00,1.040659682060507407e+00,-8.299046462421418857e-01,-2.004287226947851330e+00,2.993358757040473495e-01,5.360338419481222028e-01,8.185695149876365262e-01,-3.856799064125516208e-01,-3.132276371610485249e-02,1.155962371602163419e+00,1.774131746747530380e+00
-1.915001901066283763e+00,5.441148694030143451e-01,-2.325940255408903146e-01,-1.508641497838665746e+00,-3.697426437392134502e-01,1.259877348035541411e+00,-4.582187390443441810e-01,-7.647587771265387246e-01,1.317894809751246843e+00,-7.754069170249729970e-01,8.825755528451835474e-02,7.897014355131553032e-01,-4.196887180635389125e-01,1.238816149457046267e-01,2.471110852776442268e+00,-4.194950232830883530e-01,7.663449315956702979e-01,2.404372257968259596e+00,1.537431323323375176e+00,1.329894841520280258e+00,-7.369643750999199661e-01,1.159667015227612730e+00,-9.898908798046147650e-01,-1.120099352446805918e+00,-8.299046462421418857e-01,6.469499260588088552e-01,1.081522668181317537e-01,-2.904827771147657223e-01,-3.782150241691313308e-01,-3.856799064125516208e-01,-3.130610243700805012e-02,-8.826485971191795343e-01,-1.120325037773388877e+00
-5.152485683867777944e-01,5.441148694030143451e-01,-1.117839943644278966e+00,-3.171476319498239826e-01,1.304028612377228502e-01,5.952732481954265964e-01,-4.582187390443441810e-01,-7.647587771265387246e-01,9.942963952686897366e-01,-7.754069170249729970e-01,-2.707562289236913333e-01,-2.469722636160833762e-01,-4.196887180635389125e-01,1.238816149457046267e-01,6.982197141613579738e-01,-4.194950232830883530e-01,5.538961048958830347e-01,8.700650247644517998e-01,4.255651118093575214e-01,1.157235339311819544e+00,-7.369643750999199661e-01,1.159667015227612730e+00,-9.898908798046147650e-01,-3.971983519314924160e-02,-8.299046462421418857e-01,5.357367334007617776e-01,2.358050203166296432e-01,-4.668063225148485484e-01,-4.934412827441426175e-01,-3.856799064125516208e-01,-3.131656621186758305e-02,-3.729958549388437961e-01,-1.120325037773388877e+00
-4.075752351037388310e-01,5.441148694030143451e-01,1.537897810665886933e+00,8.743462339390176696e-01,5.194049206642288308e-01,1.340707576394474243e+00,-4.582187390443441810e-01,1.639105483795093132e+00,-2.752050769321116030e-01,1.289645446853545208e+00,8.825755528451835474e-02,-2.469722636160833762e-01,-4.196887180635389125e-01,1.516270014335442173e+00,1.383130306604987814e+00,-4.194950232830883530e-01,1.505424049851844304e+00,-1.612469420575767254e-01,-1.234255055952584723e-01,-1.113901189737931618e+00,1.356917693429100291e+00,1.159667015227612730e+00,1.207472988314443052e+00,1.040659682060507407e+00,1.204957707524648258e+00,6.587928470234372114e-01,3.234949394362649500e-01,-2.904827771147657223e-01,2.903813993846666719e-01,-3.856799064125516208e-01,-3.133196926300308577e-02,1.366568872414919422e-01,1.484686068295438144e+00
1.638218097274000584e+00,5.441148694030143451e-01,1.537897810665886933e+00,8.743462339390176696e-01,4.082614751137985665e-01,7.436733210452582676e-02,-4.582187390443441810e-01,4.371733533342772038e-01,2.226386376564379599e-01,1.289645446853545208e+00,9.857920158050426096e-01,-1.283645962745322056e+00,-4.196887180635389125e-01,-9.204096845965986651e-01,-3.675258096185982093e-01,-4.194950232830883530e-01,2.224759352442149951e-01,-5.123509238144978717e-01,-1.394434911648746667e+00,-1.113901189737931618e+00,1.356917693429100291e+00,-8.623164985025838503e-01,1.207472988314443052e+00,1.040659682060507407e+00,1.204957707524648258e+00,4.243959825921714279e-01,2.993358757040473495e-01,5.360338419481222028e-01,1.002035059363744152e+00,-3.856799064125516208e-01,-3.132664374000410784e-02,-8.826485971191795343e-01,1.484686068295438144e+00
7.768314310096892106e-01,5.441148694030143451e-01,1.537897810665886933e+00,8.743462339390176696e-01,-1.474557526383528661e-01,7.389714319446405444e-01,-4.582187390443441810e-01,4.371733533342772038e-01,9.817770900930057609e-02,1.289645446853545208e+00,2.780860936846091036e+00,1.826375134642393983e+00,-4.196887180635389125e-01,1.168172914488007974e+00,3.425616460506665240e-01,-4.194950232830883530e-01,5.089783529650708793e-01,-3.381029820486078363e-01,1.403921931931202183e+00,-1.113901189737931618e+00,-7.369643750999199661e-01,1.159667015227612730e+00,1.087910542549141157e-01,1.040659682060507407e+00,1.204957707524648258e+00,5.621942854384790467e-01,1.672269282466901652e-01,3.842100318199674014e+00,2.832564115448540587e+00,-3.856799064125516208e-01,-3.132264959775487440e-02,2.175267855962834673e+00,3.269033544870708630e-01
-5.152485683867777944e-01,-1.837847219829066070e+00,-2.325940255408903146e-01,-1.508641497838665746e+00,1.304028612377228502e-01,6.538619562019995501e-02,-4.582187390443441810e-01,4.371733533342772038e-01,9.817770900930057609e-02,-7.754069170249729970e-01,-8.092769052360058168e-01,-1.283645962745322056e+00,-4.196887180635389125e-01,-9.204096845965986651e-01,1.666526929278118185e-01,-4.194950232830883530e-01,8.832967609949220200e-02,1.747985302776911831e-01,-1.394434911648746667e+00,6.791013331960825683e-01,-7.369643750999199661e-01,-8.623164985025838503e-01,-9.898908798046147650e-01,-1.120099352446805918e+00,1.204957707524648258e+00,4.222155905580857738e-01,2.358050203166296432e-01,-5.659883168023950306e-01,-7.031152942494910407e-01,-3.856799064125516208e-01,-3.132541477315819306e-02,-8.826485971191795343e-01,-5.414336808692048475e-01
-6.229219016698166467e-01,5.441148694030143451e-01,-2.325940255408903146e-01,8.743462339390176696e-01,9.639787028659499990e-01,-6.034971516036229111e-02,-4.582187390443441810e-01,-7.647587771265387246e-01,-7.232644200618061348e-01,1.289645446853545208e+00,1.883326476325566823e+00,7.897014355131553032e-01,-4.196887180635389125e-01,-9.204096845965986651e-01,7.674428785335266068e-02,-4.194950232830883530e-01,3.293073452418223135e-01,-4.214890535356072276e-01,1.916566580902701045e-01,-1.113901189737931618e+00,1.356917693429100291e+00,-8.623164985025838503e-01,1.207472988314443052e+00,1.040659682060507407e+00,-8.299046462421418857e-01,3.905383413793532821e-01,4.138916512505173007e-01,1.913561540386268911e+00,2.798237130888365787e+00,-3.856799064125516208e-01,-3.133822675252688483e-02,1.155962371602163419e+00,9.057947113912546699e-01
-1.922285685376610154e-01,5.441148694030143451e-01,6.526518925624983369e-01,8.743462339390176696e-01,1.102908009803987843e+00,-1.793709056635256260e+00,-4.582187390443441810e-01,-7.647587771265387246e-01,-2.254207054732566273e-01,1.289645446853545208e+00,8.825755528451835474e-02,-2.469722636160833762e-01,-4.196887180635389125e-01,1.516270014335442173e+00,-1.698336686654289496e+00,-4.194950232830883530e-01,-1.545098302898014753e+00,-2.122034394099182042e-01,-1.020640029725107673e-01,-1.113901189737931618e+00,1.356917693429100291e+00,-8.623164985025838503e-01,1.207472988314443052e+00,1.040659682060507407e+00,-8.299046462421418857e-01,-2.004287226947851330e+00,4.403044196199014659e-01,-2.904827771147657223e-01,2.742269816019975437e-01,-3.856799064125516208e-01,-3.133497092142069340e-02,1.366568872414919422e-01,9.057947113912546699e-01
1.307914313114557359e-01,5.441148694030143451e-01,-1.117839943644278966e+00,8.743462339390176696e-01,1.859745840129379824e-01,1.376632122331777675e+00,-4.582187390443441810e-01,-7.647587771265387246e-01,2.350115182101814373e-02,1.289645446853545208e+00,2.677644473886231502e-01,7.897014355131553032e-01,9.264826417629067334e-01,1.516270014335442173e+00,1.135103919286124086e+00,-4.194950232830883530e-01,1.283263276788638274e+00,-1.612469420575767254e-01,7.011284956428029957e-01,-1.113901189737931618e+00,-7.369643750999199661e-01,1.159667015227612730e+00,1.087910542549141157e-01,1.040659682060507407e+00,-8.299046462421418857e-01,6.639589352031753933e-01,2.488905768783777062e-01,-1.692603396522088244e-01,3.815141788007320733e-01,-3.856799064125516208e-01,-3.132664374000410784e-02,1.155962371602163419e+00,-2.519880024171129995e-01
3.461380978775335793e-01,5.441148694030143451e-01,-1.117839943644278966e+00,8.743462339390176696e-01,7.416918117650894704e-01,6.671223400700335704e-01,-4.582187390443441810e-01,-7.647587771265387246e-01,-1.071755020273790882e+00,1.289645446853545208e+00,2.677644473886231502e-01,7.897014355131553032e-01,9.264826417629067334e-01,1.516270014335442173e+00,4.238217513717545959e-01,-4.194950232830883530e-01,9.829213354999105645e-01,-9.714424789078409672e-01,-3.801090907871467698e-03,-1.113901189737931618e+00,1.356917693429100291e+00,1.159667015227612730e+00,1.207472988314443052e+00,1.040659682060507407e+00,-8.299046462421418857e-01,5.491579551306472462e-01,3.698754908347927639e-01,-1.692603396522088244e-01,9.177354913199438080e-01,-3.856799064125516208e-01,-3.134009769284363395e-02,1.155962371602163419e+00,9.057947113912546699e-01
1.422871430707922658e+00,5.441148694030143451e-01,-1.117839943644278966e+00,8.743462339390176696e-01,-1.474557526383528661e-01,3.348202901499762185e-01,-4.582187390443441810e-01,-7.647587771265387246e-01,-1.494922177674057995e+00,-7.754069170249729970e-01,8.825755528451835474e-02,7.897014355131553032e-01,-4.196887180635389125e-01,1.238816149457046267e-01,-1.367156854943683830e-01,-4.194950232830883530e-01,1.812001631996849049e-01,-1.429618264213731171e+00,-2.729560239544923661e-01,-1.709146776763389997e-01,-7.369643750999199661e-01,-8.623164985025838503e-01,-9.898908798046147650e-01,1.040659682060507407e+00,-8.299046462421418857e-01,4.834664920030388724e-01,1.672269282466901652e-01,-2.904827771147657223e-01,1.316978997069886415e-01,-3.856799064125516208e-01,-3.133969127135160376e-02,1.155962371602163419e+00,-1.120325037773388877e+00
2.391931430255272772e+00,5.441148694030143451e-01,1.537897810665886933e+00,-1.508641497838665746e+00,-5.920295348400740343e-01,-1.793709056635256260e+00,-4.582187390443441810e-01,1.639105483795093132e+00,-2.752050769321116030e-01,-7.754069170249729970e-01,2.332093706585828929e+00,1.826375134642393983e+00,-4.196887180635389125e-01,-9.204096845965986651e-01,-1.698336686654289496e+00,-4.194950232830883530e-01,-1.545098302898014753e+00,-9.382377437910267570e-01,1.094180143901360536e+00,4.798788306478587451e-01,-7.369643750999199661e-01,-8.623164985025838503e-01,-9.898908798046147650e-01,-1.120099352446805918e+00,1.204957707524648258e+00,-2.004287226947851330e+00,4.473808668226344348e-02,2.808954544371064177e+00,1.035503919610284873e+00,-3.856799064125516208e-01,-3.132172787262043484e-02,-8.826485971191795343e-01,-5.414336808692048475e-01
7.768314310096892106e-01,5.441148694030143451e-01,6.526518925624983369e-01,8.743462339390176696e-01,-4.253143665144286101e-01,-1.793709056635256260e+00,-4.582187390443441810e-01,-7.647587771265387246e-01,-4.494503770381039209e-01,-7.754069170249729970e-01,4.472713394927279595e-01,7.897014355131553032e-01,-4.196887180635389125e-01,-9.204096845965986651e-01,-1.698336686654289496e+00,-4.194950232830883530e-01,-1.545098302898014753e+00,-6.794041118558610259e-01,3.935228578752356654e-01,3.869083294586876387e-01,-7.369643750999199661e-01,-8.623164985025838503e-01,-9.898908798046147650e-01,1.040659682060507407e+00,-8.299046462421418857e-01,-2.004287226947851330e+00,9.272988894116553082e-02,-2.599745901464164607e-02,3.503531935413315562e-02,-3.856799064125516208e-01,-3.132577229078609138e-02,1.155962371602163419e+00,-1.120325037773388877e+00
1.307914313114557359e-01,5.441148694030143451e-01,1.537897810665886933e+00,-1.508641497838665746e+00,-1.474557526383528661e-01,-1.793709056635256260e+00,-4.582187390443441810e-01,4.371733533342772038e-01,-1.507441482849742054e-01,1.289645446853545208e+00,1.434559246065304716e+00,7.897014355131553032e-01,-4.196887180635389125e-01,1.516270014335442173e+00,-1.698336686654289496e+00,-4.194950232830883530e-01,-1.545098302898014753e+00,-2.816895721631112459e-01,5.681531418161983593e-01,-1.113901189737931618e+00,-7.369643750999199661e-01,-8.623164985025838503e-01,1.087910542549141157e-01,-1.120099352446805918e+00,1.204957707524648258e+00,-2.004287226947851330e+00,1.672269282466901652e-01,1.155921306245288216e+00,1.682065259911879496e+00,-3.856799064125516208e-01,-3.132531235925436336e-02,-8.826485971191795343e-01,3.269033544870708630e-01
-5.152485683867777944e-01,5.441148694030143451e-01,6.526518925624983369e-01,-1.508641497838665746e+00,1.304028612377228502e-01,3.617636996029538476e-01,-4.582187390443441810e-01,-7.647587771265387246e-01,9.196198380804072592e-01,-7.754069170249729970e-01,-2.707562289236913333e-01,-2.469722636160833762e-01,-4.196887180635389125e-01,1.238816149457046267e-01,4.639698403974224505e-01,-4.194950232830883530e-01,3.487312379686599573e-01,8.121261502238881214e-01,3.935228578752359430e-01,1.117390838802174935e+00,-7.369643750999199661e-01,1.159667015227612730e+00,-9.898908798046147650e-01,-1.120099352446805918e+00,-8.299046462421418857e-01,4.891610658477938967e-01,2.358050203166296432e-01,-4.668063225148485484e-01,-4.897192588712666050e-01,-3.856799064125516208e-01,-3.131730359197513330e-02,-8.826485971191795343e-01,-1.120325037773388877e+00
1.099851430858805879e+00,5.441148694030143451e-01,-1.117839943644278966e+00,8.743462339390176696e-01,-1.474557526383528661e-01,4.156505185089090504e-01,-4.582187390443441810e-01,1.639105483795093132e+00,-8.726175344383709787e-01,1.289645446853545208e+00,1.165298907909147585e+00,1.826375134642393983e+00,9.264826417629067334e-01,1.238816149457046267e-01,-1.432853510973425238e-03,-4.194950232830883530e-01,2.467558011527621054e-01,-1.012948397803858480e+00,6.092740343649876156e-01,-1.113901189737931618e+00,-7.369643750999199661e-01,1.159667015227612730e+00,1.087910542549141157e-01,1.040659682060507407e+00,1.204957707524648258e+00,5.003405849646818115e-01,1.672269282466901652e-01,7.674584952857310682e-01,2.023367384569197736e+00,-3.856799064125516208e-01,-3.133303436760288829e-02,2.175267855962834673e+00,3.269033544870708630e-01
4.538114311605724871e-01,5.441148694030143451e-01,-1.117839943644278966e+00,-3.171476319498239826e-01,-8.526445700315014864e-03,1.821409699164363294e-01,-4.582187390443441810e-01,-7.647587771265387246e-01,3.222073805741478836e-01,-7.754069170249729970e-01,-4.502631210277961427e-01,7.897014355131553032e-01,-4.196887180635389125e-01,1.516270014335442173e+00,-2.379183308981721798e-02,-4.194950232830883530e-01,1.241424783145991945e-01,-8.292956681653916584e-02,9.061989208211804758e-01,7.986348347250168400e-01,-7.369643750999199661e-01,-8.623164985025838503e-01,-9.898908798046147650e-01,-3.971983519314924160e-02,-8.299046462421418857e-01,4.497762024827584026e-01,2.021964911831932998e-01,-5.219074304523743102e-01,-5.373041219326177842e-01,-3.856799064125516208e-01,-3.132178686302904136e-02,1.366568872414919422e-01,-1.120325037773388877e+00
-7.305952349528556100e-01,5.441148694030143451e-01,6.526518925624983369e-01,-1.508641497838665746e+00,-4.253143665144286101e-01,-1.793709056635256260e+00,-4.582187390443441810e-01,-7.647587771265387246e-01,-2.752050769321116030e-01,1.289645446853545208e+00,-8.092769052360058168e-01,-1.283645962745322056e+00,-4.196887180635389125e-01,1.238816149457046267e-01,-1.698336686654289496e+00,-4.194950232830883530e-01,-1.545098302898014753e+00,-1.627648150501791527e-02,-1.394434911648746667e+00,-1.113901189737931618e+00,-7.369643750999199661e-01,-8.623164985025838503e-01,1.087910542549141157e-01,-1.120099352446805918e+00,-8.299046462421418857e-01,-2.004287226947851330e+00,9.272988894116553082e-02,-5.659883168023950306e-01,-7.031152942494910407e-01,-3.856799064125516208e-01,-3.132373890927739324e-02,-8.826485971191795343e-01,-2.519880024171129995e-01
-8.455523525462210754e-02,5.441148694030143451e-01,-2.325940255408903146e-01,8.743462339390176696e-01,1.519695930618101487e+00,7.659148413976182290e-01,-4.582187390443441810e-01,4.371733533342772038e-01,-2.752050769321116030e-01,1.289645446853545208e+00,5.370247855447803920e-01,7.897014355131553032e-01,-4.196887180635389125e-01,-9.204096845965986651e-01,6.756106915121535827e-01,-4.194950232830883530e-01,1.568794499873152448e+00,-2.898056523589022659e-01,5.040686339479552025e-01,-1.113901189737931618e+00,1.356917693429100291e+00,1.159667015227612730e+00,1.207472988314443052e+00,1.040659682060507407e+00,1.204957707524648258e+00,5.669881175669503337e-01,5.150164152972586118e-01,5.389914749477092704e-02,7.871297462017454727e-01,-3.856799064125516208e-01,-3.133729478600207063e-02,1.155962371602163419e+00,1.484686068295438144e+00
5.614847644436113949e-01,5.441148694030143451e-01,1.537897810665886933e+00,8.743462339390176696e-01,7.972635345403046303e-01,-1.793709056635256260e+00,-4.582187390443441810e-01,4.371733533342772038e-01,-1.391033908409332418e-03,1.289645446853545208e+00,5.370247855447803920e-01,-1.283645962745322056e+00,-4.196887180635389125e-01,-9.204096845965986651e-01,-1.698336686654289496e+00,-4.194950232830883530e-01,-1.545098302898014753e+00,-3.312664416980775073e-01,-1.394434911648746667e+00,-1.113901189737931618e+00,1.356917693429100291e+00,-8.623164985025838503e-01,1.207472988314443052e+00,1.040659682060507407e+00,1.204957707524648258e+00,-2.004287226947851330e+00,3.810916252434320417e-01,5.389914749477092704e-02,6.629426594974757725e-01,-3.856799064125516208e-01,-3.133141596191228034e-02,-8.826485971191795343e-01,1.484686068295438144e+00
2.311809802841681069e-02,5.441148694030143451e-01,-1.117839943644278966e+00,8.743462339390176696e-01,4.082614751137985665e-01,3.527825631186279343e-01,-4.582187390443441810e-01,-7.647587771265387246e-01,7.204823522449874673e-01,-7.754069170249729970e-01,2.677644473886231502e-01,-2.469722636160833762e-01,-4.196887180635389125e-01,1.238816149457046267e-01,2.555808857456021710e-01,-4.194950232830883530e-01,4.859124803519511704e-01,3.715045858166406423e-01,3.016683965974208959e-01,1.011138837443122274e+00,1.356917693429100291e+00,-8.623164985025838503e-01,1.087910542549141157e-01,1.040659682060507407e+00,-8.299046462421418857e-01,4.872707892464295809e-01,2.993358757040473495e-01,-1.692603396522088244e-01,-2.551161640765727268e-01,-3.856799064125516208e-01,-3.132207900600498390e-02,1.366568872414919422e-01,3.745767603497900805e-02
2.311809802841681069e-02,5.441148694030143451e-01,-1.117839943644278966e+00,8.743462339390176696e-01,-4.253143665144286101e-01,3.527825631186279343e-01,-4.582187390443441810e-01,-7.647587771265387246e-01,-1.258519625555467036e-01,1.289645446853545208e+00,1.703819584221461847e+00,7.897014355131553032e-01,9.264826417629067334e-01,1.516270014335442173e+00,2.555808857456021710e-01,-4.194950232830883530e-01,5.069588394124417696e-02,-2.243359387795233195e-01,5.793679306931409645e-01,-1.113901189737931618e+00,-7.369643750999199661e-01,-8.623164985025838503e-01,1.087910542549141157e-01,1.040659682060507407e+00,-8.299046462421418857e-01,4.872707892464295809e-01,9.272988894116553082e-02,1.593975114348618494e+00,1.947252263256435079e+00,-3.856799064125516208e-01,-3.132199601084136031e-02,1.155962371602163419e+00,-2.519880024171129995e-01
-1.915001901066283763e+00,5.441148694030143451e-01,-2.325940255408903146e-01,-1.508641497838665746e+00,6.861200889898743105e-01,-3.567272191431161699e-01,-4.582187390443441810e-01,-7.647587771265387246e-01,1.019188580998117155e+00,-7.754069170249729970e-01,-8.092769052360058168e-01,-1.283645962745322056e+00,-4.196887180635389125e-01,-9.204096845965986651e-01,2.637562730778195141e-01,-4.194950232830883530e-01,-8.830634838518804097e-02,2.088927274358525654e+00,-1.394434911648746667e+00,1.170516839481701155e+00,1.356917693429100291e+00,-8.623164985025838503e-01,1.087910542549141157e-01,-1.120099352446805918e+00,-8.299046462421418857e-01,3.057744202772942899e-01,3.585117714792993016e-01,-5.659883168023950306e-01,-7.031152942494910407e-01,-3.856799064125516208e-01,-3.132195727976500726e-02,-8.826485971191795343e-01,3.745767603497900805e-02
-1.268961901368050205e+00,-1.837847219829066070e+00,-1.117839943644278966e+00,-1.508641497838665746e+00,-1.474557526383528661e-01,8.334846858885169851e-02,-4.582187390443441810e-01,-7.647587771265387246e-01,1.044080766727544685e+00,-7.754069170249729970e-01,-8.092769052360058168e-01,7.897014355131553032e-01,-4.196887180635389125e-01,1.238816149457046267e-01,4.985066807600539440e-01,-4.194950232830883530e-01,-2.275071043211083707e-02,1.465547901986908430e+00,1.377220053652767451e+00,1.183798339651582765e+00,-7.369643750999199661e-01,-8.623164985025838503e-01,-9.898908798046147650e-01,-1.120099352446805918e+00,-8.299046462421418857e-01,4.265659669874327098e-01,1.672269282466901652e-01,-5.659883168023950306e-01,-7.031152942494910407e-01,-3.856799064125516208e-01,-3.131253110405680939e-02,-8.826485971191795343e-01,-1.120325037773388877e+00
7.768314310096892106e-01,5.441148694030143451e-01,6.526518925624983369e-01,8.743462339390176696e-01,9.639787028659499990e-01,-1.793709056635256260e+00,2.182363824940011909e+00,4.371733533342772038e-01,3.470995663035753576e-01,-7.754069170249729970e-01,8.825755528451835474e-02,7.897014355131553032e-01,-4.196887180635389125e-01,1.516270014335442173e+00,-1.698336686654289496e+00,2.653838959469650760e+00,-1.545098302898014753e+00,-1.829661048634925735e-01,9.126073716080049802e-01,8.119163348948983394e-01,1.356917693429100291e+00,-8.623164985025838503e-01,1.207472988314443052e+00,1.040659682060507407e+00,1.204957707524648258e+00,-2.004287226947851330e+00,4.138916512505173007e-01,-2.904827771147657223e-01,-2.914265958599941975e-01,-3.856799064125516208e-01,-3.132963934669103639e-02,1.155962371602163419e+00,1.484686068295438144e+00
-1.922285685376610154e-01,5.441148694030143451e-01,6.526518925624983369e-01,-1.508641497838665746e+00,4.082614751137985665e-01,4.515750644462125929e-01,-4.582187390443441810e-01,-7.647587771265387246e-01,7.204823522449874673e-01,1.289645446853545208e+00,8.062851237009377448e-01,7.897014355131553032e-01,9.264826417629067334e-01,1.516270014335442173e+00,4.241196399790013172e-01,-4.194950232830883530e-01,5.793899640998575462e-01,4.793490246575756730e-01,1.140107374540267893e+00,-1.113901189737931618e+00,1.356917693429100291e+00,1.159667015227612730e+00,1.207472988314443052e+00,-1.120099352446805918e+00,-8.299046462421418857e-01,5.076437278473231451e-01,2.993358757040473495e-01,3.266496317855240306e-01,6.408820962692639567e-01,-3.856799064125516208e-01,-3.132207900600498390e-02,-8.826485971191795343e-01,9.057947113912546699e-01
-4.075752351037388310e-01,5.441148694030143451e-01,-1.117839943644278966e+00,-1.508641497838665746e+00,1.026169998501152703e-01,-3.340630570738466892e-02,-4.582187390443441810e-01,-7.647587771265387246e-01,7.951589094332699448e-01,-7.754069170249729970e-01,-8.092769052360058168e-01,-2.469722636160833762e-01,-4.196887180635389125e-01,1.238816149457046267e-01,3.222930382943053895e-02,-4.194950232830883530e-01,-1.036797881875181106e-02,6.526011156555369119e-01,3.465275521051909280e-01,1.050983337952766883e+00,-7.369643750999199661e-01,-8.623164985025838503e-01,-9.898908798046147650e-01,-1.120099352446805918e+00,-8.299046462421418857e-01,3.975146041236708450e-01,2.291871319131506546e-01,-5.659883168023950306e-01,-7.031152942494910407e-01,-3.856799064125516208e-01,-3.131822198270339808e-02,-8.826485971191795343e-01,-1.120325037773388877e+00
-1.376635234651089057e+00,5.441148694030143451e-01,-1.117839943644278966e+00,-3.171476319498239826e-01,2.693321681757607222e-01,2.946164968289645414e-02,-4.582187390443441810e-01,-7.647587771265387246e-01,2.350115182101814373e-02,-7.754069170249729970e-01,-8.092769052360058168e-01,7.897014355131553032e-01,-4.196887180635389125e-01,1.168172914488007974e+00,4.874827264131269544e-01,-4.194950232830883530e-01,1.183760101613192534e-01,6.142860908170866274e-01,7.203538480032757318e-01,6.392568326864377370e-01,-7.369643750999199661e-01,-8.623164985025838503e-01,-9.898908798046147650e-01,-3.971983519314924160e-02,-8.299046462421418857e-01,4.133879176985665316e-01,2.681545029392731205e-01,-5.659883168023950306e-01,-7.031152942494910407e-01,-3.856799064125516208e-01,-3.132735380973730721e-02,1.366568872414919422e-01,-1.120325037773388877e+00
-2.999019018206999232e-01,5.441148694030143451e-01,6.526518925624983369e-01,8.743462339390176696e-01,4.082614751137985665e-01,-1.793709056635256260e+00,-4.582187390443441810e-01,-7.647587771265387246e-01,-1.768736220697760153e+00,-7.754069170249729970e-01,-8.092769052360058168e-01,7.897014355131553032e-01,-4.196887180635389125e-01,1.238816149457046267e-01,-1.698336686654289496e+00,-4.194950232830883530e-01,-1.545098302898014753e+00,-1.319115587778012078e+00,-4.331672936251001471e-01,-3.170111795450364367e-01,1.356917693429100291e+00,-8.623164985025838503e-01,1.087910542549141157e-01,1.040659682060507407e+00,-8.299046462421418857e-01,-2.004287226947851330e+00,2.993358757040473495e-01,-5.659883168023950306e-01,-7.031152942494910407e-01,-3.856799064125516208e-01,-3.134490267600061053e-02,1.155962371602163419e+00,3.745767603497900805e-02
-1.699655234500205836e+00,5.441148694030143451e-01,6.526518925624983369e-01,8.743462339390176696e-01,6.861200889898743105e-01,-1.793709056635256260e+00,-4.582187390443441810e-01,-7.647587771265387246e-01,-2.752050769321116030e-01,1.289645446853545208e+00,-8.092769052360058168e-01,-1.283645962745322056e+00,-4.196887180635389125e-01,1.238816149457046267e-01,-1.698336686654289496e+00,-4.194950232830883530e-01,-1.545098302898014753e+00,5.559753364656080388e-01,-1.394434911648746667e+00,-1.113901189737931618e+00,1.356917693429100291e+00,-8.623164985025838503e-01,1.207472988314443052e+00,1.040659682060507407e+00,-8.299046462421418857e-01,-2.004287226947851330e+00,3.585117714792993016e-01,-5.659883168023950306e-01,-7.031152942494910407e-01,-3.856799064125516208e-01,-3.133303436760288829e-02,-8.826485971191795343e-01,9.057947113912546699e-01
-6.229219016698166467e-01,5.441148694030143451e-01,-1.117839943644278966e+00,8.743462339390176696e-01,-3.631230708792258788e-02,6.671223400700335704e-01,-4.582187390443441810e-01,1.639105483795093132e+00,8.698354666215523112e-01,-7.754069170249729970e-01,-3.605096749757437102e-01,7.897014355131553032e-01,-4.196887180635389125e-01,1.516270014335442173e+00,8.217264585016378353e-01,-4.194950232830883530e-01,5.172335073739768863e-01,8.402908809033289295e-01,1.257061601399811712e+00,1.090827838462411714e+00,-7.369643750999199661e-01,1.159667015227612730e+00,-9.898908798046147650e-01,1.040659682060507407e+00,1.204957707524648258e+00,5.491579551306472462e-01,1.953149391505394350e-01,-4.971119318804877452e-01,-5.231555638157588950e-01,-3.856799064125516208e-01,-3.131582090294166704e-02,1.155962371602163419e+00,-5.414336808692048475e-01
3.461380978775335793e-01,-1.837847219829066070e+00,-1.117839943644278966e+00,-3.171476319498239826e-01,1.304028612377228502e-01,3.258391536656503051e-01,-4.582187390443441810e-01,1.639105483795093132e+00,1.068972952456972214e+00,-7.754069170249729970e-01,-8.092769052360058168e-01,7.897014355131553032e-01,9.264826417629067334e-01,1.238816149457046267e-01,1.295078074119384859e-01,-4.194950232830883530e-01,3.171674122875487445e-01,4.563611311151659078e-01,1.393241180619828379e+00,1.197079839821464375e+00,-7.369643750999199661e-01,-8.623164985025838503e-01,-9.898908798046147650e-01,-1.120099352446805918e+00,1.204957707524648258e+00,4.815523381534405623e-01,2.358050203166296432e-01,-5.659883168023950306e-01,-7.031152942494910407e-01,-3.856799064125516208e-01,-3.131582883176002585e-02,1.366568872414919422e-01,-5.414336808692048475e-01
3.461380978775335793e-01,5.441148694030143451e-01,6.526518925624983369e-01,-1.508641497838665746e+00,4.082614751137985665e-01,6.761034765543594283e-01,-4.582187390443441810e-01,-7.647587771265387246e-01,5.960214235978501529e-01,1.289645446853545208e+00,8.062851237009377448e-01,7.897014355131553032e-01,9.264826417629067334e-01,1.516270014335442173e+00,4.315668551601710146e-01,-4.194950232830883530e-01,7.918387907996448094e-01,1.409161475054317436e-01,1.060001739704963919e+00,-1.113901189737931618e+00,1.356917693429100291e+00,1.159667015227612730e+00,1.207472988314443052e+00,-1.120099352446805918e+00,-8.299046462421418857e-01,5.508080871334737338e-01,2.993358757040473495e-01,3.266496317855240306e-01,6.839589357089675969e-01,-3.856799064125516208e-01,-3.132322018950476489e-02,-8.826485971191795343e-01,9.057947113912546699e-01
6.691580977266503583e-01,5.441148694030143451e-01,1.537897810665886933e+00,-1.508641497838665746e+00,-1.474557526383528661e-01,-1.793709056635256260e+00,-4.582187390443441810e-01,-7.647587771265387246e-01,2.475308233858654339e-01,1.289645446853545208e+00,9.857920158050426096e-01,-2.469722636160833762e-01,-4.196887180635389125e-01,-9.204096845965986651e-01,-1.698336686654289496e+00,-4.194950232830883530e-01,-1.545098302898014753e+00,-2.085636895990366779e-01,9.018952063221853666e-02,-1.113901189737931618e+00,-7.369643750999199661e-01,-8.623164985025838503e-01,1.087910542549141157e-01,-1.120099352446805918e+00,-8.299046462421418857e-01,-2.004287226947851330e+00,1.672269282466901652e-01,5.360338419481222028e-01,9.900269582819608560e-01,-3.856799064125516208e-01,-3.132105194085518102e-02,-8.826485971191795343e-01,-2.519880024171129995e-01
6.691580977266503583e-01,5.441148694030143451e-01,1.537897810665886933e+00,8.743462339390176696e-01,7.416918117650894704e-01,-1.793709056635256260e+00,-4.582187390443441810e-01,4.371733533342772038e-01,-3.249894483909665510e-01,1.289645446853545208e+00,-8.092769052360058168e-01,-1.283645962745322056e+00,-4.196887180635389125e-01,1.516270014335442173e+00,-1.698336686654289496e+00,-4.194950232830883530e-01,-1.545098302898014753e+00,-5.713254207502309612e-01,-1.394434911648746667e+00,-1.113901189737931618e+00,1.356917693429100291e+00,-8.623164985025838503e-01,1.207472988314443052e+00,1.040659682060507407e+00,1.204957707524648258e+00,-2.004287226947851330e+00,3.698754908347927639e-01,-5.659883168023950306e-01,-7.031152942494910407e-01,-3.856799064125516208e-01,-3.133379115245010782e-02,-8.826485971191795343e-01,1.484686068295438144e+00
1.853564763840078289e+00,5.441148694030143451e-01,1.537897810665886933e+00,8.743462339390176696e-01,1.102908009803987843e+00,9.814621170214391510e-01,2.182363824940011909e+00,1.639105483795093132e+00,-7.979409772500886122e-01,1.289645446853545208e+00,2.421847152637881528e+00,7.897014355131553032e-01,3.618825361415798358e+00,1.516270014335442173e+00,2.229944827171875810e-01,2.749880646430673536e+00,1.549674105470171481e+00,-1.112913357398492620e+00,1.339806010088515631e-01,-1.113901189737931618e+00,1.356917693429100291e+00,1.159667015227612730e+00,2.306154922373972127e+00,1.040659682060507407e+00,1.204957707524648258e+00,6.036208825224800290e-01,4.403044196199014659e-01,3.004563477549281103e+00,3.624556303220900055e+00,2.703968163814905346e+00,-3.133942499520165487e-02,1.155962371602163419e+00,2.353023103651714187e+00
4.538114311605724871e-01,5.441148694030143451e-01,1.537897810665886933e+00,8.743462339390176696e-01,-1.474557526383528661e-01,-1.793709056635256260e+00,-4.582187390443441810e-01,1.639105483795093132e+00,-6.236956771440962388e-01,1.289645446853545208e+00,5.370247855447803920e-01,1.826375134642393983e+00,-4.196887180635389125e-01,1.516270014335442173e+00,-1.698336686654289496e+00,-4.194950232830883530e-01,-1.545098302898014753e+00,-7.029421208080852690e-01,8.378421124283880195e-01,-1.113901189737931618e+00,-7.369643750999199661e-01,-8.623164985025838503e-01,1.087910542549141157e-01,1.040659682060507407e+00,1.204957707524648258e+00,-2.004287226947851330e+00,1.672269282466901652e-01,5.389914749477092704e-02,9.821150785972343478e-01,-3.856799064125516208e-01,-3.133037160610339239e-02,2.175267855962834673e+00,3.269033544870708630e-01
-2.999019018206999232e-01,-1.837847219829066070e+00,-2.325940255408903146e-01,8.743462339390176696e-01,9.639787028659499990e-01,9.275752981154838928e-01,-4.582187390443441810e-01,-7.647587771265387246e-01,4.715604949507127275e-01,1.289645446853545208e+00,8.825755528451835474e-02,7.897014355131553032e-01,-4.196887180635389125e-01,-9.204096845965986651e-01,9.245199315758385605e-01,-4.194950232830883530e-01,1.397621445217895220e+00,3.508872666264623019e-01,9.927130064433088430e-01,-1.113901189737931618e+00,1.356917693429100291e+00,1.159667015227612730e+00,1.207472988314443052e+00,-1.120099352446805918e+00,-8.299046462421418857e-01,5.947356967439587638e-01,4.138916512505173007e-01,-2.904827771147657223e-01,9.299795031827771952e-02,-3.856799064125516208e-01,-3.132864081112872456e-02,1.155962371602163419e+00,9.057947113912546699e-01
-5.152485683867777944e-01,-1.837847219829066070e+00,6.526518925624983369e-01,-3.171476319498239826e-01,1.304028612377228502e-01,1.731598334321104438e-01,-4.582187390443441810e-01,-7.647587771265387246e-01,1.068972952456972214e+00,-7.754069170249729970e-01,-4.502631210277961427e-01,-2.469722636160833762e-01,-4.196887180635389125e-01,1.238816149457046267e-01,2.747680192803975130e-01,-4.194950232830883530e-01,1.830211531428259375e-01,9.280038993050150342e-01,4.597435160057536940e-01,1.197079839821464375e+00,-7.369643750999199661e-01,-8.623164985025838503e-01,-9.898908798046147650e-01,-1.120099352446805918e+00,-8.299046462421418857e-01,4.477144716581111239e-01,2.358050203166296432e-01,-5.219074304523743102e-01,-5.657288943297960060e-01,-3.856799064125516208e-01,-3.131582883176002585e-02,-3.729958549388437961e-01,-1.120325037773388877e+00
4.538114311605724871e-01,5.441148694030143451e-01,-1.117839943644278966e+00,-1.508641497838665746e+00,-3.697426437392134502e-01,2.719523347596951024e-01,-4.582187390443441810e-01,1.639105483795093132e+00,8.449432808921248927e-01,-7.754069170249729970e-01,1.434559246065304716e+00,7.897014355131553032e-01,9.264826417629067334e-01,1.516270014335442173e+00,5.232384207220430739e-02,-4.194950232830883530e-01,1.852506161241925312e-02,2.597089498629992499e-01,1.208998220498629372e+00,1.077546338292530104e+00,-7.369643750999199661e-01,-8.623164985025838503e-01,-9.898908798046147650e-01,-1.120099352446805918e+00,1.204957707524648258e+00,4.698950105237615915e-01,1.081522668181317537e-01,1.155921306245288216e+00,2.021038317274146956e-01,-3.856799064125516208e-01,-3.131152305863200286e-02,-8.826485971191795343e-01,-5.414336808692048475e-01
-7.305952349528556100e-01,-1.837847219829066070e+00,-1.117839943644278966e+00,-9.128945648942448088e-01,-2.030274754135680260e-01,9.232960507317758414e-02,-4.582187390443441810e-01,-7.647587771265387246e-01,1.168541695374682110e+00,-7.754069170249729970e-01,-8.092769052360058168e-01,-2.469722636160833762e-01,-4.196887180635389125e-01,1.238816149457046267e-01,2.741929377572453475e-01,-4.194950232830883530e-01,-4.096060986352117322e-02,1.151541117390592950e+00,5.067388217757986535e-01,1.250205840500990817e+00,-7.369643750999199661e-01,-8.623164985025838503e-01,-9.898908798046147650e-01,-1.120099352446805918e+00,-8.299046462421418857e-01,4.287256426293599709e-01,1.528327581978870808e-01,-5.659883168023950306e-01,-7.031152942494910407e-01,-3.856799064125516208e-01,-3.131039638170213940e-02,-6.278222260290116097e-01,-1.120325037773388877e+00
4.538114311605724871e-01,5.441148694030143451e-01,-1.117839943644278966e+00,8.743462339390176696e-01,-8.526445700315014864e-03,9.006318886625063191e-01,-4.582187390443441810e-01,1.639105483795093132e+00,9.942963952686897366e-01,-7.754069170249729970e-01,-8.092769052360058168e-01,-2.469722636160833762e-01,2.272654001589352379e+00,1.516270014335442173e+00,5.851335682063545374e-01,-4.194950232830883530e-01,7.311391260282770199e-01,3.576056689142959599e-01,4.319735625961817482e-01,1.157235339311819544e+00,-7.369643750999199661e-01,1.159667015227612730e+00,-9.898908798046147650e-01,1.040659682060507407e+00,1.204957707524648258e+00,5.902271222603393541e-01,2.021964911831932998e-01,-5.659883168023950306e-01,-7.031152942494910407e-01,-3.856799064125516208e-01,-3.131488498522236319e-02,1.366568872414919422e-01,-5.414336808692048475e-01
7.768314310096892106e-01,5.441148694030143451e-01,1.537897810665886933e+00,-1.508641497838665746e+00,-1.474557526383528661e-01,-1.793709056635256260e+00,-4.582187390443441810e-01,-7.647587771265387246e-01,-1.270892506109210673e+00,1.289645446853545208e+00,-8.092769052360058168e-01,7.897014355131553032e-01,-4.196887180635389125e-01,-9.204096845965986651e-01,-1.698336686654289496e+00,-4.194950232830883530e-01,-1.545098302898014753e+00,-1.191355806566740894e+00,-1.127447542838846267e-01,-1.113901189737931618e+00,-7.369643750999199661e-01,-8.623164985025838503e-01,1.087910542549141157e-01,-1.120099352446805918e+00,-8.299046462421418857e-01,-2.004287226947851330e+00,1.672269282466901652e-01,-5.659883168023950306e-01,-7.031152942494910407e-01,-3.856799064125516208e-01,-3.133729478600207063e-02,-8.826485971191795343e-01,-2.519880024171129995e-01
-8.455523525462210754e-02,5.441148694030143451e-01,-1.117839943644278966e+00,8.743462339390176696e-01,4.638331978890137264e-01,2.360277888223915876e-01,-4.582187390443441810e-01,1.639105483795093132e+00,-4.992347484969588689e-01,1.289645446853545208e+00,-8.092769052360058168e-01,-2.469722636160833762e-01,-4.196887180635389125e-01,1.516270014335442173e+00,1.841619360320831122e-01,-4.194950232830883530e-01,4.028753389447200517e-01,-4.505040402355589557e-01,-2.088715160862492648e-01,-1.113901189737931618e+00,1.356917693429100291e+00,-8.623164985025838503e-01,1.207472988314443052e+00,1.040659682060507407e+00,1.204957707524648258e+00,4.619540074348978398e-01,3.114998825751355560e-01,-5.659883168023950306e-01,-7.031152942494910407e-01,-3.856799064125516208e-01,-3.133361942505911296e-02,1.366568872414919422e-01,1.484686068295438144e+00
-6.229219016698166467e-01,5.441148694030143451e-01,-1.117839943644278966e+00,-3.171476319498239826e-01,-4.253143665144286101e-01,2.629711982753691890e-01,-4.582187390443441810e-01,-7.647587771265387246e-01,9.196198380804072592e-01,-7.754069170249729970e-01,8.825755528451835474e-02,1.826375134642393983e+00,-4.196887180635389125e-01,1.516270014335442173e+00,4.078474748081460377e-01,-4.194950232830883530e-01,-1.607374730726038314e-02,8.797215038545456167e-01,2.172936026350119398e+00,1.117390838802174935e+00,-7.369643750999199661e-01,-8.623164985025838503e-01,-9.898908798046147650e-01,-3.971983519314924160e-02,-8.299046462421418857e-01,4.679227260088268392e-01,9.272988894116553082e-02,-2.904827771147657223e-01,-3.474552352857836479e-01,-3.856799064125516208e-01,-3.130979572178915760e-02,6.463096294218276805e-01,-1.120325037773388877e+00
-6.229219016698166467e-01,5.441148694030143451e-01,-2.325940255408903146e-01,8.743462339390176696e-01,9.639787028659499990e-01,6.132355211640783121e-01,-4.582187390443441810e-01,-7.647587771265387246e-01,-6.983722343323787163e-01,1.289645446853545208e+00,8.825755528451835474e-02,7.897014355131553032e-01,-4.196887180635389125e-01,-9.204096845965986651e-01,7.665425940091722401e-01,-4.194950232830883530e-01,1.057703322498235732e+00,-4.017737420599987175e-01,2.397200389914524443e-01,-1.113901189737931618e+00,1.356917693429100291e+00,1.159667015227612730e+00,1.207472988314443052e+00,1.040659682060507407e+00,-8.299046462421418857e-01,5.391293675612156555e-01,4.138916512505173007e-01,-2.904827771147657223e-01,4.527798973825578610e-01,-3.856799064125516208e-01,-3.133802704541442663e-02,1.155962371602163419e+00,9.057947113912546699e-01
1.207524764141844953e+00,-1.837847219829066070e+00,-1.117839943644278966e+00,-1.508641497838665746e+00,4.082614751137985665e-01,1.951424857328633689e+00,2.182363824940011909e+00,1.639105483795093132e+00,6.458057950567051009e-01,-7.754069170249729970e-01,-9.124933681958644072e-02,-2.469722636160833762e-01,9.264826417629067334e-01,1.238816149457046267e-01,1.133869035605174158e+00,2.269672211625558322e+00,1.998548126454436247e+00,-1.466879428140505925e-01,2.738984431878486170e-01,9.712943369334774424e-01,1.356917693429100291e+00,1.159667015227612730e+00,1.207472988314443052e+00,-1.120099352446805918e+00,1.204957707524648258e+00,7.395082237528232127e-01,2.993358757040473495e-01,-3.896647714023122600e-01,-3.987783324020654496e-01,3.478663138112279896e+00,-3.132276371610485249e-02,-8.826485971191795343e-01,1.484686068295438144e+00
1.099851430858805879e+00,5.441148694030143451e-01,-2.325940255408903146e-01,8.743462339390176696e-01,9.084069800907348391e-01,9.455375710841357195e-01,2.182363824940011909e+00,1.639105483795093132e+00,-3.249894483909665510e-01,1.289645446853545208e+00,1.883326476325566823e+00,7.897014355131553032e-01,2.272654001589352379e+00,1.516270014335442173e+00,4.055481471209601008e-01,2.615422284685241294e+00,1.380018542434198636e+00,-6.876457584563202552e-01,4.479946895632425097e-01,-1.113901189737931618e+00,1.356917693429100291e+00,1.159667015227612730e+00,2.306154922373972127e+00,1.040659682060507407e+00,1.204957707524648258e+00,5.977167622957495485e-01,4.030961330492208727e-01,1.913561540386268911e+00,2.327467056920250243e+00,2.853998422937545687e+00,-3.133473314202787213e-02,1.155962371602163419e+00,2.353023103651714187e+00
2.176584763689195068e+00,5.441148694030143451e-01,1.537897810665886933e+00,-9.128945648942448088e-01,-3.481759119151261572e+00,1.462164239791328424e-01,2.182363824940011909e+00,-7.647587771265387246e-01,-3.262267364463408814e+00,-7.754069170249729970e-01,-8.092769052360058168e-01,-1.283645962745322056e+00,-4.196887180635389125e-01,-9.204096845965986651e-01,-4.097188779653639368e-01,-4.194950232830883530e-01,-1.545098302898014753e+00,-2.432450824047661442e+00,-1.394434911648746667e+00,-1.113901189737931618e+00,-7.369643750999199661e-01,-8.623164985025838503e-01,1.087910542549141157e-01,-5.799095938199776423e-01,-8.299046462421418857e-01,4.414725767909474241e-01,-3.974562670904782102e+00,-5.659883168023950306e-01,-7.031152942494910407e-01,-3.856799064125516208e-01,-3.135859687799798234e-02,-8.826485971191795343e-01,-2.519880024171129995e-01
-4.075752351037388310e-01,-1.837847219829066070e+00,-2.325940255408903146e-01,-1.508641497838665746e+00,4.082614751137985665e-01,7.928582508505958026e-01,-4.582187390443441810e-01,-7.647587771265387246e-01,2.226386376564379599e-01,1.289645446853545208e+00,-8.092769052360058168e-01,-1.283645962745322056e+00,-4.196887180635389125e-01,1.516270014335442173e+00,8.445357891585235643e-01,-4.194950232830883530e-01,9.023121806835341374e-01,2.172870382741040052e-01,-1.394434911648746667e+00,-1.113901189737931618e+00,1.356917693429100291e+00,1.159667015227612730e+00,1.207472988314443052e+00,-1.120099352446805918e+00,-8.299046462421418857e-01,5.717319261867084279e-01,2.993358757040473495e-01,-5.659883168023950306e-01,-7.031152942494910407e-01,-3.856799064125516208e-01,-3.132664374000410784e-02,-8.826485971191795343e-01,9.057947113912546699e-01
8.845047642927281739e-01,5.441148694030143451e-01,1.537897810665886933e+00,8.743462339390176696e-01,9.639787028659499990e-01,4.874996103835160799e-01,2.182363824940011909e+00,4.371733533342772038e-01,-5.739113056852412909e-01,1.289645446853545208e+00,1.883326476325566823e+00,7.897014355131553032e-01,-4.196887180635389125e-01,-9.204096845965986651e-01,1.102699689697431290e-01,2.653838959469650760e+00,9.217360734103717812e-01,-7.839963935709870491e-01,2.877834198926347842e-01,-1.113901189737931618e+00,1.356917693429100291e+00,1.159667015227612730e+00,2.306154922373972127e+00,1.040659682060507407e+00,1.204957707524648258e+00,5.148314011711022653e-01,4.138916512505173007e-01,1.913561540386268911e+00,2.605502135009217568e+00,2.434565810309037293e+00,-3.133702850985212174e-02,1.155962371602163419e+00,2.353023103651714187e+00
4.538114311605724871e-01,5.441148694030143451e-01,-2.325940255408903146e-01,8.743462339390176696e-01,2.693321681757607222e-01,2.001032428850880729e-01,-4.582187390443441810e-01,-7.647587771265387246e-01,-7.730487915206610827e-01,-7.754069170249729970e-01,-8.092769052360058168e-01,-1.283645962745322056e+00,-4.196887180635389125e-01,-9.204096845965986651e-01,-8.568698057412992355e-03,-4.194950232830883530e-01,2.740706502998775940e-01,-8.008388398593823121e-01,-1.394434911648746667e+00,2.142488272502270086e-01,-7.369643750999199661e-01,-8.623164985025838503e-01,-9.898908798046147650e-01,1.040659682060507407e+00,-8.299046462421418857e-01,4.538718235859399708e-01,2.681545029392731205e-01,-5.659883168023950306e-01,-7.031152942494910407e-01,-3.856799064125516208e-01,-3.133492788689140607e-02,-8.826485971191795343e-01,-1.120325037773388877e+00
-2.022675234349322615e+00,5.441148694030143451e-01,-1.117839943644278966e+00,-3.171476319498239826e-01,-9.188402986313773391e-02,-6.933085164468816286e-02,-4.582187390443441810e-01,-7.647587771265387246e-01,1.068972952456972214e+00,-7.754069170249729970e-01,-8.092769052360058168e-01,-2.469722636160833762e-01,-4.196887180635389125e-01,1.238816149457046267e-01,7.234466236436278841e-01,-4.194950232830883530e-01,-1.232693552934958775e-01,2.272185788646085669e+00,4.640158165303033266e-01,1.197079839821464375e+00,-7.369643750999199661e-01,-8.623164985025838503e-01,-9.898908798046147650e-01,-3.971983519314924160e-02,-8.299046462421418857e-01,3.881889259816556637e-01,1.813851176366966800e-01,-5.659883168023950306e-01,-7.031152942494910407e-01,-3.856799064125516208e-01,-3.131302436971163811e-02,-3.729958549388437961e-01,-1.120325037773388877e+00
3.461380978775335793e-01,5.441148694030143451e-01,1.537897810665886933e+00,8.743462339390176696e-01,7.483113846250770418e-02,-1.793709056635256260e+00,2.182363824940011909e+00,4.371733533342772038e-01,4.217761234918577795e-01,1.289645446853545208e+00,8.825755528451835474e-02,7.897014355131553032e-01,-4.196887180635389125e-01,-9.204096845965986651e-01,-1.698336686654289496e+00,2.039172162919102860e+00,-1.545098302898014753e+00,2.469957459658241733e-02,9.606707525091873201e-01,-1.113901189737931618e+00,-7.369643750999199661e-01,-8.623164985025838503e-01,1.207472988314443052e+00,1.040659682060507407e+00,1.204957707524648258e+00,-2.004287226947851330e+00,2.225181396183785187e-01,-2.904827771147657223e-01,1.036840341379792890e-01,-3.856799064125516208e-01,-3.132165106219256256e-02,1.155962371602163419e+00,1.195240389843346795e+00
5.614847644436113949e-01,5.441148694030143451e-01,6.526518925624983369e-01,-1.508641497838665746e+00,-8.526445700315014864e-03,-1.793709056635256260e+00,-4.582187390443441810e-01,-7.647587771265387246e-01,1.093865138186399744e+00,-7.754069170249729970e-01,1.524312692117357093e+00,7.897014355131553032e-01,-4.196887180635389125e-01,-9.204096845965986651e-01,-1.698336686654289496e+00,-4.194950232830883530e-01,-1.545098302898014753e+00,3.744748775643784722e-01,1.367607377472531249e+00,1.210361339991345986e+00,-7.369643750999199661e-01,-8.623164985025838503e-01,-9.898908798046147650e-01,-1.120099352446805918e+00,-8.299046462421418857e-01,-2.004287226947851330e+00,2.021964911831932998e-01,1.296429131485979269e+00,1.848223756860373768e-01,-3.856799064125516208e-01,-3.131386248480656082e-02,-8.826485971191795343e-01,-1.120325037773388877e+00
-2.130348567632361689e+00,-1.837847219829066070e+00,-1.117839943644278966e+00,-3.171476319498239826e-01,-2.030274754135680260e-01,9.232960507317758414e-02,-4.582187390443441810e-01,-7.647587771265387246e-01,1.517032295586666857e+00,-7.754069170249729970e-01,-1.810027828716389287e-01,-2.469722636160833762e-01,-4.196887180635389125e-01,1.238816149457046267e-01,1.028395441208715066e+00,-4.194950232830883530e-01,-4.096060986352117322e-02,2.911558310046656217e+00,6.487928142170710233e-01,1.436146842879332919e+00,-7.369643750999199661e-01,-8.623164985025838503e-01,-9.898908798046147650e-01,-1.120099352446805918e+00,-8.299046462421418857e-01,4.287256426293599709e-01,1.528327581978870808e-01,-4.309906023554566645e-01,-4.851122632888351660e-01,-3.856799064125516208e-01,-3.130660533143168195e-02,-3.729958549388437961e-01,-1.120325037773388877e+00
4.538114311605724871e-01,-1.837847219829066070e+00,-1.117839943644278966e+00,-1.508641497838665746e+00,-1.474557526383528661e-01,1.259877348035541411e+00,-4.582187390443441810e-01,-7.647587771265387246e-01,1.019188580998117155e+00,-7.754069170249729970e-01,-8.092769052360058168e-01,-2.469722636160833762e-01,-4.196887180635389125e-01,1.238816149457046267e-01,8.895962688544403196e-01,-4.194950232830883530e-01,9.314480197737906586e-01,3.739217887561791520e-01,4.426543139075556077e-01,1.170516839481701155e+00,-7.369643750999199661e-01,1.159667015227612730e+00,-9.898908798046147650e-01,-1.120099352446805918e+00,-8.299046462421418857e-01,6.469499260588088552e-01,1.672269282466901652e-01,-5.659883168023950306e-01,-7.031152942494910407e-01,-3.856799064125516208e-01,-3.131279738020676523e-02,-8.826485971191795343e-01,-1.120325037773388877e+00
6.691580977266503583e-01,5.441148694030143451e-01,1.537897810665886933e+00,8.743462339390176696e-01,4.638331978890137264e-01,1.462164239791328424e-01,-4.582187390443441810e-01,-7.647587771265387246e-01,-5.241269342263863429e-01,1.289645446853545208e+00,1.434559246065304716e+00,7.897014355131553032e-01,-4.196887180635389125e-01,-9.204096845965986651e-01,-1.090413892712812360e-01,-4.194950232830883530e-01,3.166818149693778062e-01,-6.975034141941245380e-01,3.278362373102867156e-01,-1.113901189737931618e+00,1.356917693429100291e+00,-8.623164985025838503e-01,1.207472988314443052e+00,1.040659682060507407e+00,-8.299046462421418857e-01,4.414725767909474241e-01,3.114998825751355560e-01,1.155921306245288216e+00,2.004386956420172616e+00,-3.856799064125516208e-01,-3.133384444715765771e-02,1.155962371602163419e+00,9.057947113912546699e-01
-8.455523525462210754e-02,5.441148694030143451e-01,-2.325940255408903146e-01,-3.171476319498239826e-01,-1.474557526383528661e-01,-1.793709056635256260e+00,-4.582187390443441810e-01,-7.647587771265387246e-01,2.350115182101814373e-02,-7.754069170249729970e-01,-8.092769052360058168e-01,-1.283645962745322056e+00,-4.196887180635389125e-01,-9.204096845965986651e-01,-1.698336686654289496e+00,-4.194950232830883530e-01,-1.545098302898014753e+00,-7.554113519002637889e-02,-1.394434911648746667e+00,6.392568326864377370e-01,-7.369643750999199661e-01,-8.623164985025838503e-01,-9.898908798046147650e-01,-3.971983519314924160e-02,-8.299046462421418857e-01,-2.004287226947851330e+00,1.672269282466901652e-01,-5.659883168023950306e-01,-7.031152942494910407e-01,-3.856799064125516208e-01,-3.132344842620472108e-02,-8.826485971191795343e-01,-1.120325037773388877e+00
1.207524764141844953e+00,5.441148694030143451e-01,1.537897810665886933e+00,8.743462339390176696e-01,9.639787028659499990e-01,1.035348935927394409e+00,2.182363824940011909e+00,1.639105483795093132e+00,-5.241269342263863429e-01,1.289645446853545208e+00,2.152586814481723732e+00,1.826375134642393983e+00,3.618825361415798358e+00,1.168172914488007974e+00,4.410992905920675944e-01,2.653838959469650760e+00,1.514164801578921304e+00,-8.309609072597812229e-01,8.848374181984330900e-01,-1.113901189737931618e+00,1.356917693429100291e+00,1.159667015227612730e+00,2.306154922373972127e+00,1.040659682060507407e+00,1.204957707524648258e+00,6.123357347169093856e-01,4.138916512505173007e-01,2.434267010395887887e+00,2.870787676634464880e+00,2.950443585263561985e+00,-3.133662909562719145e-02,2.175267855962834673e+00,2.353023103651714187e+00
-1.161288568085011352e+00,-1.837847219829066070e+00,-2.325940255408903146e-01,-3.171476319498239826e-01,-1.474557526383528661e-01,1.372352874948069568e-01,-4.582187390443441810e-01,4.371733533342772038e-01,1.093865138186399744e+00,-7.754069170249729970e-01,-8.092769052360058168e-01,-1.283645962745322056e+00,-4.196887180635389125e-01,-9.204096845965986651e-01,5.090178930443330918e-01,-4.194950232830883530e-01,2.095304820327396206e-02,1.418912347931649220e+00,-1.394434911648746667e+00,1.210361339991345986e+00,-7.369643750999199661e-01,-8.623164985025838503e-01,-9.898908798046147650e-01,-1.120099352446805918e+00,1.204957707524648258e+00,4.393727538076080963e-01,1.672269282466901652e-01,-5.659883168023950306e-01,-7.031152942494910407e-01,-3.856799064125516208e-01,-3.131199855175691160e-02,-8.826485971191795343e-01,-5.414336808692048475e-01
1.315198097424883805e+00,5.441148694030143451e-01,-1.117839943644278966e+00,8.743462339390176696e-01,-3.697426437392134502e-01,1.102918780418293276e-01,-4.582187390443441810e-01,1.639105483795093132e+00,2.350115182101814373e-02,1.289645446853545208e+00,-7.195234591839534399e-01,-2.469722636160833762e-01,9.264826417629067334e-01,1.238816149457046267e-01,-2.802785930297199690e-01,-4.194950232830883530e-01,-1.038454625666581921e-01,-5.397809223892574559e-01,1.435618632146425967e-02,-1.113901189737931618e+00,-7.369643750999199661e-01,-8.623164985025838503e-01,1.087910542549141157e-01,1.040659682060507407e+00,1.204957707524648258e+00,4.330144562083663717e-01,1.081522668181317537e-01,-5.632332614055187703e-01,-6.127295048286390822e-01,-3.856799064125516208e-01,-3.132093782250520292e-02,1.366568872414919422e-01,3.269033544870708630e-01
3.461380978775335793e-01,5.441148694030143451e-01,-1.117839943644278966e+00,8.743462339390176696e-01,6.861200889898743105e-01,6.850846130386852861e-01,-4.582187390443441810e-01,1.639105483795093132e+00,-4.743425627675313949e-01,1.289645446853545208e+00,-2.707562289236913333e-01,7.897014355131553032e-01,9.264826417629067334e-01,1.168172914488007974e+00,4.393119589485870446e-01,-4.194950232830883530e-01,9.678678186366113101e-01,-5.729856575060716661e-01,3.903186324818239683e-01,-1.113901189737931618e+00,1.356917693429100291e+00,1.159667015227612730e+00,1.207472988314443052e+00,1.040659682060507407e+00,1.204957707524648258e+00,5.524522511955894943e-01,3.585117714792993016e-01,-4.668063225148485484e-01,-6.481564860489059943e-02,-3.856799064125516208e-01,-3.133473853496255429e-02,1.155962371602163419e+00,1.484686068295438144e+00
5.614847644436113949e-01,-1.837847219829066070e+00,1.537897810665886933e+00,-1.508641497838665746e+00,1.859745840129379824e-01,3.617636996029538476e-01,-4.582187390443441810e-01,-7.647587771265387246e-01,9.196198380804072592e-01,-7.754069170249729970e-01,-9.124933681958644072e-02,7.897014355131553032e-01,-4.196887180635389125e-01,1.238816149457046267e-01,9.747720869374232322e-02,-4.194950232830883530e-01,3.778670770589165340e-01,2.621978494998967735e-01,1.284297517243814912e+00,1.117390838802174935e+00,-7.369643750999199661e-01,1.159667015227612730e+00,-9.898908798046147650e-01,-1.120099352446805918e+00,-8.299046462421418857e-01,4.891610658477938967e-01,2.488905768783777062e-01,-3.896647714023122600e-01,-4.185872470785251265e-01,-3.856799064125516208e-01,-3.131792924782396403e-02,-8.826485971191795343e-01,-1.120325037773388877e+00
-9.459419015189334257e-01,-1.837847219829066070e+00,-2.325940255408903146e-01,-3.171476319498239826e-01,1.304028612377228502e-01,3.348202901499762185e-01,-4.582187390443441810e-01,-7.647587771265387246e-01,9.694042095392622072e-01,-7.754069170249729970e-01,-8.092769052360058168e-01,-1.283645962745322056e+00,-4.196887180635389125e-01,-9.204096845965986651e-01,6.267434706282595247e-01,-4.194950232830883530e-01,3.250583687078265616e-01,1.142592323529323828e+00,-1.394434911648746667e+00,1.143953839141937934e+00,-7.369643750999199661e-01,-8.623164985025838503e-01,-9.898908798046147650e-01,-1.120099352446805918e+00,-8.299046462421418857e-01,4.834664920030388724e-01,2.358050203166296432e-01,-5.659883168023950306e-01,-7.031152942494910407e-01,-3.856799064125516208e-01,-3.131681200523676184e-02,-8.826485971191795343e-01,-1.120325037773388877e+00
2.384647645944946437e-01,-1.837847219829066070e+00,-2.325940255408903146e-01,-1.508641497838665746e+00,1.304028612377228502e-01,1.731598334321104438e-01,-4.582187390443441810e-01,4.371733533342772038e-01,8.200510951626973633e-01,-7.754069170249729970e-01,-8.092769052360058168e-01,-1.283645962745322056e+00,-4.196887180635389125e-01,1.516270014335442173e+00,2.812993103856164384e-02,-4.194950232830883530e-01,1.830211531428259375e-01,3.389586748092870971e-01,-1.394434911648746667e+00,1.064264838122648493e+00,-7.369643750999199661e-01,-8.623164985025838503e-01,-9.898908798046147650e-01,-1.120099352446805918e+00,1.204957707524648258e+00,4.477144716581111239e-01,2.358050203166296432e-01,-5.659883168023950306e-01,-7.031152942494910407e-01,-3.856799064125516208e-01,-3.131828676545186929e-02,-8.826485971191795343e-01,-5.414336808692048475e-01
-9.459419015189334257e-01,-1.837847219829066070e+00,-2.325940255408903146e-01,-9.128945648942448088e-01,-2.030274754135680260e-01,9.232960507317758414e-02,-4.582187390443441810e-01,-7.647587771265387246e-01,1.118757323915827051e+00,-7.754069170249729970e-01,-8.092769052360058168e-01,-2.469722636160833762e-01,-4.196887180635389125e-01,1.238816149457046267e-01,3.618609210644250229e-01,-4.194950232830883530e-01,-4.096060986352117322e-02,1.268770316973217405e+00,4.853773191530509901e-01,1.223642840161227596e+00,-7.369643750999199661e-01,-8.623164985025838503e-01,-9.898908798046147650e-01,-1.120099352446805918e+00,-8.299046462421418857e-01,4.287256426293599709e-01,1.528327581978870808e-01,-5.659883168023950306e-01,-7.031152942494910407e-01,-3.856799064125516208e-01,-3.131093796031220178e-02,-6.278222260290116097e-01,-1.120325037773388877e+00
1.307914313114557359e-01,5.441148694030143451e-01,1.537897810665886933e+00,8.743462339390176696e-01,-3.481759119151261572e+00,3.844278616722233283e-02,2.182363824940011909e+00,4.371733533342772038e-01,-3.262267364463408814e+00,-7.754069170249729970e-01,-8.092769052360058168e-01,-1.283645962745322056e+00,-4.196887180635389125e-01,-9.204096845965986651e-01,-6.088092571422046295e-02,-4.194950232830883530e-01,-1.545098302898014753e+00,-2.432450824047661442e+00,-1.394434911648746667e+00,-1.113901189737931618e+00,-7.369643750999199661e-01,-8.623164985025838503e-01,1.087910542549141157e-01,1.040659682060507407e+00,1.204957707524648258e+00,4.156109581559349064e-01,-3.974562670904782102e+00,-5.659883168023950306e-01,-7.031152942494910407e-01,-3.856799064125516208e-01,-3.135859687799798234e-02,-8.826485971191795343e-01,3.269033544870708630e-01
2.176584763689195068e+00,5.441148694030143451e-01,1.537897810665886933e+00,8.743462339390176696e-01,8.250493959279121547e-01,9.904432535057651199e-01,-4.582187390443441810e-01,-7.647587771265387246e-01,-4.743425627675313949e-01,1.289645446853545208e+00,5.370247855447803920e-01,1.826375134642393983e+00,-4.196887180635389125e-01,-9.204096845965986651e-01,1.510685017418538501e-01,-4.194950232830883530e-01,1.371520589366207021e+00,-1.000160087657517849e+00,9.660111281648742221e-01,-1.113901189737931618e+00,1.356917693429100291e+00,1.159667015227612730e+00,1.207472988314443052e+00,1.040659682060507407e+00,-8.299046462421418857e-01,6.050850089656190089e-01,3.866455364140805040e-01,5.389914749477092704e-02,8.926338198620099584e-01,-3.856799064125516208e-01,-3.133550815893144242e-02,2.175267855962834673e+00,9.057947113912546699e-01
1.099851430858805879e+00,5.441148694030143451e-01,1.537897810665886933e+00,8.743462339390176696e-01,-1.474557526383528661e-01,-1.793709056635256260e+00,2.182363824940011909e+00,4.371733533342772038e-01,-6.236956771440962388e-01,-7.754069170249729970e-01,9.857920158050426096e-01,7.897014355131553032e-01,-4.196887180635389125e-01,-9.204096845965986651e-01,-1.698336686654289496e+00,1.885505463781465885e+00,-1.545098302898014753e+00,-8.650835617367956809e-01,2.717622929255739672e-01,2.939378282695165323e-01,-7.369643750999199661e-01,-8.623164985025838503e-01,1.087910542549141157e-01,1.040659682060507407e+00,1.204957707524648258e+00,-2.004287226947851330e+00,1.672269282466901652e-01,5.360338419481222028e-01,4.203716209816591443e-01,-3.856799064125516208e-01,-3.133037160610339239e-02,1.155962371602163419e+00,3.269033544870708630e-01
1.530544763990961732e+00,-1.837847219829066070e+00,-1.117839943644278966e+00,-1.508641497838665746e+00,-1.474557526383528661e-01,1.013107415575034559e-01,-4.582187390443441810e-01,1.639105483795093132e+00,-3.996660055792489730e-01,-7.754069170249729970e-01,5.370247855447803920e-01,7.897014355131553032e-01,-4.196887180635389125e-01,1.238816149457046267e-01,-3.284784033707325301e-01,-4.194950232830883530e-01,-8.182790886982571274e-03,-8.320314219100404252e-01,4.239629991126513398e-01,4.134713297984508040e-01,-7.369643750999199661e-01,-8.623164985025838503e-01,-9.898908798046147650e-01,-1.120099352446805918e+00,1.204957707524648258e+00,4.308751070008010609e-01,1.672269282466901652e-01,5.389914749477092704e-02,7.412457598585216190e-02,-3.856799064125516208e-01,-3.132797512075385232e-02,-8.826485971191795343e-01,-5.414336808692048475e-01
8.845047642927281739e-01,-1.837847219829066070e+00,-1.117839943644278966e+00,8.743462339390176696e-01,7.416918117650894704e-01,8.557262062408769188e-01,2.182363824940011909e+00,1.639105483795093132e+00,-2.752050769321116030e-01,1.289645446853545208e+00,1.614066138169409692e+00,7.897014355131553032e-01,2.272654001589352379e+00,1.516270014335442173e+00,4.022104133814963789e-01,2.500172260332013785e+00,1.176674665450116564e+00,-6.008347901846897710e-01,4.848432815874821888e-01,-1.113901189737931618e+00,1.356917693429100291e+00,1.159667015227612730e+00,2.306154922373972127e+00,-1.120099352446805918e+00,1.204957707524648258e+00,5.826120217993424610e-01,3.698754908347927639e-01,1.442447067520423065e+00,1.979325778562734950e+00,2.726028212135579665e+00,-3.133337071642387089e-02,1.155962371602163419e+00,2.353023103651714187e+00
1.422871430707922658e+00,5.441148694030143451e-01,1.537897810665886933e+00,8.743462339390176696e-01,-3.481759119151261572e+00,1.520330306080991623e+00,-4.582187390443441810e-01,-7.647587771265387246e-01,-3.262267364463408814e+00,-7.754069170249729970e-01,-8.092769052360058168e-01,-1.283645962745322056e+00,-4.196887180635389125e-01,-9.204096845965986651e-01,7.330479100883724453e-01,-4.194950232830883530e-01,-1.545098302898014753e+00,-2.432450824047661442e+00,-1.394434911648746667e+00,-1.113901189737931618e+00,-7.369643750999199661e-01,1.159667015227612730e+00,-9.898908798046147650e-01,1.040659682060507407e+00,-8.299046462421418857e-01,6.840555052718781948e-01,-3.974562670904782102e+00,-5.659883168023950306e-01,-7.031152942494910407e-01,-3.856799064125516208e-01,-3.135859687799798234e-02,-8.826485971191795343e-01,-1.120325037773388877e+00
-1.161288568085011352e+00,5.441148694030143451e-01,-2.325940255408903146e-01,8.743462339390176696e-01,6.861200889898743105e-01,4.246316549932349638e-01,-4.582187390443441810e-01,-7.647587771265387246e-01,-2.628321963783680770e-02,1.289645446853545208e+00,9.857920158050426096e-01,7.897014355131553032e-01,-4.196887180635389125e-01,-9.204096845965986651e-01,8.375543886273840721e-01,-4.194950232830883530e-01,7.038242768811614480e-01,4.285618179941120820e-01,6.562693401350325750e-01,-1.113901189737931618e+00,1.356917693429100291e+00,1.159667015227612730e+00,1.207472988314443052e+00,1.040659682060507407e+00,-8.299046462421418857e-01,5.021773990499442952e-01,3.585117714792993016e-01,5.360338419481222028e-01,1.132199208494525378e+00,-3.856799064125516208e-01,-3.133090415840329018e-02,1.155962371602163419e+00,9.057947113912546699e-01
6.691580977266503583e-01,5.441148694030143451e-01,1.537897810665886933e+00,8.743462339390176696e-01,6.861200889898743105e-01,8.557262062408769188e-01,2.182363824940011909e+00,1.639105483795093132e+00,-2.752050769321116030e-01,1.289645446853545208e+00,1.614066138169409692e+00,7.897014355131553032e-01,2.272654001589352379e+00,1.168172914488007974e+00,4.722286500493561578e-01,2.461755585547604319e+00,1.140861863235009599e+00,-5.397809223892574559e-01,4.848432815874821888e-01,-1.113901189737931618e+00,1.356917693429100291e+00,1.159667015227612730e+00,2.306154922373972127e+00,1.040659682060507407e+00,1.204957707524648258e+00,5.826120217993424610e-01,3.585117714792993016e-01,1.442447067520423065e+00,1.979325778562734950e+00,2.787443503949029733e+00,-3.133303436760288829e-02,1.155962371602163419e+00,2.353023103651714187e+00
1.745891430557039437e+00,5.441148694030143451e-01,1.537897810665886933e+00,8.743462339390176696e-01,1.241837316742025799e+00,-6.933085164468816286e-02,-4.582187390443441810e-01,4.371733533342772038e-01,-5.117540536726428863e-02,1.289645446853545208e+00,1.883326476325566823e+00,1.826375134642393983e+00,-4.196887180635389125e-01,-9.204096845965986651e-01,-4.874450315053308613e-01,-4.194950232830883530e-01,4.361387552394295763e-01,-6.884907003767035683e-01,1.297114418817463699e+00,-1.113901189737931618e+00,1.356917693429100291e+00,-8.623164985025838503e-01,1.207472988314443052e+00,1.040659682060507407e+00,1.204957707524648258e+00,3.881889259816556637e-01,4.659333095152841664e-01,1.913561540386268911e+00,2.071033165667426346e+00,-3.856799064125516208e-01,-3.133435008504969338e-02,2.175267855962834673e+00,1.484686068295438144e+00
5.614847644436113949e-01,5.441148694030143451e-01,-2.325940255408903146e-01,8.743462339390176696e-01,4.082614751137985665e-01,5.773109752267747696e-01,2.182363824940011909e+00,1.639105483795093132e+00,-3.000972626615390770e-01,1.289645446853545208e+00,-8.092769052360058168e-01,-1.283645962745322056e+00,-4.196887180635389125e-01,-9.204096845965986651e-01,2.770585982285454496e-01,2.269672211625558322e+00,6.983613070517383781e-01,-5.237413469514744513e-01,-1.394434911648746667e+00,-1.113901189737931618e+00,1.356917693429100291e+00,1.159667015227612730e+00,2.306154922373972127e+00,1.040659682060507407e+00,1.204957707524648258e+00,5.323185904733367391e-01,2.993358757040473495e-01,-5.659883168023950306e-01,-7.031152942494910407e-01,2.309606304376624841e+00,-3.133143671070318798e-02,-8.826485971191795343e-01,2.353023103651714187e+00
3.461380978775335793e-01,5.441148694030143451e-01,6.526518925624983369e-01,-1.508641497838665746e+00,3.526897523385834066e-01,5.862921117111007385e-01,-4.582187390443441810e-01,-7.647587771265387246e-01,5.960214235978501529e-01,-7.754069170249729970e-01,4.472713394927279595e-01,7.897014355131553032e-01,9.264826417629067334e-01,1.516270014335442173e+00,3.541158172760085487e-01,-4.194950232830883530e-01,6.746884377909049268e-01,1.409161475054317436e-01,1.066410190491788201e+00,9.447313365937142216e-01,-7.369643750999199661e-01,1.159667015227612730e+00,-9.898908798046147650e-01,-1.120099352446805918e+00,-8.299046462421418857e-01,5.340308744849618927e-01,2.869980914369990033e-01,-2.599745901464164607e-02,-1.636975381545349162e-01,-3.856799064125516208e-01,-3.132270748387442488e-02,-8.826485971191795343e-01,-1.120325037773388877e+00
2.311809802841681069e-02,-1.837847219829066070e+00,-1.117839943644278966e+00,-1.508641497838665746e+00,-4.253143665144286101e-01,1.282541510104810711e-01,-4.582187390443441810e-01,-7.647587771265387246e-01,6.706979807861325193e-01,-7.754069170249729970e-01,6.267782315968328799e-01,7.897014355131553032e-01,-4.196887180635389125e-01,1.238816149457046267e-01,5.119620244017421967e-02,-4.194950232830883530e-01,-1.162281941800172164e-01,3.364551431933371362e-01,1.111269345999558844e+00,9.845758371033590528e-01,-7.369643750999199661e-01,-8.623164985025838503e-01,-9.898908798046147650e-01,-1.120099352446805918e+00,-8.299046462421418857e-01,4.372631868312201187e-01,9.272988894116553082e-02,1.393058647979361631e-01,-9.826950843951318126e-02,-3.856799064125516208e-01,-3.131270055251587220e-02,-8.826485971191795343e-01,-1.120325037773388877e+00
1.961238097123117363e+00,5.441148694030143451e-01,6.526518925624983369e-01,-1.508641497838665746e+00,9.639787028659499990e-01,-1.793709056635256260e+00,-4.582187390443441810e-01,1.639105483795093132e+00,-4.245581913086764470e-01,-7.754069170249729970e-01,6.267782315968328799e-01,7.897014355131553032e-01,2.272654001589352379e+00,-9.204096845965986651e-01,-1.698336686654289496e+00,-4.194950232830883530e-01,-1.545098302898014753e+00,-9.340871519014249946e-01,4.063397594488847298e-01,4.001898296285691936e-01,1.356917693429100291e+00,-8.623164985025838503e-01,1.087910542549141157e-01,-1.120099352446805918e+00,1.204957707524648258e+00,-2.004287226947851330e+00,4.138916512505173007e-01,1.393058647979361631e-01,1.331497487399565249e-01,-3.856799064125516208e-01,-3.133583026717735170e-02,-8.826485971191795343e-01,6.163490329391630995e-01
1.422871430707922658e+00,-1.837847219829066070e+00,-1.117839943644278966e+00,-1.508641497838665746e+00,-2.863850595763907658e-01,3.271651920524536905e+00,-4.582187390443441810e-01,1.639105483795093132e+00,7.204823522449874673e-01,-7.754069170249729970e-01,6.267782315968328799e-01,7.897014355131553032e-01,-4.196887180635389125e-01,1.516270014335442173e+00,2.017925949017421505e+00,-4.194950232830883530e-01,2.391881954172899505e+00,-1.725464638585225419e-01,1.143311599933680478e+00,1.011138837443122274e+00,-7.369643750999199661e-01,1.159667015227612730e+00,-9.898908798046147650e-01,-1.120099352446805918e+00,1.204957707524648258e+00,8.765026168093664749e-01,1.307814272084459051e-01,1.393058647979361631e-01,-1.057831206855999184e-01,-3.856799064125516208e-01,-3.131414033818041842e-02,-8.826485971191795343e-01,-5.414336808692048475e-01
9.921780975757670262e-01,5.441148694030143451e-01,6.526518925624983369e-01,8.743462339390176696e-01,-7.031729803905043541e-01,-1.793709056635256260e+00,-4.582187390443441810e-01,-7.647587771265387246e-01,-5.490191199558138724e-01,-7.754069170249729970e-01,-1.617057919704477653e+00,7.897014355131553032e-01,-4.196887180635389125e-01,-9.204096845965986651e-01,-1.698336686654289496e+00,-4.194950232830883530e-01,-1.545098302898014753e+00,-7.951411472161848959e-01,3.662869420312327984e-01,3.337823287791612525e-01,-7.369643750999199661e-01,-8.623164985025838503e-01,-9.898908798046147650e-01,1.040659682060507407e+00,-8.299046462421418857e-01,-2.004287226947851330e+00,1.119483325352974186e-02,-3.428288296554152792e-01,-1.194896157598398956e+00,-3.856799064125516208e-01,-3.132376795758465976e-02,1.155962371602163419e+00,-1.120325037773388877e+00
1.745891430557039437e+00,5.441148694030143451e-01,6.526518925624983369e-01,8.743462339390176696e-01,-2.863850595763907658e-01,-1.793709056635256260e+00,-4.582187390443441810e-01,4.371733533342772038e-01,-9.721862773560808746e-01,1.289645446853545208e+00,-8.092769052360058168e-01,7.897014355131553032e-01,-4.196887180635389125e-01,1.516270014335442173e+00,-1.698336686654289496e+00,-4.194950232830883530e-01,-1.545098302898014753e+00,-1.188696317243567391e+00,7.950876932084469106e-02,-1.113901189737931618e+00,-7.369643750999199661e-01,-8.623164985025838503e-01,1.087910542549141157e-01,1.040659682060507407e+00,1.204957707524648258e+00,-2.004287226947851330e+00,1.307814272084459051e-01,-5.659883168023950306e-01,-7.031152942494910407e-01,-3.856799064125516208e-01,-3.133303436760288829e-02,1.155962371602163419e+00,3.269033544870708630e-01
-8.455523525462210754e-02,-1.837847219829066070e+00,-2.325940255408903146e-01,-3.171476319498239826e-01,2.693321681757607222e-01,5.413864292894713381e-01,-4.582187390443441810e-01,-7.647587771265387246e-01,7.204823522449874673e-01,-7.754069170249729970e-01,-9.124933681958644072e-02,-2.469722636160833762e-01,-4.196887180635389125e-01,1.238816149457046267e-01,4.673696934273778303e-01,-4.194950232830883530e-01,5.854599305769943030e-01,4.244094048706844591e-01,3.059406971219701954e-01,1.011138837443122274e+00,-7.369643750999199661e-01,1.159667015227612730e+00,-9.898908798046147650e-01,-1.120099352446805918e+00,-8.299046462421418857e-01,5.254042234583207183e-01,2.681545029392731205e-01,-3.896647714023122600e-01,-4.044492074675454241e-01,-3.856799064125516208e-01,-3.132072649222746724e-02,-3.729958549388437961e-01,-1.120325037773388877e+00
2.384647645944946437e-01,5.441148694030143451e-01,-1.117839943644278966e+00,8.743462339390176696e-01,-8.526445700315014864e-03,4.425939279618866795e-01,2.182363824940011909e+00,1.639105483795093132e+00,3.222073805741478836e-01,1.289645446853545208e+00,2.677644473886231502e-01,7.897014355131553032e-01,9.264826417629067334e-01,1.238816149457046267e-01,2.646322074348425590e-01,1.981547150742488883e+00,3.441787631108074175e-01,9.819066560010207036e-04,8.933820192475322441e-01,-1.113901189737931618e+00,-7.369643750999199661e-01,1.159667015227612730e+00,1.207472988314443052e+00,1.040659682060507407e+00,1.204957707524648258e+00,5.058289115943179759e-01,2.021964911831932998e-01,-1.692603396522088244e-01,2.917517396517482764e-01,2.005687312655346943e+00,-3.132178686302904136e-02,1.155962371602163419e+00,1.195240389843346795e+00
-7.305952349528556100e-01,5.441148694030143451e-01,-1.117839943644278966e+00,8.743462339390176696e-01,-3.697426437392134502e-01,3.844278616722233283e-02,-4.582187390443441810e-01,-7.647587771265387246e-01,2.973151948447204096e-01,-7.754069170249729970e-01,-7.195234591839534399e-01,-2.469722636160833762e-01,-4.196887180635389125e-01,1.238816149457046267e-01,2.178349484883443654e-01,-4.194950232830883530e-01,-1.582323622018037279e-01,4.468236008156551420e-01,1.318444507465766080e-01,7.853533345551352296e-01,-7.369643750999199661e-01,-8.623164985025838503e-01,-9.898908798046147650e-01,1.040659682060507407e+00,-8.299046462421418857e-01,4.156109581559349064e-01,1.081522668181317537e-01,-5.632332614055187703e-01,-6.613746345516670067e-01,-3.856799064125516208e-01,-3.131779956788080521e-02,1.366568872414919422e-01,-1.120325037773388877e+00
1.099851430858805879e+00,5.441148694030143451e-01,6.526518925624983369e-01,8.743462339390176696e-01,-4.253143665144286101e-01,-1.793709056635256260e+00,-4.582187390443441810e-01,-7.647587771265387246e-01,-4.245581913086764470e-01,1.289645446853545208e+00,3.575178934406756381e-01,1.826375134642393983e+00,-4.196887180635389125e-01,-9.204096845965986651e-01,-1.698336686654289496e+00,-4.194950232830883530e-01,-1.545098302898014753e+00,-7.467916928831453971e-01,1.013006433934919182e+00,-1.113901189737931618e+00,-7.369643750999199661e-01,-8.623164985025838503e-01,1.087910542549141157e-01,1.040659682060507407e+00,-8.299046462421418857e-01,-2.004287226947851330e+00,9.272988894116553082e-02,-1.003839547303014418e-01,6.558154006083611876e-01,-3.856799064125516208e-01,-3.132548180771342616e-02,2.175267855962834673e+00,-2.519880024171129995e-01
1.853564763840078289e+00,-1.837847219829066070e+00,-1.117839943644278966e+00,-1.508641497838665746e+00,-4.253143665144286101e-01,5.862921117111007385e-01,2.182363824940011909e+00,1.639105483795093132e+00,-2.628321963783680770e-02,-7.754069170249729970e-01,-8.092769052360058168e-01,-2.469722636160833762e-01,9.264826417629067334e-01,1.238816149457046267e-01,-5.059312716095159396e-02,1.693422089859419666e+00,2.242969251873560277e-01,-6.997248577406719461e-01,-5.937241170146116166e-03,6.126938323466746272e-01,-7.369643750999199661e-01,1.159667015227612730e+00,1.087910542549141157e-01,-1.120099352446805918e+00,1.204957707524648258e+00,5.340308744849618927e-01,9.272988894116553082e-02,-5.659883168023950306e-01,-7.031152942494910407e-01,1.380785549057299555e+00,-3.132083407855067864e-02,-8.826485971191795343e-01,3.269033544870708630e-01
-2.999019018206999232e-01,-1.837847219829066070e+00,-2.325940255408903146e-01,-1.508641497838665746e+00,1.304028612377228502e-01,1.821409699164363294e-01,-4.582187390443441810e-01,-7.647587771265387246e-01,7.204823522449874673e-01,1.289645446853545208e+00,9.857920158050426096e-01,-2.469722636160833762e-01,-4.196887180635389125e-01,-9.204096845965986651e-01,2.060476566151102362e-01,-4.194950232830883530e-01,1.909121095631037546e-01,5.364431393380703073e-01,2.931237955483216862e-01,-1.113901189737931618e+00,-7.369643750999199661e-01,-8.623164985025838503e-01,1.087910542549141157e-01,-1.120099352446805918e+00,-8.299046462421418857e-01,4.497762024827584026e-01,2.358050203166296432e-01,5.360338419481222028e-01,7.902151396602365985e-01,-3.856799064125516208e-01,-3.131926993892859834e-02,-8.826485971191795343e-01,-2.519880024171129995e-01
-2.999019018206999232e-01,-1.837847219829066070e+00,-2.325940255408903146e-01,-3.171476319498239826e-01,9.639787028659499990e-01,-5.136857867603641936e-02,-4.582187390443441810e-01,-7.647587771265387246e-01,9.694042095392622072e-01,-7.754069170249729970e-01,-8.092769052360058168e-01,-1.283645962745322056e+00,-4.196887180635389125e-01,-9.204096845965986651e-01,-1.901594758945518437e-02,-4.194950232830883530e-01,3.390192916052411354e-01,7.219990120496787567e-01,-1.394434911648746667e+00,1.143953839141937934e+00,1.356917693429100291e+00,-8.623164985025838503e-01,1.087910542549141157e-01,-1.120099352446805918e+00,-8.299046462421418857e-01,3.928756774671526286e-01,4.138916512505173007e-01,-5.659883168023950306e-01,-7.031152942494910407e-01,-3.856799064125516208e-01,-3.132464666887949112e-02,-8.826485971191795343e-01,3.745767603497900805e-02
7.768314310096892106e-01,-1.837847219829066070e+00,1.537897810665886933e+00,-3.171476319498239826e-01,4.082614751137985665e-01,8.826696156938546034e-01,2.182363824940011909e+00,-7.647587771265387246e-01,-2.752050769321116030e-01,1.289645446853545208e+00,-8.092769052360058168e-01,-1.283645962745322056e+00,-4.196887180635389125e-01,1.516270014335442173e+00,4.583572961332169626e-01,2.269672211625558322e+00,9.872917113634490649e-01,-5.708082978262805085e-01,-1.394434911648746667e+00,-1.113901189737931618e+00,1.356917693429100291e+00,1.159667015227612730e+00,2.306154922373972127e+00,-1.120099352446805918e+00,-8.299046462421418857e-01,5.871963719176656049e-01,2.993358757040473495e-01,-5.659883168023950306e-01,-7.031152942494910407e-01,2.556975468531269780e+00,-3.133120847400323178e-02,-8.826485971191795343e-01,1.774131746747530380e+00
-7.305952349528556100e-01,5.441148694030143451e-01,-2.325940255408903146e-01,8.743462339390176696e-01,9.639787028659499990e-01,8.198016603035734873e-01,-4.582187390443441810e-01,4.371733533342772038e-01,6.706979807861325193e-01,1.289645446853545208e+00,1.883326476325566823e+00,7.897014355131553032e-01,-4.196887180635389125e-01,-9.204096845965986651e-01,1.035025792887409146e+00,-4.194950232830883530e-01,1.281078088856869135e+00,7.488453936334859007e-01,1.088839768245673634e+00,-1.113901189737931618e+00,1.356917693429100291e+00,1.159667015227612730e+00,1.207472988314443052e+00,1.040659682060507407e+00,1.204957707524648258e+00,5.764267445133771650e-01,4.138916512505173007e-01,1.913561540386268911e+00,1.565056402537925440e+00,-3.856799064125516208e-01,-3.132704315422903119e-02,1.155962371602163419e+00,1.484686068295438144e+00
-5.152485683867777944e-01,5.441148694030143451e-01,1.537897810665886933e+00,-9.128945648942448088e-01,1.304028612377228502e-01,-1.793709056635256260e+00,-4.582187390443441810e-01,4.371733533342772038e-01,3.470995663035753576e-01,-7.754069170249729970e-01,1.883326476325566823e+00,7.897014355131553032e-01,-4.196887180635389125e-01,-9.204096845965986651e-01,-1.698336686654289496e+00,-4.194950232830883530e-01,-1.545098302898014753e+00,3.679281120795689364e-01,8.805651176738834573e-01,8.119163348948983394e-01,-7.369643750999199661e-01,-8.623164985025838503e-01,-9.898908798046147650e-01,-5.799095938199776423e-01,1.204957707524648258e+00,-2.004287226947851330e+00,2.358050203166296432e-01,1.913561540386268911e+00,5.319508009189994890e-01,-3.856799064125516208e-01,-3.132295683946634962e-02,-3.729958549388437961e-01,-5.414336808692048475e-01
5.614847644436113949e-01,5.441148694030143451e-01,6.526518925624983369e-01,8.743462339390176696e-01,-8.526445700315014864e-03,-1.793709056635256260e+00,-4.582187390443441810e-01,-7.647587771265387246e-01,-3.000972626615390770e-01,1.289645446853545208e+00,-1.495890767534042119e-03,-2.469722636160833762e-01,-4.196887180635389125e-01,-9.204096845965986651e-01,-1.698336686654289496e+00,-4.194950232830883530e-01,-1.545098302898014753e+00,-5.237413469514744513e-01,-1.330381817754950069e-01,-1.113901189737931618e+00,-7.369643750999199661e-01,-8.623164985025838503e-01,1.087910542549141157e-01,1.040659682060507407e+00,-8.299046462421418857e-01,-2.004287226947851330e+00,2.021964911831932998e-01,-3.428288296554152792e-01,1.984829552235071459e-01,-3.856799064125516208e-01,-3.132817749062781487e-02,1.366568872414919422e-01,-2.519880024171129995e-01
1.207524764141844953e+00,5.441148694030143451e-01,-1.117839943644278966e+00,8.743462339390176696e-01,2.693321681757607222e-01,4.874996103835160799e-01,-4.582187390443441810e-01,1.639105483795093132e+00,-1.009597768261192435e-01,-7.754069170249729970e-01,1.703819584221461847e+00,7.897014355131553032e-01,9.264826417629067334e-01,1.516270014335442173e+00,2.679581563324929389e-02,-4.194950232830883530e-01,5.362932021121864512e-01,-5.834579201198361043e-01,5.953890576602017815e-01,5.728493318370297960e-01,-7.369643750999199661e-01,1.159667015227612730e+00,-9.898908798046147650e-01,1.040659682060507407e+00,1.204957707524648258e+00,5.148314011711022653e-01,2.681545029392731205e-01,1.593975114348618494e+00,6.117154862319644781e-01,-3.856799064125516208e-01,-3.132853725929263256e-02,1.155962371602163419e+00,-5.414336808692048475e-01
-1.053615234801972278e+00,5.441148694030143451e-01,-1.117839943644278966e+00,-3.171476319498239826e-01,1.304028612377228502e-01,1.731598334321104438e-01,-4.582187390443441810e-01,1.639105483795093132e+00,1.417463552668956739e+00,-7.754069170249729970e-01,-8.092769052360058168e-01,-2.469722636160833762e-01,-4.196887180635389125e-01,1.238816149457046267e-01,4.989844631366121552e-01,-4.194950232830883530e-01,1.830211531428259375e-01,1.610980329495292462e+00,6.135463348895372482e-01,1.383020842199806699e+00,-7.369643750999199661e-01,-8.623164985025838503e-01,-9.898908798046147650e-01,-3.971983519314924160e-02,1.204957707524648258e+00,4.477144716581111239e-01,2.358050203166296432e-01,-5.659883168023950306e-01,-7.031152942494910407e-01,-3.856799064125516208e-01,-3.131238772459145336e-02,-3.729958549388437961e-01,-5.414336808692048475e-01
-1.268961901368050205e+00,-1.837847219829066070e+00,-1.117839943644278966e+00,8.743462339390176696e-01,-6.476012576152891942e-01,5.862921117111007385e-01,-4.582187390443441810e-01,1.639105483795093132e+00,-2.254207054732566273e-01,-7.754069170249729970e-01,-2.707562289236913333e-01,7.897014355131553032e-01,-4.196887180635389125e-01,1.238816149457046267e-01,1.087134568679686497e+00,-4.194950232830883530e-01,9.561363587205633230e-02,3.164268902657347282e-01,5.505299021524316938e-01,5.064418309876218549e-01,-7.369643750999199661e-01,1.159667015227612730e+00,-9.898908798046147650e-01,-1.120099352446805918e+00,1.204957707524648258e+00,5.340308744849618927e-01,2.812930152929765323e-02,-4.668063225148485484e-01,-4.099126114940444543e-01,-3.856799064125516208e-01,-3.132037841882883561e-02,1.155962371602163419e+00,-5.414336808692048475e-01
-6.229219016698166467e-01,5.441148694030143451e-01,-2.325940255408903146e-01,-1.508641497838665746e+00,-4.253143665144286101e-01,1.013107415575034559e-01,-4.582187390443441810e-01,-7.647587771265387246e-01,1.728542661975830119e-01,-7.754069170249729970e-01,-8.092769052360058168e-01,-1.283645962745322056e+00,-4.196887180635389125e-01,1.168172914488007974e+00,2.422958813307493631e-01,-4.194950232830883530e-01,-1.362590835545685886e-01,2.882621595862943087e-01,-1.394434911648746667e+00,7.189458337057272885e-01,-7.369643750999199661e-01,-8.623164985025838503e-01,-9.898908798046147650e-01,-1.120099352446805918e+00,-8.299046462421418857e-01,4.308751070008010609e-01,9.272988894116553082e-02,-5.659883168023950306e-01,-7.031152942494910407e-01,-3.856799064125516208e-01,-3.131851021396930140e-02,-8.826485971191795343e-01,-1.120325037773388877e+00
6.691580977266503583e-01,5.441148694030143451e-01,-2.325940255408903146e-01,8.743462339390176696e-01,6.861200889898743105e-01,8.108205238192475184e-01,2.182363824940011909e+00,1.639105483795093132e+00,-1.507441482849742054e-01,1.289645446853545208e+00,1.614066138169409692e+00,7.897014355131553032e-01,2.272654001589352379e+00,1.516270014335442173e+00,4.354394070543788353e-01,2.461755585547604319e+00,1.095337114656483646e+00,-4.609196764868238039e-01,5.649489164227861071e-01,-1.113901189737931618e+00,1.356917693429100291e+00,1.159667015227612730e+00,2.306154922373972127e+00,1.040659682060507407e+00,1.204957707524648258e+00,5.748671859765362990e-01,3.585117714792993016e-01,1.442447067520423065e+00,1.872879704244789112e+00,2.733661751231036607e+00,-3.133196926300308577e-02,1.155962371602163419e+00,2.353023103651714187e+00
-4.075752351037388310e-01,5.441148694030143451e-01,-1.117839943644278966e+00,8.743462339390176696e-01,5.194049206642288308e-01,2.518240229918830651e-03,-4.582187390443441810e-01,1.639105483795093132e+00,-1.258519625555467036e-01,1.289645446853545208e+00,-1.495890767534042119e-03,7.897014355131553032e-01,-4.196887180635389125e-01,1.516270014335442173e+00,6.754697710460853821e-02,-4.194950232830883530e-01,2.030520425173772958e-01,-4.768674795807238687e-02,6.098080719305560837e-01,-1.113901189737931618e+00,1.356917693429100291e+00,-8.623164985025838503e-01,1.207472988314443052e+00,1.040659682060507407e+00,1.204957707524648258e+00,4.066528186955357671e-01,3.234949394362649500e-01,-3.428288296554152792e-01,1.487885635202709500e-01,-3.856799064125516208e-01,-3.133063788225334129e-02,1.155962371602163419e+00,1.484686068295438144e+00
2.384647645944946437e-01,5.441148694030143451e-01,6.526518925624983369e-01,8.743462339390176696e-01,-8.526445700315014864e-03,-1.793709056635256260e+00,2.182363824940011909e+00,-7.647587771265387246e-01,-6.983722343323787163e-01,1.289645446853545208e+00,8.825755528451835474e-02,7.897014355131553032e-01,-4.196887180635389125e-01,1.516270014335442173e+00,-1.698336686654289496e+00,1.981547150742488883e+00,-1.545098302898014753e+00,-6.918704680582364874e-01,2.397200389914524443e-01,-1.113901189737931618e+00,-7.369643750999199661e-01,-8.623164985025838503e-01,1.207472988314443052e+00,1.040659682060507407e+00,-8.299046462421418857e-01,-2.004287226947851330e+00,2.021964911831932998e-01,-2.904827771147657223e-01,4.527798973825578610e-01,-3.856799064125516208e-01,-3.133226749229103131e-02,1.155962371602163419e+00,6.163490329391627665e-01
2.311809802841681069e-02,-1.837847219829066070e+00,1.537897810665886933e+00,-1.508641497838665746e+00,1.304028612377228502e-01,3.617636996029538476e-01,-4.582187390443441810e-01,-7.647587771265387246e-01,7.702667237038424153e-01,-7.754069170249729970e-01,4.472713394927279595e-01,-2.469722636160833762e-01,-4.196887180635389125e-01,1.238816149457046267e-01,2.637562730778195141e-01,-4.194950232830883530e-01,3.487312379686599573e-01,4.065540284399445925e-01,3.208937489578936320e-01,1.037701837782885272e+00,-7.369643750999199661e-01,1.159667015227612730e+00,-9.898908798046147650e-01,-1.120099352446805918e+00,-8.299046462421418857e-01,4.891610658477938967e-01,2.358050203166296432e-01,-2.599745901464164607e-02,-1.868627178641342756e-01,-3.856799064125516208e-01,-3.131877835219022688e-02,-8.826485971191795343e-01,-1.120325037773388877e+00
8.845047642927281739e-01,5.441148694030143451e-01,1.537897810665886933e+00,-3.171476319498239826e-01,-3.481759119151261572e+00,-1.793709056635256260e+00,-4.582187390443441810e-01,-7.647587771265387246e-01,-3.262267364463408814e+00,-7.754069170249729970e-01,-8.092769052360058168e-01,-1.283645962745322056e+00,-4.196887180635389125e-01,-9.204096845965986651e-01,-1.698336686654289496e+00,-4.194950232830883530e-01,-1.545098302898014753e+00,-2.432450824047661442e+00,-1.394434911648746667e+00,-1.113901189737931618e+00,-7.369643750999199661e-01,-8.623164985025838503e-01,-9.898908798046147650e-01,-3.971983519314924160e-02,-8.299046462421418857e-01,-2.004287226947851330e+00,-3.974562670904782102e+00,-5.659883168023950306e-01,-7.031152942494910407e-01,-3.856799064125516208e-01,-3.135859687799798234e-02,-8.826485971191795343e-01,-1.120325037773388877e+00
9.921780975757670262e-01,5.441148694030143451e-01,-1.117839943644278966e+00,8.743462339390176696e-01,1.304028612377228502e-01,4.874996103835160799e-01,-4.582187390443441810e-01,1.639105483795093132e+00,3.968839377624303055e-01,-7.754069170249729970e-01,4.472713394927279595e-01,7.897014355131553032e-01,9.264826417629067334e-01,1.516270014335442173e+00,8.156192681698068436e-02,-4.194950232830883530e-01,4.592046278525493408e-01,-2.243359387795233195e-01,9.382411747553019987e-01,8.384793352346615602e-01,-7.369643750999199661e-01,1.159667015227612730e+00,-9.898908798046147650e-01,1.040659682060507407e+00,1.204957707524648258e+00,5.148314011711022653e-01,2.358050203166296432e-01,-2.599745901464164607e-02,-1.345398216088616594e-01,-3.856799064125516208e-01,-3.132246525272798510e-02,1.155962371602163419e+00,-5.414336808692048475e-01
1.099851430858805879e+00,5.441148694030143451e-01,1.537897810665886933e+00,8.743462339390176696e-01,1.304028612377228502e-01,2.090843793694139585e-01,-4.582187390443441810e-01,4.371733533342772038e-01,-7.606759109669175567e-02,-7.754069170249729970e-01,-3.605096749757437102e-01,7.897014355131553032e-01,-4.196887180635389125e-01,-9.204096845965986651e-01,-1.600864639268119172e-01,-4.194950232830883530e-01,2.145849788239371780e-01,-5.397809223892574559e-01,6.482587766515022221e-01,5.861308320069114064e-01,-7.369643750999199661e-01,-8.623164985025838503e-01,-9.898908798046147650e-01,1.040659682060507407e+00,1.204957707524648258e+00,4.559058800783658549e-01,2.358050203166296432e-01,-4.971119318804877452e-01,-4.701441703546594408e-01,-3.856799064125516208e-01,-3.132713532674247930e-02,1.155962371602163419e+00,-5.414336808692048475e-01
-1.161288568085011352e+00,5.441148694030143451e-01,-1.117839943644278966e+00,8.743462339390176696e-01,-1.474557526383528661e-01,-2.040478989095762807e-01,-4.582187390443441810e-01,1.639105483795093132e+00,-2.752050769321116030e-01,1.289645446853545208e+00,1.434559246065304716e+00,7.897014355131553032e-01,-4.196887180635389125e-01,1.516270014335442173e+00,1.188808045394603163e-01,-4.194950232830883530e-01,-2.558374231541631350e-01,2.084839224524372425e-01,4.880475069808944411e-01,-1.113901189737931618e+00,-7.369643750999199661e-01,-8.623164985025838503e-01,1.087910542549141157e-01,1.040659682060507407e+00,1.204957707524648258e+00,3.514078888035787607e-01,1.672269282466901652e-01,1.155921306245288216e+00,1.780626439835903074e+00,-3.856799064125516208e-01,-3.132664374000410784e-02,1.155962371602163419e+00,3.269033544870708630e-01
2.311809802841681069e-02,5.441148694030143451e-01,-2.325940255408903146e-01,-3.171476319498239826e-01,-1.474557526383528661e-01,3.438014266343020764e-01,-4.582187390443441810e-01,-7.647587771265387246e-01,5.711292378684226234e-01,-7.754069170249729970e-01,-8.092769052360058168e-01,-1.283645962745322056e+00,-4.196887180635389125e-01,-9.204096845965986651e-01,2.474054984133852164e-01,-4.194950232830883530e-01,1.884841229722490352e-01,2.663562579467292357e-01,-1.394434911648746667e+00,9.314498364238326111e-01,-7.369643750999199661e-01,-8.623164985025838503e-01,-9.898908798046147650e-01,-3.971983519314924160e-02,-8.299046462421418857e-01,4.853726200267673985e-01,1.672269282466901652e-01,-5.659883168023950306e-01,-7.031152942494910407e-01,-3.856799064125516208e-01,-3.131759035090584536e-02,-8.826485971191795343e-01,-1.120325037773388877e+00
1.307914313114557359e-01,5.441148694030143451e-01,6.526518925624983369e-01,8.743462339390176696e-01,4.082614751137985665e-01,-1.793709056635256260e+00,-4.582187390443441810e-01,-7.647587771265387246e-01,-1.196215948920928307e+00,-7.754069170249729970e-01,-8.092769052360058168e-01,7.897014355131553032e-01,-4.196887180635389125e-01,1.516270014335442173e+00,-1.698336686654289496e+00,-4.194950232830883530e-01,-1.545098302898014753e+00,-1.004345352796320423e+00,-6.468137338270228687e-02,-1.153667563775996434e-02,1.356917693429100291e+00,-8.623164985025838503e-01,1.087910542549141157e-01,1.040659682060507407e+00,-8.299046462421418857e-01,-2.004287226947851330e+00,2.993358757040473495e-01,-5.659883168023950306e-01,-7.031152942494910407e-01,-3.856799064125516208e-01,-3.133965323190161800e-02,1.155962371602163419e+00,3.745767603497900805e-02
-2.999019018206999232e-01,-1.837847219829066070e+00,-1.117839943644278966e+00,-1.508641497838665746e+00,-1.474557526383528661e-01,8.557262062408769188e-01,-4.582187390443441810e-01,1.639105483795093132e+00,6.458057950567051009e-01,-7.754069170249729970e-01,-2.707562289236913333e-01,-2.469722636160833762e-01,-4.196887180635389125e-01,1.238816149457046267e-01,8.552695918205874825e-01,-4.194950232830883530e-01,6.036698300084046842e-01,4.807763775245880167e-01,2.760345934501235998e-01,9.712943369334774424e-01,-7.369643750999199661e-01,1.159667015227612730e+00,-9.898908798046147650e-01,-1.120099352446805918e+00,1.204957707524648258e+00,5.826120217993424610e-01,1.672269282466901652e-01,-4.668063225148485484e-01,-4.748625728639219168e-01,-3.856799064125516208e-01,-3.131679152245599868e-02,-8.826485971191795343e-01,-5.414336808692048475e-01
-2.776388567330594803e+00,5.441148694030143451e-01,-1.117839943644278966e+00,-3.171476319498239826e-01,1.304028612377228502e-01,-6.081990407042406899e-01,-4.582187390443441810e-01,1.639105483795093132e+00,1.342786995480674372e+00,-7.754069170249729970e-01,-8.092769052360058168e-01,-1.283645962745322056e+00,-4.196887180635389125e-01,-9.204096845965986651e-01,3.828833456329832630e-01,-4.194950232830883530e-01,-5.034920554213436761e-01,3.820119386788136673e+00,-1.394434911648746667e+00,1.343176341690161868e+00,-7.369643750999199661e-01,-8.623164985025838503e-01,-9.898908798046147650e-01,-3.971983519314924160e-02,1.204957707524648258e+00,2.189186333243100246e-01,2.358050203166296432e-01,-5.659883168023950306e-01,-7.031152942494910407e-01,-3.856799064125516208e-01,-3.131312510469901056e-02,-8.826485971191795343e-01,-5.414336808692048475e-01
7.768314310096892106e-01,5.441148694030143451e-01,1.537897810665886933e+00,8.743462339390176696e-01,-3.481759119151261572e+00,-1.793709056635256260e+00,2.182363824940011909e+00,4.371733533342772038e-01,-1.121539391732645718e+00,-7.754069170249729970e-01,5.370247855447803920e-01,7.897014355131553032e-01,-4.196887180635389125e-01,1.516270014335442173e+00,-1.698336686654289496e+00,-4.194950232830883530e-01,-1.545098302898014753e+00,-1.098273680255671847e+00,-4.064968293211113082e-02,2.830782487188479579e-02,-7.369643750999199661e-01,-8.623164985025838503e-01,1.087910542549141157e-01,1.040659682060507407e+00,1.204957707524648258e+00,-2.004287226947851330e+00,-3.974562670904782102e+00,5.389914749477092704e-02,3.332045327309665628e-01,-3.856799064125516208e-01,-3.135859687799798234e-02,1.155962371602163419e+00,3.269033544870708630e-01
1.307914313114557359e-01,5.441148694030143451e-01,-2.325940255408903146e-01,-9.128945648942448088e-01,4.082614751137985665e-01,8.557262062408769188e-01,-4.582187390443441810e-01,-7.647587771265387246e-01,1.230698947387280501e-01,-7.754069170249729970e-01,-8.092769052360058168e-01,-1.283645962745322056e+00,-4.196887180635389125e-01,-9.204096845965986651e-01,6.695527715678690761e-01,-4.194950232830883530e-01,9.617978521594745533e-01,-9.242258199727111656e-02,-1.394434911648746667e+00,6.923828333659640677e-01,1.356917693429100291e+00,1.159667015227612730e+00,1.087910542549141157e-01,-5.799095938199776423e-01,1.204957707524648258e+00,5.826120217993424610e-01,2.993358757040473495e-01,-5.659883168023950306e-01,-7.031152942494910407e-01,-3.856799064125516208e-01,-3.132755668680393263e-02,-8.826485971191795343e-01,6.163490329391630995e-01
-4.075752351037388310e-01,5.441148694030143451e-01,6.526518925624983369e-01,8.743462339390176696e-01,-2.863850595763907658e-01,-1.793709056635256260e+00,-4.582187390443441810e-01,-7.647587771265387246e-01,-2.752050769321116030e-01,1.289645446853545208e+00,-3.605096749757437102e-01,7.897014355131553032e-01,-4.196887180635389125e-01,1.168172914488007974e+00,-1.698336686654289496e+00,-4.194950232830883530e-01,-1.545098302898014753e+00,-1.612469420575767254e-01,5.200897609150160195e-01,-1.113901189737931618e+00,-7.369643750999199661e-01,-8.623164985025838503e-01,1.087910542549141157e-01,1.040659682060507407e+00,-8.299046462421418857e-01,-2.004287226947851330e+00,1.307814272084459051e-01,-4.971119318804877452e-01,-2.063669474324121567e-01,-3.856799064125516208e-01,-3.132525447313480593e-02,1.155962371602163419e+00,-2.519880024171129995e-01
-8.455523525462210754e-02,5.441148694030143451e-01,1.537897810665886933e+00,-1.508641497838665746e+00,8.250493959279121547e-01,-2.220101718782280520e-01,2.182363824940011909e+00,4.371733533342772038e-01,7.204823522449874673e-01,-7.754069170249729970e-01,-8.092769052360058168e-01,-1.283645962745322056e+00,-4.196887180635389125e-01,1.168172914488007974e+00,-2.406497000608595616e-01,2.557797272508627540e+00,1.013801040253362734e-01,4.244094048706844591e-01,-1.394434911648746667e+00,1.011138837443122274e+00,1.356917693429100291e+00,-8.623164985025838503e-01,1.207472988314443052e+00,-1.120099352446805918e+00,1.204957707524648258e+00,3.462709881855754457e-01,3.866455364140805040e-01,-5.659883168023950306e-01,-7.031152942494910407e-01,1.816327704871308901e+00,-3.132561299361721202e-02,-8.826485971191795343e-01,1.484686068295438144e+00
4.538114311605724871e-01,5.441148694030143451e-01,1.537897810665886933e+00,8.743462339390176696e-01,-3.481759119151261572e+00,2.946164968289645414e-02,2.182363824940011909e+00,-7.647587771265387246e-01,-3.262267364463408814e+00,-7.754069170249729970e-01,-8.092769052360058168e-01,-1.283645962745322056e+00,-4.196887180635389125e-01,-9.204096845965986651e-01,-1.531884808652537178e-01,-4.194950232830883530e-01,-1.545098302898014753e+00,-2.432450824047661442e+00,-1.394434911648746667e+00,-1.113901189737931618e+00,-7.369643750999199661e-01,-8.623164985025838503e-01,1.087910542549141157e-01,1.040659682060507407e+00,-8.299046462421418857e-01,4.133879176985665316e-01,-3.974562670904782102e+00,-5.659883168023950306e-01,-7.031152942494910407e-01,-3.856799064125516208e-01,-3.135859687799798234e-02,-8.826485971191795343e-01,-2.519880024171129995e-01
6.691580977266503583e-01,-1.837847219829066070e+00,-1.117839943644278966e+00,-9.128945648942448088e-01,6.861200889898743105e-01,3.617636996029538476e-01,-4.582187390443441810e-01,-7.647587771265387246e-01,9.942963952686897366e-01,-7.754069170249729970e-01,-1.495890767534042119e-03,-2.469722636160833762e-01,-4.196887180635389125e-01,1.238816149457046267e-01,6.754697710460853821e-02,-4.194950232830883530e-01,6.400896288712253357e-01,2.646037858155643741e-01,4.223608864159452136e-01,1.157235339311819544e+00,1.356917693429100291e+00,1.159667015227612730e+00,1.087910542549141157e-01,-1.120099352446805918e+00,-8.299046462421418857e-01,4.891610658477938967e-01,3.585117714792993016e-01,-3.428288296554152792e-01,-3.886042769914684336e-01,-3.856799064125516208e-01,-3.132217030068496638e-02,-6.278222260290116097e-01,3.745767603497900805e-02
-1.268961901368050205e+00,5.441148694030143451e-01,6.526518925624983369e-01,8.743462339390176696e-01,5.471907820518364662e-01,-1.793709056635256260e+00,-4.582187390443441810e-01,-7.647587771265387246e-01,-7.979409772500886122e-01,1.289645446853545208e+00,-8.092769052360058168e-01,7.897014355131553032e-01,-4.196887180635389125e-01,-9.204096845965986651e-01,-1.698336686654289496e+00,-4.194950232830883530e-01,-1.545098302898014753e+00,-2.018041542359709506e-01,1.916566580902701045e-01,-1.113901189737931618e+00,1.356917693429100291e+00,-8.623164985025838503e-01,1.207472988314443052e+00,1.040659682060507407e+00,-8.299046462421418857e-01,-2.004287226947851330e+00,3.294305656233620927e-01,-5.659883168023950306e-01,-7.031152942494910407e-01,-3.856799064125516208e-01,-3.133678059757457474e-02,1.155962371602163419e+00,9.057947113912546699e-01
3.461380978775335793e-01,-1.837847219829066070e+00,-1.117839943644278966e+00,8.743462339390176696e-01,4.082614751137985665e-01,3.707448360872797055e-01,-4.582187390443441810e-01,-7.647587771265387246e-01,-2.005285197438291533e-01,1.289645446853545208e+00,-6.297700131319009520e-01,7.897014355131553032e-01,-4.196887180635389125e-01,1.516270014335442173e+00,1.682333263540194968e-01,-4.194950232830883530e-01,5.029083864879341226e-01,-3.903596143635939542e-01,5.729594799063164601e-01,-1.113901189737931618e+00,1.356917693429100291e+00,1.159667015227612730e+00,1.207472988314443052e+00,-1.120099352446805918e+00,-8.299046462421418857e-01,4.910435151944403942e-01,2.993358757040473495e-01,-5.549680952148898783e-01,-5.092231975886312156e-01,-3.856799064125516208e-01,-3.133052376390336319e-02,1.155962371602163419e+00,9.057947113912546699e-01
-4.075752351037388310e-01,5.441148694030143451e-01,-2.325940255408903146e-01,-3.171476319498239826e-01,-1.474557526383528661e-01,-2.848781272685091404e-01,-4.582187390443441810e-01,-7.647587771265387246e-01,7.204823522449874673e-01,-7.754069170249729970e-01,-8.092769052360058168e-01,-1.283645962745322056e+00,-4.196887180635389125e-01,-9.204096845965986651e-01,-2.149944090968152199e-01,-4.194950232830883530e-01,-3.213930611072403076e-01,5.958210186057851798e-01,-1.394434911648746667e+00,1.011138837443122274e+00,-7.369643750999199661e-01,-8.623164985025838503e-01,-9.898908798046147650e-01,-3.971983519314924160e-02,-8.299046462421418857e-01,3.278204787788088215e-01,1.672269282466901652e-01,-5.659883168023950306e-01,-7.031152942494910407e-01,-3.856799064125516208e-01,-3.131599269400615199e-02,-8.826485971191795343e-01,-1.120325037773388877e+00
-1.922285685376610154e-01,5.441148694030143451e-01,-1.117839943644278966e+00,-9.128945648942448088e-01,7.416918117650894704e-01,8.826696156938546034e-01,2.182363824940011909e+00,-7.647587771265387246e-01,1.168541695374682110e+00,-7.754069170249729970e-01,2.677644473886231502e-01,7.897014355131553032e-01,-4.196887180635389125e-01,1.516270014335442173e+00,8.316312546925933580e-01,2.500172260332013785e+00,1.204353712585860103e+00,8.069265076369145362e-01,1.438100336127599022e+00,1.250205840500990817e+00,1.356917693429100291e+00,1.159667015227612730e+00,1.207472988314443052e+00,-5.799095938199776423e-01,-8.299046462421418857e-01,5.871963719176656049e-01,3.698754908347927639e-01,-1.692603396522088244e-01,-3.001663559375365442e-01,3.362163587609304560e+00,-3.132117807166304863e-02,-3.729958549388437961e-01,9.057947113912546699e-01
2.384647645944946437e-01,5.441148694030143451e-01,1.537897810665886933e+00,-1.508641497838665746e+00,-3.481759119151261572e+00,7.436733210452582676e-02,2.182363824940011909e+00,4.371733533342772038e-01,-3.262267364463408814e+00,-7.754069170249729970e-01,-8.092769052360058168e-01,-1.283645962745322056e+00,-4.196887180635389125e-01,-9.204096845965986651e-01,-5.858757030674127675e-02,-4.194950232830883530e-01,-1.545098302898014753e+00,-2.432450824047661442e+00,-1.394434911648746667e+00,-1.113901189737931618e+00,-7.369643750999199661e-01,-8.623164985025838503e-01,1.087910542549141157e-01,-1.120099352446805918e+00,1.204957707524648258e+00,4.243959825921714279e-01,-3.974562670904782102e+00,-5.659883168023950306e-01,-7.031152942494910407e-01,-3.856799064125516208e-01,-3.135859687799798234e-02,-8.826485971191795343e-01,3.269033544870708630e-01
-8.455523525462210754e-02,5.441148694030143451e-01,6.526518925624983369e-01,-1.508641497838665746e+00,9.639787028659499990e-01,-1.793709056635256260e+00,-4.582187390443441810e-01,1.639105483795093132e+00,-2.254207054732566273e-01,1.289645446853545208e+00,-8.092769052360058168e-01,-1.283645962745322056e+00,-4.196887180635389125e-01,1.516270014335442173e+00,-1.698336686654289496e+00,-4.194950232830883530e-01,-1.545098302898014753e+00,-2.540948994974229769e-01,-1.394434911648746667e+00,-1.113901189737931618e+00,1.356917693429100291e+00,-8.623164985025838503e-01,1.207472988314443052e+00,-1.120099352446805918e+00,1.204957707524648258e+00,-2.004287226947851330e+00,4.138916512505173007e-01,-5.659883168023950306e-01,-7.031152942494910407e-01,-3.856799064125516208e-01,-3.133423261027765139e-02,-8.826485971191795343e-01,1.484686068295438144e+00
7.768314310096892106e-01,5.441148694030143451e-01,1.537897810665886933e+00,-1.508641497838665746e+00,-1.474557526383528661e-01,1.232933938582563727e+00,-4.582187390443441810e-01,-7.647587771265387246e-01,-8.228331629795160307e-01,1.289645446853545208e+00,-8.092769052360058168e-01,-1.283645962745322056e+00,-4.196887180635389125e-01,-9.204096845965986651e-01,7.406091932094343022e-01,-4.194950232830883530e-01,9.095961404560982677e-01,-9.121094276335336426e-01,-1.394434911648746667e+00,-1.113901189737931618e+00,-7.369643750999199661e-01,1.159667015227612730e+00,1.087910542549141157e-01,-1.120099352446805918e+00,-8.299046462421418857e-01,6.429327199394606618e-01,1.672269282466901652e-01,-5.659883168023950306e-01,-7.031152942494910407e-01,-3.856799064125516208e-01,-3.133250181530298356e-02,-8.826485971191795343e-01,-2.519880024171129995e-01
2.384647645944946437e-01,5.441148694030143451e-01,-2.325940255408903146e-01,8.743462339390176696e-01,6.861200889898743105e-01,1.192730145261551994e-01,2.182363824940011909e+00,-7.647587771265387246e-01,-1.507441482849742054e-01,1.289645446853545208e+00,8.825755528451835474e-02,7.897014355131553032e-01,-4.196887180635389125e-01,-9.204096845965986651e-01,-1.917052424069458361e-02,2.461755585547604319e+00,3.942559865471857994e-01,-3.200960230896212066e-01,5.921848322667895292e-01,-1.113901189737931618e+00,1.356917693429100291e+00,-8.623164985025838503e-01,2.306154922373972127e+00,1.040659682060507407e+00,-8.299046462421418857e-01,4.351437850082108261e-01,3.585117714792993016e-01,-2.904827771147657223e-01,2.509569274150571516e-01,2.069072949787267302e+00,-3.133196926300308577e-02,1.155962371602163419e+00,1.774131746747530380e+00
-2.999019018206999232e-01,5.441148694030143451e-01,1.537897810665886933e+00,8.743462339390176696e-01,-3.481759119151261572e+00,2.450089253067174455e-01,2.182363824940011909e+00,4.371733533342772038e-01,-3.262267364463408814e+00,-7.754069170249729970e-01,-8.092769052360058168e-01,-1.283645962745322056e+00,-4.196887180635389125e-01,-9.204096845965986651e-01,2.666417039009549850e-01,-4.194950232830883530e-01,-1.545098302898014753e+00,-2.432450824047661442e+00,-1.394434911648746667e+00,-1.113901189737931618e+00,-7.369643750999199661e-01,-8.623164985025838503e-01,1.087910542549141157e-01,1.040659682060507407e+00,1.204957707524648258e+00,4.639523001804898850e-01,-3.974562670904782102e+00,-5.659883168023950306e-01,-7.031152942494910407e-01,-3.856799064125516208e-01,-3.135859687799798234e-02,-8.826485971191795343e-01,3.269033544870708630e-01
7.768314310096892106e-01,5.441148694030143451e-01,-2.325940255408903146e-01,8.743462339390176696e-01,-8.526445700315014864e-03,8.287827967878993451e-01,-4.582187390443441810e-01,4.371733533342772038e-01,-3.996660055792489730e-01,1.289645446853545208e+00,-8.092769052360058168e-01,-1.283645962745322056e+00,-4.196887180635389125e-01,-9.204096845965986651e-01,4.149339273522605898e-01,-4.194950232830883530e-01,6.704394612569092304e-01,-6.483767364188379734e-01,-1.394434911648746667e+00,-1.113901189737931618e+00,-7.369643750999199661e-01,1.159667015227612730e+00,1.087910542549141157e-01,1.040659682060507407e+00,1.204957707524648258e+00,5.779809712157563117e-01,2.021964911831932998e-01,-5.659883168023950306e-01,-7.031152942494910407e-01,-3.856799064125516208e-01,-3.132919999104361725e-02,-8.826485971191795343e-01,3.269033544870708630e-01
1.422871430707922658e+00,5.441148694030143451e-01,6.526518925624983369e-01,-9.128945648942448088e-01,5.471907820518364662e-01,-1.793709056635256260e+00,-4.582187390443441810e-01,1.639105483795093132e+00,-1.507441482849742054e-01,-7.754069170249729970e-01,-8.092769052360058168e-01,7.897014355131553032e-01,-4.196887180635389125e-01,1.238816149457046267e-01,-1.698336686654289496e+00,-4.194950232830883530e-01,-1.545098302898014753e+00,-6.669005426498965106e-01,6.082059592338502352e-01,5.462863314972666862e-01,1.356917693429100291e+00,-8.623164985025838503e-01,1.087910542549141157e-01,-5.799095938199776423e-01,1.204957707524648258e+00,-2.004287226947851330e+00,3.294305656233620927e-01,-5.659883168023950306e-01,-7.031152942494910407e-01,-3.856799064125516208e-01,-3.133105106938257473e-02,-3.729958549388437961e-01,6.163490329391630995e-01
-1.376635234651089057e+00,5.441148694030143451e-01,-1.117839943644278966e+00,-1.508641497838665746e+00,-3.697426437392134502e-01,4.515750644462125929e-01,-4.582187390443441810e-01,-7.647587771265387246e-01,1.193433881104109640e+00,-7.754069170249729970e-01,-8.092769052360058168e-01,-2.469722636160833762e-01,-4.196887180635389125e-01,1.238816149457046267e-01,9.935591422464697953e-01,-4.194950232830883530e-01,1.544923107002830753e-01,1.699109083231050032e+00,5.174195730871725685e-01,1.263487340670872205e+00,-7.369643750999199661e-01,1.159667015227612730e+00,-9.898908798046147650e-01,-1.120099352446805918e+00,-8.299046462421418857e-01,5.076437278473231451e-01,1.081522668181317537e-01,-5.659883168023950306e-01,-7.031152942494910407e-01,-3.856799064125516208e-01,-3.130752891638276941e-02,-8.826485971191795343e-01,-1.120325037773388877e+00
3.461380978775335793e-01,5.441148694030143451e-01,-1.117839943644278966e+00,8.743462339390176696e-01,1.102908009803987843e+00,8.018393873349216605e-01,2.182363824940011909e+00,1.639105483795093132e+00,-1.756363340144016794e-01,-7.754069170249729970e-01,8.825755528451835474e-02,7.897014355131553032e-01,3.618825361415798358e+00,1.516270014335442173e+00,5.399983081979979893e-01,2.749880646430673536e+00,1.349365211724657732e+00,-3.737572468051868491e-01,5.761637052997287123e-01,5.330048313273850757e-01,1.356917693429100291e+00,1.159667015227612730e+00,1.207472988314443052e+00,1.040659682060507407e+00,1.204957707524648258e+00,5.733022588971421474e-01,4.403044196199014659e-01,-2.904827771147657223e-01,-2.222628945305586690e-01,3.213734659703225915e+00,-3.133458361065713516e-02,1.155962371602163419e+00,1.484686068295438144e+00
9.921780975757670262e-01,5.441148694030143451e-01,1.537897810665886933e+00,8.743462339390176696e-01,1.241837316742025799e+00,-2.040478989095762807e-01,-4.582187390443441810e-01,-7.647587771265387246e-01,-1.171323763191500777e+00,1.289645446853545208e+00,1.434559246065304716e+00,1.826375134642393983e+00,-4.196887180635389125e-01,-9.204096845965986651e-01,-4.580136371093493364e-01,-4.194950232830883530e-01,2.813546100724417243e-01,-1.170670889608725451e+00,3.465275521051909280e-01,-1.113901189737931618e+00,1.356917693429100291e+00,-8.623164985025838503e-01,1.207472988314443052e+00,1.040659682060507407e+00,-8.299046462421418857e-01,3.514078888035787607e-01,4.659333095152841664e-01,1.155921306245288216e+00,2.832564115448540587e+00,-3.856799064125516208e-01,-3.134280826863630742e-02,2.175267855962834673e+00,9.057947113912546699e-01
6.691580977266503583e-01,-1.837847219829066070e+00,1.537897810665886933e+00,8.743462339390176696e-01,6.861200889898743105e-01,8.108205238192475184e-01,2.182363824940011909e+00,1.639105483795093132e+00,-1.507441482849742054e-01,1.289645446853545208e+00,1.524312692117357093e+00,7.897014355131553032e-01,2.272654001589352379e+00,1.168172914488007974e+00,4.354394070543788353e-01,2.461755585547604319e+00,1.095337114656483646e+00,-4.609196764868238039e-01,5.665510291194925108e-01,-1.113901189737931618e+00,1.356917693429100291e+00,1.159667015227612730e+00,2.306154922373972127e+00,-1.120099352446805918e+00,1.204957707524648258e+00,5.748671859765362990e-01,3.585117714792993016e-01,1.296429131485979269e+00,1.777472482078334304e+00,2.733661751231036607e+00,-3.133196926300308577e-02,1.155962371602163419e+00,2.353023103651714187e+00
1.099851430858805879e+00,5.441148694030143451e-01,1.537897810665886933e+00,8.743462339390176696e-01,5.194049206642288308e-01,-1.793709056635256260e+00,-4.582187390443441810e-01,4.371733533342772038e-01,-2.254207054732566273e-01,1.289645446853545208e+00,8.825755528451835474e-02,7.897014355131553032e-01,-4.196887180635389125e-01,-9.204096845965986651e-01,-1.698336686654289496e+00,-4.194950232830883530e-01,-1.545098302898014753e+00,-6.284998240294951133e-01,5.441214513656071894e-01,-1.113901189737931618e+00,1.356917693429100291e+00,-8.623164985025838503e-01,1.207472988314443052e+00,1.040659682060507407e+00,1.204957707524648258e+00,-2.004287226947851330e+00,3.234949394362649500e-01,-2.904827771147657223e-01,2.742269816019975437e-01,-3.856799064125516208e-01,-3.133152546941984223e-02,1.155962371602163419e+00,1.484686068295438144e+00
2.384647645944946437e-01,5.441148694030143451e-01,6.526518925624983369e-01,8.743462339390176696e-01,4.082614751137985665e-01,-1.793709056635256260e+00,-4.582187390443441810e-01,-7.647587771265387246e-01,-2.503128912026840736e-01,1.289645446853545208e+00,8.062851237009377448e-01,-2.469722636160833762e-01,-4.196887180635389125e-01,-9.204096845965986651e-01,-1.698336686654289496e+00,-4.194950232830883530e-01,-1.545098302898014753e+00,-3.876913767202787020e-01,-1.212893553329836699e-01,-1.113901189737931618e+00,1.356917693429100291e+00,-8.623164985025838503e-01,1.207472988314443052e+00,1.040659682060507407e+00,-8.299046462421418857e-01,-2.004287226947851330e+00,2.993358757040473495e-01,3.266496317855240306e-01,1.070520606353128290e+00,-3.856799064125516208e-01,-3.133098023730327558e-02,1.366568872414919422e-01,9.057947113912546699e-01
-1.376635234651089057e+00,-1.837847219829066070e+00,-2.325940255408903146e-01,-3.171476319498239826e-01,-4.253143665144286101e-01,4.515750644462125929e-01,-4.582187390443441810e-01,4.371733533342772038e-01,2.724230091152929356e-01,-7.754069170249729970e-01,-8.092769052360058168e-01,-1.283645962745322056e+00,-4.196887180635389125e-01,-9.204096845965986651e-01,9.935591422464697953e-01,-4.194950232830883530e-01,1.241424783145991945e-01,8.450994934583552221e-01,-1.394434911648746667e+00,7.720718343852536192e-01,-7.369643750999199661e-01,1.159667015227612730e+00,-9.898908798046147650e-01,-1.120099352446805918e+00,1.204957707524648258e+00,5.076437278473231451e-01,9.272988894116553082e-02,-5.659883168023950306e-01,-7.031152942494910407e-01,-3.856799064125516208e-01,-3.131734828167861973e-02,-8.826485971191795343e-01,-5.414336808692048475e-01
1.307914313114557359e-01,5.441148694030143451e-01,-2.325940255408903146e-01,-3.171476319498239826e-01,4.082614751137985665e-01,-3.340630570738466892e-02,-4.582187390443441810e-01,-7.647587771265387246e-01,4.715604949507127275e-01,-7.754069170249729970e-01,-8.092769052360058168e-01,-1.283645962745322056e+00,-4.196887180635389125e-01,1.516270014335442173e+00,-1.250948771236349566e-01,-4.194950232830883530e-01,1.205004984283171293e-01,1.484626782137983825e-01,-1.394434911648746667e+00,8.783238357443062805e-01,1.356917693429100291e+00,-8.623164985025838503e-01,1.087910542549141157e-01,-3.971983519314924160e-02,-8.299046462421418857e-01,3.975146041236708450e-01,2.993358757040473495e-01,-5.659883168023950306e-01,-7.031152942494910407e-01,-3.856799064125516208e-01,-3.132436137300454587e-02,-8.826485971191795343e-01,3.745767603497900805e-02
-1.807328567783244688e+00,-1.837847219829066070e+00,-2.325940255408903146e-01,8.743462339390176696e-01,1.304028612377228502e-01,-2.399724448468797955e-01,-4.582187390443441810e-01,4.371733533342772038e-01,1.317894809751246843e+00,-7.754069170249729970e-01,-8.092769052360058168e-01,-1.283645962745322056e+00,-4.196887180635389125e-01,-9.204096845965986651e-01,3.658381365233412397e-01,-4.194950232830883530e-01,-1.799628421899533981e-01,2.273647309805667316e+00,-1.394434911648746667e+00,1.329894841520280258e+00,-7.369643750999199661e-01,-8.623164985025838503e-01,-9.898908798046147650e-01,-1.120099352446805918e+00,1.204957707524648258e+00,3.410753788611377013e-01,2.358050203166296432e-01,-5.659883168023950306e-01,-7.031152942494910407e-01,-3.856799064125516208e-01,-3.131337089806818935e-02,-8.826485971191795343e-01,-5.414336808692048475e-01
-1.268961901368050205e+00,5.441148694030143451e-01,-1.117839943644278966e+00,-1.508641497838665746e+00,-1.474557526383528661e-01,3.617636996029538476e-01,2.182363824940011909e+00,-7.647587771265387246e-01,1.566816667045521694e+00,-7.754069170249729970e-01,-9.124933681958644072e-02,1.826375134642393983e+00,-4.196887180635389125e-01,1.516270014335442173e+00,8.243542615727077472e-01,1.885505463781465885e+00,2.030520425173772958e-01,1.938715377401509343e+00,2.732607395066108946e+00,1.462709843219096140e+00,-7.369643750999199661e-01,1.159667015227612730e+00,1.087910542549141157e-01,-1.120099352446805918e+00,-8.299046462421418857e-01,4.891610658477938967e-01,1.672269282466901652e-01,-3.896647714023122600e-01,-4.565243200346539298e-01,2.564633385545915800e+00,-3.130693930490788257e-02,-8.826485971191795343e-01,-2.519880024171129995e-01
1.307914313114557359e-01,5.441148694030143451e-01,-1.117839943644278966e+00,8.743462339390176696e-01,4.082614751137985665e-01,1.551975604634587003e-01,-4.582187390443441810e-01,-7.647587771265387246e-01,-4.992347484969588689e-01,1.289645446853545208e+00,4.216916073678929067e+00,1.826375134642393983e+00,-4.196887180635389125e-01,1.516270014335442173e+00,4.346674532607804758e-02,-4.194950232830883530e-01,2.989575128561384187e-01,-5.225748323741811197e-01,8.570674647888610886e-01,-1.113901189737931618e+00,1.356917693429100291e+00,-8.623164985025838503e-01,1.207472988314443052e+00,1.040659682060507407e+00,-8.299046462421418857e-01,4.435627453816501919e-01,2.993358757040473495e-01,8.073865407801658733e+00,5.307539702237161983e+00,-3.856799064125516208e-01,-3.133326260430284449e-02,2.175267855962834673e+00,9.057947113912546699e-01
-1.376635234651089057e+00,5.441148694030143451e-01,1.537897810665886933e+00,8.743462339390176696e-01,6.861200889898743105e-01,-2.579347178155315667e-01,-4.582187390443441810e-01,-7.647587771265387246e-01,-7.606759109669175567e-02,1.289645446853545208e+00,5.370247855447803920e-01,7.897014355131553032e-01,-4.196887180635389125e-01,-9.204096845965986651e-01,1.429200603138298664e-01,-4.194950232830883530e-01,1.184809848756879572e-02,5.219607297605790563e-01,6.322376496844414051e-01,-1.113901189737931618e+00,1.356917693429100291e+00,-8.623164985025838503e-01,1.207472988314443052e+00,1.040659682060507407e+00,-8.299046462421418857e-01,3.358197033586844404e-01,3.585117714792993016e-01,5.389914749477092704e-02,6.947114491194982255e-01,-3.856799064125516208e-01,-3.133133020024320842e-02,1.155962371602163419e+00,9.057947113912546699e-01
-1.376635234651089057e+00,5.441148694030143451e-01,6.526518925624983369e-01,8.743462339390176696e-01,-8.526445700315014864e-03,-1.793709056635256260e+00,-4.582187390443441810e-01,-7.647587771265387246e-01,1.118757323915827051e+00,-7.754069170249729970e-01,6.267782315968328799e-01,-2.469722636160833762e-01,-4.196887180635389125e-01,-9.204096845965986651e-01,-1.698336686654289496e+00,-4.194950232830883530e-01,-1.545098302898014753e+00,1.629865062438669465e+00,4.682881170548529037e-01,1.223642840161227596e+00,-7.369643750999199661e-01,-8.623164985025838503e-01,-9.898908798046147650e-01,1.040659682060507407e+00,-8.299046462421418857e-01,-2.004287226947851330e+00,2.021964911831932998e-01,1.393058647979361631e-01,-1.597792493693414861e-01,-3.856799064125516208e-01,-3.131360685970260849e-02,1.366568872414919422e-01,-1.120325037773388877e+00
1.099851430858805879e+00,5.441148694030143451e-01,-1.117839943644278966e+00,-1.508641497838665746e+00,-8.526445700315014864e-03,9.814621170214391510e-01,-4.582187390443441810e-01,-7.647587771265387246e-01,-1.391033908409332418e-03,1.289645446853545208e+00,8.062851237009377448e-01,7.897014355131553032e-01,-4.196887180635389125e-01,1.516270014335442173e+00,4.331400793671928984e-01,-4.194950232830883530e-01,7.994262488960657276e-01,-4.954214715691386273e-01,6.754946924955053111e-01,-1.113901189737931618e+00,-7.369643750999199661e-01,1.159667015227612730e+00,1.087910542549141157e-01,-1.120099352446805918e+00,-8.299046462421418857e-01,6.036208825224800290e-01,2.021964911831932998e-01,3.266496317855240306e-01,9.361542502468692684e-01,-3.856799064125516208e-01,-3.132510998938040081e-02,-8.826485971191795343e-01,-2.519880024171129995e-01
1.422871430707922658e+00,5.441148694030143451e-01,-1.117839943644278966e+00,8.743462339390176696e-01,1.019550425641165159e+00,9.904432535057651199e-01,2.182363824940011909e+00,1.639105483795093132e+00,-5.739113056852412909e-01,1.289645446853545208e+00,2.332093706585828929e+00,1.826375134642393983e+00,3.618825361415798358e+00,1.168172914488007974e+00,3.442899393354804660e-01,2.692255634254059782e+00,1.503238861920075164e+00,-9.070153809199925643e-01,8.378421124283880195e-01,-1.113901189737931618e+00,1.356917693429100291e+00,1.159667015227612730e+00,2.306154922373972127e+00,1.040659682060507407e+00,1.204957707524648258e+00,6.050850089656190089e-01,4.245538880424428729e-01,2.808954544371064177e+00,3.156938373219002614e+00,2.839298746121900585e+00,-3.133729478600207063e-02,2.175267855962834673e+00,2.353023103651714187e+00
-9.459419015189334257e-01,-1.837847219829066070e+00,-1.117839943644278966e+00,8.743462339390176696e-01,3.526897523385834066e-01,3.258391536656503051e-01,-4.582187390443441810e-01,1.639105483795093132e+00,5.213448664095676754e-01,1.289645446853545208e+00,-6.297700131319009520e-01,7.897014355131553032e-01,-4.196887180635389125e-01,1.238816149457046267e-01,6.169330058295990904e-01,-4.194950232830883530e-01,4.317683793758910760e-01,7.640583431976430973e-01,1.037572161951079153e+00,-1.113901189737931618e+00,-7.369643750999199661e-01,-8.623164985025838503e-01,1.087910542549141157e-01,-1.120099352446805918e+00,1.204957707524648258e+00,4.815523381534405623e-01,2.869980914369990033e-01,-5.549680952148898783e-01,-5.459739871518006771e-01,-3.856799064125516208e-01,-3.132340211730907931e-02,1.155962371602163419e+00,3.269033544870708630e-01
-1.268961901368050205e+00,5.441148694030143451e-01,6.526518925624983369e-01,8.743462339390176696e-01,-5.642436734524665098e-01,-1.793709056635256260e+00,-4.582187390443441810e-01,-7.647587771265387246e-01,-7.606759109669175567e-02,1.289645446853545208e+00,-2.155578596016792137e+00,1.826375134642393983e+00,-4.196887180635389125e-01,-9.204096845965986651e-01,-1.698336686654289496e+00,-4.194950232830883530e-01,-1.545098302898014753e+00,4.516175975270492748e-01,1.371879677997080549e+00,-1.113901189737931618e+00,-7.369643750999199661e-01,-8.623164985025838503e-01,1.087910542549141157e-01,1.040659682060507407e+00,-8.299046462421418857e-01,-2.004287226947851330e+00,5.292421632047194374e-02,5.389914749477092704e-02,-2.100942037618480196e+00,-3.856799064125516208e-01,-3.131964448120545114e-02,2.175267855962834673e+00,-2.519880024171129995e-01
4.538114311605724871e-01,-1.837847219829066070e+00,-1.117839943644278966e+00,8.743462339390176696e-01,1.304028612377228502e-01,-2.442516922305879370e-02,-4.582187390443441810e-01,-7.647587771265387246e-01,-1.391033908409332418e-03,-7.754069170249729970e-01,-2.707562289236913333e-01,7.897014355131553032e-01,-4.196887180635389125e-01,1.238816149457046267e-01,-1.988578859624666184e-01,-4.194950232830883530e-01,9.420111896714085040e-03,-2.950391247610154033e-01,6.947200448559787134e-01,6.259753325165561266e-01,-7.369643750999199661e-01,-8.623164985025838503e-01,-9.898908798046147650e-01,-1.120099352446805918e+00,-8.299046462421418857e-01,3.998164362192896393e-01,2.358050203166296432e-01,-4.668063225148485484e-01,-4.299037035000976559e-01,-3.856799064125516208e-01,-3.132639794663492211e-02,1.155962371602163419e+00,-1.120325037773388877e+00
9.921780975757670262e-01,5.441148694030143451e-01,-1.117839943644278966e+00,8.743462339390176696e-01,4.082614751137985665e-01,-1.142365340663175494e-01,-4.582187390443441810e-01,1.639105483795093132e+00,3.222073805741478836e-01,1.289645446853545208e+00,2.780860936846091036e+00,-2.469722636160833762e-01,2.272654001589352379e+00,1.516270014335442173e+00,-3.879388885474881477e-01,-4.194950232830883530e-01,4.401892081639371956e-02,-2.693995078666284182e-01,1.008702719435923822e-01,-1.113901189737931618e+00,1.356917693429100291e+00,-8.623164985025838503e-01,1.207472988314443052e+00,1.040659682060507407e+00,1.204957707524648258e+00,3.762561971515636094e-01,2.993358757040473495e-01,3.842100318199674014e+00,2.613108152087972869e+00,-3.856799064125516208e-01,-3.132573079320428305e-02,1.366568872414919422e-01,1.484686068295438144e+00
-6.229219016698166467e-01,5.441148694030143451e-01,-2.325940255408903146e-01,-3.171476319498239826e-01,-7.031729803905043541e-01,-1.793709056635256260e+00,-4.582187390443441810e-01,-7.647587771265387246e-01,-7.730487915206610827e-01,-7.754069170249729970e-01,-8.092769052360058168e-01,-1.283645962745322056e+00,-4.196887180635389125e-01,-9.204096845965986651e-01,-1.698336686654289496e+00,-4.194950232830883530e-01,-1.545098302898014753e+00,-4.609196764868238039e-01,-1.394434911648746667e+00,2.142488272502270086e-01,-7.369643750999199661e-01,-8.623164985025838503e-01,-9.898908798046147650e-01,-3.971983519314924160e-02,-8.299046462421418857e-01,-2.004287226947851330e+00,1.119483325352974186e-02,-5.659883168023950306e-01,-7.031152942494910407e-01,-3.856799064125516208e-01,-3.132664374000410784e-02,-8.826485971191795343e-01,-1.120325037773388877e+00
-2.999019018206999232e-01,5.441148694030143451e-01,-1.117839943644278966e+00,-1.508641497838665746e+00,-7.031729803905043541e-01,2.001032428850880729e-01,-4.582187390443441810e-01,-7.647587771265387246e-01,2.973151948447204096e-01,1.289645446853545208e+00,2.677644473886231502e-01,7.897014355131553032e-01,-4.196887180635389125e-01,1.238816149457046267e-01,2.233602415539228947e-01,-4.194950232830883530e-01,-1.975657449736500371e-01,2.209981557283361431e-01,8.773608922804715382e-01,-1.113901189737931618e+00,-7.369643750999199661e-01,-8.623164985025838503e-01,1.087910542549141157e-01,-1.120099352446805918e+00,-8.299046462421418857e-01,4.538718235859399708e-01,1.119483325352974186e-02,-1.692603396522088244e-01,2.986605384982846112e-01,-3.856799064125516208e-01,-3.131290389066674479e-02,-8.826485971191795343e-01,-2.519880024171129995e-01
5.614847644436113949e-01,5.441148694030143451e-01,-1.117839943644278966e+00,-9.128945648942448088e-01,1.464124207842886438e+00,6.311977941327300279e-01,-4.582187390443441810e-01,1.639105483795093132e+00,3.470995663035753576e-01,-7.754069170249729970e-01,2.960367828950195790e+00,1.826375134642393983e+00,-4.196887180635389125e-01,1.516270014335442173e+00,3.219539456122464949e-01,-4.194950232830883530e-01,1.372127586013920819e+00,-1.067123855691140544e-01,1.613264657634129851e+00,8.119163348948983394e-01,1.356917693429100291e+00,1.159667015227612730e+00,1.087910542549141157e-01,-5.799095938199776423e-01,1.204957707524648258e+00,5.424968708675803608e-01,5.054204253427680982e-01,4.293929403287386037e+00,1.025977238986395701e+00,-3.856799064125516208e-01,-3.133256763637375791e-02,-1.181694838486759130e-01,6.163490329391630995e-01
3.461380978775335793e-01,5.441148694030143451e-01,-1.117839943644278966e+00,-1.508641497838665746e+00,6.861200889898743105e-01,-6.620858596101959481e-01,2.182363824940011909e+00,-7.647587771265387246e-01,1.044080766727544685e+00,-7.754069170249729970e-01,-6.297700131319009520e-01,-2.469722636160833762e-01,9.264826417629067334e-01,1.516270014335442173e+00,-7.224536093138458348e-01,2.461755585547604319e+00,-3.978746387191637313e-01,4.397587635567588027e-01,4.511989149566548174e-01,1.183798339651582765e+00,1.356917693429100291e+00,-8.623164985025838503e-01,1.207472988314443052e+00,-1.120099352446805918e+00,-8.299046462421418857e-01,1.979328674660533749e-01,3.585117714792993016e-01,-5.549680952148898783e-01,-6.340273057841271376e-01,1.040951849896312620e+00,-3.132174425884504815e-02,-8.826485971191795343e-01,9.057947113912546699e-01
-8.455523525462210754e-02,5.441148694030143451e-01,-2.325940255408903146e-01,-3.171476319498239826e-01,4.082614751137985665e-01,1.080254618349023810e+00,-4.582187390443441810e-01,-7.647587771265387246e-01,7.702667237038424153e-01,-7.754069170249729970e-01,-8.092769052360058168e-01,-1.283645962745322056e+00,-4.196887180635389125e-01,-9.204096845965986651e-01,9.671480888308398027e-01,-4.194950232830883530e-01,1.174246678859261817e+00,4.601201577321637481e-01,-1.394434911648746667e+00,1.037701837782885272e+00,1.356917693429100291e+00,1.159667015227612730e+00,1.087910542549141157e-01,-3.971983519314924160e-02,-8.299046462421418857e-01,6.194726296053938430e-01,2.993358757040473495e-01,-5.659883168023950306e-01,-7.031152942494910407e-01,-3.856799064125516208e-01,-3.132162253260507151e-02,-8.826485971191795343e-01,3.745767603497900805e-02
4.538114311605724871e-01,5.441148694030143451e-01,-1.117839943644278966e+00,8.743462339390176696e-01,-7.031729803905043541e-01,3.078768806969985894e-01,-4.582187390443441810e-01,-7.647587771265387246e-01,6.209136093272775714e-01,-7.754069170249729970e-01,-7.195234591839534399e-01,-2.469722636160833762e-01,9.264826417629067334e-01,1.516270014335442173e+00,8.277011213701275516e-02,-4.194950232830883530e-01,-1.247261472480087063e-01,1.128638712860543236e-01,2.706942177944366423e-01,9.580128367635958320e-01,-7.369643750999199661e-01,-8.623164985025838503e-01,-9.898908798046147650e-01,1.040659682060507407e+00,-8.299046462421418857e-01,4.776996806240993432e-01,1.119483325352974186e-02,-5.632332614055187703e-01,-6.648308675202766471e-01,-3.856799064125516208e-01,-3.130874998272754201e-02,1.366568872414919422e-01,-1.120325037773388877e+00
-4.075752351037388310e-01,5.441148694030143451e-01,-2.325940255408903146e-01,-3.171476319498239826e-01,4.082614751137985665e-01,1.462164239791328424e-01,-4.582187390443441810e-01,-7.647587771265387246e-01,9.694042095392622072e-01,-7.754069170249729970e-01,-8.092769052360058168e-01,-1.283645962745322056e+00,-4.196887180635389125e-01,1.238816149457046267e-01,2.088176702053204936e-01,-4.194950232830883530e-01,2.904595597881469149e-01,7.850880087716253231e-01,-1.394434911648746667e+00,1.143953839141937934e+00,1.356917693429100291e+00,-8.623164985025838503e-01,1.087910542549141157e-01,-3.971983519314924160e-02,-8.299046462421418857e-01,4.414725767909474241e-01,2.993358757040473495e-01,-5.659883168023950306e-01,-7.031152942494910407e-01,-3.856799064125516208e-01,-3.131979663900542193e-02,-8.826485971191795343e-01,3.745767603497900805e-02
1.207524764141844953e+00,5.441148694030143451e-01,1.537897810665886933e+00,-9.128945648942448088e-01,-3.481759119151261572e+00,4.695373374148643086e-01,-4.582187390443441810e-01,-7.647587771265387246e-01,-3.262267364463408814e+00,-7.754069170249729970e-01,-8.092769052360058168e-01,-1.283645962745322056e+00,-4.196887180635389125e-01,-9.204096845965986651e-01,1.321209514279628010e-02,-4.194950232830883530e-01,-1.545098302898014753e+00,-2.432450824047661442e+00,-1.394434911648746667e+00,-1.113901189737931618e+00,-7.369643750999199661e-01,1.159667015227612730e+00,-9.898908798046147650e-01,-5.799095938199776423e-01,-8.299046462421418857e-01,5.112517695451557209e-01,-3.974562670904782102e+00,-5.659883168023950306e-01,-7.031152942494910407e-01,-3.856799064125516208e-01,-3.135859687799798234e-02,-8.826485971191795343e-01,-1.120325037773388877e+00
7.768314310096892106e-01,5.441148694030143451e-01,1.537897810665886933e+00,8.743462339390176696e-01,-4.253143665144286101e-01,-1.793709056635256260e+00,-4.582187390443441810e-01,-7.647587771265387246e-01,-5.739113056852412909e-01,1.289645446853545208e+00,9.857920158050426096e-01,1.826375134642393983e+00,-4.196887180635389125e-01,-9.204096845965986651e-01,-1.698336686654289496e+00,-4.194950232830883530e-01,-1.545098302898014753e+00,-7.569725504484186018e-01,8.698843663625096534e-01,-1.113901189737931618e+00,-7.369643750999199661e-01,-8.623164985025838503e-01,1.087910542549141157e-01,1.040659682060507407e+00,-8.299046462421418857e-01,-2.004287226947851330e+00,9.272988894116553082e-02,5.360338419481222028e-01,1.502629658589648143e+00,-3.856799064125516208e-01,-3.132722470614945215e-02,2.175267855962834673e+00,-2.519880024171129995e-01
-4.075752351037388310e-01,-1.837847219829066070e+00,-1.117839943644278966e+00,-3.171476319498239826e-01,-1.474557526383528661e-01,2.270466523380657020e-01,-4.582187390443441810e-01,-7.647587771265387246e-01,1.019188580998117155e+00,-7.754069170249729970e-01,-4.502631210277961427e-01,-2.469722636160833762e-01,-4.196887180635389125e-01,1.238816149457046267e-01,2.882824350744707664e-01,-4.194950232830883530e-01,9.379264592891529972e-02,8.229414068047934405e-01,4.383820133830059751e-01,1.170516839481701155e+00,-7.369643750999199661e-01,-8.623164985025838503e-01,-9.898908798046147650e-01,-1.120099352446805918e+00,-8.299046462421418857e-01,4.599468921761789564e-01,1.672269282466901652e-01,-5.219074304523743102e-01,-5.641406122497995002e-01,-3.856799064125516208e-01,-3.131279738020676523e-02,-3.729958549388437961e-01,-1.120325037773388877e+00
4.538114311605724871e-01,5.441148694030143451e-01,1.537897810665886933e+00,-3.171476319498239826e-01,1.925941568729255815e-02,-1.793709056635256260e+00,2.182363824940011909e+00,-7.647587771265387246e-01,-5.241269342263863429e-01,1.289645446853545208e+00,9.857920158050426096e-01,7.897014355131553032e-01,-4.196887180635389125e-01,-9.204096845965986651e-01,-1.698336686654289496e+00,2.000755488134693394e+00,-1.545098302898014753e+00,-6.376776414405541660e-01,3.358468007938170685e-01,-1.113901189737931618e+00,-7.369643750999199661e-01,-8.623164985025838503e-01,1.207472988314443052e+00,-3.971983519314924160e-02,-8.299046462421418857e-01,-2.004287226947851330e+00,2.090236430261879219e-01,5.360338419481222028e-01,1.462886506286240174e+00,-3.856799064125516208e-01,-3.133070128133666477e-02,1.366568872414919422e-01,6.163490329391627665e-01
3.461380978775335793e-01,5.441148694030143451e-01,1.537897810665886933e+00,8.743462339390176696e-01,1.304028612377228502e-01,6.538619562019995501e-02,-4.582187390443441810e-01,4.371733533342772038e-01,-8.726175344383709787e-01,1.289645446853545208e+00,8.825755528451835474e-02,7.897014355131553032e-01,-4.196887180635389125e-01,-9.204096845965986651e-01,-9.510020245213199330e-02,-4.194950232830883530e-01,8.832967609949220200e-02,-8.386235384405844595e-01,1.275721502220270032e-01,-1.113901189737931618e+00,-7.369643750999199661e-01,-8.623164985025838503e-01,1.087910542549141157e-01,1.040659682060507407e+00,1.204957707524648258e+00,4.222155905580857738e-01,2.358050203166296432e-01,-2.904827771147657223e-01,5.361950143044582617e-01,-3.856799064125516208e-01,-3.133500071455635333e-02,1.155962371602163419e+00,3.269033544870708630e-01
8.845047642927281739e-01,-1.837847219829066070e+00,-1.117839943644278966e+00,8.743462339390176696e-01,-3.631230708792258788e-02,8.334846858885169851e-02,-4.582187390443441810e-01,-7.647587771265387246e-01,7.951589094332699448e-01,-7.754069170249729970e-01,-8.092769052360058168e-01,-2.469722636160833762e-01,-4.196887180635389125e-01,1.238816149457046267e-01,-2.101524700187665240e-01,-4.194950232830883530e-01,2.799420931675262667e-02,5.549428861620822606e-02,3.465275521051909280e-01,1.050983337952766883e+00,-7.369643750999199661e-01,-8.623164985025838503e-01,-9.898908798046147650e-01,-1.120099352446805918e+00,-8.299046462421418857e-01,4.265659669874327098e-01,1.953149391505394350e-01,-5.659883168023950306e-01,-7.031152942494910407e-01,-3.856799064125516208e-01,-3.131659396273184237e-02,1.366568872414919422e-01,-1.120325037773388877e+00
-8.455523525462210754e-02,5.441148694030143451e-01,6.526518925624983369e-01,-3.171476319498239826e-01,-1.474557526383528661e-01,-1.793709056635256260e+00,-4.582187390443441810e-01,-7.647587771265387246e-01,-8.975097201677985082e-01,-7.754069170249729970e-01,-8.092769052360058168e-01,7.897014355131553032e-01,-4.196887180635389125e-01,1.238816149457046267e-01,-1.698336686654289496e+00,-4.194950232830883530e-01,-1.545098302898014753e+00,-7.361900631273936568e-01,1.275721502220270032e-01,1.478413264008190675e-01,-7.369643750999199661e-01,-8.623164985025838503e-01,-9.898908798046147650e-01,-3.971983519314924160e-02,-8.299046462421418857e-01,-2.004287226947851330e+00,1.672269282466901652e-01,-5.659883168023950306e-01,-7.031152942494910407e-01,-3.856799064125516208e-01,-3.133330064375283719e-02,1.366568872414919422e-01,-1.120325037773388877e+00
-6.229219016698166467e-01,5.441148694030143451e-01,-2.325940255408903146e-01,-3.171476319498239826e-01,4.082614751137985665e-01,3.438014266343020764e-01,-4.582187390443441810e-01,-7.647587771265387246e-01,-3.249894483909665510e-01,-7.754069170249729970e-01,-8.092769052360058168e-01,-1.283645962745322056e+00,-4.196887180635389125e-01,-9.204096845965986651e-01,4.906232715468444305e-01,-4.194950232830883530e-01,4.774145272839596665e-01,-1.060440699258730635e-01,-1.394434911648746667e+00,4.533158303080955798e-01,1.356917693429100291e+00,-8.623164985025838503e-01,1.087910542549141157e-01,-3.971983519314924160e-02,-8.299046462421418857e-01,4.853726200267673985e-01,2.993358757040473495e-01,-5.659883168023950306e-01,-7.031152942494910407e-01,-3.856799064125516208e-01,-3.133166494740314417e-02,-8.826485971191795343e-01,3.745767603497900805e-02
4.538114311605724871e-01,5.441148694030143451e-01,1.537897810665886933e+00,8.743462339390176696e-01,1.859745840129379824e-01,2.319651453185994416e+00,2.182363824940011909e+00,-7.647587771265387246e-01,-1.544706549132912832e+00,-7.754069170249729970e-01,8.825755528451835474e-02,1.826375134642393983e+00,-4.196887180635389125e-01,-9.204096845965986651e-01,1.787761235766293533e+00,2.116005512487921347e+00,2.124560630519795712e+00,-1.306638554957748832e+00,5.814726669809698600e-02,-1.974776780161021650e-01,-7.369643750999199661e-01,1.159667015227612730e+00,1.087910542549141157e-01,1.040659682060507407e+00,-8.299046462421418857e-01,7.820456068929325655e-01,2.488905768783777062e-01,-2.904827771147657223e-01,1.555497052486023712e-01,4.099050634717074537e+00,-3.134189410131936471e-02,2.175267855962834673e+00,-2.519880024171129995e-01
1.422871430707922658e+00,5.441148694030143451e-01,1.537897810665886933e+00,-9.128945648942448088e-01,4.638331978890137264e-01,6.311977941327300279e-01,2.182363824940011909e+00,-7.647587771265387246e-01,-1.507441482849742054e-01,-7.754069170249729970e-01,1.434559246065304716e+00,-2.469722636160833762e-01,-4.196887180635389125e-01,-9.204096845965986651e-01,8.072521340131656731e-02,2.308088886409967344e+00,7.821268444362259320e-01,-6.669005426498965106e-01,-8.604287600544999193e-02,5.462863314972666862e-01,1.356917693429100291e+00,1.159667015227612730e+00,1.207472988314443052e+00,-5.799095938199776423e-01,-8.299046462421418857e-01,5.424968708675803608e-01,3.114998825751355560e-01,1.155921306245288216e+00,4.894749828311942275e-01,2.076400570253535083e+00,-3.133046911567943099e-02,-6.278222260290116097e-01,9.057947113912546699e-01
8.845047642927281739e-01,5.441148694030143451e-01,1.537897810665886933e+00,8.743462339390176696e-01,-1.474557526383528661e-01,1.821409699164363294e-01,-4.582187390443441810e-01,4.371733533342772038e-01,-1.121539391732645718e+00,-7.754069170249729970e-01,-8.092769052360058168e-01,-1.283645962745322056e+00,-4.196887180635389125e-01,-9.204096845965986651e-01,-1.318269849326864362e-01,-4.194950232830883530e-01,5.737284706609463436e-02,-1.119792666445865059e+00,-1.394434911648746667e+00,2.830782487188479579e-02,-7.369643750999199661e-01,-8.623164985025838503e-01,-9.898908798046147650e-01,1.040659682060507407e+00,1.204957707524648258e+00,4.497762024827584026e-01,1.672269282466901652e-01,-5.659883168023950306e-01,-7.031152942494910407e-01,-3.856799064125516208e-01,-3.133569712910237032e-02,-8.826485971191795343e-01,-5.414336808692048475e-01
-2.999019018206999232e-01,5.441148694030143451e-01,-1.117839943644278966e+00,-1.508641497838665746e+00,3.526897523385834066e-01,3.797259725716055634e-01,-4.582187390443441810e-01,-7.647587771265387246e-01,8.698354666215523112e-01,-7.754069170249729970e-01,-9.124933681958644072e-02,-2.469722636160833762e-01,-4.196887180635389125e-01,1.238816149457046267e-01,3.964860909420503399e-01,-4.194950232830883530e-01,4.820277018065836083e-01,6.477766629650352215e-01,3.700252049902132967e-01,1.090827838462411714e+00,-7.369643750999199661e-01,1.159667015227612730e+00,-9.898908798046147650e-01,-1.120099352446805918e+00,-8.299046462421418857e-01,4.929182018413219013e-01,2.869980914369990033e-01,-3.896647714023122600e-01,-4.151797255555195743e-01,-3.856799064125516208e-01,-3.132016049461404383e-02,-8.826485971191795343e-01,-1.120325037773388877e+00
5.614847644436113949e-01,5.441148694030143451e-01,-1.117839943644278966e+00,8.743462339390176696e-01,3.526897523385834066e-01,6.401789306170559968e-01,-4.582187390443441810e-01,1.639105483795093132e+00,1.268110438292392006e+00,-7.754069170249729970e-01,-8.092769052360058168e-01,-2.469722636160833762e-01,-4.196887180635389125e-01,1.238816149457046267e-01,3.294365035095299654e-01,-4.194950232830883530e-01,7.249477602215974592e-01,4.867519056288602264e-01,5.494618270212940914e-01,1.303331841180517037e+00,-7.369643750999199661e-01,1.159667015227612730e+00,-9.898908798046147650e-01,1.040659682060507407e+00,1.204957707524648258e+00,5.441713142620357990e-01,2.869980914369990033e-01,-5.659883168023950306e-01,-7.031152942494910407e-01,-3.856799064125516208e-01,-3.131645578296258364e-02,1.366568872414919422e-01,-5.414336808692048475e-01
-8.455523525462210754e-02,5.441148694030143451e-01,6.526518925624983369e-01,8.743462339390176696e-01,-1.474557526383528661e-01,-1.793709056635256260e+00,-4.582187390443441810e-01,-7.647587771265387246e-01,-2.752050769321116030e-01,-7.754069170249729970e-01,-8.092769052360058168e-01,7.897014355131553032e-01,-4.196887180635389125e-01,1.516270014335442173e+00,-1.698336686654289496e+00,-4.194950232830883530e-01,-1.545098302898014753e+00,-2.898056523589022659e-01,5.281003243985463724e-01,4.798788306478587451e-01,-7.369643750999199661e-01,-8.623164985025838503e-01,-9.898908798046147650e-01,1.040659682060507407e+00,-8.299046462421418857e-01,-2.004287226947851330e+00,1.672269282466901652e-01,-5.659883168023950306e-01,-7.031152942494910407e-01,-3.856799064125516208e-01,-3.132664374000410784e-02,1.155962371602163419e+00,-1.120325037773388877e+00
-5.152485683867777944e-01,-1.837847219829066070e+00,6.526518925624983369e-01,-3.171476319498239826e-01,-3.631230708792258788e-02,1.641786969477845859e-01,-4.582187390443441810e-01,-7.647587771265387246e-01,1.093865138186399744e+00,-7.754069170249729970e-01,-6.297700131319009520e-01,-2.469722636160833762e-01,-4.196887180635389125e-01,1.238816149457046267e-01,2.657584087510154736e-01,-4.194950232830883530e-01,9.573503520159906688e-02,9.473168574852030011e-01,4.725604175794024808e-01,1.210361339991345986e+00,-7.369643750999199661e-01,-8.623164985025838503e-01,-9.898908798046147650e-01,-1.120099352446805918e+00,-8.299046462421418857e-01,4.456433479499082861e-01,1.953149391505394350e-01,-5.549680952148898783e-01,-6.348123965621426112e-01,-3.856799064125516208e-01,-3.131350172357114797e-02,-3.729958549388437961e-01,-1.120325037773388877e+00
1.315198097424883805e+00,5.441148694030143451e-01,1.537897810665886933e+00,8.743462339390176696e-01,-3.697426437392134502e-01,5.503675657737971960e-01,-4.582187390443441810e-01,-7.647587771265387246e-01,2.226386376564379599e-01,-7.754069170249729970e-01,5.370247855447803920e-01,-2.469722636160833762e-01,-4.196887180635389125e-01,-9.204096845965986651e-01,4.748011728916652630e-02,-4.194950232830883530e-01,2.292742976986081871e-01,-4.250736556220815476e-01,8.484914497653160692e-02,7.455088340454903983e-01,-7.369643750999199661e-01,1.159667015227612730e+00,-9.898908798046147650e-01,1.040659682060507407e+00,-8.299046462421418857e-01,5.271426992581444981e-01,1.081522668181317537e-01,5.389914749477092704e-02,-6.368391164452784359e-02,-3.856799064125516208e-01,-3.131865545550564095e-02,1.366568872414919422e-01,-1.120325037773388877e+00
9.921780975757670262e-01,5.441148694030143451e-01,1.537897810665886933e+00,8.743462339390176696e-01,-8.143164259409346739e-01,9.455375710841357195e-01,-4.582187390443441810e-01,4.371733533342772038e-01,-2.503128912026840736e-01,1.289645446853545208e+00,8.825755528451835474e-02,-2.469722636160833762e-01,-4.196887180635389125e-01,-9.204096845965986651e-01,4.389431444824719031e-01,-4.194950232830883530e-01,2.321878816076338448e-01,-6.148868708677655004e-01,-1.127447542838846267e-01,-1.113901189737931618e+00,-7.369643750999199661e-01,1.159667015227612730e+00,1.087910542549141157e-01,1.040659682060507407e+00,1.204957707524648258e+00,5.977167622957495485e-01,-2.370406485368637198e-02,-2.904827771147657223e-01,2.822379838630752480e-01,-3.856799064125516208e-01,-3.131832261031820136e-02,1.366568872414919422e-01,3.269033544870708630e-01
-1.922285685376610154e-01,-1.837847219829066070e+00,1.537897810665886933e+00,-1.508641497838665746e+00,7.483113846250770418e-02,3.078768806969985894e-01,-4.582187390443441810e-01,-7.647587771265387246e-01,9.445120238098347887e-01,-7.754069170249729970e-01,-1.810027828716389287e-01,7.897014355131553032e-01,-4.196887180635389125e-01,1.238816149457046267e-01,2.882824350744707664e-01,-4.194950232830883530e-01,2.729780563339929689e-01,6.431377661472450491e-01,1.301920756907582133e+00,1.130672338972056545e+00,-7.369643750999199661e-01,-8.623164985025838503e-01,-9.898908798046147650e-01,-1.120099352446805918e+00,-8.299046462421418857e-01,4.776996806240993432e-01,2.225181396183785187e-01,-4.309906023554566645e-01,-4.556177355706287901e-01,-3.856799064125516208e-01,-3.131640875049044453e-02,-8.826485971191795343e-01,-1.120325037773388877e+00
-4.075752351037388310e-01,5.441148694030143451e-01,6.526518925624983369e-01,8.743462339390176696e-01,-1.474557526383528661e-01,-1.793709056635256260e+00,-4.582187390443441810e-01,4.371733533342772038e-01,6.209136093272775714e-01,1.289645446853545208e+00,-8.092769052360058168e-01,-2.469722636160833762e-01,-4.196887180635389125e-01,1.168172914488007974e+00,-1.698336686654289496e+00,-4.194950232830883530e-01,-1.545098302898014753e+00,5.201142225394489449e-01,2.717622929255739672e-01,-1.113901189737931618e+00,-7.369643750999199661e-01,-8.623164985025838503e-01,1.087910542549141157e-01,1.040659682060507407e+00,1.204957707524648258e+00,-2.004287226947851330e+00,1.672269282466901652e-01,-5.659883168023950306e-01,-7.031152942494910407e-01,-3.856799064125516208e-01,-3.131705779860594757e-02,1.366568872414919422e-01,3.269033544870708630e-01
8.845047642927281739e-01,5.441148694030143451e-01,1.537897810665886933e+00,-1.508641497838665746e+00,-1.474557526383528661e-01,1.821409699164363294e-01,-4.582187390443441810e-01,1.639105483795093132e+00,-1.121539391732645718e+00,-7.754069170249729970e-01,-8.092769052360058168e-01,-1.283645962745322056e+00,-4.196887180635389125e-01,-9.204096845965986651e-01,-1.318269849326864362e-01,-4.194950232830883530e-01,5.737284706609463436e-02,-1.119792666445865059e+00,-1.394434911648746667e+00,2.830782487188479579e-02,-7.369643750999199661e-01,-8.623164985025838503e-01,-9.898908798046147650e-01,-1.120099352446805918e+00,1.204957707524648258e+00,4.497762024827584026e-01,1.672269282466901652e-01,-5.659883168023950306e-01,-7.031152942494910407e-01,-3.856799064125516208e-01,-3.133569712910237032e-02,-8.826485971191795343e-01,-5.414336808692048475e-01
-4.075752351037388310e-01,5.441148694030143451e-01,-1.117839943644278966e+00,-1.508641497838665746e+00,2.693321681757607222e-01,5.413864292894713381e-01,-4.582187390443441810e-01,-7.647587771265387246e-01,7.204823522449874673e-01,-7.754069170249729970e-01,2.677644473886231502e-01,7.897014355131553032e-01,-4.196887180635389125e-01,1.238816149457046267e-01,5.973120762322779997e-01,-4.194950232830883530e-01,5.854599305769943030e-01,5.958210186057851798e-01,1.149720050720504760e+00,1.011138837443122274e+00,-7.369643750999199661e-01,1.159667015227612730e+00,-9.898908798046147650e-01,-1.120099352446805918e+00,-8.299046462421418857e-01,5.254042234583207183e-01,2.681545029392731205e-01,-1.692603396522088244e-01,-2.551161640765727268e-01,-3.856799064125516208e-01,-3.132072649222746724e-02,-8.826485971191795343e-01,-1.120325037773388877e+00
-8.382685682358945733e-01,5.441148694030143451e-01,-2.325940255408903146e-01,8.743462339390176696e-01,-4.253143665144286101e-01,3.617636996029538476e-01,-4.582187390443441810e-01,4.371733533342772038e-01,2.226386376564379599e-01,-7.754069170249729970e-01,-8.092769052360058168e-01,-1.283645962745322056e+00,-4.196887180635389125e-01,1.238816149457046267e-01,6.049898312920992671e-01,-4.194950232830883530e-01,5.737284706609463436e-02,4.476990263020839689e-01,-1.394434911648746667e+00,7.455088340454903983e-01,-7.369643750999199661e-01,1.159667015227612730e+00,-9.898908798046147650e-01,1.040659682060507407e+00,1.204957707524648258e+00,4.891610658477938967e-01,9.272988894116553082e-02,-5.659883168023950306e-01,-7.031152942494910407e-01,-3.856799064125516208e-01,-3.131792924782396403e-02,-8.826485971191795343e-01,-5.414336808692048475e-01
-8.455523525462210754e-02,-1.837847219829066070e+00,6.526518925624983369e-01,-1.508641497838665746e+00,2.693321681757607222e-01,4.515750644462125929e-01,-4.582187390443441810e-01,-7.647587771265387246e-01,8.449432808921248927e-01,-7.754069170249729970e-01,-1.495890767534042119e-03,7.897014355131553032e-01,-4.196887180635389125e-01,1.238816149457046267e-01,3.840732941934677513e-01,-4.194950232830883530e-01,5.035153831356478094e-01,5.136862870243824597e-01,1.234632023645926280e+00,1.077546338292530104e+00,-7.369643750999199661e-01,1.159667015227612730e+00,-9.898908798046147650e-01,-1.120099352446805918e+00,-8.299046462421418857e-01,5.076437278473231451e-01,2.681545029392731205e-01,-3.428288296554152792e-01,-3.772364088978049645e-01,-3.856799064125516208e-01,-3.131954304267213496e-02,-8.826485971191795343e-01,-1.120325037773388877e+00
-6.229219016698166467e-01,5.441148694030143451e-01,-2.325940255408903146e-01,8.743462339390176696e-01,-5.364578120648588744e-01,5.683298387424489118e-01,2.182363824940011909e+00,-7.647587771265387246e-01,-5.241269342263863429e-01,-7.754069170249729970e-01,-8.092769052360058168e-01,-1.283645962745322056e+00,-4.196887180635389125e-01,-9.204096845965986651e-01,7.205560402654511698e-01,1.616588740290601178e+00,1.470869515981762243e-01,-2.637665617307403676e-01,-1.394434911648746667e+00,3.470638289490428630e-01,-7.369643750999199661e-01,1.159667015227612730e+00,1.087910542549141157e-01,1.040659682060507407e+00,-8.299046462421418857e-01,5.305998327827584626e-01,6.103347975680001314e-02,-5.659883168023950306e-01,-7.031152942494910407e-01,2.113199597374458172e+00,-3.132543796121188551e-02,-8.826485971191795343e-01,-2.519880024171129995e-01
5.614847644436113949e-01,5.441148694030143451e-01,-1.117839943644278966e+00,-1.508641497838665746e+00,1.925941568729255815e-02,1.641786969477845859e-01,2.182363824940011909e+00,-7.647587771265387246e-01,7.328552327987310211e-02,-7.754069170249729970e-01,1.165298907909147585e+00,7.897014355131553032e-01,9.264826417629067334e-01,1.168172914488007974e+00,-6.713906504649390372e-02,2.000755488134693394e+00,1.222000890419154273e-01,-2.831477153847279382e-01,7.171496226098637017e-01,6.658198330262009579e-01,-7.369643750999199661e-01,-8.623164985025838503e-01,1.087910542549141157e-01,-1.120099352446805918e+00,-8.299046462421418857e-01,4.456433479499082861e-01,2.090236430261879219e-01,7.674584952857310682e-01,2.763988533261119707e-01,1.617407800242131710e+00,-3.132461496933783285e-02,-8.826485971191795343e-01,-2.519880024171129995e-01
1.307914313114557359e-01,5.441148694030143451e-01,1.537897810665886933e+00,8.743462339390176696e-01,-2.585991981887831859e-01,-1.232176705506434211e-01,2.182363824940011909e+00,4.371733533342772038e-01,-7.232644200618061348e-01,-7.754069170249729970e-01,-8.092769052360058168e-01,-1.283645962745322056e+00,-4.196887180635389125e-01,-9.204096845965986651e-01,-2.053623163854029765e-01,1.808672114212647397e+00,-2.354423357909835313e-01,-6.774296425098687013e-01,-1.394434911648746667e+00,2.408118275899901739e-01,-7.369643750999199661e-01,-8.623164985025838503e-01,1.087910542549141157e-01,1.040659682060507407e+00,1.204957707524648258e+00,3.738316001102484631e-01,1.381946075808520580e-01,-5.659883168023950306e-01,-7.031152942494910407e-01,1.302167506886961146e+00,-3.133050015321026810e-02,-8.826485971191795343e-01,3.269033544870708630e-01
-8.455523525462210754e-02,5.441148694030143451e-01,-2.325940255408903146e-01,8.743462339390176696e-01,1.304028612377228502e-01,-1.591422164879469081e-01,-4.582187390443441810e-01,-7.647587771265387246e-01,4.217761234918577795e-01,-7.754069170249729970e-01,-8.092769052360058168e-01,-1.283645962745322056e+00,-4.196887180635389125e-01,-9.204096845965986651e-01,-1.823422205971222676e-01,-4.194950232830883530e-01,-1.089442344074530861e-01,2.101448877018081418e-01,-1.394434911648746667e+00,8.517608354045431707e-01,-7.369643750999199661e-01,-8.623164985025838503e-01,-9.898908798046147650e-01,1.040659682060507407e+00,-8.299046462421418857e-01,3.640017929845815181e-01,2.358050203166296432e-01,-5.659883168023950306e-01,-7.031152942494910407e-01,-3.856799064125516208e-01,-3.132221945935879936e-02,-8.826485971191795343e-01,-1.120325037773388877e+00
-1.807328567783244688e+00,5.441148694030143451e-01,-2.325940255408903146e-01,8.743462339390176696e-01,4.082614751137985665e-01,6.538619562019995501e-02,-4.582187390443441810e-01,-7.647587771265387246e-01,-2.628321963783680770e-02,1.289645446853545208e+00,5.370247855447803920e-01,7.897014355131553032e-01,-4.196887180635389125e-01,-9.204096845965986651e-01,7.715141133328179412e-01,-4.194950232830883530e-01,2.139779821762234913e-01,8.925098140008862480e-01,6.642799036185630390e-01,-1.113901189737931618e+00,1.356917693429100291e+00,-8.623164985025838503e-01,1.207472988314443052e+00,1.040659682060507407e+00,-8.299046462421418857e-01,4.222155905580857738e-01,2.993358757040473495e-01,5.389914749477092704e-02,6.733705828085213563e-01,-3.856799064125516208e-01,-3.132892610700366981e-02,1.155962371602163419e+00,9.057947113912546699e-01
-1.922285685376610154e-01,5.441148694030143451e-01,-1.117839943644278966e+00,-9.128945648942448088e-01,-2.030274754135680260e-01,-1.232176705506434211e-01,-4.582187390443441810e-01,1.639105483795093132e+00,1.467247924127811798e+00,-7.754069170249729970e-01,-8.092769052360058168e-01,7.897014355131553032e-01,-4.196887180635389125e-01,1.168172914488007974e+00,-1.192291796391209968e-01,-4.194950232830883530e-01,-2.128620604960347329e-01,1.025311496289807334e+00,1.649579212092800784e+00,1.409583842539569698e+00,-7.369643750999199661e-01,-8.623164985025838503e-01,-9.898908798046147650e-01,-5.799095938199776423e-01,1.204957707524648258e+00,3.738316001102484631e-01,1.528327581978870808e-01,-5.659883168023950306e-01,-7.031152942494910407e-01,-3.856799064125516208e-01,-3.130714691004174433e-02,-3.729958549388437961e-01,-5.414336808692048475e-01
8.845047642927281739e-01,5.441148694030143451e-01,6.526518925624983369e-01,-9.128945648942448088e-01,-1.474557526383528661e-01,-1.793709056635256260e+00,-4.582187390443441810e-01,1.639105483795093132e+00,7.328552327987310211e-02,-7.754069170249729970e-01,-1.527304473652425276e+00,7.897014355131553032e-01,2.272654001589352379e+00,-9.204096845965986651e-01,-1.698336686654289496e+00,-4.194950232830883530e-01,-1.545098302898014753e+00,-3.871462529006766129e-01,7.652130035110460415e-01,6.658198330262009579e-01,-7.369643750999199661e-01,-8.623164985025838503e-01,-9.898908798046147650e-01,-5.799095938199776423e-01,1.204957707524648258e+00,-2.004287226947851330e+00,1.672269282466901652e-01,-3.896647714023122600e-01,-1.059302257004255621e+00,-3.856799064125516208e-01,-3.132291587390482329e-02,-3.729958549388437961e-01,-5.414336808692048475e-01
-5.152485683867777944e-01,5.441148694030143451e-01,-1.117839943644278966e+00,-1.508641497838665746e+00,-2.030274754135680260e-01,-4.555197204707007730e-01,-4.582187390443441810e-01,1.639105483795093132e+00,-1.258519625555467036e-01,-7.754069170249729970e-01,-9.124933681958644072e-02,-2.469722636160833762e-01,3.618825361415798358e+00,1.238816149457046267e-01,-3.559047177763516867e-01,-4.194950232830883530e-01,-4.778767968878264716e-01,9.819066560010207036e-04,-5.720484746474056859e-02,5.595678316671482966e-01,-7.369643750999199661e-01,-8.623164985025838503e-01,-9.898908798046147650e-01,-1.120099352446805918e+00,1.204957707524648258e+00,2.736020315583134743e-01,1.528327581978870808e-01,-3.896647714023122600e-01,-3.244913574629300634e-01,-3.856799064125516208e-01,-3.132447742556384446e-02,-8.826485971191795343e-01,-5.414336808692048475e-01
1.638218097274000584e+00,5.441148694030143451e-01,1.537897810665886933e+00,8.743462339390176696e-01,-9.188402986313773391e-02,1.462164239791328424e-01,2.182363824940011909e+00,1.639105483795093132e+00,-1.171323763191500777e+00,1.289645446853545208e+00,-8.092769052360058168e-01,-1.283645962745322056e+00,-4.196887180635389125e-01,1.516270014335442173e+00,-3.163407758864562047e-01,1.923922138565875128e+00,5.445926315706897669e-02,-1.280390883907763344e+00,-1.394434911648746667e+00,-1.113901189737931618e+00,-7.369643750999199661e-01,-8.623164985025838503e-01,1.207472988314443052e+00,1.040659682060507407e+00,1.204957707524648258e+00,4.414725767909474241e-01,1.813851176366966800e-01,-5.659883168023950306e-01,-7.031152942494910407e-01,1.257516322717360246e+00,-3.133659635675629940e-02,-8.826485971191795343e-01,1.195240389843346795e+00
-1.484308567934127909e+00,5.441148694030143451e-01,6.526518925624983369e-01,8.743462339390176696e-01,-8.421022873285421984e-01,-1.793709056635256260e+00,-4.582187390443441810e-01,4.371733533342772038e-01,3.222073805741478836e-01,-7.754069170249729970e-01,-8.092769052360058168e-01,-2.469722636160833762e-01,-4.196887180635389125e-01,-9.204096845965986651e-01,-1.698336686654289496e+00,-4.194950232830883530e-01,-1.545098302898014753e+00,9.743549989374659104e-01,1.435932771890877924e-01,7.986348347250168400e-01,-7.369643750999199661e-01,-8.623164985025838503e-01,-9.898908798046147650e-01,1.040659682060507407e+00,1.204957707524648258e+00,-2.004287226947851330e+00,-3.265368080416956864e-02,-5.659883168023950306e-01,-7.031152942494910407e-01,-3.856799064125516208e-01,-3.131016264777568975e-02,1.366568872414919422e-01,-5.414336808692048475e-01
5.614847644436113949e-01,5.441148694030143451e-01,6.526518925624983369e-01,8.743462339390176696e-01,-1.474557526383528661e-01,-1.793709056635256260e+00,-4.582187390443441810e-01,-7.647587771265387246e-01,-3.996660055792489730e-01,-7.754069170249729970e-01,-8.092769052360058168e-01,7.897014355131553032e-01,-4.196887180635389125e-01,1.238816149457046267e-01,-1.698336686654289496e+00,-4.194950232830883530e-01,-1.545098302898014753e+00,-5.878996487026068030e-01,4.479946895632425097e-01,4.134713297984508040e-01,-7.369643750999199661e-01,-8.623164985025838503e-01,-9.898908798046147650e-01,1.040659682060507407e+00,-8.299046462421418857e-01,-2.004287226947851330e+00,1.672269282466901652e-01,-5.659883168023950306e-01,-7.031152942494910407e-01,-3.856799064125516208e-01,-3.132797512075385232e-02,1.155962371602163419e+00,-1.120325037773388877e+00
-1.053615234801972278e+00,5.441148694030143451e-01,-2.325940255408903146e-01,8.743462339390176696e-01,6.861200889898743105e-01,1.906519174907004288e+00,-4.582187390443441810e-01,-7.647587771265387246e-01,9.694042095392622072e-01,-7.754069170249729970e-01,-8.092769052360058168e-01,-1.283645962745322056e+00,-4.196887180635389125e-01,-9.204096845965986651e-01,2.435436435326767235e+00,-4.194950232830883530e-01,2.206140979972514238e+00,1.223843304156073675e+00,-1.394434911648746667e+00,1.143953839141937934e+00,1.356917693429100291e+00,1.159667015227612730e+00,1.087910542549141157e-01,1.040659682060507407e+00,-8.299046462421418857e-01,7.340375095076477896e-01,3.585117714792993016e-01,-5.659883168023950306e-01,-7.031152942494910407e-01,-3.856799064125516208e-01,-3.132238332160492550e-02,-8.826485971191795343e-01,3.745767603497900805e-02
-1.268961901368050205e+00,5.441148694030143451e-01,6.526518925624983369e-01,-3.171476319498239826e-01,-1.474557526383528661e-01,1.013107415575034559e-01,-4.582187390443441810e-01,-7.647587771265387246e-01,1.268110438292392006e+00,-7.754069170249729970e-01,-6.297700131319009520e-01,-2.469722636160833762e-01,-4.196887180635389125e-01,1.238816149457046267e-01,5.195291053286121841e-01,-4.194950232830883530e-01,-8.182790886982571274e-03,1.668333962878880250e+00,5.473256767590194416e-01,1.303331841180517037e+00,-7.369643750999199661e-01,-8.623164985025838503e-01,-9.898908798046147650e-01,-3.971983519314924160e-02,-8.299046462421418857e-01,4.308751070008010609e-01,1.672269282466901652e-01,-5.549680952148898783e-01,-6.374250757086532548e-01,-3.856799064125516208e-01,-3.131013461870727627e-02,-3.729958549388437961e-01,-1.120325037773388877e+00
4.538114311605724871e-01,5.441148694030143451e-01,1.537897810665886933e+00,-1.508641497838665746e+00,6.861200889898743105e-01,1.731598334321104438e-01,-4.582187390443441810e-01,4.371733533342772038e-01,-3.249894483909665510e-01,1.289645446853545208e+00,-8.092769052360058168e-01,-1.283645962745322056e+00,-4.196887180635389125e-01,-9.204096845965986651e-01,-3.140340060601932992e-02,-4.194950232830883530e-01,4.488856848414168321e-01,-5.071486827054920710e-01,-1.394434911648746667e+00,-1.113901189737931618e+00,1.356917693429100291e+00,-8.623164985025838503e-01,1.207472988314443052e+00,-1.120099352446805918e+00,1.204957707524648258e+00,4.477144716581111239e-01,3.585117714792993016e-01,-5.659883168023950306e-01,-7.031152942494910407e-01,-3.856799064125516208e-01,-3.133346040944280653e-02,-8.826485971191795343e-01,1.484686068295438144e+00
2.176584763689195068e+00,-1.837847219829066070e+00,-1.117839943644278966e+00,-3.171476319498239826e-01,-1.474557526383528661e-01,6.222166576484041700e-01,-4.582187390443441810e-01,1.639105483795093132e+00,-2.503128912026840736e-01,1.289645446853545208e+00,-6.297700131319009520e-01,-2.469722636160833762e-01,9.264826417629067334e-01,1.238816149457046267e-01,-9.353024898150719135e-02,-4.194950232830883530e-01,4.142868759217371855e-01,-8.850652963404528339e-01,-1.042001532347855697e-01,-1.113901189737931618e+00,-7.369643750999199661e-01,1.159667015227612730e+00,1.087910542549141157e-01,-1.120099352446805918e+00,1.204957707524648258e+00,5.408162372801438300e-01,1.672269282466901652e-01,-5.549680952148898783e-01,-5.060446386269776831e-01,-3.856799064125516208e-01,-3.132637746385415894e-02,-3.729958549388437961e-01,3.269033544870708630e-01
7.768314310096892106e-01,5.441148694030143451e-01,1.537897810665886933e+00,8.743462339390176696e-01,5.749766434394439907e-01,3.707448360872797055e-01,-4.582187390443441810e-01,-7.647587771265387246e-01,4.217761234918577795e-01,1.289645446853545208e+00,1.883326476325566823e+00,1.826375134642393983e+00,-4.196887180635389125e-01,-9.204096845965986651e-01,4.583529271413035178e-02,-4.194950232830883530e-01,5.906801017473319870e-01,-1.364250417079582167e-01,1.702982968649670026e+00,-1.113901189737931618e+00,1.356917693429100291e+00,1.159667015227612730e+00,1.207472988314443052e+00,1.040659682060507407e+00,-8.299046462421418857e-01,4.910435151944403942e-01,3.353256752750357617e-01,1.913561540386268911e+00,1.717282690912919740e+00,-3.856799064125516208e-01,-3.132620602578501529e-02,2.175267855962834673e+00,9.057947113912546699e-01
6.691580977266503583e-01,5.441148694030143451e-01,6.526518925624983369e-01,8.743462339390176696e-01,1.304028612377228502e-01,-1.793709056635256260e+00,-4.582187390443441810e-01,4.371733533342772038e-01,-2.628321963783680770e-02,1.289645446853545208e+00,1.780110013365708566e-01,1.826375134642393983e+00,9.264826417629067334e-01,-9.204096845965986651e-01,-1.698336686654289496e+00,-4.194950232830883530e-01,-1.545098302898014753e+00,-3.820584305843905959e-01,1.359062776423431984e+00,-1.113901189737931618e+00,-7.369643750999199661e-01,-8.623164985025838503e-01,1.087910542549141157e-01,1.040659682060507407e+00,1.204957707524648258e+00,-2.004287226947851330e+00,2.358050203166296432e-01,-2.326266137803635059e-01,3.063076822597181059e-01,-3.856799064125516208e-01,-3.132664374000410784e-02,2.175267855962834673e+00,3.269033544870708630e-01
-2.022675234349322615e+00,5.441148694030143451e-01,-2.325940255408903146e-01,-3.171476319498239826e-01,-1.474557526383528661e-01,9.724809805371132931e-01,-4.582187390443441810e-01,1.639105483795093132e+00,1.218326066833536947e+00,-7.754069170249729970e-01,-8.092769052360058168e-01,-1.283645962745322056e+00,-4.196887180635389125e-01,-9.204096845965986651e-01,2.186607373615286676e+00,-4.194950232830883530e-01,6.983613070517383781e-01,2.434414637359663569e+00,-1.394434911648746667e+00,1.276768840840753816e+00,-7.369643750999199661e-01,1.159667015227612730e+00,-9.898908798046147650e-01,-3.971983519314924160e-02,1.204957707524648258e+00,6.021520254525669635e-01,1.672269282466901652e-01,-5.659883168023950306e-01,-7.031152942494910407e-01,-3.856799064125516208e-01,-3.131066717100717406e-02,-8.826485971191795343e-01,-5.414336808692048475e-01
1.307914313114557359e-01,5.441148694030143451e-01,6.526518925624983369e-01,-3.171476319498239826e-01,4.082614751137985665e-01,-1.793709056635256260e+00,-4.582187390443441810e-01,4.371733533342772038e-01,4.715604949507127275e-01,-7.754069170249729970e-01,-6.297700131319009520e-01,-2.469722636160833762e-01,-4.196887180635389125e-01,-9.204096845965986651e-01,-1.698336686654289496e+00,-4.194950232830883530e-01,-1.545098302898014753e+00,1.484626782137983825e-01,2.055416347950562439e-01,8.783238357443062805e-01,1.356917693429100291e+00,-8.623164985025838503e-01,1.087910542549141157e-01,-3.971983519314924160e-02,1.204957707524648258e+00,-2.004287226947851330e+00,2.993358757040473495e-01,-5.549680952148898783e-01,-6.235039697927141633e-01,-3.856799064125516208e-01,-3.132436137300454587e-02,-3.729958549388437961e-01,6.163490329391630995e-01
-5.152485683867777944e-01,5.441148694030143451e-01,-2.325940255408903146e-01,8.743462339390176696e-01,-1.474557526383528661e-01,8.736884792095287455e-01,-4.582187390443441810e-01,-7.647587771265387246e-01,2.350115182101814373e-02,-7.754069170249729970e-01,8.825755528451835474e-02,7.897014355131553032e-01,-4.196887180635389125e-01,-9.204096845965986651e-01,9.775176405722041384e-01,-4.194950232830883530e-01,6.182377495535329448e-01,1.168596557371275046e-01,7.043327210362149149e-01,6.392568326864377370e-01,-7.369643750999199661e-01,1.159667015227612730e+00,-9.898908798046147650e-01,1.040659682060507407e+00,-8.299046462421418857e-01,5.856733860120587609e-01,1.672269282466901652e-01,-2.904827771147657223e-01,-2.511863471452313590e-01,-3.856799064125516208e-01,-3.132344842620472108e-02,1.155962371602163419e+00,-1.120325037773388877e+00
2.311809802841681069e-02,-1.837847219829066070e+00,1.537897810665886933e+00,8.743462339390176696e-01,4.704527707490013116e-02,1.197009392645260295e+00,2.182363824940011909e+00,4.371733533342772038e-01,5.711292378684226234e-01,-7.754069170249729970e-01,-8.092769052360058168e-01,-1.283645962745322056e+00,-4.196887180635389125e-01,-9.204096845965986651e-01,1.024067294974011721e+00,2.019963825526898127e+00,1.021951219947899947e+00,2.663562579467292357e-01,-1.394434911648746667e+00,9.314498364238326111e-01,-7.369643750999199661e-01,1.159667015227612730e+00,1.087910542549141157e-01,-1.120099352446805918e+00,1.204957707524648258e+00,6.375206218818233461e-01,2.157972480290589190e-01,-5.659883168023950306e-01,-7.031152942494910407e-01,2.983926173878763244e+00,-3.131985055318651373e-02,-8.826485971191795343e-01,3.269033544870708630e-01
1.315198097424883805e+00,5.441148694030143451e-01,6.526518925624983369e-01,8.743462339390176696e-01,6.861200889898743105e-01,-1.793709056635256260e+00,-4.582187390443441810e-01,-7.647587771265387246e-01,-5.739113056852412909e-01,1.289645446853545208e+00,9.857920158050426096e-01,7.897014355131553032e-01,-4.196887180635389125e-01,1.516270014335442173e+00,-1.698336686654289496e+00,-4.194950232830883530e-01,-1.545098302898014753e+00,-8.839027226907854029e-01,3.038045468596955456e-01,-1.113901189737931618e+00,1.356917693429100291e+00,-8.623164985025838503e-01,1.207472988314443052e+00,1.040659682060507407e+00,-8.299046462421418857e-01,-2.004287226947851330e+00,3.585117714792993016e-01,5.360338419481222028e-01,1.502629658589648143e+00,-3.856799064125516208e-01,-3.133559061864239076e-02,1.155962371602163419e+00,9.057947113912546699e-01
-1.268961901368050205e+00,5.441148694030143451e-01,-2.325940255408903146e-01,-3.171476319498239826e-01,6.861200889898743105e-01,6.132355211640783121e-01,-4.582187390443441810e-01,-7.647587771265387246e-01,1.230698947387280501e-01,-7.754069170249729970e-01,-8.092769052360058168e-01,-1.283645962745322056e+00,-4.196887180635389125e-01,-9.204096845965986651e-01,1.118668205532524329e+00,-4.194950232830883530e-01,8.950282209109700071e-01,6.318718738754689479e-01,-1.394434911648746667e+00,6.923828333659640677e-01,1.356917693429100291e+00,1.159667015227612730e+00,1.087910542549141157e-01,-3.971983519314924160e-02,-8.299046462421418857e-01,5.391293675612156555e-01,3.585117714792993016e-01,-5.659883168023950306e-01,-7.031152942494910407e-01,-3.856799064125516208e-01,-3.132962603288353548e-02,-8.826485971191795343e-01,3.745767603497900805e-02
1.745891430557039437e+00,5.441148694030143451e-01,-1.117839943644278966e+00,-3.171476319498239826e-01,8.528352573155197902e-01,4.066693820245831925e-01,-4.582187390443441810e-01,1.639105483795093132e+00,2.973151948447204096e-01,-7.754069170249729970e-01,-8.092769052360058168e-01,-2.469722636160833762e-01,-4.196887180635389125e-01,1.238816149457046267e-01,-1.531884808652537178e-01,-4.194950232830883530e-01,7.748428846636618017e-01,-4.992237102108632585e-01,1.329125258777139329e-01,7.853533345551352296e-01,1.356917693429100291e+00,1.159667015227612730e+00,1.087910542549141157e-01,-3.971983519314924160e-02,1.204957707524648258e+00,4.984963192805818566e-01,3.921639590921653928e-01,-5.659883168023950306e-01,-7.031152942494910407e-01,-3.856799064125516208e-01,-3.132930650150359680e-02,-3.729958549388437961e-01,6.163490329391630995e-01
-1.922285685376610154e-01,5.441148694030143451e-01,1.537897810665886933e+00,-1.508641497838665746e+00,7.483113846250770418e-02,-1.793709056635256260e+00,-4.582187390443441810e-01,4.371733533342772038e-01,1.218326066833536947e+00,-7.754069170249729970e-01,1.883326476325566823e+00,-2.469722636160833762e-01,-4.196887180635389125e-01,-9.204096845965986651e-01,-1.698336686654289496e+00,-4.194950232830883530e-01,-1.545098302898014753e+00,8.433240057457302985e-01,4.960580704644248495e-01,1.276768840840753816e+00,-7.369643750999199661e-01,-8.623164985025838503e-01,-9.898908798046147650e-01,-1.120099352446805918e+00,1.204957707524648258e+00,-2.004287226947851330e+00,2.225181396183785187e-01,1.913561540386268911e+00,2.931258653891808397e-01,-3.856799064125516208e-01,-3.131366277769409567e-02,-8.826485971191795343e-01,-5.414336808692048475e-01
-2.999019018206999232e-01,5.441148694030143451e-01,6.526518925624983369e-01,8.743462339390176696e-01,-4.253143665144286101e-01,-1.793709056635256260e+00,-4.582187390443441810e-01,-7.647587771265387246e-01,-9.721862773560808746e-01,-7.754069170249729970e-01,-8.092769052360058168e-01,7.897014355131553032e-01,-4.196887180635389125e-01,-9.204096845965986651e-01,-1.698336686654289496e+00,-4.194950232830883530e-01,-1.545098302898014753e+00,-7.253367951008656833e-01,7.950876932084469106e-02,1.079968258911743056e-01,-7.369643750999199661e-01,-8.623164985025838503e-01,-9.898908798046147650e-01,1.040659682060507407e+00,-8.299046462421418857e-01,-2.004287226947851330e+00,9.272988894116553082e-02,-5.659883168023950306e-01,-7.031152942494910407e-01,-3.856799064125516208e-01,-3.133187243531219274e-02,1.155962371602163419e+00,-1.120325037773388877e+00
-2.999019018206999232e-01,5.441148694030143451e-01,6.526518925624983369e-01,8.743462339390176696e-01,-8.421022873285421984e-01,-1.793709056635256260e+00,-4.582187390443441810e-01,-7.647587771265387246e-01,-1.258519625555467036e-01,-7.754069170249729970e-01,1.165298907909147585e+00,7.897014355131553032e-01,-4.196887180635389125e-01,-9.204096845965986651e-01,-1.698336686654289496e+00,-4.194950232830883530e-01,-1.545098302898014753e+00,-9.444682788139759089e-02,5.889806068733772770e-01,5.595678316671482966e-01,-7.369643750999199661e-01,-8.623164985025838503e-01,-9.898908798046147650e-01,1.040659682060507407e+00,-8.299046462421418857e-01,-2.004287226947851330e+00,-3.265368080416956864e-02,7.674584952857310682e-01,3.381005319135513831e-01,-3.856799064125516208e-01,-3.131621692655347372e-02,1.155962371602163419e+00,-1.120325037773388877e+00
1.307914313114557359e-01,-1.837847219829066070e+00,-1.117839943644278966e+00,8.743462339390176696e-01,7.483113846250770418e-02,4.742392265154820458e-02,-4.582187390443441810e-01,4.371733533342772038e-01,-2.628321963783680770e-02,1.289645446853545208e+00,9.857920158050426096e-01,7.897014355131553032e-01,9.264826417629067334e-01,1.516270014335442173e+00,-5.285418178804369982e-02,-4.194950232830883530e-01,4.766090070267578471e-02,-1.956591220877293424e-01,6.562693401350325750e-01,-1.113901189737931618e+00,-7.369643750999199661e-01,-8.623164985025838503e-01,1.087910542549141157e-01,-1.120099352446805918e+00,1.204957707524648258e+00,4.178231808553840021e-01,2.225181396183785187e-01,5.360338419481222028e-01,1.132199208494525378e+00,-3.856799064125516208e-01,-3.132614447222295539e-02,1.155962371602163419e+00,3.269033544870708630e-01
-9.459419015189334257e-01,-1.837847219829066070e+00,-2.325940255408903146e-01,8.743462339390176696e-01,1.859745840129379824e-01,8.736884792095287455e-01,-4.582187390443441810e-01,-7.647587771265387246e-01,3.222073805741478836e-01,-7.754069170249729970e-01,-8.092769052360058168e-01,-1.283645962745322056e+00,-4.196887180635389125e-01,-9.204096845965986651e-01,1.215371358547892244e+00,-4.194950232830883530e-01,8.345713547986877145e-01,5.958210186057851798e-01,-1.394434911648746667e+00,7.986348347250168400e-01,-7.369643750999199661e-01,1.159667015227612730e+00,-9.898908798046147650e-01,-1.120099352446805918e+00,-8.299046462421418857e-01,5.856733860120587609e-01,2.488905768783777062e-01,-5.659883168023950306e-01,-7.031152942494910407e-01,-3.856799064125516208e-01,-3.132373890927739324e-02,-8.826485971191795343e-01,-1.120325037773388877e+00
-8.382685682358945733e-01,5.441148694030143451e-01,-2.325940255408903146e-01,-1.508641497838665746e+00,6.861200889898743105e-01,-3.297838096901385407e-01,-4.582187390443441810e-01,-7.647587771265387246e-01,-3.747738198498214990e-01,-7.754069170249729970e-01,-8.092769052360058168e-01,-1.283645962745322056e+00,-4.196887180635389125e-01,-9.204096845965986651e-01,-1.339940932157004105e-01,-4.194950232830883530e-01,-6.099149923807253848e-02,-4.604094804358674353e-02,-1.394434911648746667e+00,4.267528299683323589e-01,1.356917693429100291e+00,-8.623164985025838503e-01,1.087910542549141157e-01,-1.120099352446805918e+00,-8.299046462421418857e-01,3.141674746833992282e-01,3.585117714792993016e-01,-5.659883168023950306e-01,-7.031152942494910407e-01,-3.856799064125516208e-01,-3.133388645128271782e-02,-8.826485971191795343e-01,3.745767603497900805e-02
9.921780975757670262e-01,-1.837847219829066070e+00,-1.117839943644278966e+00,8.743462339390176696e-01,-4.808860892896437700e-01,6.222166576484041700e-01,-4.582187390443441810e-01,-7.647587771265387246e-01,9.445120238098347887e-01,1.289645446853545208e+00,8.062851237009377448e-01,7.897014355131553032e-01,2.272654001589352379e+00,1.238816149457046267e-01,1.866740496597722732e-01,-4.194950232830883530e-01,2.183483580397619916e-01,1.061302345259119845e-01,1.284297517243814912e+00,-1.113901189737931618e+00,-7.369643750999199661e-01,1.159667015227612730e+00,1.087910542549141157e-01,-1.120099352446805918e+00,-8.299046462421418857e-01,5.408162372801438300e-01,7.702708888115142316e-02,3.266496317855240306e-01,5.697292932418003275e-01,-3.856799064125516208e-01,-3.130859613428534777e-02,1.155962371602163419e+00,-2.519880024171129995e-01
-4.075752351037388310e-01,-1.837847219829066070e+00,1.537897810665886933e+00,-3.171476319498239826e-01,-8.526445700315014864e-03,2.719523347596951024e-01,-4.582187390443441810e-01,-7.647587771265387246e-01,9.694042095392622072e-01,-7.754069170249729970e-01,-4.502631210277961427e-01,-2.469722636160833762e-01,-4.196887180635389125e-01,1.238816149457046267e-01,3.324295266684431094e-01,-4.194950232830883530e-01,2.000170592788089174e-01,7.850880087716253231e-01,4.170205107602583117e-01,1.143953839141937934e+00,-7.369643750999199661e-01,-8.623164985025838503e-01,-9.898908798046147650e-01,-1.120099352446805918e+00,-8.299046462421418857e-01,4.698950105237615915e-01,2.021964911831932998e-01,-5.219074304523743102e-01,-5.625151773726102533e-01,-3.856799064125516208e-01,-3.131514061032631552e-02,-3.729958549388437961e-01,-1.120325037773388877e+00
8.845047642927281739e-01,5.441148694030143451e-01,1.537897810665886933e+00,8.743462339390176696e-01,8.250493959279121547e-01,9.455375710841357195e-01,2.182363824940011909e+00,1.639105483795093132e+00,-2.752050769321116030e-01,1.289645446853545208e+00,1.973079922377619200e+00,7.897014355131553032e-01,2.272654001589352379e+00,1.168172914488007974e+00,4.734153998233873728e-01,2.557797272508627540e+00,1.324478349168397129e+00,-6.008347901846897710e-01,4.784348308006582395e-01,-1.113901189737931618e+00,1.356917693429100291e+00,1.159667015227612730e+00,2.306154922373972127e+00,1.040659682060507407e+00,1.204957707524648258e+00,5.977167622957495485e-01,3.866455364140805040e-01,2.081619919595723012e+00,2.376724456016397813e+00,2.895007009385015539e+00,-3.133385896471240634e-02,1.155962371602163419e+00,2.353023103651714187e+00
2.384647645944946437e-01,5.441148694030143451e-01,-2.325940255408903146e-01,-1.508641497838665746e+00,1.304028612377228502e-01,6.850846130386852861e-01,-4.582187390443441810e-01,-7.647587771265387246e-01,-7.606759109669175567e-02,1.289645446853545208e+00,8.825755528451835474e-02,-2.469722636160833762e-01,-4.196887180635389125e-01,1.168172914488007974e+00,4.774842561914957040e-01,-4.194950232830883530e-01,6.328056690986612054e-01,-2.693995078666284182e-01,-3.797949510426766595e-02,-1.113901189737931618e+00,-7.369643750999199661e-01,1.159667015227612730e+00,1.087910542549141157e-01,-1.120099352446805918e+00,-8.299046462421418857e-01,5.524522511955894943e-01,2.358050203166296432e-01,-2.904827771147657223e-01,2.287692013298351645e-01,-3.856799064125516208e-01,-3.132713532674247930e-02,-8.826485971191795343e-01,-2.519880024171129995e-01
-1.484308567934127909e+00,5.441148694030143451e-01,-2.325940255408903146e-01,-1.508641497838665746e+00,4.082614751137985665e-01,-1.793709056635256260e+00,-4.582187390443441810e-01,-7.647587771265387246e-01,1.417463552668956739e+00,-7.754069170249729970e-01,-8.092769052360058168e-01,-1.283645962745322056e+00,-4.196887180635389125e-01,-9.204096845965986651e-01,-1.698336686654289496e+00,-4.194950232830883530e-01,-1.545098302898014753e+00,2.015323444849588252e+00,-1.394434911648746667e+00,1.383020842199806699e+00,1.356917693429100291e+00,-8.623164985025838503e-01,1.087910542549141157e-01,-1.120099352446805918e+00,-8.299046462421418857e-01,-2.004287226947851330e+00,2.993358757040473495e-01,-5.659883168023950306e-01,-7.031152942494910407e-01,-3.856799064125516208e-01,-3.131568837840621039e-02,-8.826485971191795343e-01,3.745767603497900805e-02
-8.382685682358945733e-01,5.441148694030143451e-01,-2.325940255408903146e-01,8.743462339390176696e-01,-2.030274754135680260e-01,-1.232176705506434211e-01,-4.582187390443441810e-01,-7.647587771265387246e-01,-1.756363340144016794e-01,-7.754069170249729970e-01,-8.092769052360058168e-01,-1.283645962745322056e+00,-4.196887180635389125e-01,1.516270014335442173e+00,8.674136475416185932e-02,-4.194950232830883530e-01,-2.128620604960347329e-01,1.185390434049700126e-01,-1.394434911648746667e+00,5.330048313273850757e-01,-7.369643750999199661e-01,-8.623164985025838503e-01,-9.898908798046147650e-01,1.040659682060507407e+00,-8.299046462421418857e-01,3.738316001102484631e-01,1.528327581978870808e-01,-5.659883168023950306e-01,-7.031152942494910407e-01,-3.856799064125516208e-01,-3.132501900417391377e-02,-8.826485971191795343e-01,-1.120325037773388877e+00
-8.455523525462210754e-02,5.441148694030143451e-01,6.526518925624983369e-01,-1.508641497838665746e+00,-5.642436734524665098e-01,-1.793709056635256260e+00,-4.582187390443441810e-01,-7.647587771265387246e-01,-3.996660055792489730e-01,-7.754069170249729970e-01,-8.092769052360058168e-01,7.897014355131553032e-01,-4.196887180635389125e-01,1.516270014335442173e+00,-1.698336686654289496e+00,-4.194950232830883530e-01,-1.545098302898014753e+00,-3.790825345126003221e-01,4.479946895632425097e-01,4.134713297984508040e-01,-7.369643750999199661e-01,-8.623164985025838503e-01,-9.898908798046147650e-01,-1.120099352446805918e+00,-8.299046462421418857e-01,-2.004287226947851330e+00,5.292421632047194374e-02,-5.659883168023950306e-01,-7.031152942494910407e-01,-3.856799064125516208e-01,-3.132360058400469188e-02,-8.826485971191795343e-01,-1.120325037773388877e+00
-8.455523525462210754e-02,-1.837847219829066070e+00,6.526518925624983369e-01,-1.508641497838665746e+00,7.483113846250770418e-02,6.042543846797524543e-01,-4.582187390443441810e-01,-7.647587771265387246e-01,6.955901665155600488e-01,-7.754069170249729970e-01,5.370247855447803920e-01,7.897014355131553032e-01,-4.196887180635389125e-01,1.238816149457046267e-01,5.256771728911152630e-01,-4.194950232830883530e-01,5.293734403282505108e-01,4.065540284399445925e-01,1.128892585663325399e+00,9.978573372732405522e-01,-7.369643750999199661e-01,1.159667015227612730e+00,-9.898908798046147650e-01,-1.120099352446805918e+00,-8.299046462421418857e-01,5.374362152590045349e-01,2.225181396183785187e-01,5.389914749477092704e-02,-1.396163883288672192e-01,-3.856799064125516208e-01,-3.131890508939621370e-02,-8.826485971191795343e-01,-1.120325037773388877e+00
-2.999019018206999232e-01,5.441148694030143451e-01,1.537897810665886933e+00,-1.508641497838665746e+00,-3.481759119151261572e+00,1.250896211551215442e+00,-4.582187390443441810e-01,-7.647587771265387246e-01,-3.262267364463408814e+00,-7.754069170249729970e-01,-8.092769052360058168e-01,-1.283645962745322056e+00,-4.196887180635389125e-01,-9.204096845965986651e-01,1.236146460474467634e+00,-4.194950232830883530e-01,-1.545098302898014753e+00,-2.432450824047661442e+00,-1.394434911648746667e+00,-1.113901189737931618e+00,-7.369643750999199661e-01,1.159667015227612730e+00,-9.898908798046147650e-01,-1.120099352446805918e+00,-8.299046462421418857e-01,6.456147977345714217e-01,-3.974562670904782102e+00,-5.659883168023950306e-01,-7.031152942494910407e-01,-3.856799064125516208e-01,-3.135859687799798234e-02,-8.826485971191795343e-01,-1.120325037773388877e+00
1.315198097424883805e+00,5.441148694030143451e-01,-1.117839943644278966e+00,8.743462339390176696e-01,9.084069800907348391e-01,9.904432535057651199e-01,2.182363824940011909e+00,1.639105483795093132e+00,-3.996660055792489730e-01,1.289645446853545208e+00,2.152586814481723732e+00,1.826375134642393983e+00,3.618825361415798358e+00,1.168172914488007974e+00,3.752388276080529939e-01,2.615422284685241294e+00,1.427971277603579114e+00,-7.835338642695064415e-01,9.916449313121715736e-01,-1.113901189737931618e+00,1.356917693429100291e+00,1.159667015227612730e+00,2.306154922373972127e+00,1.040659682060507407e+00,1.204957707524648258e+00,6.050850089656190089e-01,4.030961330492208727e-01,2.434267010395887887e+00,2.716740134786018501e+00,2.807326454953863237e+00,-3.133533984717965654e-02,2.175267855962834673e+00,2.353023103651714187e+00
7.768314310096892106e-01,5.441148694030143451e-01,6.526518925624983369e-01,8.743462339390176696e-01,4.638331978890137264e-01,1.035348935927394409e+00,2.182363824940011909e+00,1.639105483795093132e+00,-1.507441482849742054e-01,1.289645446853545208e+00,2.242340260533776330e+00,1.826375134642393983e+00,3.618825361415798358e+00,1.168172914488007974e+00,5.813901743459271021e-01,2.308088886409967344e+00,1.169997702325266120e+00,-4.932398592337230991e-01,1.203123807277373558e+00,-1.113901189737931618e+00,1.356917693429100291e+00,1.159667015227612730e+00,2.306154922373972127e+00,1.040659682060507407e+00,1.204957707524648258e+00,6.123357347169093856e-01,3.114998825751355560e-01,2.618855721986599772e+00,2.540730259409972547e+00,2.769281141555740344e+00,-3.133046911567943099e-02,2.175267855962834673e+00,2.353023103651714187e+00
-7.305952349528556100e-01,5.441148694030143451e-01,6.526518925624983369e-01,8.743462339390176696e-01,-4.253143665144286101e-01,-1.793709056635256260e+00,-4.582187390443441810e-01,4.371733533342772038e-01,4.466683092212852535e-01,-7.754069170249729970e-01,1.075545461857095209e+00,-2.469722636160833762e-01,-4.196887180635389125e-01,-9.204096845965986651e-01,-1.698336686654289496e+00,-4.194950232830883530e-01,-1.545098302898014753e+00,5.676323179427872345e-01,1.745674559920720181e-01,8.650423355744247811e-01,-7.369643750999199661e-01,-8.623164985025838503e-01,-9.898908798046147650e-01,1.040659682060507407e+00,1.204957707524648258e+00,-2.004287226947851330e+00,9.272988894116553082e-02,6.489911132200503197e-01,1.383764052586405613e-01,-3.856799064125516208e-01,-3.131531490016991465e-02,1.366568872414919422e-01,-5.414336808692048475e-01
-1.699655234500205836e+00,5.441148694030143451e-01,1.537897810665886933e+00,8.743462339390176696e-01,-4.253143665144286101e-01,8.018393873349216605e-01,-4.582187390443441810e-01,-7.647587771265387246e-01,-6.485878628735237683e-01,1.289645446853545208e+00,5.370247855447803920e-01,1.826375134642393983e+00,-4.196887180635389125e-01,-9.204096845965986651e-01,1.659165805624141843e+00,-4.194950232830883530e-01,3.845440401837669775e-01,1.824220664014492843e-01,8.164806098056404116e-01,-1.113901189737931618e+00,-7.369643750999199661e-01,1.159667015227612730e+00,1.087910542549141157e-01,1.040659682060507407e+00,-8.299046462421418857e-01,5.733022588971421474e-01,9.272988894116553082e-02,5.389914749477092704e-02,9.980134783410714583e-01,-3.856799064125516208e-01,-3.132809615536746861e-02,2.175267855962834673e+00,-2.519880024171129995e-01
1.530544763990961732e+00,5.441148694030143451e-01,1.537897810665886933e+00,-1.508641497838665746e+00,6.861200889898743105e-01,-4.238744219171054067e-02,2.182363824940011909e+00,-7.647587771265387246e-01,2.350115182101814373e-02,-7.754069170249729970e-01,-8.092769052360058168e-01,-1.283645962745322056e+00,-4.196887180635389125e-01,1.168172914488007974e+00,-4.323539130036089251e-01,2.461755585547604319e+00,2.303668916644928122e-01,-5.954476842027399686e-01,-1.394434911648746667e+00,6.392568326864377370e-01,1.356917693429100291e+00,-8.623164985025838503e-01,1.207472988314443052e+00,-1.120099352446805918e+00,-8.299046462421418857e-01,3.952010578193693724e-01,3.585117714792993016e-01,-5.659883168023950306e-01,-7.031152942494910407e-01,1.465045113588968606e+00,-3.133047811656337195e-02,-8.826485971191795343e-01,9.057947113912546699e-01
2.311809802841681069e-02,5.441148694030143451e-01,6.526518925624983369e-01,8.743462339390176696e-01,-1.474557526383528661e-01,-1.793709056635256260e+00,-4.582187390443441810e-01,-7.647587771265387246e-01,5.960214235978501529e-01,-7.754069170249729970e-01,-8.092769052360058168e-01,7.897014355131553032e-01,-4.196887180635389125e-01,1.516270014335442173e+00,-1.698336686654289496e+00,-4.194950232830883530e-01,-1.545098302898014753e+00,2.838809792583812386e-01,1.088839768245673634e+00,9.447313365937142216e-01,-7.369643750999199661e-01,-8.623164985025838503e-01,-9.898908798046147650e-01,1.040659682060507407e+00,-8.299046462421418857e-01,-2.004287226947851330e+00,1.672269282466901652e-01,-5.659883168023950306e-01,-7.031152942494910407e-01,-3.856799064125516208e-01,-3.131732407475589647e-02,1.155962371602163419e+00,-1.120325037773388877e+00
1.099851430858805879e+00,5.441148694030143451e-01,1.537897810665886933e+00,8.743462339390176696e-01,2.415463067881531423e-01,6.581412035857077125e-01,-4.582187390443441810e-01,-7.647587771265387246e-01,-7.232644200618061348e-01,1.289645446853545208e+00,2.780860936846091036e+00,1.826375134642393983e+00,-4.196887180635389125e-01,-9.204096845965986651e-01,1.848126891510978587e-01,-4.194950232830883530e-01,6.754168337681614176e-01,-9.242294961636208228e-01,6.989923453805280129e-01,-1.113901189737931618e+00,-7.369643750999199661e-01,1.159667015227612730e+00,1.087910542549141157e-01,1.040659682060507407e+00,-8.299046462421418857e-01,5.475018117047014687e-01,2.617808193191699107e-01,3.842100318199674014e+00,3.965354605934317433e+00,-3.856799064125516208e-01,-3.133427434012204388e-02,2.175267855962834673e+00,-2.519880024171129995e-01
-1.053615234801972278e+00,5.441148694030143451e-01,-2.325940255408903146e-01,-3.171476319498239826e-01,6.861200889898743105e-01,7.928582508505958026e-01,-4.582187390443441810e-01,-7.647587771265387246e-01,4.715604949507127275e-01,1.289645446853545208e+00,1.883326476325566823e+00,7.897014355131553032e-01,-4.196887180635389125e-01,-9.204096845965986651e-01,1.191291126769361997e+00,-4.194950232830883530e-01,1.077127215225073265e+00,7.936910537791637132e-01,9.606707525091873201e-01,-1.113901189737931618e+00,1.356917693429100291e+00,1.159667015227612730e+00,1.207472988314443052e+00,-3.971983519314924160e-02,-8.299046462421418857e-01,5.717319261867084279e-01,3.585117714792993016e-01,1.913561540386268911e+00,1.685224439453815171e+00,-3.856799064125516208e-01,-3.132664374000410784e-02,1.366568872414919422e-01,9.057947113912546699e-01
-8.382685682358945733e-01,-1.837847219829066070e+00,1.537897810665886933e+00,-9.128945648942448088e-01,-1.474557526383528661e-01,1.372352874948069568e-01,-4.582187390443441810e-01,-7.647587771265387246e-01,1.068972952456972214e+00,-7.754069170249729970e-01,-8.092769052360058168e-01,-2.469722636160833762e-01,-4.196887180635389125e-01,1.238816149457046267e-01,3.650599856726837178e-01,-4.194950232830883530e-01,2.095304820327396206e-02,1.147163989958450481e+00,4.640158165303033266e-01,1.197079839821464375e+00,-7.369643750999199661e-01,-8.623164985025838503e-01,-9.898908798046147650e-01,-1.120099352446805918e+00,-8.299046462421418857e-01,4.393727538076080963e-01,1.672269282466901652e-01,-5.659883168023950306e-01,-7.031152942494910407e-01,-3.856799064125516208e-01,-3.131226482790686050e-02,-6.278222260290116097e-01,-1.120325037773388877e+00
4.538114311605724871e-01,5.441148694030143451e-01,-2.325940255408903146e-01,-3.171476319498239826e-01,2.971180295633683022e-01,-3.208026732058126829e-01,-4.582187390443441810e-01,4.371733533342772038e-01,-7.979409772500886122e-01,1.289645446853545208e+00,9.857920158050426096e-01,7.897014355131553032e-01,-4.196887180635389125e-01,-9.204096845965986651e-01,-4.500396139971374887e-01,-4.194950232830883530e-01,-1.912529798374277834e-01,-8.171549597012649491e-01,1.596144041561485538e-01,-1.113901189737931618e+00,-7.369643750999199661e-01,-8.623164985025838503e-01,1.087910542549141157e-01,-3.971983519314924160e-02,1.204957707524648258e+00,3.169310750946423005e-01,2.744814924872576167e-01,5.360338419481222028e-01,1.701146704345170457e+00,-3.856799064125516208e-01,-3.133533687313479199e-02,1.366568872414919422e-01,3.269033544870708630e-01
2.284258096972234142e+00,5.441148694030143451e-01,1.537897810665886933e+00,8.743462339390176696e-01,1.241837316742025799e+00,2.946164968289645414e-02,2.182363824940011909e+00,4.371733533342772038e-01,-5.739113056852412909e-01,-7.754069170249729970e-01,-8.092769052360058168e-01,-1.283645962745322056e+00,-4.196887180635389125e-01,1.516270014335442173e+00,-5.034220741774352303e-01,2.845922333391696757e+00,5.496471283618873382e-01,-1.069728494853610545e+00,-1.394434911648746667e+00,3.205008286092796976e-01,1.356917693429100291e+00,-8.623164985025838503e-01,1.207472988314443052e+00,1.040659682060507407e+00,1.204957707524648258e+00,4.133879176985665316e-01,4.659333095152841664e-01,-5.659883168023950306e-01,-7.031152942494910407e-01,1.594062265638579001e+00,-3.133829723739010864e-02,-8.826485971191795343e-01,1.484686068295438144e+00
-1.053615234801972278e+00,5.441148694030143451e-01,-1.117839943644278966e+00,-1.508641497838665746e+00,4.082614751137985665e-01,3.168580171813244473e-01,-4.582187390443441810e-01,1.639105483795093132e+00,1.218326066833536947e+00,-7.754069170249729970e-01,-8.092769052360058168e-01,-2.469722636160833762e-01,-4.196887180635389125e-01,1.238816149457046267e-01,6.595193416601482506e-01,-4.194950232830883530e-01,4.519206680799852105e-01,1.438919429344528433e+00,5.281003243985463724e-01,1.276768840840753816e+00,1.356917693429100291e+00,-8.623164985025838503e-01,1.087910542549141157e-01,-1.120099352446805918e+00,1.204957707524648258e+00,4.796300906059928204e-01,2.993358757040473495e-01,-5.659883168023950306e-01,-7.031152942494910407e-01,-3.856799064125516208e-01,-3.131751427200585997e-02,-8.826485971191795343e-01,6.163490329391630995e-01
-5.152485683867777944e-01,-1.837847219829066070e+00,-1.117839943644278966e+00,8.743462339390176696e-01,1.304028612377228502e-01,6.222166576484041700e-01,-4.582187390443441810e-01,-7.647587771265387246e-01,7.951589094332699448e-01,-7.754069170249729970e-01,-8.092769052360058168e-01,-2.469722636160833762e-01,-4.196887180635389125e-01,1.238816149457046267e-01,7.252485457495041477e-01,-4.194950232830883530e-01,5.775689741567164859e-01,7.155613593229492864e-01,3.465275521051909280e-01,1.050983337952766883e+00,-7.369643750999199661e-01,1.159667015227612730e+00,-9.898908798046147650e-01,-1.120099352446805918e+00,-8.299046462421418857e-01,5.408162372801438300e-01,2.358050203166296432e-01,-5.659883168023950306e-01,-7.031152942494910407e-01,-3.856799064125516208e-01,-3.131853255882104808e-02,1.366568872414919422e-01,-1.120325037773388877e+00
9.921780975757670262e-01,5.441148694030143451e-01,6.526518925624983369e-01,8.743462339390176696e-01,6.861200889898743105e-01,-1.793709056635256260e+00,-4.582187390443441810e-01,-7.647587771265387246e-01,-1.121539391732645718e+00,1.289645446853545208e+00,9.857920158050426096e-01,7.897014355131553032e-01,-4.196887180635389125e-01,-9.204096845965986651e-01,-1.698336686654289496e+00,-4.194950232830883530e-01,-1.545098302898014753e+00,-1.140628510217322145e+00,-4.866024641564151848e-02,-1.113901189737931618e+00,1.356917693429100291e+00,-8.623164985025838503e-01,1.207472988314443052e+00,1.040659682060507407e+00,-8.299046462421418857e-01,-2.004287226947851330e+00,3.585117714792993016e-01,5.360338419481222028e-01,2.060404244365062532e+00,-3.856799064125516208e-01,-3.134027707888149133e-02,1.155962371602163419e+00,9.057947113912546699e-01
1.530544763990961732e+00,5.441148694030143451e-01,-1.117839943644278966e+00,-1.508641497838665746e+00,-2.030274754135680260e-01,6.940657495230111440e-01,-4.582187390443441810e-01,-7.647587771265387246e-01,4.964526806801402015e-01,-7.754069170249729970e-01,8.825755528451835474e-02,-2.469722636160833762e-01,9.264826417629067334e-01,1.516270014335442173e+00,1.000080738648822798e-01,-4.194950232830883530e-01,4.389309398189125133e-01,-3.310305655886980891e-01,2.076777850573308937e-01,8.916053359141878909e-01,-7.369643750999199661e-01,1.159667015227612730e+00,-9.898908798046147650e-01,-1.120099352446805918e+00,-8.299046462421418857e-01,5.540904903293192296e-01,1.528327581978870808e-01,-2.904827771147657223e-01,-3.076774655332638053e-01,-3.856799064125516208e-01,-3.131770769293802659e-02,-8.826485971191795343e-01,-1.120325037773388877e+00
5.614847644436113949e-01,-1.837847219829066070e+00,-2.325940255408903146e-01,8.743462339390176696e-01,1.304028612377228502e-01,1.241915075066889473e+00,2.182363824940011909e+00,4.371733533342772038e-01,-2.628321963783680770e-02,1.289645446853545208e+00,5.370247855447803920e-01,7.897014355131553032e-01,-4.196887180635389125e-01,-9.204096845965986651e-01,8.307678826275219919e-01,2.077588837703511881e+00,1.122044967155885420e+00,-3.473060171358605119e-01,6.642799036185630390e-01,-1.113901189737931618e+00,-7.369643750999199661e-01,1.159667015227612730e+00,1.207472988314443052e+00,-1.120099352446805918e+00,1.204957707524648258e+00,6.442757367733615848e-01,2.358050203166296432e-01,5.389914749477092704e-02,6.733705828085213563e-01,2.818618689422848878e+00,-3.132664374000410784e-02,1.155962371602163419e+00,1.195240389843346795e+00
-1.268961901368050205e+00,5.441148694030143451e-01,-1.117839943644278966e+00,8.743462339390176696e-01,4.082614751137985665e-01,2.360277888223915876e-01,-4.582187390443441810e-01,-7.647587771265387246e-01,1.168541695374682110e+00,-7.754069170249729970e-01,-8.092769052360058168e-01,-2.469722636160833762e-01,-4.196887180635389125e-01,1.238816149457046267e-01,6.771972895927996783e-01,-4.194950232830883530e-01,3.754390904680617869e-01,1.578206824704670996e+00,5.067388217757986535e-01,1.250205840500990817e+00,1.356917693429100291e+00,-8.623164985025838503e-01,1.087910542549141157e-01,1.040659682060507407e+00,-8.299046462421418857e-01,4.619540074348978398e-01,2.993358757040473495e-01,-5.659883168023950306e-01,-7.031152942494910407e-01,-3.856799064125516208e-01,-3.131797074540577236e-02,1.366568872414919422e-01,3.745767603497900805e-02
-4.075752351037388310e-01,5.441148694030143451e-01,-2.325940255408903146e-01,8.743462339390176696e-01,1.304028612377228502e-01,2.988957442126726760e-01,-4.582187390443441810e-01,-7.647587771265387246e-01,-2.503128912026840736e-01,1.289645446853545208e+00,9.857920158050426096e-01,7.897014355131553032e-01,-4.196887180635389125e-01,1.516270014335442173e+00,3.589177816248267927e-01,-4.194950232830883530e-01,2.934945430267152933e-01,-1.423202430409926666e-01,5.120791974314856665e-01,-1.113901189737931618e+00,-7.369643750999199661e-01,-8.623164985025838503e-01,1.087910542549141157e-01,1.040659682060507407e+00,-8.299046462421418857e-01,4.757610385917999674e-01,2.358050203166296432e-01,5.360338419481222028e-01,1.267591261975641537e+00,-3.856799064125516208e-01,-3.132885588032675861e-02,1.155962371602163419e+00,-2.519880024171129995e-01
1.745891430557039437e+00,5.441148694030143451e-01,-1.117839943644278966e+00,-1.508641497838665746e+00,9.639787028659499990e-01,6.222166576484041700e-01,-4.582187390443441810e-01,-7.647587771265387246e-01,-4.743425627675313949e-01,1.289645446853545208e+00,1.793573030273514224e+00,7.897014355131553032e-01,9.264826417629067334e-01,1.516270014335442173e+00,-1.827023971633843146e-03,-4.194950232830883530e-01,1.067415268861654498e+00,-9.183149027209381865e-01,3.534700404575837340e-01,-1.113901189737931618e+00,1.356917693429100291e+00,1.159667015227612730e+00,1.207472988314443052e+00,-1.120099352446805918e+00,-8.299046462421418857e-01,5.408162372801438300e-01,4.138916512505173007e-01,1.751013271970567553e+00,2.381999659699411076e+00,-3.856799064125516208e-01,-3.133622968140226811e-02,-8.826485971191795343e-01,9.057947113912546699e-01
2.384647645944946437e-01,5.441148694030143451e-01,6.526518925624983369e-01,-1.508641497838665746e+00,8.250493959279121547e-01,-1.793709056635256260e+00,-4.582187390443441810e-01,4.371733533342772038e-01,-7.979409772500886122e-01,-7.754069170249729970e-01,-8.092769052360058168e-01,7.897014355131553032e-01,-4.196887180635389125e-01,1.238816149457046267e-01,-1.698336686654289496e+00,-4.194950232830883530e-01,-1.545098302898014753e+00,-7.594658216888937607e-01,1.916566580902701045e-01,2.009673270803454259e-01,1.356917693429100291e+00,-8.623164985025838503e-01,1.087910542549141157e-01,-1.120099352446805918e+00,1.204957707524648258e+00,-2.004287226947851330e+00,3.866455364140805040e-01,-5.659883168023950306e-01,-7.031152942494910407e-01,-3.856799064125516208e-01,-3.133818809953738127e-02,-8.826485971191795343e-01,6.163490329391630995e-01
4.538114311605724871e-01,5.441148694030143451e-01,1.537897810665886933e+00,-1.508641497838665746e+00,6.861200889898743105e-01,1.731598334321104438e-01,-4.582187390443441810e-01,4.371733533342772038e-01,-3.249894483909665510e-01,1.289645446853545208e+00,-8.092769052360058168e-01,-1.283645962745322056e+00,-4.196887180635389125e-01,-9.204096845965986651e-01,-3.140340060601932992e-02,-4.194950232830883530e-01,4.488856848414168321e-01,-5.071486827054920710e-01,-1.394434911648746667e+00,-1.113901189737931618e+00,1.356917693429100291e+00,-8.623164985025838503e-01,1.207472988314443052e+00,-1.120099352446805918e+00,1.204957707524648258e+00,4.477144716581111239e-01,3.585117714792993016e-01,-5.659883168023950306e-01,-7.031152942494910407e-01,-3.856799064125516208e-01,-3.133346040944280653e-02,-8.826485971191795343e-01,1.484686068295438144e+00
2.384647645944946437e-01,5.441148694030143451e-01,1.537897810665886933e+00,8.743462339390176696e-01,7.483113846250770418e-02,2.090843793694139585e-01,-4.582187390443441810e-01,4.371733533342772038e-01,-3.000972626615390770e-01,1.289645446853545208e+00,9.857920158050426096e-01,1.826375134642393983e+00,-4.196887180635389125e-01,-9.204096845965986651e-01,5.966356789139919126e-02,-4.194950232830883530e-01,1.875129283359071586e-01,-4.214890535356072276e-01,1.104860895212734340e+00,-1.113901189737931618e+00,-7.369643750999199661e-01,-8.623164985025838503e-01,1.087910542549141157e-01,1.040659682060507407e+00,1.204957707524648258e+00,4.559058800783658549e-01,2.225181396183785187e-01,5.360338419481222028e-01,1.300436371246060263e+00,-3.856799064125516208e-01,-3.132889044501930426e-02,2.175267855962834673e+00,3.269033544870708630e-01
2.311809802841681069e-02,5.441148694030143451e-01,1.537897810665886933e+00,-1.508641497838665746e+00,-3.481759119151261572e+00,2.946164968289645414e-02,-4.582187390443441810e-01,4.371733533342772038e-01,-3.262267364463408814e+00,-7.754069170249729970e-01,-8.092769052360058168e-01,-1.283645962745322056e+00,-4.196887180635389125e-01,-9.204096845965986651e-01,-3.873305821421411943e-02,-4.194950232830883530e-01,-1.545098302898014753e+00,-2.432450824047661442e+00,-1.394434911648746667e+00,-1.113901189737931618e+00,-7.369643750999199661e-01,-8.623164985025838503e-01,-9.898908798046147650e-01,-1.120099352446805918e+00,1.204957707524648258e+00,4.133879176985665316e-01,-3.974562670904782102e+00,-5.659883168023950306e-01,-7.031152942494910407e-01,-3.856799064125516208e-01,-3.135859687799798234e-02,-8.826485971191795343e-01,-5.414336808692048475e-01
1.307914313114557359e-01,5.441148694030143451e-01,-1.117839943644278966e+00,-1.508641497838665746e+00,3.526897523385834066e-01,5.413864292894713381e-01,-4.582187390443441810e-01,-7.647587771265387246e-01,6.706979807861325193e-01,1.289645446853545208e+00,6.267782315968328799e-01,7.897014355131553032e-01,9.264826417629067334e-01,1.516270014335442173e+00,3.886167341516810203e-01,-4.194950232830883530e-01,6.328056690986612054e-01,2.861113983344096279e-01,1.111269345999558844e+00,-1.113901189737931618e+00,-7.369643750999199661e-01,1.159667015227612730e+00,1.087910542549141157e-01,-1.120099352446805918e+00,-8.299046462421418857e-01,5.254042234583207183e-01,2.869980914369990033e-01,1.393058647979361631e-01,5.065762773704646227e-01,-3.856799064125516208e-01,-3.132201285043977740e-02,-8.826485971191795343e-01,-2.519880024171129995e-01
9.921780975757670262e-01,5.441148694030143451e-01,1.537897810665886933e+00,-1.508641497838665746e+00,-3.481759119151261572e+00,-1.793709056635256260e+00,-4.582187390443441810e-01,1.639105483795093132e+00,-3.262267364463408814e+00,-7.754069170249729970e-01,-8.092769052360058168e-01,-1.283645962745322056e+00,-4.196887180635389125e-01,-9.204096845965986651e-01,-1.698336686654289496e+00,-4.194950232830883530e-01,-1.545098302898014753e+00,-2.432450824047661442e+00,-1.394434911648746667e+00,-1.113901189737931618e+00,-7.369643750999199661e-01,-8.623164985025838503e-01,-9.898908798046147650e-01,-1.120099352446805918e+00,1.204957707524648258e+00,-2.004287226947851330e+00,-3.974562670904782102e+00,-5.659883168023950306e-01,-7.031152942494910407e-01,-3.856799064125516208e-01,-3.135859687799798234e-02,-8.826485971191795343e-01,-5.414336808692048475e-01
-1.922285685376610154e-01,5.441148694030143451e-01,-1.117839943644278966e+00,8.743462339390176696e-01,7.483113846250770418e-02,4.964807468678419378e-01,-4.582187390443441810e-01,-7.647587771265387246e-01,7.453745379744149968e-01,1.289645446853545208e+00,-8.092769052360058168e-01,-2.469722636160833762e-01,9.264826417629067334e-01,1.516270014335442173e+00,4.665687665116673988e-01,-4.194950232830883530e-01,4.361387552394295763e-01,4.975477737119833321e-01,3.251660494824432646e-01,-1.113901189737931618e+00,-7.369643750999199661e-01,1.159667015227612730e+00,1.087910542549141157e-01,1.040659682060507407e+00,-8.299046462421418857e-01,5.166107023373627261e-01,2.225181396183785187e-01,-5.659883168023950306e-01,-7.031152942494910407e-01,-3.856799064125516208e-01,-3.131840582161506126e-02,1.366568872414919422e-01,-2.519880024171129995e-01
-2.999019018206999232e-01,5.441148694030143451e-01,-2.325940255408903146e-01,-1.508641497838665746e+00,2.693321681757607222e-01,-3.567272191431161699e-01,-4.582187390443441810e-01,-7.647587771265387246e-01,4.715604949507127275e-01,-7.754069170249729970e-01,9.857920158050426096e-01,7.897014355131553032e-01,-4.196887180635389125e-01,-9.204096845965986651e-01,-3.133298915492714887e-01,-4.194950232830883530e-01,-2.339855438364707163e-01,3.508872666264623019e-01,9.766918794762481371e-01,8.783238357443062805e-01,-7.369643750999199661e-01,-8.623164985025838503e-01,-9.898908798046147650e-01,-1.120099352446805918e+00,-8.299046462421418857e-01,3.057744202772942899e-01,2.681545029392731205e-01,5.360338419481222028e-01,9.299795031827771952e-02,-3.856799064125516208e-01,-3.132309339133812487e-02,-8.826485971191795343e-01,-1.120325037773388877e+00
-1.376635234651089057e+00,5.441148694030143451e-01,-1.117839943644278966e+00,-3.171476319498239826e-01,-4.253143665144286101e-01,3.168580171813244473e-01,-4.582187390443441810e-01,-7.647587771265387246e-01,5.462370521389952049e-01,-7.754069170249729970e-01,-8.092769052360058168e-01,-2.469722636160833762e-01,-4.196887180635389125e-01,1.238816149457046267e-01,8.320453925124240424e-01,-4.194950232830883530e-01,2.398803144184235084e-02,1.098994236363751043e+00,2.397200389914524443e-01,9.181683362539511117e-01,-7.369643750999199661e-01,-8.623164985025838503e-01,-9.898908798046147650e-01,-3.971983519314924160e-02,-8.299046462421418857e-01,4.796300906059928204e-01,9.272988894116553082e-02,-5.659883168023950306e-01,-7.031152942494910407e-01,-3.856799064125516208e-01,-3.131415296787923297e-02,-3.729958549388437961e-01,-1.120325037773388877e+00
9.921780975757670262e-01,5.441148694030143451e-01,1.537897810665886933e+00,-1.508641497838665746e+00,1.304028612377228502e-01,-1.793709056635256260e+00,-4.582187390443441810e-01,4.371733533342772038e-01,-4.992347484969588689e-01,1.289645446853545208e+00,-8.092769052360058168e-01,-1.283645962745322056e+00,-4.196887180635389125e-01,-9.204096845965986651e-01,-1.698336686654289496e+00,-4.194950232830883530e-01,-1.545098302898014753e+00,-7.650987678247818113e-01,-1.394434911648746667e+00,-1.113901189737931618e+00,-7.369643750999199661e-01,-8.623164985025838503e-01,1.087910542549141157e-01,-1.120099352446805918e+00,1.204957707524648258e+00,-2.004287226947851330e+00,2.358050203166296432e-01,-5.659883168023950306e-01,-7.031152942494910407e-01,-3.856799064125516208e-01,-3.133131381401860205e-02,-8.826485971191795343e-01,3.269033544870708630e-01
2.384647645944946437e-01,-1.837847219829066070e+00,-2.325940255408903146e-01,-3.171476319498239826e-01,-1.474557526383528661e-01,7.120280224916629708e-01,-4.582187390443441810e-01,-7.647587771265387246e-01,4.715604949507127275e-01,-7.754069170249729970e-01,8.825755528451835474e-02,7.897014355131553032e-01,-4.196887180635389125e-01,-9.204096845965986651e-01,5.011344838311234673e-01,-4.194950232830883530e-01,4.871264736473784884e-01,1.023749371019865989e-01,9.927130064433088430e-01,8.783238357443062805e-01,-7.369643750999199661e-01,1.159667015227612730e+00,-9.898908798046147650e-01,-1.120099352446805918e+00,-8.299046462421418857e-01,5.573493635509015887e-01,1.672269282466901652e-01,-2.904827771147657223e-01,-3.050586719656066537e-01,-3.856799064125516208e-01,-3.131865545550564095e-02,1.366568872414919422e-01,-1.120325037773388877e+00
8.845047642927281739e-01,-1.837847219829066070e+00,6.526518925624983369e-01,8.743462339390176696e-01,-1.474557526383528661e-01,-1.793709056635256260e+00,-4.582187390443441810e-01,4.371733533342772038e-01,-2.005285197438291533e-01,1.289645446853545208e+00,7.165316776488852568e-01,1.826375134642393983e+00,-4.196887180635389125e-01,-9.204096845965986651e-01,-1.698336686654289496e+00,-4.194950232830883530e-01,-1.545098302898014753e+00,-5.550443893381155069e-01,1.196715356490549276e+00,-1.113901189737931618e+00,-7.369643750999199661e-01,-8.623164985025838503e-01,1.087910542549141157e-01,-1.120099352446805918e+00,1.204957707524648258e+00,-2.004287226947851330e+00,1.672269282466901652e-01,2.302226928948536144e-01,9.449675273678173060e-01,-3.856799064125516208e-01,-3.132584491155426115e-02,2.175267855962834673e+00,3.269033544870708630e-01
1.307914313114557359e-01,-1.837847219829066070e+00,-2.325940255408903146e-01,-3.171476319498239826e-01,-9.188402986313773391e-02,1.080254618349023810e+00,-4.582187390443441810e-01,-7.647587771265387246e-01,5.960214235978501529e-01,-7.754069170249729970e-01,-8.092769052360058168e-01,-1.283645962745322056e+00,-4.196887180635389125e-01,-9.204096845965986651e-01,8.702213697222895838e-01,-4.194950232830883530e-01,8.246166097761833402e-01,2.344931282891807300e-01,-1.394434911648746667e+00,9.447313365937142216e-01,-7.369643750999199661e-01,1.159667015227612730e+00,-9.898908798046147650e-01,-1.120099352446805918e+00,-8.299046462421418857e-01,6.194726296053938430e-01,1.813851176366966800e-01,-5.659883168023950306e-01,-7.031152942494910407e-01,-3.856799064125516208e-01,-3.131800067808773042e-02,-8.826485971191795343e-01,-1.120325037773388877e+00
4.538114311605724871e-01,5.441148694030143451e-01,-2.325940255408903146e-01,8.743462339390176696e-01,1.304028612377228502e-01,5.683298387424489118e-01,-4.582187390443441810e-01,-7.647587771265387246e-01,2.226386376564379599e-01,1.289645446853545208e+00,9.857920158050426096e-01,7.897014355131553032e-01,-4.196887180635389125e-01,-9.204096845965986651e-01,3.035055701068750111e-01,-4.194950232830883530e-01,5.302232356350495834e-01,-1.481940461840704770e-01,8.164806098056404116e-01,-1.113901189737931618e+00,-7.369643750999199661e-01,1.159667015227612730e+00,1.087910542549141157e-01,1.040659682060507407e+00,-8.299046462421418857e-01,5.305998327827584626e-01,2.358050203166296432e-01,5.360338419481222028e-01,1.002035059363744152e+00,-3.856799064125516208e-01,-3.132418580631227134e-02,1.155962371602163419e+00,-2.519880024171129995e-01
4.538114311605724871e-01,5.441148694030143451e-01,1.537897810665886933e+00,8.743462339390176696e-01,-7.031729803905043541e-01,1.192730145261551994e-01,-4.582187390443441810e-01,4.371733533342772038e-01,-5.241269342263863429e-01,-7.754069170249729970e-01,-8.092769052360058168e-01,-1.283645962745322056e+00,-4.196887180635389125e-01,-9.204096845965986651e-01,-7.707280570323220281e-02,-4.194950232830883530e-01,-2.521954432678810698e-01,-6.376776414405541660e-01,-1.394434911648746667e+00,3.470638289490428630e-01,-7.369643750999199661e-01,-8.623164985025838503e-01,-9.898908798046147650e-01,1.040659682060507407e+00,1.204957707524648258e+00,4.351437850082108261e-01,1.119483325352974186e-02,-5.659883168023950306e-01,-7.031152942494910407e-01,-3.856799064125516208e-01,-3.132344842620472108e-02,-8.826485971191795343e-01,-5.414336808692048475e-01
4.538114311605724871e-01,5.441148694030143451e-01,-1.117839943644278966e+00,8.743462339390176696e-01,7.483113846250770418e-02,5.324052928051454803e-01,-4.582187390443441810e-01,1.639105483795093132e+00,-2.628321963783680770e-02,1.289645446853545208e+00,1.883326476325566823e+00,7.897014355131553032e-01,2.272654001589352379e+00,1.516270014335442173e+00,2.730593000420665772e-01,-4.194950232830883530e-01,4.672169836023699063e-01,-3.113552446028985399e-01,6.402482131679718691e-01,-1.113901189737931618e+00,-7.369643750999199661e-01,1.159667015227612730e+00,1.087910542549141157e-01,1.040659682060507407e+00,1.204957707524648258e+00,5.236590740306215075e-01,2.225181396183785187e-01,1.913561540386268911e+00,2.049856459866533420e+00,-3.856799064125516208e-01,-3.132614447222295539e-02,1.155962371602163419e+00,3.269033544870708630e-01
-7.305952349528556100e-01,5.441148694030143451e-01,-2.325940255408903146e-01,8.743462339390176696e-01,4.082614751137985665e-01,6.850846130386852861e-01,2.182363824940011909e+00,-7.647587771265387246e-01,-1.507441482849742054e-01,1.289645446853545208e+00,-8.092769052360058168e-01,-1.283645962745322056e+00,-4.196887180635389125e-01,-9.204096845965986651e-01,8.941308197151566217e-01,2.269672211625558322e+00,8.003367438676363133e-01,8.439744943425872559e-02,-1.394434911648746667e+00,-1.113901189737931618e+00,1.356917693429100291e+00,1.159667015227612730e+00,2.306154922373972127e+00,1.040659682060507407e+00,-8.299046462421418857e-01,5.524522511955894943e-01,2.993358757040473495e-01,-5.659883168023950306e-01,-7.031152942494910407e-01,3.151557412775952027e+00,-3.133006729050345079e-02,-8.826485971191795343e-01,1.774131746747530380e+00
1.961238097123117363e+00,5.441148694030143451e-01,1.537897810665886933e+00,-1.508641497838665746e+00,-1.474557526383528661e-01,1.282541510104810711e-01,-4.582187390443441810e-01,-7.647587771265387246e-01,-7.232644200618061348e-01,1.289645446853545208e+00,8.825755528451835474e-02,7.897014355131553032e-01,-4.196887180635389125e-01,-9.204096845965986651e-01,-3.861870198334416138e-01,-4.194950232830883530e-01,1.366908843070983003e-02,-1.091809643706291855e+00,2.236989120243916551e-01,-1.113901189737931618e+00,-7.369643750999199661e-01,-8.623164985025838503e-01,1.087910542549141157e-01,-1.120099352446805918e+00,-8.299046462421418857e-01,4.372631868312201187e-01,1.672269282466901652e-01,-2.904827771147657223e-01,4.640021807964611056e-01,-3.856799064125516208e-01,-3.133143671070318798e-02,-8.826485971191795343e-01,-2.519880024171129995e-01
-6.229219016698166467e-01,-1.837847219829066070e+00,-2.325940255408903146e-01,8.743462339390176696e-01,-4.808860892896437700e-01,-3.297838096901385407e-01,-4.582187390443441810e-01,-7.647587771265387246e-01,1.093865138186399744e+00,-7.754069170249729970e-01,9.857920158050426096e-01,-2.469722636160833762e-01,-4.196887180635389125e-01,-9.204096845965986651e-01,-1.991750346089749824e-01,-4.194950232830883530e-01,-4.765414042628563496e-01,1.017728684183804466e+00,4.533350652189294672e-01,1.210361339991345986e+00,-7.369643750999199661e-01,-8.623164985025838503e-01,-9.898908798046147650e-01,-1.120099352446805918e+00,-8.299046462421418857e-01,3.141674746833992282e-01,7.702708888115142316e-02,5.360338419481222028e-01,-2.008631737600759248e-02,-3.856799064125516208e-01,-3.130682095995235281e-02,1.366568872414919422e-01,-1.120325037773388877e+00
5.614847644436113949e-01,5.441148694030143451e-01,1.537897810665886933e+00,8.743462339390176696e-01,-9.188402986313773391e-02,2.988957442126726760e-01,-4.582187390443441810e-01,-7.647587771265387246e-01,-3.498816341203940250e-01,1.289645446853545208e+00,3.575178934406756381e-01,1.826375134642393983e+00,-4.196887180635389125e-01,-9.204096845965986651e-01,4.509930341275818905e-02,-4.194950232830883530e-01,1.803503678928857490e-01,-5.558204978270404606e-01,1.077090941803162449e+00,-1.113901189737931618e+00,-7.369643750999199661e-01,-8.623164985025838503e-01,1.087910542549141157e-01,1.040659682060507407e+00,-8.299046462421418857e-01,4.757610385917999674e-01,1.813851176366966800e-01,-1.003839547303014418e-01,6.212663151458733823e-01,-3.856799064125516208e-01,-3.132795329483992197e-02,2.175267855962834673e+00,-2.519880024171129995e-01
2.311809802841681069e-02,5.441148694030143451e-01,1.537897810665886933e+00,-3.171476319498239826e-01,-3.481759119151261572e+00,-1.591422164879469081e-01,-4.582187390443441810e-01,4.371733533342772038e-01,-3.262267364463408814e+00,-7.754069170249729970e-01,-8.092769052360058168e-01,-1.283645962745322056e+00,-4.196887180635389125e-01,-9.204096845965986651e-01,-2.104161921907736210e-01,-4.194950232830883530e-01,-1.545098302898014753e+00,-2.432450824047661442e+00,-1.394434911648746667e+00,-1.113901189737931618e+00,-7.369643750999199661e-01,-8.623164985025838503e-01,-9.898908798046147650e-01,-3.971983519314924160e-02,1.204957707524648258e+00,3.640017929845815181e-01,-3.974562670904782102e+00,-5.659883168023950306e-01,-7.031152942494910407e-01,-3.856799064125516208e-01,-3.135859687799798234e-02,-8.826485971191795343e-01,-5.414336808692048475e-01
-8.382685682358945733e-01,-1.837847219829066070e+00,-1.117839943644278966e+00,8.743462339390176696e-01,3.526897523385834066e-01,3.887071090559314768e-01,-4.582187390443441810e-01,1.639105483795093132e+00,5.213448664095676754e-01,1.289645446853545208e+00,-8.092769052360058168e-01,7.897014355131553032e-01,-4.196887180635389125e-01,1.238816149457046267e-01,6.337814127664290753e-01,-4.194950232830883530e-01,4.904042555450323637e-01,6.945690134749191724e-01,1.040776387344491294e+00,-1.113901189737931618e+00,-7.369643750999199661e-01,1.159667015227612730e+00,1.087910542549141157e-01,-1.120099352446805918e+00,1.204957707524648258e+00,4.947851895480503415e-01,2.869980914369990033e-01,-5.659883168023950306e-01,-7.031152942494910407e-01,-3.856799064125516208e-01,-3.132340211730907931e-02,1.155962371602163419e+00,3.269033544870708630e-01
-1.376635234651089057e+00,-1.837847219829066070e+00,-1.117839943644278966e+00,-3.171476319498239826e-01,1.304028612377228502e-01,3.844278616722233283e-02,-4.582187390443441810e-01,1.639105483795093132e+00,1.019188580998117155e+00,-7.754069170249729970e-01,4.472713394927279595e-01,-2.469722636160833762e-01,-4.196887180635389125e-01,1.238816149457046267e-01,4.982503097287300231e-01,-4.194950232830883530e-01,6.465680683865876466e-02,1.537539701382161894e+00,4.277012620716321711e-01,1.170516839481701155e+00,-7.369643750999199661e-01,-8.623164985025838503e-01,-9.898908798046147650e-01,-1.120099352446805918e+00,1.204957707524648258e+00,4.156109581559349064e-01,2.358050203166296432e-01,-2.599745901464164607e-02,-2.167039072505710651e-01,-3.856799064125516208e-01,-3.131632041849839732e-02,-3.729958549388437961e-01,-5.414336808692048475e-01
5.614847644436113949e-01,5.441148694030143451e-01,1.537897810665886933e+00,-1.508641497838665746e+00,-3.481759119151261572e+00,-1.793709056635256260e+00,-4.582187390443441810e-01,-7.647587771265387246e-01,-7.606759109669175567e-02,1.289645446853545208e+00,9.857920158050426096e-01,1.826375134642393983e+00,-4.196887180635389125e-01,-9.204096845965986651e-01,-1.698336686654289496e+00,-4.194950232830883530e-01,-1.545098302898014753e+00,-3.793851680114266323e-01,1.297114418817463699e+00,-1.113901189737931618e+00,-7.369643750999199661e-01,-8.623164985025838503e-01,1.087910542549141157e-01,-1.120099352446805918e+00,-8.299046462421418857e-01,-2.004287226947851330e+00,-3.974562670904782102e+00,5.360338419481222028e-01,1.160653696909161203e+00,-3.856799064125516208e-01,-3.135859687799798234e-02,-8.826485971191795343e-01,-2.519880024171129995e-01
-8.455523525462210754e-02,5.441148694030143451e-01,6.526518925624983369e-01,8.743462339390176696e-01,-8.526445700315014864e-03,-1.793709056635256260e+00,-4.582187390443441810e-01,-7.647587771265387246e-01,-2.752050769321116030e-01,-7.754069170249729970e-01,5.370247855447803920e-01,-2.469722636160833762e-01,-4.196887180635389125e-01,-9.204096845965986651e-01,-1.698336686654289496e+00,-4.194950232830883530e-01,-1.545098302898014753e+00,-2.898056523589022659e-01,-1.287658812509454020e-01,4.798788306478587451e-01,-7.369643750999199661e-01,-8.623164985025838503e-01,-9.898908798046147650e-01,1.040659682060507407e+00,-8.299046462421418857e-01,-2.004287226947851330e+00,2.021964911831932998e-01,5.389914749477092704e-02,4.200722597612726456e-02,-3.856799064125516208e-01,-3.132792186552386254e-02,1.366568872414919422e-01,-1.120325037773388877e+00
-8.382685682358945733e-01,5.441148694030143451e-01,1.537897810665886933e+00,8.743462339390176696e-01,2.415463067881531423e-01,9.904432535057651199e-01,-4.582187390443441810e-01,-7.647587771265387246e-01,-1.258519625555467036e-01,-7.754069170249729970e-01,-8.092769052360058168e-01,-1.283645962745322056e+00,-4.196887180635389125e-01,1.238816149457046267e-01,1.276793399026462605e+00,-4.194950232830883530e-01,9.763657717046028139e-01,1.596840412671094167e-01,-1.394434911648746667e+00,5.595678316671482966e-01,-7.369643750999199661e-01,1.159667015227612730e+00,-9.898908798046147650e-01,1.040659682060507407e+00,-8.299046462421418857e-01,6.050850089656190089e-01,2.617808193191699107e-01,-5.659883168023950306e-01,-7.031152942494910407e-01,-3.856799064125516208e-01,-3.132855139003359185e-02,-8.826485971191795343e-01,-1.120325037773388877e+00
-1.161288568085011352e+00,5.441148694030143451e-01,6.526518925624983369e-01,8.743462339390176696e-01,-2.863850595763907658e-01,-1.793709056635256260e+00,-4.582187390443441810e-01,-7.647587771265387246e-01,3.470995663035753576e-01,1.289645446853545208e+00,9.857920158050426096e-01,7.897014355131553032e-01,-4.196887180635389125e-01,1.516270014335442173e+00,-1.698336686654289496e+00,-4.194950232830883530e-01,-1.545098302898014753e+00,7.586786613066246465e-01,8.965862446409442743e-01,-1.113901189737931618e+00,-7.369643750999199661e-01,-8.623164985025838503e-01,1.087910542549141157e-01,1.040659682060507407e+00,-8.299046462421418857e-01,-2.004287226947851330e+00,1.307814272084459051e-01,5.360338419481222028e-01,9.436394993084962213e-01,-3.856799064125516208e-01,-3.131830813878831721e-02,1.155962371602163419e+00,-2.519880024171129995e-01
9.921780975757670262e-01,5.441148694030143451e-01,1.537897810665886933e+00,8.743462339390176696e-01,1.925941568729255815e-02,-1.793709056635256260e+00,-4.582187390443441810e-01,4.371733533342772038e-01,-2.752050769321116030e-01,-7.754069170249729970e-01,5.370247855447803920e-01,1.826375134642393983e+00,-4.196887180635389125e-01,-9.204096845965986651e-01,-1.698336686654289496e+00,-4.194950232830883530e-01,-1.545098302898014753e+00,-6.299080605634672647e-01,1.136903149146855974e+00,4.798788306478587451e-01,-7.369643750999199661e-01,-8.623164985025838503e-01,-9.898908798046147650e-01,1.040659682060507407e+00,1.204957707524648258e+00,-2.004287226947851330e+00,2.090236430261879219e-01,5.389914749477092704e-02,4.200722597612726456e-02,-3.856799064125516208e-01,-3.132816531800381582e-02,2.175267855962834673e+00,-5.414336808692048475e-01
2.311809802841681069e-02,5.441148694030143451e-01,-2.325940255408903146e-01,8.743462339390176696e-01,1.304028612377228502e-01,3.621916243413246139e+00,2.182363824940011909e+00,-7.647587771265387246e-01,-1.507441482849742054e-01,1.289645446853545208e+00,8.825755528451835474e-02,7.897014355131553032e-01,-4.196887180635389125e-01,-9.204096845965986651e-01,3.231421874672633976e+00,2.077588837703511881e+00,3.213148418529505612e+00,-2.418606600911752946e-01,5.921848322667895292e-01,-1.113901189737931618e+00,-7.369643750999199661e-01,1.159667015227612730e+00,1.207472988314443052e+00,1.040659682060507407e+00,-8.299046462421418857e-01,9.068471952100611855e-01,2.358050203166296432e-01,-2.904827771147657223e-01,2.509569274150571516e-01,5.860174309237025092e+00,-3.132787270685002956e-02,1.155962371602163419e+00,6.163490329391627665e-01
1.315198097424883805e+00,5.441148694030143451e-01,1.537897810665886933e+00,-1.508641497838665746e+00,-1.474557526383528661e-01,-1.793709056635256260e+00,-4.582187390443441810e-01,4.371733533342772038e-01,-2.752050769321116030e-01,-7.754069170249729970e-01,-1.258044135496267701e+00,-2.469722636160833762e-01,-4.196887180635389125e-01,-9.204096845965986651e-01,-1.698336686654289496e+00,-4.194950232830883530e-01,-1.545098302898014753e+00,-7.118418225400214849e-01,-1.074043786281976970e-01,4.798788306478587451e-01,-7.369643750999199661e-01,-8.623164985025838503e-01,-9.898908798046147650e-01,-1.120099352446805918e+00,1.204957707524648258e+00,-2.004287226947851330e+00,1.672269282466901652e-01,-4.971119318804877452e-01,-9.514894676580304411e-01,-3.856799064125516208e-01,-3.132664374000410784e-02,-8.826485971191795343e-01,-5.414336808692048475e-01
7.768314310096892106e-01,5.441148694030143451e-01,6.526518925624983369e-01,8.743462339390176696e-01,-8.526445700315014864e-03,-1.793709056635256260e+00,-4.582187390443441810e-01,-7.647587771265387246e-01,-6.485878628735237683e-01,1.289645446853545208e+00,-8.092769052360058168e-01,1.826375134642393983e+00,-4.196887180635389125e-01,1.516270014335442173e+00,-1.698336686654289496e+00,-4.194950232830883530e-01,-1.545098302898014753e+00,-8.035136136039532362e-01,8.485228637397619345e-01,-1.113901189737931618e+00,-7.369643750999199661e-01,-8.623164985025838503e-01,1.087910542549141157e-01,1.040659682060507407e+00,-8.299046462421418857e-01,-2.004287226947851330e+00,2.021964911831932998e-01,-5.659883168023950306e-01,-7.031152942494910407e-01,-3.856799064125516208e-01,-3.133175624208312665e-02,2.175267855962834673e+00,-2.519880024171129995e-01
-1.922285685376610154e-01,5.441148694030143451e-01,-1.117839943644278966e+00,-3.171476319498239826e-01,2.415463067881531423e-01,1.149937671424470544e-02,-4.582187390443441810e-01,-7.647587771265387246e-01,6.706979807861325193e-01,-7.754069170249729970e-01,-9.124933681958644072e-02,-2.469722636160833762e-01,9.264826417629067334e-01,1.238816149457046267e-01,8.118199958876399711e-03,-4.194950232830883530e-01,8.978646805400503084e-02,4.429515265487599107e-01,2.845791944992224765e-01,9.845758371033590528e-01,-7.369643750999199661e-01,-8.623164985025838503e-01,-9.898908798046147650e-01,-3.971983519314924160e-02,-8.299046462421418857e-01,4.089089566643048790e-01,2.617808193191699107e-01,-3.896647714023122600e-01,-4.006924013445020694e-01,-3.856799064125516208e-01,-3.132092078991564887e-02,-3.729958549388437961e-01,-1.120325037773388877e+00
1.207524764141844953e+00,5.441148694030143451e-01,1.537897810665886933e+00,8.743462339390176696e-01,2.971180295633683022e-01,4.336127914775608216e-01,-4.582187390443441810e-01,-7.647587771265387246e-01,2.226386376564379599e-01,1.289645446853545208e+00,2.780860936846091036e+00,1.826375134642393983e+00,-4.196887180635389125e-01,-9.204096845965986651e-01,-1.395534583810974921e-02,-4.194950232830883530e-01,5.021799905106777429e-01,-3.941909299539956835e-01,1.510729445044940666e+00,-1.113901189737931618e+00,-7.369643750999199661e-01,1.159667015227612730e+00,1.087910542549141157e-01,1.040659682060507407e+00,-8.299046462421418857e-01,5.040068215092396997e-01,2.744814924872576167e-01,3.842100318199674014e+00,2.707185412976979233e+00,-3.856799064125516208e-01,-3.132570394182782048e-02,2.175267855962834673e+00,-2.519880024171129995e-01
6.691580977266503583e-01,5.441148694030143451e-01,1.537897810665886933e+00,-1.508641497838665746e+00,1.519695930618101487e+00,-1.793709056635256260e+00,-4.582187390443441810e-01,4.371733533342772038e-01,2.226386376564379599e-01,1.289645446853545208e+00,5.370247855447803920e-01,7.897014355131553032e-01,-4.196887180635389125e-01,-9.204096845965986651e-01,-1.698336686654289496e+00,-4.194950232830883530e-01,-1.545098302898014753e+00,-2.243359387795233195e-01,8.244911732891707645e-01,-1.113901189737931618e+00,1.356917693429100291e+00,-8.623164985025838503e-01,1.207472988314443052e+00,-1.120099352446805918e+00,1.204957707524648258e+00,-2.004287226947851330e+00,5.150164152972586118e-01,5.389914749477092704e-02,5.757474709604353258e-01,-3.856799064125516208e-01,-3.133374443733608072e-02,-8.826485971191795343e-01,1.484686068295438144e+00
1.307914313114557359e-01,5.441148694030143451e-01,-2.325940255408903146e-01,8.743462339390176696e-01,5.471907820518364662e-01,4.336127914775608216e-01,-4.582187390443441810e-01,-7.647587771265387246e-01,-8.726175344383709787e-01,1.289645446853545208e+00,9.857920158050426096e-01,7.897014355131553032e-01,-4.196887180635389125e-01,-9.204096845965986651e-01,2.922958070375590856e-01,-4.194950232830883530e-01,6.376616422803705886e-01,-7.806661826003271631e-01,1.115510232549662417e-01,-1.113901189737931618e+00,1.356917693429100291e+00,1.159667015227612730e+00,1.207472988314443052e+00,1.040659682060507407e+00,-8.299046462421418857e-01,5.040068215092396997e-01,3.294305656233620927e-01,5.360338419481222028e-01,1.775505322858407453e+00,-3.856799064125516208e-01,-3.133744169698134824e-02,1.155962371602163419e+00,9.057947113912546699e-01
-5.152485683867777944e-01,-1.837847219829066070e+00,-2.325940255408903146e-01,-3.171476319498239826e-01,-3.631230708792258788e-02,1.149937671424470544e-02,-4.582187390443441810e-01,-7.647587771265387246e-01,8.200510951626973633e-01,-7.754069170249729970e-01,-8.092769052360058168e-01,-1.283645962745322056e+00,-4.196887180635389125e-01,-9.204096845965986651e-01,1.125950297515191517e-01,-4.194950232830883530e-01,-3.221985813644421409e-02,7.348743175031372532e-01,-1.394434911648746667e+00,1.064264838122648493e+00,-7.369643750999199661e-01,-8.623164985025838503e-01,-9.898908798046147650e-01,-1.120099352446805918e+00,-8.299046462421418857e-01,4.089089566643048790e-01,1.953149391505394350e-01,-5.659883168023950306e-01,-7.031152942494910407e-01,-3.856799064125516208e-01,-3.131633627613511495e-02,-8.826485971191795343e-01,-1.120325037773388877e+00
-1.376635234651089057e+00,5.441148694030143451e-01,-2.325940255408903146e-01,8.743462339390176696e-01,-1.474557526383528661e-01,3.348202901499762185e-01,-4.582187390443441810e-01,-7.647587771265387246e-01,1.728542661975830119e-01,1.289645446853545208e+00,8.825755528451835474e-02,7.897014355131553032e-01,-4.196887180635389125e-01,-9.204096845965986651e-01,8.535805591436301798e-01,-4.194950232830883530e-01,1.812001631996849049e-01,7.527741324018476510e-01,8.004594828385795946e-01,-1.113901189737931618e+00,-7.369643750999199661e-01,-8.623164985025838503e-01,1.087910542549141157e-01,1.040659682060507407e+00,-8.299046462421418857e-01,4.834664920030388724e-01,1.672269282466901652e-01,-2.904827771147657223e-01,1.617271512881570672e-01,-3.856799064125516208e-01,-3.132185076930502771e-02,1.155962371602163419e+00,-2.519880024171129995e-01
-4.075752351037388310e-01,5.441148694030143451e-01,-1.117839943644278966e+00,8.743462339390176696e-01,6.861200889898743105e-01,3.887071090559314768e-01,-4.582187390443441810e-01,1.639105483795093132e+00,-7.606759109669175567e-02,-7.754069170249729970e-01,1.524312692117357093e+00,7.897014355131553032e-01,-4.196887180635389125e-01,1.516270014335442173e+00,4.472119648127717562e-01,-4.194950232830883530e-01,6.674044780183407966e-01,-9.833349924904274605e-03,6.146144100206748506e-01,5.861308320069114064e-01,1.356917693429100291e+00,1.159667015227612730e+00,1.087910542549141157e-01,1.040659682060507407e+00,1.204957707524648258e+00,4.947851895480503415e-01,3.585117714792993016e-01,1.296429131485979269e+00,5.083345500036330344e-01,-3.856799064125516208e-01,-3.133133020024320842e-02,1.155962371602163419e+00,6.163490329391630995e-01
1.099851430858805879e+00,5.441148694030143451e-01,-1.117839943644278966e+00,-1.508641497838665746e+00,4.082614751137985665e-01,1.214971665613912011e+00,-4.582187390443441810e-01,-7.647587771265387246e-01,6.706979807861325193e-01,-7.754069170249729970e-01,-8.092769052360058168e-01,-2.469722636160833762e-01,-4.196887180635389125e-01,1.238816149457046267e-01,6.124876389677059718e-01,-4.194950232830883530e-01,1.301715974879134041e+00,-9.618641418806901655e-02,2.931237955483216862e-01,9.845758371033590528e-01,1.356917693429100291e+00,1.159667015227612730e+00,1.087910542549141157e-01,-1.120099352446805918e+00,-8.299046462421418857e-01,6.402347246755488719e-01,2.993358757040473495e-01,-5.659883168023950306e-01,-7.031152942494910407e-01,-3.856799064125516208e-01,-3.132253547940489630e-02,-8.826485971191795343e-01,3.745767603497900805e-02
5.614847644436113949e-01,5.441148694030143451e-01,1.537897810665886933e+00,8.743462339390176696e-01,1.464124207842886438e+00,-1.793709056635256260e+00,2.182363824940011909e+00,1.639105483795093132e+00,-2.752050769321116030e-01,1.289645446853545208e+00,-8.092769052360058168e-01,-1.283645962745322056e+00,-4.196887180635389125e-01,1.516270014335442173e+00,-1.698336686654289496e+00,2.999589032529333732e+00,-1.545098302898014753e+00,-5.077017715136913356e-01,-1.394434911648746667e+00,-1.113901189737931618e+00,1.356917693429100291e+00,-8.623164985025838503e-01,2.306154922373972127e+00,1.040659682060507407e+00,1.204957707524648258e+00,-2.004287226947851330e+00,5.054204253427680982e-01,-5.659883168023950306e-01,-7.031152942494910407e-01,-3.856799064125516208e-01,-3.133705543665379900e-02,-8.826485971191795343e-01,2.353023103651714187e+00
2.384647645944946437e-01,5.441148694030143451e-01,1.537897810665886933e+00,8.743462339390176696e-01,-3.481759119151261572e+00,-1.793709056635256260e+00,-4.582187390443441810e-01,1.639105483795093132e+00,-3.262267364463408814e+00,-7.754069170249729970e-01,-8.092769052360058168e-01,-1.283645962745322056e+00,-4.196887180635389125e-01,-9.204096845965986651e-01,-1.698336686654289496e+00,-4.194950232830883530e-01,-1.545098302898014753e+00,-2.432450824047661442e+00,-1.394434911648746667e+00,-1.113901189737931618e+00,-7.369643750999199661e-01,-8.623164985025838503e-01,-9.898908798046147650e-01,1.040659682060507407e+00,1.204957707524648258e+00,-2.004287226947851330e+00,-3.974562670904782102e+00,-5.659883168023950306e-01,-7.031152942494910407e-01,-3.856799064125516208e-01,-3.135859687799798234e-02,-8.826485971191795343e-01,-5.414336808692048475e-01
-4.075752351037388310e-01,-1.837847219829066070e+00,-1.117839943644278966e+00,8.743462339390176696e-01,-4.253143665144286101e-01,4.874996103835160799e-01,-4.582187390443441810e-01,1.639105483795093132e+00,6.955901665155600488e-01,-7.754069170249729970e-01,-8.092769052360058168e-01,-2.469722636160833762e-01,-4.196887180635389125e-01,1.238816149457046267e-01,5.443355663195110772e-01,-4.194950232830883530e-01,1.508503308140010102e-01,5.768943195892011211e-01,3.038045468596955456e-01,9.978573372732405522e-01,-7.369643750999199661e-01,1.159667015227612730e+00,-9.898908798046147650e-01,-1.120099352446805918e+00,1.204957707524648258e+00,5.148314011711022653e-01,9.272988894116553082e-02,-5.659883168023950306e-01,-7.031152942494910407e-01,-3.856799064125516208e-01,-3.131241006944320004e-02,1.366568872414919422e-01,-5.414336808692048475e-01
-1.161288568085011352e+00,-1.837847219829066070e+00,-1.117839943644278966e+00,-1.508641497838665746e+00,-9.188402986313773391e-02,1.192730145261551994e-01,-4.582187390443441810e-01,-7.647587771265387246e-01,8.449432808921248927e-01,-7.754069170249729970e-01,-6.297700131319009520e-01,7.897014355131553032e-01,-4.196887180635389125e-01,1.238816149457046267e-01,4.884843620703923639e-01,-4.194950232830883530e-01,3.224318585074836818e-02,1.198834452389974325e+00,1.245846812522869440e+00,1.077546338292530104e+00,-7.369643750999199661e-01,-8.623164985025838503e-01,-9.898908798046147650e-01,-1.120099352446805918e+00,-8.299046462421418857e-01,4.351437850082108261e-01,1.813851176366966800e-01,-5.549680952148898783e-01,-6.306977641713384930e-01,-3.856799064125516208e-01,-3.131538156841610215e-02,-8.826485971191795343e-01,-1.120325037773388877e+00
1.315198097424883805e+00,-1.837847219829066070e+00,-1.117839943644278966e+00,-9.128945648942448088e-01,6.861200889898743105e-01,2.360277888223915876e-01,-4.582187390443441810e-01,-7.647587771265387246e-01,-4.245581913086764470e-01,-7.754069170249729970e-01,1.524312692117357093e+00,1.826375134642393983e+00,-4.196887180635389125e-01,1.238816149457046267e-01,-1.866332472243237284e-01,-4.194950232830883530e-01,5.126203328513530000e-01,-7.978722726154034994e-01,9.852364805253472912e-01,4.001898296285691936e-01,1.356917693429100291e+00,-8.623164985025838503e-01,1.087910542549141157e-01,-1.120099352446805918e+00,-8.299046462421418857e-01,4.619540074348978398e-01,3.585117714792993016e-01,1.296429131485979269e+00,6.558154006083611876e-01,-3.856799064125516208e-01,-3.133431249312263606e-02,-1.181694838486759130e-01,3.745767603497900805e-02
-1.161288568085011352e+00,-1.837847219829066070e+00,-2.325940255408903146e-01,-3.171476319498239826e-01,-2.030274754135680260e-01,1.372352874948069568e-01,-4.582187390443441810e-01,-7.647587771265387246e-01,1.068972952456972214e+00,-7.754069170249729970e-01,-8.092769052360058168e-01,-2.469722636160833762e-01,-4.196887180635389125e-01,1.238816149457046267e-01,5.090178930443330918e-01,-4.194950232830883530e-01,-5.147807648414181626e-03,1.396904558377481731e+00,4.640158165303033266e-01,1.197079839821464375e+00,-7.369643750999199661e-01,-8.623164985025838503e-01,-9.898908798046147650e-01,-1.120099352446805918e+00,-8.299046462421418857e-01,4.393727538076080963e-01,1.528327581978870808e-01,-5.659883168023950306e-01,-7.031152942494910407e-01,-3.856799064125516208e-01,-3.131147953892227109e-02,-3.729958549388437961e-01,-1.120325037773388877e+00
-1.922285685376610154e-01,-1.837847219829066070e+00,-1.117839943644278966e+00,-1.508641497838665746e+00,2.971180295633683022e-01,-3.340630570738466892e-02,-4.582187390443441810e-01,1.639105483795093132e+00,9.445120238098347887e-01,-7.754069170249729970e-01,-7.195234591839534399e-01,7.897014355131553032e-01,-4.196887180635389125e-01,1.238816149457046267e-01,-3.433092657378946505e-02,-4.194950232830883530e-01,7.291196124756478547e-02,6.431377661472450491e-01,1.311533433087818556e+00,1.130672338972056545e+00,-7.369643750999199661e-01,-8.623164985025838503e-01,-9.898908798046147650e-01,-1.120099352446805918e+00,1.204957707524648258e+00,3.975146041236708450e-01,2.744814924872576167e-01,-5.632332614055187703e-01,-6.677585001525107034e-01,-3.856799064125516208e-01,-3.131889040504971106e-02,-8.826485971191795343e-01,-5.414336808692048475e-01
8.845047642927281739e-01,-1.837847219829066070e+00,-2.325940255408903146e-01,-9.128945648942448088e-01,9.639787028659499990e-01,-6.034971516036229111e-02,-4.582187390443441810e-01,-7.647587771265387246e-01,-3.747738198498214990e-01,-7.754069170249729970e-01,-8.092769052360058168e-01,-1.283645962745322056e+00,-4.196887180635389125e-01,-9.204096845965986651e-01,-3.240804483257923030e-01,-4.194950232830883530e-01,3.293073452418223135e-01,-6.618886579801223080e-01,-1.394434911648746667e+00,4.267528299683323589e-01,1.356917693429100291e+00,-8.623164985025838503e-01,1.087910542549141157e-01,-1.120099352446805918e+00,-8.299046462421418857e-01,3.905383413793532821e-01,4.138916512505173007e-01,-5.659883168023950306e-01,-7.031152942494910407e-01,-3.856799064125516208e-01,-3.133543085295242142e-02,-8.826485971191795343e-01,3.745767603497900805e-02
8.845047642927281739e-01,5.441148694030143451e-01,1.537897810665886933e+00,8.743462339390176696e-01,7.416918117650894704e-01,-4.195951745333972860e-01,-4.582187390443441810e-01,4.371733533342772038e-01,-8.477253487089435602e-01,1.289645446853545208e+00,6.267782315968328799e-01,-2.469722636160833762e-01,-4.196887180635389125e-01,1.516270014335442173e+00,-6.089003940933565007e-01,-4.194950232830883530e-01,-1.334668989750856793e-01,-9.518945300084261651e-01,-3.754912365436812727e-01,-1.113901189737931618e+00,1.356917693429100291e+00,-8.623164985025838503e-01,1.207472988314443052e+00,1.040659682060507407e+00,1.204957707524648258e+00,2.855661659265789631e-01,3.698754908347927639e-01,1.393058647979361631e-01,1.259547561746151123e+00,-3.856799064125516208e-01,-3.133820573072557819e-02,1.366568872414919422e-01,1.484686068295438144e+00
-9.459419015189334257e-01,5.441148694030143451e-01,-2.325940255408903146e-01,-1.508641497838665746e+00,2.693321681757607222e-01,-1.793709056635256260e+00,-4.582187390443441810e-01,-7.647587771265387246e-01,-5.241269342263863429e-01,-7.754069170249729970e-01,-8.092769052360058168e-01,-1.283645962745322056e+00,-4.196887180635389125e-01,-9.204096845965986651e-01,-1.698336686654289496e+00,-4.194950232830883530e-01,-1.545098302898014753e+00,-1.191876109096119268e-01,-1.394434911648746667e+00,3.470638289490428630e-01,-7.369643750999199661e-01,-8.623164985025838503e-01,-9.898908798046147650e-01,-1.120099352446805918e+00,-8.299046462421418857e-01,-2.004287226947851330e+00,2.681545029392731205e-01,-5.659883168023950306e-01,-7.031152942494910407e-01,-3.856799064125516208e-01,-3.133256098778075538e-02,-8.826485971191795343e-01,-1.120325037773388877e+00
2.384647645944946437e-01,5.441148694030143451e-01,-1.117839943644278966e+00,-3.171476319498239826e-01,1.304028612377228502e-01,1.911221064007622150e-01,-4.582187390443441810e-01,1.639105483795093132e+00,7.951589094332699448e-01,-7.754069170249729970e-01,-8.092769052360058168e-01,-2.469722636160833762e-01,-4.196887180635389125e-01,1.516270014335442173e+00,4.389674946498051816e-02,-4.194950232830883530e-01,1.988030659833815716e-01,3.220598364016228343e-01,3.465275521051909280e-01,1.050983337952766883e+00,-7.369643750999199661e-01,-8.623164985025838503e-01,-9.898908798046147650e-01,-3.971983519314924160e-02,1.204957707524648258e+00,4.518286252358736377e-01,2.358050203166296432e-01,-5.659883168023950306e-01,-7.031152942494910407e-01,-3.856799064125516208e-01,-3.131853255882104808e-02,-3.729958549388437961e-01,-5.414336808692048475e-01
-4.075752351037388310e-01,5.441148694030143451e-01,-2.325940255408903146e-01,8.743462339390176696e-01,6.861200889898743105e-01,1.372352874948069568e-01,-4.582187390443441810e-01,-7.647587771265387246e-01,2.226386376564379599e-01,1.289645446853545208e+00,-8.092769052360058168e-01,-1.283645962745322056e+00,-4.196887180635389125e-01,-9.204096845965986651e-01,1.999882518865258030e-01,-4.194950232830883530e-01,4.124658859785961251e-01,2.172870382741040052e-01,-1.394434911648746667e+00,-1.113901189737931618e+00,1.356917693429100291e+00,-8.623164985025838503e-01,1.207472988314443052e+00,1.040659682060507407e+00,-8.299046462421418857e-01,4.393727538076080963e-01,3.585117714792993016e-01,-5.659883168023950306e-01,-7.031152942494910407e-01,-3.856799064125516208e-01,-3.132877394920369901e-02,-8.826485971191795343e-01,9.057947113912546699e-01
6.691580977266503583e-01,5.441148694030143451e-01,6.526518925624983369e-01,-1.508641497838665746e+00,-2.863850595763907658e-01,-1.793709056635256260e+00,-4.582187390443441810e-01,-7.647587771265387246e-01,2.973151948447204096e-01,-7.754069170249729970e-01,1.344805800013252117e+00,-2.469722636160833762e-01,-4.196887180635389125e-01,-9.204096845965986651e-01,-1.698336686654289496e+00,-4.194950232830883530e-01,-1.545098302898014753e+00,-1.770191912380633670e-01,1.072787227304166369e-01,7.853533345551352296e-01,-7.369643750999199661e-01,-8.623164985025838503e-01,-9.898908798046147650e-01,-1.120099352446805918e+00,-8.299046462421418857e-01,-2.004287226947851330e+00,1.307814272084459051e-01,1.020923591798349905e+00,2.986605384982846112e-01,-3.856799064125516208e-01,-3.131886384553603242e-02,-8.826485971191795343e-01,-1.120325037773388877e+00
-7.305952349528556100e-01,5.441148694030143451e-01,-2.325940255408903146e-01,-3.171476319498239826e-01,9.639787028659499990e-01,5.683298387424489118e-01,-4.582187390443441810e-01,-7.647587771265387246e-01,1.068972952456972214e+00,-7.754069170249729970e-01,-8.092769052360058168e-01,-1.283645962745322056e+00,-4.196887180635389125e-01,-9.204096845965986651e-01,7.720218429658712855e-01,-4.194950232830883530e-01,1.009143590681141456e+00,1.071001972639171296e+00,-1.394434911648746667e+00,1.197079839821464375e+00,1.356917693429100291e+00,1.159667015227612730e+00,1.087910542549141157e-01,-3.971983519314924160e-02,-8.299046462421418857e-01,5.305998327827584626e-01,4.138916512505173007e-01,-5.659883168023950306e-01,-7.031152942494910407e-01,-3.856799064125516208e-01,-3.132384784042964443e-02,-8.826485971191795343e-01,3.745767603497900805e-02
-1.922285685376610154e-01,5.441148694030143451e-01,-2.325940255408903146e-01,8.743462339390176696e-01,9.639787028659499990e-01,1.179047119676608357e+00,-4.582187390443441810e-01,-7.647587771265387246e-01,-9.224019058972259266e-01,1.289645446853545208e+00,1.434559246065304716e+00,-1.283645962745322056e+00,-4.196887180635389125e-01,-9.204096845965986651e-01,1.111795489808187432e+00,-4.194950232830883530e-01,1.669555943393622899e+00,-7.217684129333347132e-01,-1.394434911648746667e+00,-1.113901189737931618e+00,1.356917693429100291e+00,1.159667015227612730e+00,1.207472988314443052e+00,1.040659682060507407e+00,-8.299046462421418857e-01,6.347902180727085231e-01,4.138916512505173007e-01,1.155921306245288216e+00,2.460387335480326509e+00,-3.856799064125516208e-01,-3.133982440942658515e-02,-8.826485971191795343e-01,9.057947113912546699e-01
-1.699655234500205836e+00,5.441148694030143451e-01,-2.325940255408903146e-01,8.743462339390176696e-01,-1.474557526383528661e-01,7.389714319446405444e-01,-4.582187390443441810e-01,-7.647587771265387246e-01,9.694042095392622072e-01,-7.754069170249729970e-01,-8.092769052360058168e-01,-1.283645962745322056e+00,-4.196887180635389125e-01,-9.204096845965986651e-01,1.577842215845771667e+00,-4.194950232830883530e-01,5.089783529650708793e-01,1.801152903346137091e+00,-1.394434911648746667e+00,1.143953839141937934e+00,-7.369643750999199661e-01,1.159667015227612730e+00,-9.898908798046147650e-01,1.040659682060507407e+00,-8.299046462421418857e-01,5.621942854384790467e-01,1.672269282466901652e-01,-5.659883168023950306e-01,-7.031152942494910407e-01,-3.856799064125516208e-01,-3.131332993250666302e-02,-8.826485971191795343e-01,-1.120325037773388877e+00
-2.022675234349322615e+00,5.441148694030143451e-01,-1.117839943644278966e+00,8.743462339390176696e-01,-1.474557526383528661e-01,-1.544403273873291849e-02,-4.582187390443441810e-01,-7.647587771265387246e-01,-2.628321963783680770e-02,1.289645446853545208e+00,6.267782315968328799e-01,7.897014355131553032e-01,-4.196887180635389125e-01,1.516270014335442173e+00,7.991273520904378369e-01,-4.194950232830883530e-01,-1.028742679303163016e-01,1.082507564746517659e+00,6.626777909218571905e-01,-1.113901189737931618e+00,-7.369643750999199661e-01,-8.623164985025838503e-01,1.087910542549141157e-01,1.040659682060507407e+00,-8.299046462421418857e-01,4.021066721342696493e-01,1.672269282466901652e-01,1.393058647979361631e-01,7.651363079457220717e-01,-3.856799064125516208e-01,-3.132398097850461888e-02,1.155962371602163419e+00,-2.519880024171129995e-01
4.538114311605724871e-01,5.441148694030143451e-01,-1.117839943644278966e+00,8.743462339390176696e-01,7.483113846250770418e-02,1.462164239791328424e-01,-4.582187390443441810e-01,1.639105483795093132e+00,-1.391033908409332418e-03,1.289645446853545208e+00,1.165298907909147585e+00,7.897014355131553032e-01,3.618825361415798358e+00,1.516270014335442173e+00,-5.423810315462587045e-02,-4.194950232830883530e-01,1.331260287007616228e-01,-2.950391247610154033e-01,6.690862417086813618e-01,-1.113901189737931618e+00,-7.369643750999199661e-01,-8.623164985025838503e-01,1.087910542549141157e-01,1.040659682060507407e+00,1.204957707524648258e+00,4.414725767909474241e-01,2.225181396183785187e-01,7.674584952857310682e-01,1.300436371246060263e+00,-3.856799064125516208e-01,-3.132589483833237570e-02,1.155962371602163419e+00,3.269033544870708630e-01
2.384647645944946437e-01,5.441148694030143451e-01,-2.325940255408903146e-01,-1.508641497838665746e+00,1.304028612377228502e-01,-1.793709056635256260e+00,-4.582187390443441810e-01,-7.647587771265387246e-01,-4.245581913086764470e-01,-7.754069170249729970e-01,-8.092769052360058168e-01,-1.283645962745322056e+00,-4.196887180635389125e-01,-9.204096845965986651e-01,-1.698336686654289496e+00,-4.194950232830883530e-01,-1.545098302898014753e+00,-5.059832455739289303e-01,-1.394434911648746667e+00,4.001898296285691936e-01,-7.369643750999199661e-01,-8.623164985025838503e-01,-9.898908798046147650e-01,-1.120099352446805918e+00,-8.299046462421418857e-01,-2.004287226947851330e+00,2.358050203166296432e-01,-5.659883168023950306e-01,-7.031152942494910407e-01,-3.856799064125516208e-01,-3.133057643391104485e-02,-8.826485971191795343e-01,-1.120325037773388877e+00
2.311809802841681069e-02,5.441148694030143451e-01,6.526518925624983369e-01,8.743462339390176696e-01,1.519695930618101487e+00,-1.793709056635256260e+00,-4.582187390443441810e-01,-7.647587771265387246e-01,4.715604949507127275e-01,-7.754069170249729970e-01,5.370247855447803920e-01,7.897014355131553032e-01,-4.196887180635389125e-01,1.516270014335442173e+00,-1.698336686654289496e+00,-4.194950232830883530e-01,-1.545098302898014753e+00,1.962573727001218071e-01,9.847024429597784900e-01,8.783238357443062805e-01,1.356917693429100291e+00,-8.623164985025838503e-01,1.087910542549141157e-01,1.040659682060507407e+00,-8.299046462421418857e-01,-2.004287226947851330e+00,5.150164152972586118e-01,5.389914749477092704e-02,-1.060303608236644324e-01,-3.856799064125516208e-01,-3.133196926300308577e-02,1.155962371602163419e+00,3.745767603497900805e-02
-1.053615234801972278e+00,5.441148694030143451e-01,-1.117839943644278966e+00,-3.171476319498239826e-01,-1.474557526383528661e-01,1.821409699164363294e-01,-4.582187390443441810e-01,-7.647587771265387246e-01,9.694042095392622072e-01,-7.754069170249729970e-01,-8.092769052360058168e-01,-2.469722636160833762e-01,-4.196887180635389125e-01,1.238816149457046267e-01,5.090178930443330918e-01,-4.194950232830883530e-01,5.737284706609463436e-02,1.223843304156073675e+00,4.212928112848078888e-01,1.143953839141937934e+00,-7.369643750999199661e-01,-8.623164985025838503e-01,-9.898908798046147650e-01,-3.971983519314924160e-02,-8.299046462421418857e-01,4.497762024827584026e-01,1.672269282466901652e-01,-5.659883168023950306e-01,-7.031152942494910407e-01,-3.856799064125516208e-01,-3.131332993250666302e-02,-3.729958549388437961e-01,-1.120325037773388877e+00
7.768314310096892106e-01,-1.837847219829066070e+00,-2.325940255408903146e-01,8.743462339390176696e-01,5.471907820518364662e-01,9.634998440527874353e-01,-4.582187390443441810e-01,1.639105483795093132e+00,9.817770900930057609e-02,1.289645446853545208e+00,1.075545461857095209e+00,7.897014355131553032e-01,2.272654001589352379e+00,1.516270014335442173e+00,5.234923493046517162e-01,-4.194950232830883530e-01,1.156947274399422021e+00,-3.381029820486078363e-01,7.347728622736307003e-01,-1.113901189737931618e+00,1.356917693429100291e+00,1.159667015227612730e+00,1.207472988314443052e+00,-1.120099352446805918e+00,1.204957707524648258e+00,6.006784070872307479e-01,3.294305656233620927e-01,6.489911132200503197e-01,1.153116395841975672e+00,-3.856799064125516208e-01,-3.132884740469334128e-02,1.155962371602163419e+00,1.484686068295438144e+00
2.311809802841681069e-02,5.441148694030143451e-01,-2.325940255408903146e-01,8.743462339390176696e-01,-8.526445700315014864e-03,2.180655158537398164e-01,-4.582187390443441810e-01,-7.647587771265387246e-01,-2.254207054732566273e-01,-7.754069170249729970e-01,9.857920158050426096e-01,7.897014355131553032e-01,-4.196887180635389125e-01,-9.204096845965986651e-01,1.329500757623454099e-01,-4.194950232830883530e-01,1.544923107002830753e-01,-2.944348240261311922e-01,5.281003243985463724e-01,5.064418309876218549e-01,-7.369643750999199661e-01,-8.623164985025838503e-01,-9.898908798046147650e-01,1.040659682060507407e+00,-8.299046462421418857e-01,4.579308761554964913e-01,2.021964911831932998e-01,5.360338419481222028e-01,2.742269816019975437e-01,-3.856799064125516208e-01,-3.132741061531596483e-02,1.155962371602163419e+00,-1.120325037773388877e+00
5.614847644436113949e-01,5.441148694030143451e-01,1.537897810665886933e+00,8.743462339390176696e-01,-8.526445700315014864e-03,2.001032428850880729e-01,-4.582187390443441810e-01,-7.647587771265387246e-01,9.817770900930057609e-02,1.289645446853545208e+00,1.434559246065304716e+00,1.826375134642393983e+00,-4.196887180635389125e-01,-9.204096845965986651e-01,-3.720883345735991748e-02,-4.194950232830883530e-01,1.393173945074411280e-01,-2.671081399469448781e-01,1.435964185865323595e+00,-1.113901189737931618e+00,-7.369643750999199661e-01,-8.623164985025838503e-01,1.087910542549141157e-01,1.040659682060507407e+00,-8.299046462421418857e-01,4.538718235859399708e-01,2.021964911831932998e-01,1.155921306245288216e+00,1.506684336811778824e+00,-3.856799064125516208e-01,-3.132408748896459844e-02,2.175267855962834673e+00,-2.519880024171129995e-01
-6.229219016698166467e-01,-1.837847219829066070e+00,-1.117839943644278966e+00,-3.171476319498239826e-01,-9.188402986313773391e-02,2.270466523380657020e-01,-4.582187390443441810e-01,-7.647587771265387246e-01,1.019188580998117155e+00,-7.754069170249729970e-01,-6.297700131319009520e-01,-2.469722636160833762e-01,-4.196887180635389125e-01,1.238816149457046267e-01,3.710582318131691593e-01,-4.194950232830883530e-01,1.211074950760308022e-01,9.585827497569792133e-01,4.405181636452809579e-01,1.170516839481701155e+00,-7.369643750999199661e-01,-8.623164985025838503e-01,-9.898908798046147650e-01,-1.120099352446805918e+00,-8.299046462421418857e-01,4.599468921761789564e-01,1.813851176366966800e-01,-5.549680952148898783e-01,-6.336279532496452704e-01,-3.856799064125516208e-01,-3.131354819164595960e-02,-3.729958549388437961e-01,-1.120325037773388877e+00
2.311809802841681069e-02,5.441148694030143451e-01,-1.117839943644278966e+00,8.743462339390176696e-01,-1.474557526383528661e-01,-1.052553975819916637e-01,-4.582187390443441810e-01,-7.647587771265387246e-01,-4.494503770381039209e-01,-7.754069170249729970e-01,4.472713394927279595e-01,7.897014355131553032e-01,9.264826417629067334e-01,1.516270014335442173e+00,-1.613638681974708944e-01,-4.194950232830883530e-01,-1.757138656559576462e-01,-4.521573158309980522e-01,3.935228578752356654e-01,3.869083294586876387e-01,-7.369643750999199661e-01,-8.623164985025838503e-01,-9.898908798046147650e-01,1.040659682060507407e+00,-8.299046462421418857e-01,3.786679315486112252e-01,1.672269282466901652e-01,-2.599745901464164607e-02,3.503531935413315562e-02,-3.856799064125516208e-01,-3.132850767305375012e-02,1.155962371602163419e+00,-1.120325037773388877e+00
1.422871430707922658e+00,5.441148694030143451e-01,1.537897810665886933e+00,8.743462339390176696e-01,-1.474557526383528661e-01,-1.793709056635256260e+00,2.182363824940011909e+00,-7.647587771265387246e-01,4.715604949507127275e-01,-7.754069170249729970e-01,5.370247855447803920e-01,1.826375134642393983e+00,-4.196887180635389125e-01,-9.204096845965986651e-01,-1.698336686654289496e+00,1.885505463781465885e+00,-1.545098302898014753e+00,-3.137904863703437353e-01,1.777748227829286876e+00,8.783238357443062805e-01,-7.369643750999199661e-01,-8.623164985025838503e-01,1.087910542549141157e-01,1.040659682060507407e+00,-8.299046462421418857e-01,-2.004287226947851330e+00,1.672269282466901652e-01,5.389914749477092704e-02,-1.060303608236644324e-01,-3.856799064125516208e-01,-3.131865545550564095e-02,2.175267855962834673e+00,-2.519880024171129995e-01
-1.922285685376610154e-01,5.441148694030143451e-01,-1.117839943644278966e+00,-1.508641497838665746e+00,1.297409039517240847e+00,-6.462896254407044135e-03,2.182363824940011909e+00,-7.647587771265387246e-01,7.702667237038424153e-01,-7.754069170249729970e-01,-3.605096749757437102e-01,-2.469722636160833762e-01,-4.196887180635389125e-01,1.516270014335442173e+00,-8.861450654189868825e-03,2.884339008176105779e+00,5.325298228963616376e-01,5.157465227663909912e-01,3.305064251381301665e-01,1.037701837782885272e+00,1.356917693429100291e+00,-8.623164985025838503e-01,1.207472988314443052e+00,-1.120099352446805918e+00,-8.299046462421418857e-01,4.043854281217822422e-01,4.759756344185143706e-01,-4.971119318804877452e-01,-5.187393741118635493e-01,2.446384450558927171e+00,-3.132850148058514972e-02,-8.826485971191795343e-01,9.057947113912546699e-01
-2.999019018206999232e-01,5.441148694030143451e-01,-1.117839943644278966e+00,8.743462339390176696e-01,4.082614751137985665e-01,8.916507521781804613e-01,-4.582187390443441810e-01,-7.647587771265387246e-01,1.044080766727544685e+00,1.289645446853545208e+00,6.267782315968328799e-01,-2.469722636160833762e-01,-4.196887180635389125e-01,1.516270014335442173e+00,8.898947616982129105e-01,-4.194950232830883530e-01,9.957896644314404577e-01,7.776657738631610473e-01,4.362458631207313253e-01,-1.113901189737931618e+00,1.356917693429100291e+00,1.159667015227612730e+00,1.207472988314443052e+00,1.040659682060507407e+00,-8.299046462421418857e-01,5.887142727189652591e-01,2.993358757040473495e-01,1.393058647979361631e-01,4.022925211963303549e-01,-3.856799064125516208e-01,-3.131911192890555334e-02,1.366568872414919422e-01,9.057947113912546699e-01
1.207524764141844953e+00,-1.837847219829066070e+00,-1.117839943644278966e+00,8.743462339390176696e-01,6.861200889898743105e-01,2.270466523380657020e-01,-4.582187390443441810e-01,1.639105483795093132e+00,-4.245581913086764470e-01,-7.754069170249729970e-01,8.825755528451835474e-02,7.897014355131553032e-01,3.618825361415798358e+00,1.516270014335442173e+00,-1.701681314783199950e-01,-4.194950232830883530e-01,5.035153831356478094e-01,-7.727249102856764695e-01,4.159524356291209868e-01,4.001898296285691936e-01,1.356917693429100291e+00,-8.623164985025838503e-01,1.087910542549141157e-01,-1.120099352446805918e+00,1.204957707524648258e+00,4.599468921761789564e-01,3.585117714792993016e-01,-2.904827771147657223e-01,-1.804496423810863226e-01,-3.856799064125516208e-01,-3.133431249312263606e-02,1.155962371602163419e+00,6.163490329391630995e-01
-2.238021900915400320e+00,-1.837847219829066070e+00,-2.325940255408903146e-01,8.743462339390176696e-01,-7.031729803905043541e-01,4.156505185089090504e-01,-4.582187390443441810e-01,-7.647587771265387246e-01,4.715604949507127275e-01,1.289645446853545208e+00,8.825755528451835474e-02,7.897014355131553032e-01,-4.196887180635389125e-01,-9.204096845965986651e-01,1.592628323078202124e+00,-4.194950232830883530e-01,-5.188654952236737561e-02,1.869071679721439061e+00,9.927130064433088430e-01,-1.113901189737931618e+00,-7.369643750999199661e-01,1.159667015227612730e+00,1.087910542549141157e-01,-1.120099352446805918e+00,-8.299046462421418857e-01,5.003405849646818115e-01,1.119483325352974186e-02,-2.904827771147657223e-01,9.299795031827771952e-02,-3.856799064125516208e-01,-3.131066717100717406e-02,1.155962371602163419e+00,-2.519880024171129995e-01
-9.459419015189334257e-01,5.441148694030143451e-01,-2.325940255408903146e-01,8.743462339390176696e-01,-1.474557526383528661e-01,2.270466523380657020e-01,-4.582187390443441810e-01,-7.647587771265387246e-01,2.226386376564379599e-01,-7.754069170249729970e-01,-8.092769052360058168e-01,-1.283645962745322056e+00,-4.196887180635389125e-01,-9.204096845965986651e-01,5.090178930443330918e-01,-4.194950232830883530e-01,9.379264592891529972e-02,5.117023563098559436e-01,-1.394434911648746667e+00,7.455088340454903983e-01,-7.369643750999199661e-01,-8.623164985025838503e-01,-9.898908798046147650e-01,1.040659682060507407e+00,-8.299046462421418857e-01,4.599468921761789564e-01,1.672269282466901652e-01,-5.659883168023950306e-01,-7.031152942494910407e-01,-3.856799064125516208e-01,-3.132131821700512991e-02,-8.826485971191795343e-01,-1.120325037773388877e+00
1.315198097424883805e+00,5.441148694030143451e-01,-1.117839943644278966e+00,-3.171476319498239826e-01,9.639787028659499990e-01,4.156505185089090504e-01,-4.582187390443441810e-01,-7.647587771265387246e-01,-2.752050769321116030e-01,1.289645446853545208e+00,-8.092769052360058168e-01,7.897014355131553032e-01,3.618825361415798358e+00,1.168172914488007974e+00,-5.285418178804369982e-02,-4.194950232830883530e-01,8.440405025030210950e-01,-7.118418225400214849e-01,5.281003243985463724e-01,-1.113901189737931618e+00,1.356917693429100291e+00,1.159667015227612730e+00,1.207472988314443052e+00,-3.971983519314924160e-02,-8.299046462421418857e-01,5.003405849646818115e-01,4.138916512505173007e-01,-5.659883168023950306e-01,-7.031152942494910407e-01,-3.856799064125516208e-01,-3.133463202450257473e-02,1.366568872414919422e-01,9.057947113912546699e-01
-1.376635234651089057e+00,5.441148694030143451e-01,1.537897810665886933e+00,8.743462339390176696e-01,-5.920295348400740343e-01,-1.793709056635256260e+00,-4.582187390443441810e-01,4.371733533342772038e-01,-4.992347484969588689e-01,-7.754069170249729970e-01,-8.092769052360058168e-01,-1.283645962745322056e+00,-4.196887180635389125e-01,-9.204096845965986651e-01,-1.698336686654289496e+00,-4.194950232830883530e-01,-1.545098302898014753e+00,1.295779452704221846e-01,-1.394434911648746667e+00,3.603453291189244734e-01,-7.369643750999199661e-01,-8.623164985025838503e-01,-9.898908798046147650e-01,1.040659682060507407e+00,1.204957707524648258e+00,-2.004287226947851330e+00,4.473808668226344348e-02,-5.659883168023950306e-01,-7.031152942494910407e-01,-3.856799064125516208e-01,-3.132449304802375351e-02,-8.826485971191795343e-01,-5.414336808692048475e-01
-8.382685682358945733e-01,-1.837847219829066070e+00,-1.117839943644278966e+00,-3.171476319498239826e-01,-5.642436734524665098e-01,3.844278616722233283e-02,-4.582187390443441810e-01,-7.647587771265387246e-01,1.019188580998117155e+00,-7.754069170249729970e-01,-8.092769052360058168e-01,-2.469722636160833762e-01,-4.196887180635389125e-01,1.238816149457046267e-01,2.594908536001410138e-01,-4.194950232830883530e-01,-2.449114834953169118e-01,1.106018992096311493e+00,4.426543139075556077e-01,1.170516839481701155e+00,-7.369643750999199661e-01,-8.623164985025838503e-01,-9.898908798046147650e-01,-1.120099352446805918e+00,-8.299046462421418857e-01,4.156109581559349064e-01,5.292421632047194374e-02,-5.659883168023950306e-01,-7.031152942494910407e-01,-3.856799064125516208e-01,-3.130625459480801398e-02,-3.729958549388437961e-01,-1.120325037773388877e+00
3.461380978775335793e-01,5.441148694030143451e-01,1.537897810665886933e+00,8.743462339390176696e-01,4.082614751137985665e-01,1.282541510104810711e-01,-4.582187390443441810e-01,4.371733533342772038e-01,3.222073805741478836e-01,1.289645446853545208e+00,9.857920158050426096e-01,7.897014355131553032e-01,-4.196887180635389125e-01,1.168172914488007974e+00,-4.088447593321849205e-02,-4.194950232830883530e-01,2.734636536521639072e-01,-4.170989563704600306e-02,8.805651176738834573e-01,-1.113901189737931618e+00,1.356917693429100291e+00,-8.623164985025838503e-01,1.207472988314443052e+00,1.040659682060507407e+00,1.204957707524648258e+00,4.372631868312201187e-01,2.993358757040473495e-01,5.360338419481222028e-01,9.549964289192410805e-01,-3.856799064125516208e-01,-3.132573079320428305e-02,1.155962371602163419e+00,1.484686068295438144e+00
-1.053615234801972278e+00,5.441148694030143451e-01,-1.117839943644278966e+00,8.743462339390176696e-01,-3.697426437392134502e-01,8.108205238192475184e-01,-4.582187390443441810e-01,1.639105483795093132e+00,5.462370521389952049e-01,-7.754069170249729970e-01,-8.092769052360058168e-01,-2.469722636160833762e-01,9.264826417629067334e-01,1.238816149457046267e-01,1.211357986584803870e+00,-4.194950232830883530e-01,4.264268088760107545e-01,8.582138913356999188e-01,2.397200389914524443e-01,9.181683362539511117e-01,-7.369643750999199661e-01,1.159667015227612730e+00,-9.898908798046147650e-01,1.040659682060507407e+00,1.204957707524648258e+00,5.748671859765362990e-01,1.081522668181317537e-01,-5.659883168023950306e-01,-7.031152942494910407e-01,-3.856799064125516208e-01,-3.131494660913135275e-02,1.366568872414919422e-01,-5.414336808692048475e-01
1.638218097274000584e+00,5.441148694030143451e-01,1.537897810665886933e+00,8.743462339390176696e-01,-3.481759119151261572e+00,9.232960507317758414e-02,2.182363824940011909e+00,4.371733533342772038e-01,-3.262267364463408814e+00,-7.754069170249729970e-01,-8.092769052360058168e-01,-1.283645962745322056e+00,-4.196887180635389125e-01,-9.204096845965986651e-01,-3.547295511855626526e-01,-4.194950232830883530e-01,-1.545098302898014753e+00,-2.432450824047661442e+00,-1.394434911648746667e+00,-1.113901189737931618e+00,-7.369643750999199661e-01,-8.623164985025838503e-01,1.087910542549141157e-01,1.040659682060507407e+00,1.204957707524648258e+00,4.287256426293599709e-01,-3.974562670904782102e+00,-5.659883168023950306e-01,-7.031152942494910407e-01,-3.856799064125516208e-01,-3.135859687799798234e-02,-8.826485971191795343e-01,3.269033544870708630e-01
-1.591981901217166984e+00,5.441148694030143451e-01,-2.325940255408903146e-01,-3.171476319498239826e-01,1.304028612377228502e-01,-1.793709056635256260e+00,-4.582187390443441810e-01,-7.647587771265387246e-01,-2.752050769321116030e-01,-7.754069170249729970e-01,-8.092769052360058168e-01,-1.283645962745322056e+00,-4.196887180635389125e-01,-9.204096845965986651e-01,-1.698336686654289496e+00,-4.194950232830883530e-01,-1.545098302898014753e+00,4.793490246575756730e-01,-1.394434911648746667e+00,4.798788306478587451e-01,-7.369643750999199661e-01,-8.623164985025838503e-01,-9.898908798046147650e-01,-3.971983519314924160e-02,-8.299046462421418857e-01,-2.004287226947851330e+00,2.358050203166296432e-01,-5.659883168023950306e-01,-7.031152942494910407e-01,-3.856799064125516208e-01,-3.132910167369594434e-02,-8.826485971191795343e-01,-1.120325037773388877e+00
2.384647645944946437e-01,5.441148694030143451e-01,1.537897810665886933e+00,8.743462339390176696e-01,-1.474557526383528661e-01,-8.955954082026686969e-01,-4.582187390443441810e-01,-7.647587771265387246e-01,-2.752050769321116030e-01,1.289645446853545208e+00,5.370247855447803920e-01,7.897014355131553032e-01,-4.196887180635389125e-01,1.516270014335442173e+00,-9.099957653333530239e-01,-4.194950232830883530e-01,-8.167023256416013899e-01,-4.045902151279429648e-01,5.040686339479552025e-01,-1.113901189737931618e+00,-7.369643750999199661e-01,-8.623164985025838503e-01,1.087910542549141157e-01,1.040659682060507407e+00,-8.299046462421418857e-01,9.379671550365305255e-02,1.672269282466901652e-01,5.389914749477092704e-02,7.871297462017454727e-01,-3.856799064125516208e-01,-3.132664374000410784e-02,1.155962371602163419e+00,-2.519880024171129995e-01
2.176584763689195068e+00,5.441148694030143451e-01,6.526518925624983369e-01,-3.171476319498239826e-01,5.471907820518364662e-01,-1.793709056635256260e+00,-4.582187390443441810e-01,4.371733533342772038e-01,-2.005285197438291533e-01,-7.754069170249729970e-01,3.575178934406756381e-01,-2.469722636160833762e-01,-4.196887180635389125e-01,-9.204096845965986651e-01,-1.698336686654289496e+00,-4.194950232830883530e-01,-1.545098302898014753e+00,-8.594886760477717935e-01,-9.458747705454904897e-02,5.197233311575034653e-01,1.356917693429100291e+00,-8.623164985025838503e-01,1.087910542549141157e-01,-3.971983519314924160e-02,1.204957707524648258e+00,-2.004287226947851330e+00,3.294305656233620927e-01,-1.003839547303014418e-01,-7.296598010169659532e-02,-3.856799064125516208e-01,-3.133149180232042141e-02,-3.729958549388437961e-01,6.163490329391630995e-01
1.315198097424883805e+00,5.441148694030143451e-01,1.537897810665886933e+00,-1.508641497838665746e+00,-4.253143665144286101e-01,1.192730145261551994e-01,2.182363824940011909e+00,1.639105483795093132e+00,-7.979409772500886122e-01,1.289645446853545208e+00,3.575178934406756381e-01,7.897014355131553032e-01,-4.196887180635389125e-01,-9.204096845965986651e-01,-2.735896397579059558e-01,1.693422089859419666e+00,-1.229051573048676738e-01,-1.012948397803858480e+00,1.708291930330912423e-01,-1.113901189737931618e+00,-7.369643750999199661e-01,-8.623164985025838503e-01,1.207472988314443052e+00,-1.120099352446805918e+00,1.204957707524648258e+00,4.351437850082108261e-01,9.272988894116553082e-02,-1.003839547303014418e-01,8.596550048370391606e-01,1.141721870778446668e+00,-3.132983905380349460e-02,-8.826485971191795343e-01,1.195240389843346795e+00
-1.376635234651089057e+00,5.441148694030143451e-01,-1.117839943644278966e+00,-3.171476319498239826e-01,-1.474557526383528661e-01,-3.836706285960937990e-01,-4.582187390443441810e-01,-7.647587771265387246e-01,1.268110438292392006e+00,-7.754069170249729970e-01,-8.092769052360058168e-01,-2.469722636160833762e-01,-4.196887180635389125e-01,1.238816149457046267e-01,-7.826106104612795197e-03,-4.194950232830883530e-01,-4.015166186054457964e-01,1.768353104023430822e+00,5.494618270212940914e-01,1.303331841180517037e+00,-7.369643750999199661e-01,-8.623164985025838503e-01,-9.898908798046147650e-01,-3.971983519314924160e-02,-8.299046462421418857e-01,2.972234935562575453e-01,1.672269282466901652e-01,-5.659883168023950306e-01,-7.031152942494910407e-01,-3.856799064125516208e-01,-3.131013461870727627e-02,-3.729958549388437961e-01,-1.120325037773388877e+00
1.099851430858805879e+00,-1.837847219829066070e+00,6.526518925624983369e-01,8.743462339390176696e-01,2.075413158370253086e+00,-1.793709056635256260e+00,-4.582187390443441810e-01,-7.647587771265387246e-01,2.226386376564379599e-01,1.289645446853545208e+00,8.825755528451835474e-02,7.897014355131553032e-01,-4.196887180635389125e-01,1.238816149457046267e-01,-1.698336686654289496e+00,-4.194950232830883530e-01,-1.545098302898014753e+00,-3.623431191087820857e-01,8.325017367727011175e-01,-1.113901189737931618e+00,1.356917693429100291e+00,-8.623164985025838503e-01,1.207472988314443052e+00,-1.120099352446805918e+00,-8.299046462421418857e-01,-2.004287226947851330e+00,6.055316640105270487e-01,-2.904827771147657223e-01,1.494598825571265277e-01,-3.856799064125516208e-01,-3.133622968140226811e-02,1.155962371602163419e+00,9.057947113912546699e-01
4.538114311605724871e-01,5.441148694030143451e-01,-1.117839943644278966e+00,8.743462339390176696e-01,5.749766434394439907e-01,1.641786969477845859e-01,-4.582187390443441810e-01,-7.647587771265387246e-01,-6.485878628735237683e-01,-7.754069170249729970e-01,9.857920158050426096e-01,7.897014355131553032e-01,9.264826417629067334e-01,1.516270014335442173e+00,-3.901496812222144533e-02,-4.194950232830883530e-01,3.868506274450789206e-01,-7.192582406499682390e-01,2.557411659585132058e-01,2.806563280996349219e-01,1.356917693429100291e+00,-8.623164985025838503e-01,1.087910542549141157e-01,1.040659682060507407e+00,-8.299046462421418857e-01,4.456433479499082861e-01,3.353256752750357617e-01,5.360338419481222028e-01,4.309705541442171994e-01,-3.856799064125516208e-01,-3.133561688149553992e-02,1.155962371602163419e+00,3.745767603497900805e-02
1.207524764141844953e+00,5.441148694030143451e-01,1.537897810665886933e+00,8.743462339390176696e-01,6.861200889898743105e-01,3.258391536656503051e-01,2.182363824940011909e+00,4.371733533342772038e-01,-6.485878628735237683e-01,1.289645446853545208e+00,-8.092769052360058168e-01,-1.283645962745322056e+00,-4.196887180635389125e-01,-9.204096845965986651e-01,-9.545766878082823093e-02,2.461755585547604319e+00,6.036698300084046842e-01,-9.037559034774120814e-01,-1.394434911648746667e+00,-1.113901189737931618e+00,1.356917693429100291e+00,-8.623164985025838503e-01,2.306154922373972127e+00,1.040659682060507407e+00,1.204957707524648258e+00,4.815523381534405623e-01,3.585117714792993016e-01,-5.659883168023950306e-01,-7.031152942494910407e-01,1.957549688931385257e+00,-3.133622968140226811e-02,-8.826485971191795343e-01,2.353023103651714187e+00
1.307914313114557359e-01,-1.837847219829066070e+00,-2.325940255408903146e-01,-3.171476319498239826e-01,1.304028612377228502e-01,1.744858718189138624e+00,-4.582187390443441810e-01,1.639105483795093132e+00,4.715604949507127275e-01,-7.754069170249729970e-01,-8.092769052360058168e-01,-1.283645962745322056e+00,-4.196887180635389125e-01,-9.204096845965986651e-01,1.464200420259373470e+00,-4.194950232830883530e-01,1.563938526691442954e+00,1.484626782137983825e-01,-1.394434911648746667e+00,8.783238357443062805e-01,-7.369643750999199661e-01,1.159667015227612730e+00,-9.898908798046147650e-01,-1.120099352446805918e+00,1.204957707524648258e+00,7.137792181894450083e-01,2.358050203166296432e-01,-5.659883168023950306e-01,-7.031152942494910407e-01,-3.856799064125516208e-01,-3.132172787262043484e-02,-8.826485971191795343e-01,-5.414336808692048475e-01
2.311809802841681069e-02,5.441148694030143451e-01,-2.325940255408903146e-01,-3.171476319498239826e-01,9.639787028659499990e-01,9.455375710841357195e-01,-4.582187390443441810e-01,-7.647587771265387246e-01,1.093865138186399744e+00,-7.754069170249729970e-01,-8.092769052360058168e-01,-1.283645962745322056e+00,-4.196887180635389125e-01,-9.204096845965986651e-01,7.951564496719322195e-01,-4.194950232830883530e-01,1.417045337944732974e+00,6.343754054914193530e-01,-1.394434911648746667e+00,1.210361339991345986e+00,1.356917693429100291e+00,1.159667015227612730e+00,1.087910542549141157e-01,-3.971983519314924160e-02,-8.299046462421418857e-01,5.977167622957495485e-01,4.138916512505173007e-01,-5.659883168023950306e-01,-7.031152942494910407e-01,-3.856799064125516208e-01,-3.132364813331717929e-02,-8.826485971191795343e-01,3.745767603497900805e-02
8.845047642927281739e-01,5.441148694030143451e-01,-2.325940255408903146e-01,8.743462339390176696e-01,7.416918117650894704e-01,7.030468860073371129e-01,2.182363824940011909e+00,1.639105483795093132e+00,1.479620804681555379e-01,1.289645446853545208e+00,1.165298907909147585e+00,7.897014355131553032e-01,2.272654001589352379e+00,1.168172914488007974e+00,2.811619364302814783e-01,2.500172260332013785e+00,1.019826731680902210e+00,-3.413558520541023489e-01,7.652130035110460415e-01,-1.113901189737931618e+00,1.356917693429100291e+00,1.159667015227612730e+00,2.306154922373972127e+00,1.040659682060507407e+00,1.204957707524648258e+00,5.557228470836581558e-01,3.698754908347927639e-01,7.674584952857310682e-01,1.213325429267993139e+00,2.546709439202297087e+00,-3.132979701020087437e-02,1.155962371602163419e+00,2.353023103651714187e+00
9.921780975757670262e-01,5.441148694030143451e-01,1.537897810665886933e+00,8.743462339390176696e-01,9.639787028659499990e-01,6.042543846797524543e-01,2.182363824940011909e+00,4.371733533342772038e-01,-1.071755020273790882e+00,1.289645446853545208e+00,9.857920158050426096e-01,-1.283645962745322056e+00,-4.196887180635389125e-01,-9.204096845965986651e-01,1.726590999474001131e-01,2.653838959469650760e+00,1.047991376134816743e+00,-1.110586130825919060e+00,-1.394434911648746667e+00,-1.113901189737931618e+00,1.356917693429100291e+00,1.159667015227612730e+00,2.306154922373972127e+00,1.040659682060507407e+00,1.204957707524648258e+00,5.374362152590045349e-01,4.138916512505173007e-01,5.360338419481222028e-01,1.998302681699566818e+00,2.531852126746377607e+00,-3.134102265210135518e-02,-8.826485971191795343e-01,2.353023103651714187e+00
4.538114311605724871e-01,5.441148694030143451e-01,1.537897810665886933e+00,-1.508641497838665746e+00,-3.481759119151261572e+00,2.899146077283468181e-01,-4.582187390443441810e-01,4.371733533342772038e-01,-3.262267364463408814e+00,-7.754069170249729970e-01,-8.092769052360058168e-01,-1.283645962745322056e+00,-4.196887180635389125e-01,-9.204096845965986651e-01,6.754697710460853821e-02,-4.194950232830883530e-01,-1.545098302898014753e+00,-2.432450824047661442e+00,-1.394434911648746667e+00,-1.113901189737931618e+00,-7.369643750999199661e-01,-8.623164985025838503e-01,-9.898908798046147650e-01,-1.120099352446805918e+00,1.204957707524648258e+00,4.738140939987042777e-01,-3.974562670904782102e+00,-5.659883168023950306e-01,-7.031152942494910407e-01,-3.856799064125516208e-01,-3.135859687799798234e-02,-8.826485971191795343e-01,-5.414336808692048475e-01
-1.268961901368050205e+00,5.441148694030143451e-01,-1.117839943644278966e+00,-1.508641497838665746e+00,1.304028612377228502e-01,-1.771044894565986794e-01,-4.582187390443441810e-01,-7.647587771265387246e-01,4.715604949507127275e-01,-7.754069170249729970e-01,-8.092769052360058168e-01,-2.469722636160833762e-01,-4.196887180635389125e-01,1.238816149457046267e-01,1.936815245159583532e-01,-4.194950232830883530e-01,-1.247261472480087063e-01,9.473168574852030011e-01,2.076777850573308937e-01,8.783238357443062805e-01,-7.369643750999199661e-01,-8.623164985025838503e-01,-9.898908798046147650e-01,-1.120099352446805918e+00,-8.299046462421418857e-01,3.590060188904340976e-01,2.358050203166296432e-01,-5.659883168023950306e-01,-7.031152942494910407e-01,-3.856799064125516208e-01,-3.132172787262043484e-02,-8.826485971191795343e-01,-1.120325037773388877e+00
1.099851430858805879e+00,-1.837847219829066070e+00,-1.117839943644278966e+00,8.743462339390176696e-01,1.519695930618101487e+00,1.125160300770653210e+00,-4.582187390443441810e-01,-7.647587771265387246e-01,5.711292378684226234e-01,1.289645446853545208e+00,-8.092769052360058168e-01,-2.469722636160833762e-01,-4.196887180635389125e-01,1.238816149457046267e-01,5.435078083521240888e-01,-4.194950232830883530e-01,2.005832086227000488e+00,-1.553323486148941446e-01,2.504007903028263038e-01,-1.113901189737931618e+00,1.356917693429100291e+00,1.159667015227612730e+00,1.207472988314443052e+00,-1.120099352446805918e+00,-8.299046462421418857e-01,6.264992125729350603e-01,5.150164152972586118e-01,-5.659883168023950306e-01,-7.031152942494910407e-01,-3.856799064125516208e-01,-3.133125919326988640e-02,1.366568872414919422e-01,9.057947113912546699e-01
2.499604763538311847e+00,5.441148694030143451e-01,-1.117839943644278966e+00,8.743462339390176696e-01,-8.526445700315014864e-03,9.365564345998098617e-01,-4.582187390443441810e-01,1.639105483795093132e+00,7.702667237038424153e-01,1.289645446853545208e+00,-8.092769052360058168e-01,-2.469722636160833762e-01,3.618825361415798358e+00,1.238816149457046267e-01,4.461342302981764069e-02,-4.194950232830883530e-01,7.614889584139609147e-01,-4.414604080173922807e-01,3.358468007938170685e-01,-1.113901189737931618e+00,-7.369643750999199661e-01,1.159667015227612730e+00,1.087910542549141157e-01,1.040659682060507407e+00,1.204957707524648258e+00,5.962286730205860197e-01,2.021964911831932998e-01,-5.659883168023950306e-01,-7.031152942494910407e-01,-3.856799064125516208e-01,-3.131718561115792027e-02,1.366568872414919422e-01,3.269033544870708630e-01
-1.161288568085011352e+00,5.441148694030143451e-01,-2.325940255408903146e-01,8.743462339390176696e-01,-1.474557526383528661e-01,-2.220101718782280520e-01,-4.582187390443441810e-01,-7.647587771265387246e-01,-2.752050769321116030e-01,1.289645446853545208e+00,8.825755528451835474e-02,7.897014355131553032e-01,-4.196887180635389125e-01,1.516270014335442173e+00,9.834727356551960231e-02,-4.194950232830883530e-01,-2.704053426992913955e-01,2.084839224524372425e-01,5.120791974314856665e-01,-1.113901189737931618e+00,-7.369643750999199661e-01,-8.623164985025838503e-01,1.087910542549141157e-01,1.040659682060507407e+00,-8.299046462421418857e-01,3.462709881855754457e-01,1.672269282466901652e-01,-2.904827771147657223e-01,2.903813993846666719e-01,-3.856799064125516208e-01,-3.132664374000410784e-02,1.155962371602163419e+00,-2.519880024171129995e-01
6.691580977266503583e-01,5.441148694030143451e-01,1.537897810665886933e+00,-3.171476319498239826e-01,9.639787028659499990e-01,6.042543846797524543e-01,2.182363824940011909e+00,4.371733533342772038e-01,6.458057950567051009e-01,-7.754069170249729970e-01,-3.605096749757437102e-01,7.897014355131553032e-01,-4.196887180635389125e-01,-9.204096845965986651e-01,2.662088892774846505e-01,2.653838959469650760e+00,1.047991376134816743e+00,4.379229728875048272e-02,1.112871458696264693e+00,9.712943369334774424e-01,1.356917693429100291e+00,1.159667015227612730e+00,1.207472988314443052e+00,-3.971983519314924160e-02,1.204957707524648258e+00,5.374362152590045349e-01,4.138916512505173007e-01,-4.971119318804877452e-01,-5.129046930948500949e-01,2.677728728404324077e+00,-3.132724286134148939e-02,1.366568872414919422e-01,1.484686068295438144e+00
-6.229219016698166467e-01,5.441148694030143451e-01,-2.325940255408903146e-01,-3.171476319498239826e-01,1.304028612377228502e-01,4.066693820245831925e-01,-4.582187390443441810e-01,-7.647587771265387246e-01,7.204823522449874673e-01,-7.754069170249729970e-01,-8.092769052360058168e-01,-1.283645962745322056e+00,-4.196887180635389125e-01,-9.204096845965986651e-01,5.550044467880544952e-01,-4.194950232830883530e-01,3.881860200700490426e-01,7.219990120496787567e-01,-1.394434911648746667e+00,1.011138837443122274e+00,-7.369643750999199661e-01,1.159667015227612730e+00,-9.898908798046147650e-01,-3.971983519314924160e-02,-8.299046462421418857e-01,4.984963192805818566e-01,2.358050203166296432e-01,-5.659883168023950306e-01,-7.031152942494910407e-01,-3.856799064125516208e-01,-3.131926993892859834e-02,-8.826485971191795343e-01,-1.120325037773388877e+00
1.099851430858805879e+00,-1.837847219829066070e+00,6.526518925624983369e-01,8.743462339390176696e-01,-8.421022873285421984e-01,-1.793709056635256260e+00,-4.582187390443441810e-01,-7.647587771265387246e-01,3.470995663035753576e-01,-7.754069170249729970e-01,1.780110013365708566e-01,1.826375134642393983e+00,-4.196887180635389125e-01,-9.204096845965986651e-01,-1.698336686654289496e+00,-4.194950232830883530e-01,-1.545098302898014753e+00,-2.884107010752506861e-01,1.679485315764647657e+00,8.119163348948983394e-01,-7.369643750999199661e-01,-8.623164985025838503e-01,-9.898908798046147650e-01,-1.120099352446805918e+00,-8.299046462421418857e-01,-2.004287226947851330e+00,-3.265368080416956864e-02,-2.326266137803635059e-01,-2.502577260210444576e-01,-3.856799064125516208e-01,-3.130982629895470021e-02,2.175267855962834673e+00,-1.120325037773388877e+00
3.461380978775335793e-01,5.441148694030143451e-01,-2.325940255408903146e-01,-3.171476319498239826e-01,4.082614751137985665e-01,5.413864292894713381e-01,2.182363824940011909e+00,-7.647587771265387246e-01,2.226386376564379599e-01,-7.754069170249729970e-01,-8.092769052360058168e-01,-1.283645962745322056e+00,-4.196887180635389125e-01,1.168172914488007974e+00,3.153902983339275656e-01,2.269672211625558322e+00,6.643694947797724737e-01,-1.081193658706740002e-01,-1.394434911648746667e+00,7.455088340454903983e-01,1.356917693429100291e+00,1.159667015227612730e+00,1.207472988314443052e+00,-3.971983519314924160e-02,-8.299046462421418857e-01,5.254042234583207183e-01,2.993358757040473495e-01,-5.659883168023950306e-01,-7.031152942494910407e-01,2.361907179811927548e+00,-3.132664374000410784e-02,-8.826485971191795343e-01,9.057947113912546699e-01
1.207524764141844953e+00,5.441148694030143451e-01,1.537897810665886933e+00,8.743462339390176696e-01,6.861200889898743105e-01,3.168580171813244473e-01,-4.582187390443441810e-01,-7.647587771265387246e-01,-2.752050769321116030e-01,1.289645446853545208e+00,5.370247855447803920e-01,7.897014355131553032e-01,-4.196887180635389125e-01,-9.204096845965986651e-01,-1.022495290260547335e-01,-4.194950232830883530e-01,5.945648802926994936e-01,-6.853709148245191729e-01,5.040686339479552025e-01,-1.113901189737931618e+00,1.356917693429100291e+00,-8.623164985025838503e-01,1.207472988314443052e+00,1.040659682060507407e+00,-8.299046462421418857e-01,4.796300906059928204e-01,3.585117714792993016e-01,5.389914749477092704e-02,7.871297462017454727e-01,-3.856799064125516208e-01,-3.133303436760288829e-02,1.155962371602163419e+00,9.057947113912546699e-01
9.921780975757670262e-01,-1.837847219829066070e+00,1.537897810665886933e+00,-3.171476319498239826e-01,-3.481759119151261572e+00,-1.793709056635256260e+00,-4.582187390443441810e-01,-7.647587771265387246e-01,-3.262267364463408814e+00,-7.754069170249729970e-01,-8.092769052360058168e-01,-1.283645962745322056e+00,-4.196887180635389125e-01,-9.204096845965986651e-01,-1.698336686654289496e+00,-4.194950232830883530e-01,-1.545098302898014753e+00,-2.432450824047661442e+00,-1.394434911648746667e+00,-1.113901189737931618e+00,-7.369643750999199661e-01,-8.623164985025838503e-01,-9.898908798046147650e-01,-1.120099352446805918e+00,-8.299046462421418857e-01,-2.004287226947851330e+00,-3.974562670904782102e+00,-5.659883168023950306e-01,-7.031152942494910407e-01,-3.856799064125516208e-01,-3.135859687799798234e-02,-8.826485971191795343e-01,-1.120325037773388877e+00
2.311809802841681069e-02,5.441148694030143451e-01,-1.117839943644278966e+00,-3.171476319498239826e-01,-4.808860892896437700e-01,9.814621170214391510e-01,-4.582187390443441810e-01,-7.647587771265387246e-01,6.209136093272775714e-01,-7.754069170249729970e-01,-8.092769052360058168e-01,-2.469722636160833762e-01,-4.196887180635389125e-01,1.516270014335442173e+00,8.278579990008008149e-01,-4.194950232830883530e-01,4.805709098520707934e-01,3.014057005700331859e-01,2.717622929255739672e-01,9.580128367635958320e-01,-7.369643750999199661e-01,1.159667015227612730e+00,-9.898908798046147650e-01,-3.971983519314924160e-02,-8.299046462421418857e-01,6.036208825224800290e-01,7.702708888115142316e-02,-5.659883168023950306e-01,-7.031152942494910407e-01,-3.856799064125516208e-01,-3.131244234534016208e-02,-3.729958549388437961e-01,-1.120325037773388877e+00
-1.922285685376610154e-01,5.441148694030143451e-01,-2.325940255408903146e-01,8.743462339390176696e-01,1.304028612377228502e-01,8.826696156938546034e-01,-4.582187390443441810e-01,-7.647587771265387246e-01,-5.241269342263863429e-01,1.289645446853545208e+00,8.825755528451835474e-02,7.897014355131553032e-01,-4.196887180635389125e-01,-9.204096845965986651e-01,8.316312546925933580e-01,-4.194950232830883530e-01,8.064067103447730700e-01,-4.305884280628110572e-01,3.518679277608778855e-01,-1.113901189737931618e+00,-7.369643750999199661e-01,1.159667015227612730e+00,1.087910542549141157e-01,1.040659682060507407e+00,-8.299046462421418857e-01,5.871963719176656049e-01,2.358050203166296432e-01,-2.904827771147657223e-01,3.798856060183745109e-01,-3.856799064125516208e-01,-3.133155960738778084e-02,1.155962371602163419e+00,-2.519880024171129995e-01
-7.305952349528556100e-01,-1.837847219829066070e+00,-2.325940255408903146e-01,-1.508641497838665746e+00,1.304028612377228502e-01,-1.793709056635256260e+00,-4.582187390443441810e-01,-7.647587771265387246e-01,3.470995663035753576e-01,-7.754069170249729970e-01,9.857920158050426096e-01,7.897014355131553032e-01,-4.196887180635389125e-01,-9.204096845965986651e-01,-1.698336686654289496e+00,-4.194950232830883530e-01,-1.545098302898014753e+00,4.870931731913661356e-01,8.965862446409442743e-01,8.119163348948983394e-01,-7.369643750999199661e-01,-8.623164985025838503e-01,-9.898908798046147650e-01,-1.120099352446805918e+00,-8.299046462421418857e-01,-2.004287226947851330e+00,2.358050203166296432e-01,5.360338419481222028e-01,1.202621025295026319e-01,-3.856799064125516208e-01,-3.132295683946634962e-02,-8.826485971191795343e-01,-1.120325037773388877e+00
1.422871430707922658e+00,5.441148694030143451e-01,-1.117839943644278966e+00,8.743462339390176696e-01,9.639787028659499990e-01,7.748959778819440869e-01,-4.582187390443441810e-01,1.639105483795093132e+00,-5.739113056852412909e-01,1.289645446853545208e+00,5.370247855447803920e-01,7.897014355131553032e-01,3.618825361415798358e+00,1.238816149457046267e-01,1.861511037749824238e-01,-4.194950232830883530e-01,1.232518357039774859e+00,-9.070153809199925643e-01,3.118151103432259541e-01,-1.113901189737931618e+00,1.356917693429100291e+00,1.159667015227612730e+00,1.207472988314443052e+00,1.040659682060507407e+00,1.204957707524648258e+00,5.685748935850541974e-01,4.138916512505173007e-01,5.389914749477092704e-02,9.511934203798633192e-01,-3.856799064125516208e-01,-3.133702850985212174e-02,1.155962371602163419e+00,1.484686068295438144e+00
-4.075752351037388310e-01,-1.837847219829066070e+00,-1.117839943644278966e+00,-3.171476319498239826e-01,-8.526445700315014864e-03,2.719523347596951024e-01,-4.582187390443441810e-01,-7.647587771265387246e-01,9.694042095392622072e-01,-7.754069170249729970e-01,-4.502631210277961427e-01,-2.469722636160833762e-01,-4.196887180635389125e-01,1.238816149457046267e-01,3.324295266684431094e-01,-4.194950232830883530e-01,2.000170592788089174e-01,7.850880087716253231e-01,4.170205107602583117e-01,1.143953839141937934e+00,-7.369643750999199661e-01,-8.623164985025838503e-01,-9.898908798046147650e-01,-1.120099352446805918e+00,-8.299046462421418857e-01,4.698950105237615915e-01,2.021964911831932998e-01,-5.219074304523743102e-01,-5.625151773726102533e-01,-3.856799064125516208e-01,-3.131514061032631552e-02,-3.729958549388437961e-01,-1.120325037773388877e+00
1.315198097424883805e+00,-1.837847219829066070e+00,1.537897810665886933e+00,8.743462339390176696e-01,8.250493959279121547e-01,1.098216891317675525e+00,2.182363824940011909e+00,1.639105483795093132e+00,-2.628321963783680770e-02,1.289645446853545208e+00,1.793573030273514224e+00,7.897014355131553032e-01,2.272654001589352379e+00,1.168172914488007974e+00,4.555062668698210415e-01,2.557797272508627540e+00,1.484421965840951207e+00,-5.684577390810514608e-01,6.418503258646777176e-01,-1.113901189737931618e+00,1.356917693429100291e+00,1.159667015227612730e+00,2.306154922373972127e+00,-1.120099352446805918e+00,1.204957707524648258e+00,6.222963086686313927e-01,3.866455364140805040e-01,1.751013271970567553e+00,1.958090734729332816e+00,2.867953158017782833e+00,-3.133179747193860082e-02,1.155962371602163419e+00,2.353023103651714187e+00
-5.152485683867777944e-01,5.441148694030143451e-01,-2.325940255408903146e-01,8.743462339390176696e-01,1.304028612377228502e-01,1.268858484519867158e+00,-4.582187390443441810e-01,-7.647587771265387246e-01,-2.752050769321116030e-01,1.289645446853545208e+00,8.825755528451835474e-02,7.897014355131553032e-01,-4.196887180635389125e-01,-9.204096845965986651e-01,1.373940503865018092e+00,-4.194950232830883530e-01,1.145717836416718871e+00,-1.148958424251258909e-01,5.120791974314856665e-01,-1.113901189737931618e+00,-7.369643750999199661e-01,1.159667015227612730e+00,1.087910542549141157e-01,1.040659682060507407e+00,-8.299046462421418857e-01,6.482811447776725133e-01,2.358050203166296432e-01,-2.904827771147657223e-01,2.903813993846666719e-01,-3.856799064125516208e-01,-3.132910167369594434e-02,1.155962371602163419e+00,-2.519880024171129995e-01
1.745891430557039437e+00,5.441148694030143451e-01,-2.325940255408903146e-01,8.743462339390176696e-01,1.102908009803987843e+00,9.814621170214391510e-01,2.182363824940011909e+00,1.639105483795093132e+00,-3.996660055792489730e-01,1.289645446853545208e+00,1.973079922377619200e+00,7.897014355131553032e-01,3.618825361415798358e+00,1.168172914488007974e+00,2.504420708510659566e-01,2.749880646430673536e+00,1.549674105470171481e+00,-8.777576905425439335e-01,3.983291959653543768e-01,-1.113901189737931618e+00,1.356917693429100291e+00,1.159667015227612730e+00,2.306154922373972127e+00,1.040659682060507407e+00,1.204957707524648258e+00,6.036208825224800290e-01,4.403044196199014659e-01,2.081619919595723012e+00,2.509476169389927680e+00,2.748105993389583279e+00,-3.133632650909316114e-02,1.155962371602163419e+00,2.353023103651714187e+00
-9.459419015189334257e-01,5.441148694030143451e-01,-1.117839943644278966e+00,8.743462339390176696e-01,-5.920295348400740343e-01,7.436733210452582676e-02,-4.582187390443441810e-01,1.639105483795093132e+00,4.217761234918577795e-01,1.289645446853545208e+00,1.883326476325566823e+00,7.897014355131553032e-01,-4.196887180635389125e-01,1.238816149457046267e-01,3.422399914671035992e-01,-4.194950232830883530e-01,-2.320431545637869353e-01,6.799396809017138610e-01,9.286284985750657972e-01,-1.113901189737931618e+00,-7.369643750999199661e-01,-8.623164985025838503e-01,1.087910542549141157e-01,1.040659682060507407e+00,1.204957707524648258e+00,4.243959825921714279e-01,4.473808668226344348e-02,1.913561540386268911e+00,1.717282690912919740e+00,-3.856799064125516208e-01,-3.131312510469901056e-02,1.155962371602163419e+00,3.269033544870708630e-01
-9.459419015189334257e-01,5.441148694030143451e-01,-1.117839943644278966e+00,8.743462339390176696e-01,4.638331978890137264e-01,9.814621170214391510e-01,-4.582187390443441810e-01,1.639105483795093132e+00,3.968839377624303055e-01,1.289645446853545208e+00,-8.092769052360058168e-01,7.897014355131553032e-01,3.618825361415798358e+00,1.516270014335442173e+00,1.333096936131818566e+00,-4.194950232830883530e-01,1.118281587940060717e+00,6.589100153277317462e-01,9.606707525091873201e-01,-1.113901189737931618e+00,1.356917693429100291e+00,1.159667015227612730e+00,1.207472988314443052e+00,1.040659682060507407e+00,1.204957707524648258e+00,6.036208825224800290e-01,3.114998825751355560e-01,-5.659883168023950306e-01,-7.031152942494910407e-01,-3.856799064125516208e-01,-3.132551862951136329e-02,1.155962371602163419e+00,1.484686068295438144e+00
-1.053615234801972278e+00,5.441148694030143451e-01,-1.117839943644278966e+00,-1.508641497838665746e+00,1.304028612377228502e-01,2.988957442126726760e-01,-4.582187390443441810e-01,-7.647587771265387246e-01,1.193433881104109640e+00,1.289645446853545208e+00,-4.502631210277961427e-01,-2.469722636160833762e-01,-4.196887180635389125e-01,1.238816149457046267e-01,6.394524818447063774e-01,-4.194950232830883530e-01,2.934945430267152933e-01,1.417411816825683291e+00,5.131472725626229359e-01,-1.113901189737931618e+00,-7.369643750999199661e-01,-8.623164985025838503e-01,1.087910542549141157e-01,-1.120099352446805918e+00,-8.299046462421418857e-01,4.757610385917999674e-01,2.358050203166296432e-01,-5.219074304523743102e-01,-4.359750721834174669e-01,-3.856799064125516208e-01,-3.131459986491411107e-02,-8.826485971191795343e-01,-2.519880024171129995e-01
1.530544763990961732e+00,5.441148694030143451e-01,1.537897810665886933e+00,8.743462339390176696e-01,3.526897523385834066e-01,-1.793709056635256260e+00,-4.582187390443441810e-01,-7.647587771265387246e-01,-2.628321963783680770e-02,1.289645446853545208e+00,1.883326476325566823e+00,7.897014355131553032e-01,-4.196887180635389125e-01,-9.204096845965986651e-01,-1.698336686654289496e+00,-4.194950232830883530e-01,-1.545098302898014753e+00,-6.232810651094811139e-01,6.402482131679718691e-01,-1.113901189737931618e+00,-7.369643750999199661e-01,-8.623164985025838503e-01,1.087910542549141157e-01,1.040659682060507407e+00,-8.299046462421418857e-01,-2.004287226947851330e+00,2.869980914369990033e-01,1.913561540386268911e+00,2.049856459866533420e+00,-3.856799064125516208e-01,-3.132849609582984141e-02,1.155962371602163419e+00,-2.519880024171129995e-01
-7.305952349528556100e-01,5.441148694030143451e-01,-2.325940255408903146e-01,8.743462339390176696e-01,6.861200889898743105e-01,2.360277888223915876e-01,-4.582187390443441810e-01,-7.647587771265387246e-01,-8.228331629795160307e-01,1.289645446853545208e+00,5.370247855447803920e-01,7.897014355131553032e-01,-4.196887180635389125e-01,1.516270014335442173e+00,4.244809091409815771e-01,-4.194950232830883530e-01,5.126203328513530000e-01,-4.592417776378359129e-01,1.516038406726181731e-01,-1.113901189737931618e+00,1.356917693429100291e+00,-8.623164985025838503e-01,1.207472988314443052e+00,1.040659682060507407e+00,-8.299046462421418857e-01,4.619540074348978398e-01,3.585117714792993016e-01,5.389914749477092704e-02,1.118295310746464821e+00,-3.856799064125516208e-01,-3.133772082784198887e-02,1.155962371602163419e+00,9.057947113912546699e-01
-1.922285685376610154e-01,-1.837847219829066070e+00,-2.325940255408903146e-01,-3.171476319498239826e-01,4.082614751137985665e-01,-1.793709056635256260e+00,-4.582187390443441810e-01,-7.647587771265387246e-01,2.226386376564379599e-01,-7.754069170249729970e-01,-8.092769052360058168e-01,-1.283645962745322056e+00,-4.196887180635389125e-01,-9.204096845965986651e-01,-1.698336686654289496e+00,-4.194950232830883530e-01,-1.545098302898014753e+00,1.153740435694210614e-01,-1.394434911648746667e+00,7.455088340454903983e-01,1.356917693429100291e+00,-8.623164985025838503e-01,1.087910542549141157e-01,-1.120099352446805918e+00,-8.299046462421418857e-01,-2.004287226947851330e+00,2.993358757040473495e-01,-5.659883168023950306e-01,-7.031152942494910407e-01,-3.856799064125516208e-01,-3.132664374000410784e-02,-8.826485971191795343e-01,3.745767603497900805e-02
2.311809802841681069e-02,5.441148694030143451e-01,-2.325940255408903146e-01,-3.171476319498239826e-01,9.639787028659499990e-01,-4.238744219171054067e-02,-4.582187390443441810e-01,4.371733533342772038e-01,-2.628321963783680770e-02,-7.754069170249729970e-01,8.825755528451835474e-02,-2.469722636160833762e-01,-4.196887180635389125e-01,-9.204096845965986651e-01,-1.041361568719509773e-01,-4.194950232830883530e-01,3.487312379686599573e-01,-1.542370535329158632e-01,-1.661799248151996783e-02,6.126938323466746272e-01,1.356917693429100291e+00,-8.623164985025838503e-01,1.087910542549141157e-01,-3.971983519314924160e-02,1.204957707524648258e+00,3.952010578193693724e-01,4.138916512505173007e-01,-2.904827771147657223e-01,-2.442866685634869084e-01,-3.856799064125516208e-01,-3.133263495337795801e-02,-3.729958549388437961e-01,6.163490329391630995e-01
-1.161288568085011352e+00,-1.837847219829066070e+00,-2.325940255408903146e-01,-3.171476319498239826e-01,-1.474557526383528661e-01,5.952732481954265964e-01,-4.582187390443441810e-01,-7.647587771265387246e-01,-3.249894483909665510e-01,-7.754069170249729970e-01,-8.092769052360058168e-01,-1.283645962745322056e+00,-4.196887180635389125e-01,-9.204096845965986651e-01,1.032622932879820432e+00,-4.194950232830883530e-01,3.924349966040447946e-01,1.644683433441021803e-01,-1.394434911648746667e+00,4.533158303080955798e-01,-7.369643750999199661e-01,1.159667015227612730e+00,-9.898908798046147650e-01,-1.120099352446805918e+00,-8.299046462421418857e-01,5.357367334007617776e-01,1.672269282466901652e-01,-5.659883168023950306e-01,-7.031152942494910407e-01,-3.856799064125516208e-01,-3.132717629230400563e-02,-8.826485971191795343e-01,-1.120325037773388877e+00
8.845047642927281739e-01,-1.837847219829066070e+00,-1.117839943644278966e+00,8.743462339390176696e-01,9.639787028659499990e-01,-3.208026732058126829e-01,-4.582187390443441810e-01,1.639105483795093132e+00,3.470995663035753576e-01,-7.754069170249729970e-01,4.755436749991244660e+00,1.826375134642393983e+00,3.618825361415798358e+00,1.516270014335442173e+00,-5.305749090072763297e-01,-4.194950232830883530e-01,4.766090070267578471e-02,-2.192481164632372748e-01,1.570541652388634413e+00,8.119163348948983394e-01,1.356917693429100291e+00,-8.623164985025838503e-01,1.087910542549141157e-01,-1.120099352446805918e+00,1.204957707524648258e+00,3.169310750946423005e-01,4.138916512505173007e-01,1.002444462879007681e+01,1.849354635765389387e+00,-3.856799064125516208e-01,-3.132963934669103639e-02,2.175267855962834673e+00,6.163490329391630995e-01
-1.591981901217166984e+00,5.441148694030143451e-01,-2.325940255408903146e-01,-1.508641497838665746e+00,-1.474557526383528661e-01,1.250896211551215442e+00,-4.582187390443441810e-01,-7.647587771265387246e-01,9.694042095392622072e-01,-7.754069170249729970e-01,-8.092769052360058168e-01,-1.283645962745322056e+00,-4.196887180635389125e-01,-9.204096845965986651e-01,2.139064351898700256e+00,-4.194950232830883530e-01,9.241640600012265283e-01,1.692598961618090536e+00,-1.394434911648746667e+00,1.143953839141937934e+00,-7.369643750999199661e-01,1.159667015227612730e+00,-9.898908798046147650e-01,-1.120099352446805918e+00,-8.299046462421418857e-01,6.456147977345714217e-01,1.672269282466901652e-01,-5.659883168023950306e-01,-7.031152942494910407e-01,-3.856799064125516208e-01,-3.131332993250666302e-02,-8.826485971191795343e-01,-1.120325037773388877e+00
1.099851430858805879e+00,5.441148694030143451e-01,1.537897810665886933e+00,8.743462339390176696e-01,1.304028612377228502e-01,5.234241563208196224e-01,2.182363824940011909e+00,1.639105483795093132e+00,-2.628321963783680770e-02,-7.754069170249729970e-01,-8.092769052360058168e-01,-1.283645962745322056e+00,-4.196887180635389125e-01,1.168172914488007974e+00,8.134294322772492314e-02,2.077588837703511881e+00,4.907684535336605536e-01,-5.102079551758449405e-01,-1.394434911648746667e+00,6.126938323466746272e-01,-7.369643750999199661e-01,1.159667015227612730e+00,1.087910542549141157e-01,1.040659682060507407e+00,1.204957707524648258e+00,5.219071995403455899e-01,2.358050203166296432e-01,-5.659883168023950306e-01,-7.031152942494910407e-01,1.869120076289300769e+00,-3.132664374000410784e-02,-8.826485971191795343e-01,3.269033544870708630e-01
-1.922285685376610154e-01,5.441148694030143451e-01,-2.325940255408903146e-01,8.743462339390176696e-01,-3.697426437392134502e-01,1.277839621004193127e+00,-4.582187390443441810e-01,4.371733533342772038e-01,-8.726175344383709787e-01,1.289645446853545208e+00,8.825755528451835474e-02,7.897014355131553032e-01,-4.196887180635389125e-01,-9.204096845965986651e-01,1.205183568180052456e+00,-4.194950232830883530e-01,7.799416565044566818e-01,-6.853709148245191729e-01,1.275721502220270032e-01,-1.113901189737931618e+00,-7.369643750999199661e-01,1.159667015227612730e+00,1.087910542549141157e-01,1.040659682060507407e+00,1.204957707524648258e+00,6.496084767210242861e-01,1.081522668181317537e-01,-2.904827771147657223e-01,5.361950143044582617e-01,-3.856799064125516208e-01,-3.133120847400323178e-02,1.155962371602163419e+00,3.269033544870708630e-01
-1.484308567934127909e+00,5.441148694030143451e-01,-2.325940255408903146e-01,-1.508641497838665746e+00,1.304028612377228502e-01,1.372352874948069568e-01,-4.582187390443441810e-01,-7.647587771265387246e-01,1.728542661975830119e-01,-7.754069170249729970e-01,-8.092769052360058168e-01,-1.283645962745322056e+00,-4.196887180635389125e-01,-9.204096845965986651e-01,6.745694865217297664e-01,-4.194950232830883530e-01,1.514573274617146970e-01,8.324047563130856364e-01,-1.394434911648746667e+00,7.189458337057272885e-01,-7.369643750999199661e-01,-8.623164985025838503e-01,-9.898908798046147650e-01,-1.120099352446805918e+00,-8.299046462421418857e-01,4.393727538076080963e-01,2.358050203166296432e-01,-5.659883168023950306e-01,-7.031152942494910407e-01,-3.856799064125516208e-01,-3.132467739305063587e-02,-8.826485971191795343e-01,-1.120325037773388877e+00
-8.455523525462210754e-02,5.441148694030143451e-01,1.537897810665886933e+00,8.743462339390176696e-01,7.972635345403046303e-01,-1.793709056635256260e+00,-4.582187390443441810e-01,4.371733533342772038e-01,2.226386376564379599e-01,1.289645446853545208e+00,5.370247855447803920e-01,7.897014355131553032e-01,-4.196887180635389125e-01,-9.204096845965986651e-01,-1.698336686654289496e+00,-4.194950232830883530e-01,-1.545098302898014753e+00,6.730187625589087452e-02,8.244911732891707645e-01,-1.113901189737931618e+00,1.356917693429100291e+00,-8.623164985025838503e-01,1.207472988314443052e+00,1.040659682060507407e+00,1.204957707524648258e+00,-2.004287226947851330e+00,3.810916252434320417e-01,5.389914749477092704e-02,5.757474709604353258e-01,-3.856799064125516208e-01,-3.132954857073082244e-02,1.155962371602163419e+00,1.484686068295438144e+00
-1.376635234651089057e+00,-1.837847219829066070e+00,-1.117839943644278966e+00,-3.171476319498239826e-01,1.925941568729255815e-02,9.545187075684615774e-01,-4.582187390443441810e-01,-7.647587771265387246e-01,7.951589094332699448e-01,-7.754069170249729970e-01,-8.092769052360058168e-01,-2.469722636160833762e-01,-4.196887180635389125e-01,1.238816149457046267e-01,1.596543807920240088e+00,-4.194950232830883530e-01,7.952379720268413221e-01,1.329807639005019748e+00,3.465275521051909280e-01,1.050983337952766883e+00,-7.369643750999199661e-01,1.159667015227612730e+00,-9.898908798046147650e-01,-1.120099352446805918e+00,-8.299046462421418857e-01,5.991999964586143257e-01,2.090236430261879219e-01,-5.659883168023950306e-01,-7.031152942494910407e-01,-3.856799064125516208e-01,-3.131726067567257299e-02,-3.729958549388437961e-01,-1.120325037773388877e+00
-1.053615234801972278e+00,5.441148694030143451e-01,-1.117839943644278966e+00,-3.171476319498239826e-01,-1.474557526383528661e-01,5.683298387424489118e-01,-4.582187390443441810e-01,-7.647587771265387246e-01,1.044080766727544685e+00,-7.754069170249729970e-01,-8.092769052360058168e-01,-2.469722636160833762e-01,-4.196887180635389125e-01,1.516270014335442173e+00,9.404553790763366949e-01,-4.194950232830883530e-01,3.705831172863524037e-01,1.288366141712609991e+00,4.533350652189294672e-01,1.183798339651582765e+00,-7.369643750999199661e-01,1.159667015227612730e+00,-9.898908798046147650e-01,-3.971983519314924160e-02,-8.299046462421418857e-01,5.305998327827584626e-01,1.672269282466901652e-01,-5.659883168023950306e-01,-7.031152942494910407e-01,-3.856799064125516208e-01,-3.131253110405680939e-02,-3.729958549388437961e-01,-1.120325037773388877e+00
-2.022675234349322615e+00,-1.837847219829066070e+00,-2.325940255408903146e-01,-9.128945648942448088e-01,-1.474557526383528661e-01,-3.567272191431161699e-01,-4.582187390443441810e-01,4.371733533342772038e-01,1.342786995480674372e+00,-7.754069170249729970e-01,-8.092769052360058168e-01,-1.283645962745322056e+00,-4.196887180635389125e-01,-9.204096845965986651e-01,3.198160719273081543e-01,-4.194950232830883530e-01,-3.796647392877534055e-01,2.569605344620977672e+00,-1.394434911648746667e+00,1.343176341690161868e+00,-7.369643750999199661e-01,-8.623164985025838503e-01,-9.898908798046147650e-01,-1.120099352446805918e+00,1.204957707524648258e+00,3.057744202772942899e-01,1.672269282466901652e-01,-5.659883168023950306e-01,-7.031152942494910407e-01,-3.856799064125516208e-01,-3.130933579025742958e-02,-8.826485971191795343e-01,-5.414336808692048475e-01
-1.915001901066283763e+00,5.441148694030143451e-01,6.526518925624983369e-01,8.743462339390176696e-01,-4.253143665144286101e-01,-1.793709056635256260e+00,-4.582187390443441810e-01,-7.647587771265387246e-01,-1.507441482849742054e-01,1.289645446853545208e+00,8.825755528451835474e-02,7.897014355131553032e-01,-4.196887180635389125e-01,1.168172914488007974e+00,-1.698336686654289496e+00,-4.194950232830883530e-01,-1.545098302898014753e+00,8.534344218870678622e-01,5.921848322667895292e-01,-1.113901189737931618e+00,-7.369643750999199661e-01,-8.623164985025838503e-01,1.087910542549141157e-01,1.040659682060507407e+00,-8.299046462421418857e-01,-2.004287226947851330e+00,9.272988894116553082e-02,-2.904827771147657223e-01,2.509569274150571516e-01,-3.856799064125516208e-01,-3.132228649391403247e-02,1.155962371602163419e+00,-2.519880024171129995e-01
-8.382685682358945733e-01,5.441148694030143451e-01,-2.325940255408903146e-01,8.743462339390176696e-01,1.519695930618101487e+00,7.210091589759888286e-01,-4.582187390443441810e-01,4.371733533342772038e-01,-2.752050769321116030e-01,-7.754069170249729970e-01,-8.092769052360058168e-01,-1.283645962745322056e+00,-4.196887180635389125e-01,-9.204096845965986651e-01,9.888775842831641905e-01,-4.194950232830883530e-01,1.514164801578921304e+00,3.624904768069163452e-02,-1.394434911648746667e+00,4.798788306478587451e-01,1.356917693429100291e+00,1.159667015227612730e+00,1.087910542549141157e-01,1.040659682060507407e+00,1.204957707524648258e+00,5.589700813731580675e-01,5.150164152972586118e-01,-5.659883168023950306e-01,-7.031152942494910407e-01,-3.856799064125516208e-01,-3.133729478600207063e-02,-8.826485971191795343e-01,6.163490329391630995e-01
1.853564763840078289e+00,-1.837847219829066070e+00,-1.117839943644278966e+00,8.743462339390176696e-01,-3.697426437392134502e-01,-4.555197204707007730e-01,-4.582187390443441810e-01,-7.647587771265387246e-01,-1.507441482849742054e-01,-7.754069170249729970e-01,6.267782315968328799e-01,7.897014355131553032e-01,-4.196887180635389125e-01,1.238816149457046267e-01,-7.718695532033184037e-01,-4.194950232830883530e-01,-5.321422971934292034e-01,-7.663681641370945208e-01,5.825721560865533277e-01,5.462863314972666862e-01,-7.369643750999199661e-01,-8.623164985025838503e-01,-9.898908798046147650e-01,-1.120099352446805918e+00,-8.299046462421418857e-01,2.736020315583134743e-01,1.081522668181317537e-01,1.393058647979361631e-01,6.014248308214757699e-02,-3.856799064125516208e-01,-3.132293489362981964e-02,1.155962371602163419e+00,-1.120325037773388877e+00
-1.922285685376610154e-01,5.441148694030143451e-01,-1.117839943644278966e+00,-1.508641497838665746e+00,3.526897523385834066e-01,2.090843793694139585e-01,-4.582187390443441810e-01,-7.647587771265387246e-01,9.445120238098347887e-01,-7.754069170249729970e-01,-8.092769052360058168e-01,-2.469722636160833762e-01,-4.196887180635389125e-01,1.238816149457046267e-01,1.948943567026059365e-01,-4.194950232830883530e-01,3.228731807760573114e-01,6.431377661472450491e-01,4.106120599734340293e-01,1.130672338972056545e+00,-7.369643750999199661e-01,-8.623164985025838503e-01,-9.898908798046147650e-01,-1.120099352446805918e+00,-8.299046462421418857e-01,4.559058800783658549e-01,2.869980914369990033e-01,-5.659883168023950306e-01,-7.031152942494910407e-01,-3.856799064125516208e-01,-3.131946586117939635e-02,-8.826485971191795343e-01,-1.120325037773388877e+00
8.845047642927281739e-01,5.441148694030143451e-01,1.537897810665886933e+00,-1.508641497838665746e+00,-3.481759119151261572e+00,-1.793709056635256260e+00,2.182363824940011909e+00,4.371733533342772038e-01,-3.262267364463408814e+00,-7.754069170249729970e-01,-8.092769052360058168e-01,-1.283645962745322056e+00,-4.196887180635389125e-01,-9.204096845965986651e-01,-1.698336686654289496e+00,-4.194950232830883530e-01,-1.545098302898014753e+00,-2.432450824047661442e+00,-1.394434911648746667e+00,-1.113901189737931618e+00,-7.369643750999199661e-01,-8.623164985025838503e-01,1.087910542549141157e-01,-1.120099352446805918e+00,1.204957707524648258e+00,-2.004287226947851330e+00,-3.974562670904782102e+00,-5.659883168023950306e-01,-7.031152942494910407e-01,-3.856799064125516208e-01,-3.135859687799798234e-02,-8.826485971191795343e-01,3.269033544870708630e-01
-1.591981901217166984e+00,5.441148694030143451e-01,-2.325940255408903146e-01,-3.171476319498239826e-01,-2.030274754135680260e-01,3.844278616722233283e-02,-4.582187390443441810e-01,-7.647587771265387246e-01,1.342786995480674372e+00,-7.754069170249729970e-01,-8.092769052360058168e-01,-2.469722636160833762e-01,-4.196887180635389125e-01,1.238816149457046267e-01,6.108957967227310881e-01,-4.194950232830883530e-01,-8.393597252164955447e-02,2.056573942706245717e+00,5.815040809554156143e-01,1.343176341690161868e+00,-7.369643750999199661e-01,-8.623164985025838503e-01,-9.898908798046147650e-01,-3.971983519314924160e-02,-8.299046462421418857e-01,4.156109581559349064e-01,1.528327581978870808e-01,-5.659883168023950306e-01,-7.031152942494910407e-01,-3.856799064125516208e-01,-3.130850085656691068e-02,-3.729958549388437961e-01,-1.120325037773388877e+00
2.311809802841681069e-02,5.441148694030143451e-01,6.526518925624983369e-01,8.743462339390176696e-01,1.304028612377228502e-01,-1.793709056635256260e+00,-4.582187390443441810e-01,-7.647587771265387246e-01,-5.241269342263863429e-01,1.289645446853545208e+00,1.883326476325566823e+00,7.897014355131553032e-01,-4.196887180635389125e-01,1.516270014335442173e+00,-1.698336686654289496e+00,-4.194950232830883530e-01,-1.545098302898014753e+00,-5.047314797659535612e-01,3.198256738267563071e-01,-1.113901189737931618e+00,-7.369643750999199661e-01,-8.623164985025838503e-01,1.087910542549141157e-01,1.040659682060507407e+00,-8.299046462421418857e-01,-2.004287226947851330e+00,2.358050203166296432e-01,1.913561540386268911e+00,2.545887406554105947e+00,-3.856799064125516208e-01,-3.133155960738778084e-02,1.155962371602163419e+00,-2.519880024171129995e-01
-1.161288568085011352e+00,5.441148694030143451e-01,1.537897810665886933e+00,8.743462339390176696e-01,-9.188402986313773391e-02,-1.793709056635256260e+00,-4.582187390443441810e-01,-7.647587771265387246e-01,-2.752050769321116030e-01,-7.754069170249729970e-01,-3.605096749757437102e-01,-2.469722636160833762e-01,-4.196887180635389125e-01,-9.204096845965986651e-01,-1.698336686654289496e+00,-4.194950232830883530e-01,-1.545098302898014753e+00,2.084839224524372425e-01,-1.180851299395715426e-01,4.798788306478587451e-01,-7.369643750999199661e-01,-8.623164985025838503e-01,-9.898908798046147650e-01,1.040659682060507407e+00,-8.299046462421418857e-01,-2.004287226947851330e+00,1.813851176366966800e-01,-4.971119318804877452e-01,-4.547411208409515848e-01,-3.856799064125516208e-01,-3.132716756193843627e-02,1.366568872414919422e-01,-1.120325037773388877e+00
5.614847644436113949e-01,5.441148694030143451e-01,-2.325940255408903146e-01,-1.508641497838665746e+00,1.519695930618101487e+00,1.192730145261551994e-01,-4.582187390443441810e-01,-7.647587771265387246e-01,-7.730487915206610827e-01,-7.754069170249729970e-01,-8.092769052360058168e-01,-1.283645962745322056e+00,-4.196887180635389125e-01,-9.204096845965986651e-01,-1.045518545329111315e-01,-4.194950232830883530e-01,7.821268444362259320e-01,-8.284932802693530940e-01,-1.394434911648746667e+00,2.142488272502270086e-01,1.356917693429100291e+00,-8.623164985025838503e-01,1.087910542549141157e-01,-1.120099352446805918e+00,-8.299046462421418857e-01,4.351437850082108261e-01,5.150164152972586118e-01,-5.659883168023950306e-01,-7.031152942494910407e-01,-3.856799064125516208e-01,-3.134084513466805361e-02,-8.826485971191795343e-01,3.745767603497900805e-02
1.307914313114557359e-01,-1.837847219829066070e+00,-1.117839943644278966e+00,-1.508641497838665746e+00,2.693321681757607222e-01,4.515750644462125929e-01,-4.582187390443441810e-01,-7.647587771265387246e-01,8.449432808921248927e-01,-7.754069170249729970e-01,3.575178934406756381e-01,-2.469722636160833762e-01,-4.196887180635389125e-01,1.238816149457046267e-01,3.083492948899129726e-01,-4.194950232830883530e-01,5.035153831356478094e-01,4.065540284399445925e-01,3.540040780231525352e-01,1.077546338292530104e+00,-7.369643750999199661e-01,1.159667015227612730e+00,-9.898908798046147650e-01,-1.120099352446805918e+00,-8.299046462421418857e-01,5.076437278473231451e-01,2.681545029392731205e-01,-1.003839547303014418e-01,-2.324013487415000079e-01,-3.856799064125516208e-01,-3.131954304267213496e-02,-8.826485971191795343e-01,-1.120325037773388877e+00
-8.382685682358945733e-01,5.441148694030143451e-01,-2.325940255408903146e-01,8.743462339390176696e-01,-4.253143665144286101e-01,2.048051319857057892e-02,-4.582187390443441810e-01,-7.647587771265387246e-01,4.715604949507127275e-01,1.289645446853545208e+00,-8.092769052360058168e-01,-1.283645962745322056e+00,-4.196887180635389125e-01,-9.204096845965986651e-01,2.402964659505876788e-01,-4.194950232830883530e-01,-1.963517516782226913e-01,6.534240156127797405e-01,-1.394434911648746667e+00,-1.113901189737931618e+00,-7.369643750999199661e-01,-8.623164985025838503e-01,1.087910542549141157e-01,1.040659682060507407e+00,-8.299046462421418857e-01,4.111539531656095980e-01,9.272988894116553082e-02,-5.659883168023950306e-01,-7.031152942494910407e-01,-3.856799064125516208e-01,-3.131502441709724249e-02,-8.826485971191795343e-01,-2.519880024171129995e-01
7.768314310096892106e-01,5.441148694030143451e-01,1.537897810665886933e+00,-3.171476319498239826e-01,-3.481759119151261572e+00,7.479525684289664023e-01,-4.582187390443441810e-01,-7.647587771265387246e-01,-3.262267364463408814e+00,-7.754069170249729970e-01,-8.092769052360058168e-01,-1.283645962745322056e+00,-4.196887180635389125e-01,-9.204096845965986651e-01,3.497988741808258917e-01,-4.194950232830883530e-01,-1.545098302898014753e+00,-2.432450824047661442e+00,-1.394434911648746667e+00,-1.113901189737931618e+00,-7.369643750999199661e-01,1.159667015227612730e+00,-9.898908798046147650e-01,-3.971983519314924160e-02,-8.299046462421418857e-01,5.637978527718352506e-01,-3.974562670904782102e+00,-5.659883168023950306e-01,-7.031152942494910407e-01,-3.856799064125516208e-01,-3.135859687799798234e-02,-8.826485971191795343e-01,-1.120325037773388877e+00
7.768314310096892106e-01,5.441148694030143451e-01,-1.117839943644278966e+00,-9.128945648942448088e-01,2.415463067881531423e-01,3.078768806969985894e-01,-4.582187390443441810e-01,-7.647587771265387246e-01,3.470995663035753576e-01,-7.754069170249729970e-01,1.524312692117357093e+00,7.897014355131553032e-01,2.272654001589352379e+00,1.238816149457046267e-01,-4.825304196985733159e-03,-4.194950232830883530e-01,3.582003856729933378e-01,-1.829661048634925735e-01,8.869735684607080728e-01,8.119163348948983394e-01,-7.369643750999199661e-01,-8.623164985025838503e-01,-9.898908798046147650e-01,-5.799095938199776423e-01,-8.299046462421418857e-01,4.776996806240993432e-01,2.617808193191699107e-01,1.296429131485979269e+00,3.672753215632007517e-01,-3.856799064125516208e-01,-3.132402072121356906e-02,-3.729958549388437961e-01,-1.120325037773388877e+00
-1.922285685376610154e-01,5.441148694030143451e-01,-2.325940255408903146e-01,8.743462339390176696e-01,4.082614751137985665e-01,1.834670083032397203e+00,-4.582187390443441810e-01,-7.647587771265387246e-01,-1.756363340144016794e-01,1.289645446853545208e+00,9.857920158050426096e-01,7.897014355131553032e-01,-4.196887180635389125e-01,-9.204096845965986651e-01,1.731552737185108715e+00,-4.194950232830883530e-01,1.888074736570546808e+00,-1.758059413011028582e-01,5.601425783326680063e-01,-1.113901189737931618e+00,1.356917693429100291e+00,1.159667015227612730e+00,1.207472988314443052e+00,1.040659682060507407e+00,-8.299046462421418857e-01,7.251450818773264029e-01,2.993358757040473495e-01,5.360338419481222028e-01,1.220294304626238224e+00,-3.856799064125516208e-01,-3.133029552720340699e-02,1.155962371602163419e+00,9.057947113912546699e-01
1.638218097274000584e+00,5.441148694030143451e-01,1.537897810665886933e+00,8.743462339390176696e-01,-3.481759119151261572e+00,-1.793709056635256260e+00,2.182363824940011909e+00,-7.647587771265387246e-01,-3.262267364463408814e+00,-7.754069170249729970e-01,-8.092769052360058168e-01,-1.283645962745322056e+00,-4.196887180635389125e-01,-9.204096845965986651e-01,-1.698336686654289496e+00,-4.194950232830883530e-01,-1.545098302898014753e+00,-2.432450824047661442e+00,-1.394434911648746667e+00,-1.113901189737931618e+00,-7.369643750999199661e-01,-8.623164985025838503e-01,1.087910542549141157e-01,1.040659682060507407e+00,-8.299046462421418857e-01,-2.004287226947851330e+00,-3.974562670904782102e+00,-5.659883168023950306e-01,-7.031152942494910407e-01,-3.856799064125516208e-01,-3.135859687799798234e-02,-8.826485971191795343e-01,-2.519880024171129995e-01
-5.152485683867777944e-01,5.441148694030143451e-01,-2.325940255408903146e-01,8.743462339390176696e-01,4.082614751137985665e-01,3.078768806969985894e-01,-4.582187390443441810e-01,-7.647587771265387246e-01,2.226386376564379599e-01,1.289645446853545208e+00,8.825755528451835474e-02,7.897014355131553032e-01,-4.196887180635389125e-01,-9.204096845965986651e-01,4.099121772211297698e-01,-4.194950232830883530e-01,4.434227150119937066e-01,2.713633211786300459e-01,8.325017367727011175e-01,-1.113901189737931618e+00,1.356917693429100291e+00,-8.623164985025838503e-01,1.207472988314443052e+00,1.040659682060507407e+00,-8.299046462421418857e-01,4.776996806240993432e-01,2.993358757040473495e-01,-2.904827771147657223e-01,1.494598825571265277e-01,-3.856799064125516208e-01,-3.132664374000410784e-02,1.155962371602163419e+00,9.057947113912546699e-01
5.614847644436113949e-01,5.441148694030143451e-01,6.526518925624983369e-01,8.743462339390176696e-01,7.416918117650894704e-01,9.006318886625063191e-01,2.182363824940011909e+00,1.639105483795093132e+00,-7.606759109669175567e-02,1.289645446853545208e+00,1.614066138169409692e+00,7.897014355131553032e-01,2.272654001589352379e+00,1.516270014335442173e+00,5.464306825307503335e-01,2.500172260332013785e+00,1.222806410676356093e+00,-3.793851680114266323e-01,6.130122973239684470e-01,-1.113901189737931618e+00,1.356917693429100291e+00,1.159667015227612730e+00,2.306154922373972127e+00,1.040659682060507407e+00,1.204957707524648258e+00,5.902271222603393541e-01,3.698754908347927639e-01,1.442447067520423065e+00,1.812972843814689705e+00,2.939673210794873981e+00,-3.133168897231893013e-02,1.155962371602163419e+00,2.353023103651714187e+00
7.768314310096892106e-01,5.441148694030143451e-01,6.526518925624983369e-01,8.743462339390176696e-01,6.861200889898743105e-01,-1.793709056635256260e+00,-4.582187390443441810e-01,-7.647587771265387246e-01,-6.485878628735237683e-01,1.289645446853545208e+00,-8.092769052360058168e-01,7.897014355131553032e-01,-4.196887180635389125e-01,1.516270014335442173e+00,-1.698336686654289496e+00,-4.194950232830883530e-01,-1.545098302898014753e+00,-8.035136136039532362e-01,2.877834198926347842e-01,-1.113901189737931618e+00,1.356917693429100291e+00,-8.623164985025838503e-01,1.207472988314443052e+00,1.040659682060507407e+00,-8.299046462421418857e-01,-2.004287226947851330e+00,3.585117714792993016e-01,-5.659883168023950306e-01,-7.031152942494910407e-01,-3.856799064125516208e-01,-3.133622968140226811e-02,1.155962371602163419e+00,9.057947113912546699e-01
4.538114311605724871e-01,-1.837847219829066070e+00,1.537897810665886933e+00,-1.508641497838665746e+00,2.693321681757607222e-01,5.413864292894713381e-01,-4.582187390443441810e-01,-7.647587771265387246e-01,7.204823522449874673e-01,-7.754069170249729970e-01,8.825755528451835474e-02,7.897014355131553032e-01,-4.196887180635389125e-01,1.238816149457046267e-01,2.806708675582684775e-01,-4.194950232830883530e-01,5.854599305769943030e-01,1.781283506535856209e-01,1.152924276113916680e+00,1.011138837443122274e+00,-7.369643750999199661e-01,1.159667015227612730e+00,-9.898908798046147650e-01,-1.120099352446805918e+00,-8.299046462421418857e-01,5.254042234583207183e-01,2.681545029392731205e-01,-2.904827771147657223e-01,-3.297826857720591032e-01,-3.856799064125516208e-01,-3.132072649222746724e-02,-8.826485971191795343e-01,-1.120325037773388877e+00
1.638218097274000584e+00,5.441148694030143451e-01,-1.117839943644278966e+00,-1.508641497838665746e+00,4.082614751137985665e-01,4.874996103835160799e-01,-4.582187390443441810e-01,1.639105483795093132e+00,3.719917520330028315e-01,-7.754069170249729970e-01,9.857920158050426096e-01,7.897014355131553032e-01,3.618825361415798358e+00,1.516270014335442173e+00,-7.321186565878193275e-02,-4.194950232830883530e-01,6.133817763718234506e-01,-4.300609280902195075e-01,9.126073716080049802e-01,8.251978350647799498e-01,1.356917693429100291e+00,1.159667015227612730e+00,1.087910542549141157e-01,-1.120099352446805918e+00,1.204957707524648258e+00,5.148314011711022653e-01,2.993358757040473495e-01,5.360338419481222028e-01,1.146608957486931618e-01,-3.856799064125516208e-01,-3.132527431980437066e-02,-8.826485971191795343e-01,6.163490329391630995e-01
3.461380978775335793e-01,5.441148694030143451e-01,1.537897810665886933e+00,8.743462339390176696e-01,1.304028612377228502e-01,9.994243899900909778e-01,-4.582187390443441810e-01,4.371733533342772038e-01,4.217761234918577795e-01,1.289645446853545208e+00,9.857920158050426096e-01,7.897014355131553032e-01,-4.196887180635389125e-01,-9.204096845965986651e-01,7.103905915431546481e-01,-4.194950232830883530e-01,9.089891438083845809e-01,2.469957459658241733e-02,9.446496255421266142e-01,-1.113901189737931618e+00,-7.369643750999199661e-01,1.159667015227612730e+00,1.087910542549141157e-01,1.040659682060507407e+00,1.204957707524648258e+00,6.065444351552687907e-01,2.358050203166296432e-01,5.360338419481222028e-01,9.104833625254495910e-01,-3.856799064125516208e-01,-3.132221945935879936e-02,1.155962371602163419e+00,3.269033544870708630e-01
9.921780975757670262e-01,5.441148694030143451e-01,6.526518925624983369e-01,8.743462339390176696e-01,6.861200889898743105e-01,-1.793709056635256260e+00,-4.582187390443441810e-01,4.371733533342772038e-01,5.711292378684226234e-01,-7.754069170249729970e-01,2.511600598689933683e+00,-2.469722636160833762e-01,-4.196887180635389125e-01,-9.204096845965986651e-01,-1.698336686654289496e+00,-4.194950232830883530e-01,-1.545098302898014753e+00,-1.191876109096119268e-01,2.108820104507431736e-01,9.314498364238326111e-01,1.356917693429100291e+00,-8.623164985025838503e-01,1.087910542549141157e-01,1.040659682060507407e+00,1.204957707524648258e+00,-2.004287226947851330e+00,3.585117714792993016e-01,3.205682521521250550e+00,7.316862210408715539e-01,-3.856799064125516208e-01,-3.132579165632427137e-02,1.366568872414919422e-01,6.163490329391630995e-01
3.461380978775335793e-01,-1.837847219829066070e+00,-2.325940255408903146e-01,8.743462339390176696e-01,1.519695930618101487e+00,1.322745303425822527e+00,-4.582187390443441810e-01,4.371733533342772038e-01,-1.258519625555467036e-01,1.289645446853545208e+00,-9.124933681958644072e-02,7.897014355131553032e-01,-4.196887180635389125e-01,-9.204096845965986651e-01,9.892143279261386146e-01,-4.194950232830883530e-01,2.246202758721616899e+00,-3.405525116883726389e-01,6.114101846272625984e-01,-1.113901189737931618e+00,1.356917693429100291e+00,1.159667015227612730e+00,1.207472988314443052e+00,-1.120099352446805918e+00,1.204957707524648258e+00,6.561876200217895416e-01,5.150164152972586118e-01,-3.896647714023122600e-01,5.413257932363083752e-02,-3.856799064125516208e-01,-3.133622968140226811e-02,1.155962371602163419e+00,1.484686068295438144e+00
7.768314310096892106e-01,5.441148694030143451e-01,6.526518925624983369e-01,8.743462339390176696e-01,-5.642436734524665098e-01,-1.793709056635256260e+00,-4.582187390443441810e-01,-7.647587771265387246e-01,-5.241269342263863429e-01,1.289645446853545208e+00,5.370247855447803920e-01,-2.469722636160833762e-01,-4.196887180635389125e-01,-9.204096845965986651e-01,-1.698336686654289496e+00,-4.194950232830883530e-01,-1.545098302898014753e+00,-7.259451750113955493e-01,-2.355733943646839135e-01,-1.113901189737931618e+00,-7.369643750999199661e-01,-8.623164985025838503e-01,1.087910542549141157e-01,1.040659682060507407e+00,-8.299046462421418857e-01,-2.004287226947851330e+00,5.292421632047194374e-02,5.389914749477092704e-02,9.213860561523073978e-01,-3.856799064125516208e-01,-3.132512216200439986e-02,1.366568872414919422e-01,-2.519880024171129995e-01
-6.229219016698166467e-01,5.441148694030143451e-01,-2.325940255408903146e-01,8.743462339390176696e-01,-1.474557526383528661e-01,5.413864292894713381e-01,-4.582187390443441810e-01,-7.647587771265387246e-01,-3.996660055792489730e-01,-7.754069170249729970e-01,9.857920158050426096e-01,7.897014355131553032e-01,-4.196887180635389125e-01,-9.204096845965986651e-01,6.929641080192183722e-01,-4.194950232830883530e-01,3.487312379686599573e-01,-1.651900043526981776e-01,4.159524356291209868e-01,4.134713297984508040e-01,-7.369643750999199661e-01,1.159667015227612730e+00,-9.898908798046147650e-01,1.040659682060507407e+00,-8.299046462421418857e-01,5.254042234583207183e-01,1.672269282466901652e-01,5.360338419481222028e-01,3.332045327309665628e-01,-3.856799064125516208e-01,-3.132797512075385232e-02,1.155962371602163419e+00,-1.120325037773388877e+00
2.311809802841681069e-02,5.441148694030143451e-01,-1.117839943644278966e+00,-1.508641497838665746e+00,-8.526445700315014864e-03,6.581412035857077125e-01,-4.582187390443441810e-01,1.639105483795093132e+00,5.213448664095676754e-01,-7.754069170249729970e-01,-3.605096749757437102e-01,1.826375134642393983e+00,9.264826417629067334e-01,1.238816149457046267e-01,5.335440550409843441e-01,-4.194950232830883530e-01,5.262777574249107859e-01,2.313068153234257296e-01,1.841832735697529921e+00,9.048868360840695013e-01,-7.369643750999199661e-01,1.159667015227612730e+00,-9.898908798046147650e-01,-1.120099352446805918e+00,1.204957707524648258e+00,5.475018117047014687e-01,2.021964911831932998e-01,-4.971119318804877452e-01,-5.066886603773781417e-01,-3.856799064125516208e-01,-3.131974186219742967e-02,-8.826485971191795343e-01,-5.414336808692048475e-01
3.461380978775335793e-01,-1.837847219829066070e+00,-2.325940255408903146e-01,-9.128945648942448088e-01,1.304028612377228502e-01,9.724809805371132931e-01,-4.582187390443441810e-01,-7.647587771265387246e-01,-8.228331629795160307e-01,-7.754069170249729970e-01,8.825755528451835474e-02,7.897014355131553032e-01,-4.196887180635389125e-01,-9.204096845965986651e-01,6.871552801779060582e-01,-4.194950232830883530e-01,8.853162745475511297e-01,-8.054188033237702493e-01,1.596144041561485538e-01,1.876858269104638155e-01,-7.369643750999199661e-01,1.159667015227612730e+00,-9.898908798046147650e-01,-1.120099352446805918e+00,-8.299046462421418857e-01,6.021520254525669635e-01,2.358050203166296432e-01,-2.904827771147657223e-01,-9.597842591750571639e-02,-3.856799064125516208e-01,-3.133450912781798881e-02,-3.729958549388437961e-01,-1.120325037773388877e+00
-6.229219016698166467e-01,-1.837847219829066070e+00,-2.325940255408903146e-01,8.743462339390176696e-01,3.526897523385834066e-01,1.282541510104810711e-01,-4.582187390443441810e-01,-7.647587771265387246e-01,-5.739113056852412909e-01,1.289645446853545208e+00,5.370247855447803920e-01,7.897014355131553032e-01,-4.196887180635389125e-01,-9.204096845965986651e-01,2.698878135769821607e-01,-4.194950232830883530e-01,2.474841971300185128e-01,-3.031971846819569438e-01,3.118151103432259541e-01,-1.113901189737931618e+00,-7.369643750999199661e-01,-8.623164985025838503e-01,1.087910542549141157e-01,-1.120099352446805918e+00,-8.299046462421418857e-01,4.372631868312201187e-01,2.869980914369990033e-01,5.389914749477092704e-02,9.511934203798633192e-01,-3.856799064125516208e-01,-3.133359007435060350e-02,1.155962371602163419e+00,-2.519880024171129995e-01
1.853564763840078289e+00,5.441148694030143451e-01,1.537897810665886933e+00,-1.508641497838665746e+00,-3.481759119151261572e+00,1.911221064007622150e-01,-4.582187390443441810e-01,-7.647587771265387246e-01,-3.262267364463408814e+00,-7.754069170249729970e-01,-8.092769052360058168e-01,-1.283645962745322056e+00,-4.196887180635389125e-01,-9.204096845965986651e-01,-3.241807370390907828e-01,-4.194950232830883530e-01,-1.545098302898014753e+00,-2.432450824047661442e+00,-1.394434911648746667e+00,-1.113901189737931618e+00,-7.369643750999199661e-01,-8.623164985025838503e-01,-9.898908798046147650e-01,-1.120099352446805918e+00,-8.299046462421418857e-01,4.518286252358736377e-01,-3.974562670904782102e+00,-5.659883168023950306e-01,-7.031152942494910407e-01,-3.856799064125516208e-01,-3.135859687799798234e-02,-8.826485971191795343e-01,-1.120325037773388877e+00
6.691580977266503583e-01,5.441148694030143451e-01,1.537897810665886933e+00,8.743462339390176696e-01,1.304028612377228502e-01,-1.232176705506434211e-01,2.182363824940011909e+00,4.371733533342772038e-01,2.226386376564379599e-01,1.289645446853545208e+00,-3.605096749757437102e-01,7.897014355131553032e-01,-4.196887180635389125e-01,-9.204096845965986651e-01,-3.297768472411434781e-01,2.077588837703511881e+00,-7.738040872634184553e-02,-2.243359387795233195e-01,8.405123002562315815e-01,-1.113901189737931618e+00,-7.369643750999199661e-01,-8.623164985025838503e-01,1.207472988314443052e+00,1.040659682060507407e+00,1.204957707524648258e+00,3.738316001102484631e-01,2.358050203166296432e-01,-4.971119318804877452e-01,-2.768277058461822149e-01,1.348243801215539550e+00,-3.132418580631227134e-02,1.155962371602163419e+00,1.195240389843346795e+00
1.099851430858805879e+00,5.441148694030143451e-01,-1.117839943644278966e+00,8.743462339390176696e-01,7.483113846250770418e-02,5.683298387424489118e-01,-4.582187390443441810e-01,-7.647587771265387246e-01,-6.485878628735237683e-01,1.289645446853545208e+00,-6.297700131319009520e-01,7.897014355131553032e-01,9.264826417629067334e-01,1.516270014335442173e+00,1.158328585355159063e-01,-4.194950232830883530e-01,4.982952119653101808e-01,-8.798700453435019941e-01,2.845791944992224765e-01,-1.113901189737931618e+00,-7.369643750999199661e-01,1.159667015227612730e+00,1.087910542549141157e-01,1.040659682060507407e+00,-8.299046462421418857e-01,5.305998327827584626e-01,2.225181396183785187e-01,-5.549680952148898783e-01,-4.762981245707493816e-01,-3.856799064125516208e-01,-3.133238531948738526e-02,1.155962371602163419e+00,-2.519880024171129995e-01
4.538114311605724871e-01,-1.837847219829066070e+00,-1.117839943644278966e+00,-9.128945648942448088e-01,6.861200889898743105e-01,7.479525684289664023e-01,2.182363824940011909e+00,1.639105483795093132e+00,7.702667237038424153e-01,-7.754069170249729970e-01,8.825755528451835474e-02,-2.469722636160833762e-01,-4.196887180635389125e-01,1.238816149457046267e-01,4.557369204309180688e-01,2.461755585547604319e+00,1.031602466646547533e+00,2.107605903373510614e-01,3.251660494824432646e-01,1.037701837782885272e+00,1.356917693429100291e+00,1.159667015227612730e+00,1.207472988314443052e+00,-1.120099352446805918e+00,1.204957707524648258e+00,5.637978527718352506e-01,3.585117714792993016e-01,-2.904827771147657223e-01,-3.343634539742361689e-01,2.763334442385791068e+00,-3.132408748896459844e-02,-6.278222260290116097e-01,1.484686068295438144e+00
-2.130348567632361689e+00,5.441148694030143451e-01,-2.325940255408903146e-01,-3.171476319498239826e-01,6.861200889898743105e-01,1.282541510104810711e-01,-4.582187390443441810e-01,4.371733533342772038e-01,9.196198380804072592e-01,-7.754069170249729970e-01,-8.092769052360058168e-01,-1.283645962745322056e+00,-4.196887180635389125e-01,-9.204096845965986651e-01,1.080333196025152986e+00,-4.194950232830883530e-01,4.033609362628909900e-01,2.243557168284866510e+00,-1.394434911648746667e+00,1.117390838802174935e+00,1.356917693429100291e+00,-8.623164985025838503e-01,1.087910542549141157e-01,-3.971983519314924160e-02,1.204957707524648258e+00,4.372631868312201187e-01,3.585117714792993016e-01,-5.659883168023950306e-01,-7.031152942494910407e-01,-3.856799064125516208e-01,-3.132280936344484373e-02,-8.826485971191795343e-01,6.163490329391630995e-01
1.307914313114557359e-01,-1.837847219829066070e+00,-2.325940255408903146e-01,-3.171476319498239826e-01,-4.253143665144286101e-01,1.295801893972844843e+00,-4.582187390443441810e-01,4.371733533342772038e-01,7.204823522449874673e-01,-7.754069170249729970e-01,-8.092769052360058168e-01,-1.283645962745322056e+00,-4.196887180635389125e-01,-9.204096845965986651e-01,1.062863223950533120e+00,-4.194950232830883530e-01,7.517770120505420373e-01,3.205235783645626335e-01,-1.394434911648746667e+00,1.011138837443122274e+00,-7.369643750999199661e-01,1.159667015227612730e+00,-9.898908798046147650e-01,-1.120099352446805918e+00,1.204957707524648258e+00,6.522515706060098006e-01,9.272988894116553082e-02,-5.659883168023950306e-01,-7.031152942494910407e-01,-3.856799064125516208e-01,-3.131211958637052789e-02,-8.826485971191795343e-01,-5.414336808692048475e-01
-8.382685682358945733e-01,5.441148694030143451e-01,-1.117839943644278966e+00,-3.171476319498239826e-01,-6.753871190028967186e-01,-2.442516922305879370e-02,2.182363824940011909e+00,-7.647587771265387246e-01,6.209136093272775714e-01,-7.754069170249729970e-01,-8.092769052360058168e-01,-2.469722636160833762e-01,-4.196887180635389125e-01,1.516270014335442173e+00,1.923104968267045634e-01,1.520547053329578180e+00,-3.373570729421100367e-01,7.768590091991974811e-01,2.717622929255739672e-01,9.580128367635958320e-01,-7.369643750999199661e-01,-8.623164985025838503e-01,1.087910542549141157e-01,-3.971983519314924160e-02,-8.299046462421418857e-01,3.998164362192896393e-01,1.970357410604386961e-02,-5.659883168023950306e-01,-7.031152942494910407e-01,1.475355804595978482e+00,-3.130924351634407909e-02,-3.729958549388437961e-01,-2.519880024171129995e-01
1.315198097424883805e+00,-1.837847219829066070e+00,-1.117839943644278966e+00,-1.508641497838665746e+00,5.749766434394439907e-01,7.030468860073371129e-01,-4.582187390443441810e-01,1.639105483795093132e+00,5.213448664095676754e-01,-7.754069170249729970e-01,-8.092769052360058168e-01,7.897014355131553032e-01,9.264826417629067334e-01,1.238816149457046267e-01,1.611923229100045707e-01,-4.194950232830883530e-01,9.185796908422606544e-01,-2.530127554713172966e-01,1.040776387344491294e+00,9.048868360840695013e-01,1.356917693429100291e+00,1.159667015227612730e+00,1.087910542549141157e-01,-1.120099352446805918e+00,1.204957707524648258e+00,5.557228470836581558e-01,3.353256752750357617e-01,-5.659883168023950306e-01,-7.031152942494910407e-01,-3.856799064125516208e-01,-3.132533059734683017e-02,-8.826485971191795343e-01,6.163490329391630995e-01
-8.455523525462210754e-02,-1.837847219829066070e+00,-2.325940255408903146e-01,-1.508641497838665746e+00,-8.526445700315014864e-03,2.719523347596951024e-01,-4.582187390443441810e-01,-7.647587771265387246e-01,9.196198380804072592e-01,-7.754069170249729970e-01,-5.400165670798485751e-01,-2.469722636160833762e-01,-4.196887180635389125e-01,1.238816149457046267e-01,2.174804957256472049e-01,-4.194950232830883530e-01,2.000170592788089174e-01,5.672524163166017264e-01,3.967270832686479176e-01,1.117390838802174935e+00,-7.369643750999199661e-01,-8.623164985025838503e-01,-9.898908798046147650e-01,-1.120099352446805918e+00,-8.299046462421418857e-01,4.698950105237615915e-01,2.021964911831932998e-01,-5.411928182305083546e-01,-5.964172765603787951e-01,-3.856799064125516208e-01,-3.131565186053421324e-02,-8.826485971191795343e-01,-1.120325037773388877e+00
-2.999019018206999232e-01,5.441148694030143451e-01,-1.117839943644278966e+00,8.743462339390176696e-01,4.082614751137985665e-01,8.826696156938546034e-01,-4.582187390443441810e-01,-7.647587771265387246e-01,-2.254207054732566273e-01,1.289645446853545208e+00,2.960367828950195790e+00,7.897014355131553032e-01,3.618825361415798358e+00,1.516270014335442173e+00,8.812384692288065535e-01,-4.194950232830883530e-01,9.872917113634490649e-01,-1.686691769660410289e-01,4.928538450710125973e-01,-1.113901189737931618e+00,1.356917693429100291e+00,1.159667015227612730e+00,1.207472988314443052e+00,1.040659682060507407e+00,-8.299046462421418857e-01,5.871963719176656049e-01,2.993358757040473495e-01,4.293929403287386037e+00,3.401722264326760836e+00,-3.856799064125516208e-01,-3.133075200060331938e-02,1.155962371602163419e+00,9.057947113912546699e-01
-8.382685682358945733e-01,5.441148694030143451e-01,-2.325940255408903146e-01,8.743462339390176696e-01,-4.253143665144286101e-01,3.438014266343020764e-01,-4.582187390443441810e-01,4.371733533342772038e-01,2.226386376564379599e-01,1.289645446853545208e+00,8.825755528451835474e-02,7.897014355131553032e-01,-4.196887180635389125e-01,1.238816149457046267e-01,5.857954436425459877e-01,-4.194950232830883530e-01,4.401892081639371956e-02,4.476990263020839689e-01,8.325017367727011175e-01,-1.113901189737931618e+00,-7.369643750999199661e-01,-8.623164985025838503e-01,1.087910542549141157e-01,1.040659682060507407e+00,1.204957707524648258e+00,4.853726200267673985e-01,9.272988894116553082e-02,-2.904827771147657223e-01,1.494598825571265277e-01,-3.856799064125516208e-01,-3.131792924782396403e-02,1.155962371602163419e+00,3.269033544870708630e-01
9.921780975757670262e-01,5.441148694030143451e-01,1.537897810665886933e+00,8.743462339390176696e-01,1.304028612377228502e-01,9.724809805371132931e-01,-4.582187390443441810e-01,-7.647587771265387246e-01,1.728542661975830119e-01,1.289645446853545208e+00,9.857920158050426096e-01,7.897014355131553032e-01,-4.196887180635389125e-01,-9.204096845965986651e-01,4.599655690510305317e-01,-4.194950232830883530e-01,8.853162745475511297e-01,-3.595266460408378384e-01,7.844383558715187776e-01,-1.113901189737931618e+00,-7.369643750999199661e-01,1.159667015227612730e+00,1.087910542549141157e-01,1.040659682060507407e+00,-8.299046462421418857e-01,6.021520254525669635e-01,2.358050203166296432e-01,5.360338419481222028e-01,1.026569596825805064e+00,-3.856799064125516208e-01,-3.132467739305063587e-02,1.155962371602163419e+00,-2.519880024171129995e-01
-4.075752351037388310e-01,-1.837847219829066070e+00,-2.325940255408903146e-01,8.743462339390176696e-01,-1.474557526383528661e-01,1.152103710223630895e+00,-4.582187390443441810e-01,-7.647587771265387246e-01,-5.241269342263863429e-01,1.289645446853545208e+00,8.825755528451835474e-02,7.897014355131553032e-01,-4.196887180635389125e-01,-9.204096845965986651e-01,1.197712521910303085e+00,-4.194950232830883530e-01,8.440405025030210950e-01,-3.505139322234168686e-01,3.518679277608778855e-01,-1.113901189737931618e+00,-7.369643750999199661e-01,1.159667015227612730e+00,1.087910542549141157e-01,-1.120099352446805918e+00,-8.299046462421418857e-01,6.306636160532186341e-01,1.672269282466901652e-01,-2.904827771147657223e-01,3.798856060183745109e-01,-3.856799064125516208e-01,-3.132930650150359680e-02,1.155962371602163419e+00,-2.519880024171129995e-01
-2.453368567481478468e+00,5.441148694030143451e-01,-2.325940255408903146e-01,8.743462339390176696e-01,-1.474557526383528661e-01,6.311977941327300279e-01,-4.582187390443441810e-01,-7.647587771265387246e-01,5.462370521389952049e-01,1.289645446853545208e+00,5.370247855447803920e-01,7.897014355131553032e-01,-4.196887180635389125e-01,-9.204096845965986651e-01,2.146732581207826840e+00,-4.194950232830883530e-01,4.215708356943013158e-01,2.238170062302916374e+00,1.032765823860960941e+00,-1.113901189737931618e+00,-7.369643750999199661e-01,1.159667015227612730e+00,1.087910542549141157e-01,1.040659682060507407e+00,-8.299046462421418857e-01,5.424968708675803608e-01,1.672269282466901652e-01,5.389914749477092704e-02,4.677915232479090690e-01,-3.856799064125516208e-01,-3.131785662705579426e-02,1.155962371602163419e+00,-2.519880024171129995e-01
-1.484308567934127909e+00,5.441148694030143451e-01,-2.325940255408903146e-01,-3.171476319498239826e-01,1.304028612377228502e-01,6.761034765543594283e-01,-4.582187390443441810e-01,-7.647587771265387246e-01,4.715604949507127275e-01,-7.754069170249729970e-01,-8.092769052360058168e-01,-1.283645962745322056e+00,-4.196887180635389125e-01,-9.204096845965986651e-01,1.336775860431316465e+00,-4.194950232830883530e-01,6.249147126783833883e-01,1.116305241561846184e+00,-1.394434911648746667e+00,8.783238357443062805e-01,-7.369643750999199661e-01,1.159667015227612730e+00,-9.898908798046147650e-01,-3.971983519314924160e-02,-8.299046462421418857e-01,5.508080871334737338e-01,2.358050203166296432e-01,-5.659883168023950306e-01,-7.031152942494910407e-01,-3.856799064125516208e-01,-3.132172787262043484e-02,-8.826485971191795343e-01,-1.120325037773388877e+00
-1.268961901368050205e+00,5.441148694030143451e-01,1.537897810665886933e+00,-1.508641497838665746e+00,2.415463067881531423e-01,3.617636996029538476e-01,-4.582187390443441810e-01,-7.647587771265387246e-01,7.204823522449874673e-01,-7.754069170249729970e-01,-8.092769052360058168e-01,-1.283645962745322056e+00,-4.196887180635389125e-01,-9.204096845965986651e-01,8.243542615727077472e-01,-4.194950232830883530e-01,4.070029161491730552e-01,1.172634702920726912e+00,-1.394434911648746667e+00,1.011138837443122274e+00,-7.369643750999199661e-01,1.159667015227612730e+00,-9.898908798046147650e-01,-1.120099352446805918e+00,-8.299046462421418857e-01,4.891610658477938967e-01,2.617808193191699107e-01,-5.659883168023950306e-01,-7.031152942494910407e-01,-3.856799064125516208e-01,-3.132044387740828134e-02,-8.826485971191795343e-01,-1.120325037773388877e+00
-2.345695234198439394e+00,-1.837847219829066070e+00,-2.325940255408903146e-01,-3.171476319498239826e-01,-5.642436734524665098e-01,-1.544403273873291849e-02,-4.582187390443441810e-01,-7.647587771265387246e-01,8.449432808921248927e-01,-7.754069170249729970e-01,-8.092769052360058168e-01,-1.283645962745322056e+00,-4.196887180635389125e-01,-9.204096845965986651e-01,1.033264605722755913e+00,-4.194950232830883530e-01,-2.831522723012785958e-01,2.447088766165411489e+00,-1.394434911648746667e+00,1.077546338292530104e+00,-7.369643750999199661e-01,-8.623164985025838503e-01,-9.898908798046147650e-01,-1.120099352446805918e+00,-8.299046462421418857e-01,4.021066721342696493e-01,5.292421632047194374e-02,-5.659883168023950306e-01,-7.031152942494910407e-01,-3.856799064125516208e-01,-3.130838480400761209e-02,-8.826485971191795343e-01,-1.120325037773388877e+00
3.461380978775335793e-01,5.441148694030143451e-01,6.526518925624983369e-01,8.743462339390176696e-01,-4.253143665144286101e-01,-1.793709056635256260e+00,-4.582187390443441810e-01,4.371733533342772038e-01,-1.391033908409332418e-03,1.289645446853545208e+00,4.472713394927279595e-01,-2.469722636160833762e-01,9.264826417629067334e-01,-9.204096845965986651e-01,-1.698336686654289496e+00,-4.194950232830883530e-01,-1.545098302898014753e+00,-2.575406738963375020e-01,-1.020954169469571668e-02,-1.113901189737931618e+00,-7.369643750999199661e-01,-8.623164985025838503e-01,1.087910542549141157e-01,1.040659682060507407e+00,1.204957707524648258e+00,-2.004287226947851330e+00,9.272988894116553082e-02,-2.599745901464164607e-02,5.718721292476778295e-01,-3.856799064125516208e-01,-3.132054359547800648e-02,1.366568872414919422e-01,3.269033544870708630e-01
2.311809802841681069e-02,5.441148694030143451e-01,-1.117839943644278966e+00,-1.508641497838665746e+00,-1.474557526383528661e-01,5.234241563208196224e-01,-4.582187390443441810e-01,1.639105483795093132e+00,3.968839377624303055e-01,-7.754069170249729970e-01,-4.502631210277961427e-01,7.897014355131553032e-01,-4.196887180635389125e-01,1.516270014335442173e+00,4.109132450577275830e-01,-4.194950232830883530e-01,3.341633184235316967e-01,1.436832087651663259e-01,9.542623017223628157e-01,8.384793352346615602e-01,-7.369643750999199661e-01,1.159667015227612730e+00,-9.898908798046147650e-01,-1.120099352446805918e+00,1.204957707524648258e+00,5.219071995403455899e-01,1.672269282466901652e-01,-5.219074304523743102e-01,-5.406651592093111303e-01,-3.856799064125516208e-01,-3.131945428395548764e-02,-8.826485971191795343e-01,-5.414336808692048475e-01
3.461380978775335793e-01,5.441148694030143451e-01,6.526518925624983369e-01,8.743462339390176696e-01,4.082614751137985665e-01,-1.793709056635256260e+00,-4.582187390443441810e-01,-7.647587771265387246e-01,-7.730487915206610827e-01,1.289645446853545208e+00,-8.092769052360058168e-01,-1.283645962745322056e+00,-4.196887180635389125e-01,1.168172914488007974e+00,-1.698336686654289496e+00,-4.194950232830883530e-01,-1.545098302898014753e+00,-7.722140682069562612e-01,-1.394434911648746667e+00,-1.113901189737931618e+00,1.356917693429100291e+00,-8.623164985025838503e-01,1.207472988314443052e+00,1.040659682060507407e+00,-8.299046462421418857e-01,-2.004287226947851330e+00,2.993358757040473495e-01,-5.659883168023950306e-01,-7.031152942494910407e-01,-3.856799064125516208e-01,-3.133577320800236266e-02,-8.826485971191795343e-01,9.057947113912546699e-01
1.853564763840078289e+00,5.441148694030143451e-01,1.537897810665886933e+00,8.743462339390176696e-01,1.304028612377228502e-01,1.911221064007622150e-01,-4.582187390443441810e-01,4.371733533342772038e-01,-3.996660055792489730e-01,1.289645446853545208e+00,-8.092769052360058168e-01,-1.283645962745322056e+00,-4.196887180635389125e-01,-9.204096845965986651e-01,-3.241807370390907828e-01,-4.194950232830883530e-01,1.988030659833815716e-01,-8.996547769299398922e-01,-1.394434911648746667e+00,-1.113901189737931618e+00,-7.369643750999199661e-01,-8.623164985025838503e-01,1.087910542549141157e-01,1.040659682060507407e+00,1.204957707524648258e+00,4.518286252358736377e-01,2.358050203166296432e-01,-5.659883168023950306e-01,-7.031152942494910407e-01,-3.856799064125516208e-01,-3.133033064054186606e-02,-8.826485971191795343e-01,3.269033544870708630e-01
-6.229219016698166467e-01,5.441148694030143451e-01,-1.117839943644278966e+00,8.743462339390176696e-01,-9.188402986313773391e-02,2.001032428850880729e-01,-4.582187390443441810e-01,1.639105483795093132e+00,1.367679181210101902e+00,-7.754069170249729970e-01,-8.092769052360058168e-01,-2.469722636160833762e-01,-4.196887180635389125e-01,1.238816149457046267e-01,3.434662995669363617e-01,-4.194950232830883530e-01,9.889141776971019371e-02,1.234597110415496246e+00,5.921848322667895292e-01,1.356457841860043478e+00,-7.369643750999199661e-01,-8.623164985025838503e-01,-9.898908798046147650e-01,1.040659682060507407e+00,1.204957707524648258e+00,4.538718235859399708e-01,1.813851176366966800e-01,-5.659883168023950306e-01,-7.031152942494910407e-01,-3.856799064125516208e-01,-3.130988143810568142e-02,1.366568872414919422e-01,-5.414336808692048475e-01
-1.053615234801972278e+00,5.441148694030143451e-01,-2.325940255408903146e-01,-3.171476319498239826e-01,1.304028612377228502e-01,1.372352874948069568e-01,-4.582187390443441810e-01,-7.647587771265387246e-01,9.817770900930057609e-02,-7.754069170249729970e-01,-8.092769052360058168e-01,-1.283645962745322056e+00,-4.196887180635389125e-01,-9.204096845965986651e-01,4.588507435057281314e-01,-4.194950232830883530e-01,1.514573274617146970e-01,4.710768659964812421e-01,-1.394434911648746667e+00,6.791013331960825683e-01,-7.369643750999199661e-01,-8.623164985025838503e-01,-9.898908798046147650e-01,-3.971983519314924160e-02,-8.299046462421418857e-01,4.393727538076080963e-01,2.358050203166296432e-01,-5.659883168023950306e-01,-7.031152942494910407e-01,-3.856799064125516208e-01,-3.132541477315819306e-02,-8.826485971191795343e-01,-1.120325037773388877e+00
-8.455523525462210754e-02,-1.837847219829066070e+00,-1.117839943644278966e+00,-1.508641497838665746e+00,7.483113846250770418e-02,1.462164239791328424e-01,-4.582187390443441810e-01,1.639105483795093132e+00,-3.996660055792489730e-01,-7.754069170249729970e-01,-8.092769052360058168e-01,-2.469722636160833762e-01,-4.196887180635389125e-01,-9.204096845965986651e-01,1.008655367981726447e-01,-4.194950232830883530e-01,1.331260287007616228e-01,-3.790825345126003221e-01,-1.661485108407538824e-01,4.134713297984508040e-01,-7.369643750999199661e-01,-8.623164985025838503e-01,-9.898908798046147650e-01,-1.120099352446805918e+00,1.204957707524648258e+00,4.414725767909474241e-01,2.225181396183785187e-01,-5.659883168023950306e-01,-7.031152942494910407e-01,-3.856799064125516208e-01,-3.132988898058160915e-02,-8.826485971191795343e-01,-5.414336808692048475e-01
2.311809802841681069e-02,5.441148694030143451e-01,-2.325940255408903146e-01,8.743462339390176696e-01,6.861200889898743105e-01,1.484405760143688191e+00,-4.582187390443441810e-01,4.371733533342772038e-01,7.328552327987310211e-02,-7.754069170249729970e-01,8.825755528451835474e-02,-2.469722636160833762e-01,-4.196887180635389125e-01,-9.204096845965986651e-01,1.285679689604959597e+00,-4.194950232830883530e-01,1.778208343334371166e+00,-8.413816828630842071e-02,2.610501276397543535e-02,6.658198330262009579e-01,1.356917693429100291e+00,1.159667015227612730e+00,1.087910542549141157e-01,1.040659682060507407e+00,1.204957707524648258e+00,6.791140341452329698e-01,3.585117714792993016e-01,-2.904827771147657223e-01,-2.578815908060351214e-01,-3.856799064125516208e-01,-3.133005207472345371e-02,1.366568872414919422e-01,6.163490329391630995e-01
-1.699655234500205836e+00,-1.837847219829066070e+00,-2.325940255408903146e-01,-3.171476319498239826e-01,-1.474557526383528661e-01,6.761034765543594283e-01,-4.582187390443441810e-01,-7.647587771265387246e-01,-5.117540536726428863e-02,-7.754069170249729970e-01,-8.092769052360058168e-01,-1.283645962745322056e+00,-4.196887180635389125e-01,-9.204096845965986651e-01,1.496518626067400826e+00,-4.194950232830883530e-01,4.579906345571219672e-01,7.801072985041034302e-01,-1.394434911648746667e+00,5.994123321767930168e-01,-7.369643750999199661e-01,1.159667015227612730e+00,-9.898908798046147650e-01,-1.120099352446805918e+00,-8.299046462421418857e-01,5.508080871334737338e-01,1.672269282466901652e-01,-5.659883168023950306e-01,-7.031152942494910407e-01,-3.856799064125516208e-01,-3.132424725465456777e-02,-8.826485971191795343e-01,-1.120325037773388877e+00
-1.922285685376610154e-01,5.441148694030143451e-01,-1.117839943644278966e+00,8.743462339390176696e-01,-3.697426437392134502e-01,2.719523347596951024e-01,-4.582187390443441810e-01,-7.647587771265387246e-01,7.204823522449874673e-01,-7.754069170249729970e-01,-8.092769052360058168e-01,-2.469722636160833762e-01,9.264826417629067334e-01,1.238816149457046267e-01,2.543231338483382675e-01,-4.194950232830883530e-01,1.852506161241925312e-02,4.793490246575756730e-01,3.144852981710694051e-01,1.011138837443122274e+00,-7.369643750999199661e-01,-8.623164985025838503e-01,-9.898908798046147650e-01,1.040659682060507407e+00,-8.299046462421418857e-01,4.698950105237615915e-01,1.081522668181317537e-01,-5.659883168023950306e-01,-7.031152942494910407e-01,-3.856799064125516208e-01,-3.131294953800673603e-02,1.366568872414919422e-01,-1.120325037773388877e+00
1.307914313114557359e-01,5.441148694030143451e-01,-2.325940255408903146e-01,-1.508641497838665746e+00,-1.474557526383528661e-01,1.821409699164363294e-01,-4.582187390443441810e-01,1.639105483795093132e+00,7.328552327987310211e-02,-7.754069170249729970e-01,-8.092769052360058168e-01,-1.283645962745322056e+00,-4.196887180635389125e-01,-9.204096845965986651e-01,6.754697710460853821e-02,-4.194950232830883530e-01,5.737284706609463436e-02,-1.268347620274237197e-01,-1.394434911648746667e+00,6.658198330262009579e-01,-7.369643750999199661e-01,-8.623164985025838503e-01,-9.898908798046147650e-01,-1.120099352446805918e+00,1.204957707524648258e+00,4.497762024827584026e-01,1.672269282466901652e-01,-5.659883168023950306e-01,-7.031152942494910407e-01,-3.856799064125516208e-01,-3.132291587390482329e-02,-8.826485971191795343e-01,-5.414336808692048475e-01
9.921780975757670262e-01,-1.837847219829066070e+00,-1.117839943644278966e+00,8.743462339390176696e-01,6.861200889898743105e-01,1.861613492485374888e+00,-4.582187390443441810e-01,1.639105483795093132e+00,5.711292378684226234e-01,-7.754069170249729970e-01,2.780860936846091036e+00,7.897014355131553032e-01,3.618825361415798358e+00,1.516270014335442173e+00,1.153705579813454563e+00,-4.194950232830883530e-01,2.160616231393988063e+00,-1.191876109096119268e-01,1.008734133410369660e+00,9.314498364238326111e-01,1.356917693429100291e+00,1.159667015227612730e+00,1.087910542549141157e-01,-1.120099352446805918e+00,1.204957707524648258e+00,7.285001588592183719e-01,3.585117714792993016e-01,3.842100318199674014e+00,8.480214790373873379e-01,-3.856799064125516208e-01,-3.132579165632427137e-02,1.155962371602163419e+00,6.163490329391630995e-01
-9.459419015189334257e-01,5.441148694030143451e-01,6.526518925624983369e-01,-1.508641497838665746e+00,-4.253143665144286101e-01,-1.793709056635256260e+00,-4.582187390443441810e-01,-7.647587771265387246e-01,1.728542661975830119e-01,-7.754069170249729970e-01,-8.990303512880581938e-01,-2.469722636160833762e-01,-4.196887180635389125e-01,-9.204096845965986651e-01,-1.698336686654289496e+00,-4.194950232830883530e-01,-1.545098302898014753e+00,4.696430251618915475e-01,8.057684445198201595e-02,7.189458337057272885e-01,-7.369643750999199661e-01,-8.623164985025838503e-01,-9.898908798046147650e-01,-1.120099352446805918e+00,-8.299046462421418857e-01,-2.004287226947851330e+00,9.272988894116553082e-02,-5.632332614055187703e-01,-7.463574165263733295e-01,-3.856799064125516208e-01,-3.131851021396930140e-02,-8.826485971191795343e-01,-1.120325037773388877e+00
1.099851430858805879e+00,5.441148694030143451e-01,-1.117839943644278966e+00,-9.128945648942448088e-01,-4.253143665144286101e-01,1.013107415575034559e-01,-4.582187390443441810e-01,1.639105483795093132e+00,3.222073805741478836e-01,1.289645446853545208e+00,8.062851237009377448e-01,7.897014355131553032e-01,-4.196887180635389125e-01,1.238816149457046267e-01,-2.428622606655102822e-01,-4.194950232830883530e-01,-1.362590835545685886e-01,-3.031971846819569438e-01,8.837693430672954875e-01,-1.113901189737931618e+00,-7.369643750999199661e-01,-8.623164985025838503e-01,1.087910542549141157e-01,-5.799095938199776423e-01,1.204957707524648258e+00,4.308751070008010609e-01,9.272988894116553082e-02,3.266496317855240306e-01,7.891852566023678239e-01,-3.856799064125516208e-01,-3.131676731553327542e-02,-3.729958549388437961e-01,3.269033544870708630e-01
9.921780975757670262e-01,5.441148694030143451e-01,6.526518925624983369e-01,8.743462339390176696e-01,1.658625237556139442e+00,-1.793709056635256260e+00,-4.582187390443441810e-01,-7.647587771265387246e-01,-8.228331629795160307e-01,1.289645446853545208e+00,-8.092769052360058168e-01,-2.469722636160833762e-01,-4.196887180635389125e-01,1.516270014335442173e+00,-1.698336686654289496e+00,-4.194950232830883530e-01,-1.545098302898014753e+00,-9.603742338689027491e-01,-3.477212831341093269e-01,-1.113901189737931618e+00,1.356917693429100291e+00,-8.623164985025838503e-01,1.207472988314443052e+00,1.040659682060507407e+00,-8.299046462421418857e-01,-2.004287226947851330e+00,5.385500297443618356e-01,-5.659883168023950306e-01,-7.031152942494910407e-01,-3.856799064125516208e-01,-3.134167035084447356e-02,1.366568872414919422e-01,9.057947113912546699e-01
1.422871430707922658e+00,5.441148694030143451e-01,-1.117839943644278966e+00,8.743462339390176696e-01,-8.526445700315014864e-03,4.874996103835160799e-01,2.182363824940011909e+00,-7.647587771265387246e-01,7.951589094332699448e-01,-7.754069170249729970e-01,-6.297700131319009520e-01,7.897014355131553032e-01,2.272654001589352379e+00,1.516270014335442173e+00,-2.470067697234890058e-02,1.981547150742488883e+00,3.821160535929122304e-01,-1.301732571049758480e-01,1.213804558588747806e+00,1.050983337952766883e+00,-7.369643750999199661e-01,1.159667015227612730e+00,1.087910542549141157e-01,1.040659682060507407e+00,-8.299046462421418857e-01,5.148314011711022653e-01,2.021964911831932998e-01,-5.549680952148898783e-01,-6.298146235606294496e-01,1.653210420508373524e+00,-3.131692998605396794e-02,1.155962371602163419e+00,-2.519880024171129995e-01
5.614847644436113949e-01,5.441148694030143451e-01,-1.117839943644278966e+00,8.743462339390176696e-01,4.082614751137985665e-01,-2.040478989095762807e-01,-4.582187390443441810e-01,-7.647587771265387246e-01,7.702667237038424153e-01,1.289645446853545208e+00,-8.092769052360058168e-01,-2.469722636160833762e-01,9.264826417629067334e-01,1.516270014335442173e+00,-3.739239388351159876e-01,-4.194950232830883530e-01,-4.096060986352117322e-02,1.659603968731980794e-01,3.358468007938170685e-01,-1.113901189737931618e+00,1.356917693429100291e+00,-8.623164985025838503e-01,1.207472988314443052e+00,1.040659682060507407e+00,-8.299046462421418857e-01,3.514078888035787607e-01,2.993358757040473495e-01,-5.659883168023950306e-01,-7.031152942494910407e-01,-3.856799064125516208e-01,-3.132162253260507151e-02,1.366568872414919422e-01,9.057947113912546699e-01
7.768314310096892106e-01,5.441148694030143451e-01,-1.117839943644278966e+00,8.743462339390176696e-01,4.082614751137985665e-01,6.538619562019995501e-02,-4.582187390443441810e-01,1.639105483795093132e+00,1.728542661975830119e-01,1.289645446853545208e+00,8.960385697529900106e-01,-2.469722636160833762e-01,9.264826417629067334e-01,1.516270014335442173e+00,-2.002304637112899410e-01,-4.194950232830883530e-01,2.139779821762234913e-01,-2.915619188930734795e-01,5.921534182923431089e-02,-1.113901189737931618e+00,1.356917693429100291e+00,-8.623164985025838503e-01,1.207472988314443052e+00,1.040659682060507407e+00,1.204957707524648258e+00,4.222155905580857738e-01,2.993358757040473495e-01,4.285866814699467731e-01,9.400853522720401534e-01,-3.856799064125516208e-01,-3.132710021340402023e-02,1.366568872414919422e-01,1.484686068295438144e+00
2.284258096972234142e+00,5.441148694030143451e-01,1.537897810665886933e+00,8.743462339390176696e-01,9.639787028659499990e-01,9.904432535057651199e-01,2.182363824940011909e+00,-7.647587771265387246e-01,-4.743425627675313949e-01,1.289645446853545208e+00,9.857920158050426096e-01,1.826375134642393983e+00,-4.196887180635389125e-01,1.516270014335442173e+00,1.264097658965719906e-01,2.653838959469650760e+00,1.465605069761827028e+00,-1.019257297476053203e+00,9.553303768535004181e-01,-1.113901189737931618e+00,1.356917693429100291e+00,1.159667015227612730e+00,2.306154922373972127e+00,1.040659682060507407e+00,-8.299046462421418857e-01,6.050850089656190089e-01,4.138916512505173007e-01,5.360338419481222028e-01,1.424550191232510254e+00,2.459733357387392960e+00,-3.133622968140226811e-02,2.175267855962834673e+00,1.774131746747530380e+00
-8.455523525462210754e-02,-1.837847219829066070e+00,-2.325940255408903146e-01,-3.171476319498239826e-01,4.082614751137985665e-01,1.462164239791328424e-01,-4.582187390443441810e-01,-7.647587771265387246e-01,2.724230091152929356e-01,1.289645446853545208e+00,9.857920158050426096e-01,7.897014355131553032e-01,-4.196887180635389125e-01,-9.204096845965986651e-01,1.008655367981726447e-01,-4.194950232830883530e-01,2.904595597881469149e-01,1.030126291173701913e-01,8.485228637397619345e-01,-1.113901189737931618e+00,1.356917693429100291e+00,-8.623164985025838503e-01,1.207472988314443052e+00,-1.120099352446805918e+00,-8.299046462421418857e-01,4.414725767909474241e-01,2.993358757040473495e-01,5.360338419481222028e-01,9.781868026698526952e-01,-3.856799064125516208e-01,-3.132618726660419545e-02,1.366568872414919422e-01,9.057947113912546699e-01
3.461380978775335793e-01,-1.837847219829066070e+00,-1.117839943644278966e+00,8.743462339390176696e-01,7.483113846250770418e-02,9.275752981154838928e-01,-4.582187390443441810e-01,1.639105483795093132e+00,6.955901665155600488e-01,-7.754069170249729970e-01,-8.092769052360058168e-01,-2.469722636160833762e-01,9.264826417629067334e-01,1.238816149457046267e-01,6.484297612358250751e-01,-4.194950232830883530e-01,8.090774955947132030e-01,2.073256177390597199e-01,3.038045468596955456e-01,9.978573372732405522e-01,-7.369643750999199661e-01,1.159667015227612730e+00,-9.898908798046147650e-01,-1.120099352446805918e+00,1.204957707524648258e+00,5.947356967439587638e-01,2.225181396183785187e-01,-5.659883168023950306e-01,-7.031152942494910407e-01,-3.856799064125516208e-01,-3.131890508939621370e-02,1.366568872414919422e-01,-5.414336808692048475e-01
