3.211769799236208200e-04,8.023818731307983398e-01,9.052984118461608887e-01,8.981437683105468750e-01,1.001892805099487305e+00,4.954801201820373535e-01,4.974252581596374512e-01,6.888738274574279785e-01,4.966879189014434814e-01,8.001417517662048340e-01,-4.101644270122051239e-03,-5.874724010936915874e-04,-4.211513791233301163e-03,-1.572714420035481453e-03,-4.620240535587072372e-03,-2.732639666646718979e-03,-5.271621979773044586e-03,-2.022293861955404282e-03,-6.526558427140116692e-04,-3.091793623752892017e-04
1.207963097840547562e-03,-4.300428845454007387e-04,1.627785037271678448e-03,7.316509727388620377e-03,2.276191115379333496e-02,6.423770450055599213e-03,1.356432912871241570e-03,2.634042315185070038e-02,-2.446142490953207016e-03,1.721277460455894470e-02,9.612739682197570801e-01,9.788817763328552246e-01,9.723857641220092773e-01,9.616266489028930664e-01,1.772435754537582397e-01,-5.702799651771783829e-03,-9.469307027757167816e-03,1.444552908651530743e-03,-1.085778232663869858e-03,2.094832016155123711e-03
-1.469239359721541405e-03,-1.455164328217506409e-02,-1.030553318560123444e-02,-7.035389542579650879e-03,-7.405844982713460922e-03,-6.495919078588485718e-03,-2.559450687840580940e-03,6.733753085136413574e-01,2.028919989243149757e-03,4.863955080509185791e-01,3.157440200448036194e-02,1.521591935306787491e-02,3.475701669231057167e-03,2.359012514352798462e-02,-6.099225953221321106e-03,5.749792791903018951e-03,6.055840291082859039e-03,-4.689539317041635513e-03,-2.423343015834689140e-03,1.655143452808260918e-03
-4.396828822791576385e-03,3.133592545054852962e-04,5.498666781932115555e-03,-1.406053546816110611e-02,-1.139248022809624672e-03,7.204605935839936137e-06,-2.804386662319302559e-03,1.226904150098562241e-02,-2.153631998226046562e-03,1.007483457215130329e-03,9.284818768501281738e-01,6.859276294708251953e-01,3.182087242603302002e-01,6.686931848526000977e-01,6.067382693290710449e-01,1.008664965629577637e+00,9.979664087295532227e-01,5.925282835960388184e-01,9.895507693290710449e-01,8.075374960899353027e-01
-3.977290354669094086e-03,-8.150512352585792542e-03,-7.258667610585689545e-03,-1.432554889470338821e-02,-1.095540914684534073e-02,-5.344599951058626175e-03,-2.533422317355871201e-03,-7.272122893482446671e-03,-3.317499533295631409e-03,-1.765394024550914764e-02,8.557056188583374023e-01,9.149405956268310547e-01,1.004339337348937988e+00,9.919949173927307129e-01,1.006222248077392578e+00,9.884963035583496094e-01,9.929959177970886230e-01,5.954645108431577682e-03,1.004646897315979004e+00,1.049906641128472984e-04
5.207817303016781807e-04,2.804212970659136772e-03,2.669769898056983948e-02,4.504837840795516968e-02,1.214457210153341293e-02,4.423392564058303833e-02,1.053461246192455292e-02,3.533917665481567383e-02,-1.347690587863326073e-03,5.205570533871650696e-02,9.508045315742492676e-01,7.683923840522766113e-01,6.584963202476501465e-01,4.641019701957702637e-01,5.662174224853515625e-01,2.757354639470577240e-02,6.830984354019165039e-01,2.741004526615142822e-01,7.955182194709777832e-01,8.758897334337234497e-02
2.786479424685239792e-03,2.735000336542725563e-03,1.234206091612577438e-02,-3.890624037012457848e-03,-4.586891271173954010e-03,-3.722618799656629562e-03,-9.920533047989010811e-04,4.178532958030700684e-02,-3.645372111350297928e-03,1.843895576894283295e-02,9.902504086494445801e-01,9.744322299957275391e-01,9.531387686729431152e-01,9.710768461227416992e-01,7.900180816650390625e-01,4.991041123867034912e-01,4.924177527427673340e-01,8.270880207419395447e-03,2.984559834003448486e-01,-3.323254408314824104e-03
-2.247878815978765488e-03,7.946854829788208008e-01,8.770318031311035156e-01,8.774362206459045410e-01,6.904017925262451172e-01,4.901790022850036621e-01,3.961815237998962402e-01,7.859062552452087402e-01,5.931143760681152344e-01,6.921374797821044922e-01,1.319373212754726410e-02,3.808226669207215309e-03,3.180088941007852554e-03,6.072941236197948456e-03,-1.082202768884599209e-03,5.724104586988687515e-03,2.750424435362219810e-03,5.688868463039398193e-03,-1.452620053896680474e-04,4.924762833979912102e-05
-1.169723909697495401e-04,9.959564208984375000e-01,4.979418590664863586e-03,1.922855852171778679e-03,1.005816698074340820e+00,7.107356097549200058e-03,4.307653754949569702e-03,2.759781666100025177e-02,5.647386889904737473e-03,9.856396317481994629e-01,-1.537729240953922272e-02,-3.591632121242582798e-04,-4.544051829725503922e-03,-2.044963464140892029e-02,6.157654803246259689e-03,-5.710637196898460388e-03,-1.161119085736572742e-03,-4.376753699034452438e-03,-7.587461732327938080e-04,-6.091689283493906260e-05
-5.682860501110553741e-04,8.045989871025085449e-01,7.036335468292236328e-01,7.155950069427490234e-01,6.100760102272033691e-01,5.029606819152832031e-01,3.987126946449279785e-01,1.003325581550598145e+00,6.033302545547485352e-01,7.939805388450622559e-01,1.432796288281679153e-02,1.501382328569889069e-03,-3.968433011323213577e-03,4.857690539211034775e-03,7.216867059469223022e-03,6.730310851708054543e-04,-4.321277141571044922e-03,-2.905518340412527323e-04,4.801457282155752182e-03,-1.216531964018940926e-03
-1.180845312774181366e-03,-6.732914596796035767e-03,-6.241223309189081192e-03,8.842922979965806007e-04,8.266354911029338837e-03,-1.014598063193261623e-03,2.786126970022451133e-05,2.284554019570350647e-02,-4.386175889521837234e-03,3.756584227085113525e-02,9.386496543884277344e-01,6.700935363769531250e-01,9.569861888885498047e-01,9.512665271759033203e-01,7.703008055686950684e-01,-8.891138248145580292e-03,-3.741486463695764542e-03,2.969432389363646507e-04,-2.638774923980236053e-03,-1.777169760316610336e-03
2.349553833482787013e-04,9.030068516731262207e-01,8.004148006439208984e-01,9.979643821716308594e-01,7.990193367004394531e-01,9.861702919006347656e-01,5.961025357246398926e-01,1.006816267967224121e+00,8.983094096183776855e-01,9.924089908599853516e-01,-4.291357938200235367e-03,-1.259598042815923691e-02,2.325610024854540825e-03,-5.915909539908170700e-03,1.295536407269537449e-03,-7.806097622960805893e-03,1.132248807698488235e-02,4.733878653496503830e-03,6.068312563002109528e-03,-8.838631329126656055e-04
-1.187333953566849232e-03,4.224208823870867491e-04,3.058627946302294731e-03,-9.710634476505219936e-04,-3.613549517467617989e-03,8.832766325213015079e-04,-1.211773138493299484e-03,-6.432012305594980717e-04,-9.527652582619339228e-05,-1.697497256100177765e-02,1.023951292037963867e+00,1.010799407958984375e+00,1.019153714179992676e+00,1.008290290832519531e+00,1.009188413619995117e+00,9.998522400856018066e-01,9.988018274307250977e-01,1.451139152050018311e-02,5.177600979804992676e-01,3.435708815231919289e-03
-3.165264788549393415e-04,-5.438819993287324905e-03,-4.119545221328735352e-03,-6.024725735187530518e-03,2.792307408526539803e-03,2.720817923545837402e-03,1.061298389686271548e-04,3.705416619777679443e-02,-2.699584234505891800e-03,7.863064110279083252e-02,9.344744086265563965e-01,9.561215043067932129e-01,9.366357922554016113e-01,9.383938908576965332e-01,9.598217606544494629e-01,9.875318408012390137e-01,9.797345399856567383e-01,5.784338712692260742e-01,7.853091955184936523e-01,9.450200945138931274e-02
-3.331154002808034420e-04,9.766249060630798340e-01,9.744004011154174805e-01,9.867292046546936035e-01,9.745453596115112305e-01,9.862381219863891602e-01,-2.501807874068617821e-03,1.104856282472610474e-01,5.806692875921726227e-03,6.688718795776367188e-01,-2.153931884095072746e-03,-4.466257058084011078e-03,-2.780533395707607269e-03,-1.273389207199215889e-04,-2.538961125537753105e-03,1.155100855976343155e-02,1.595591567456722260e-02,-2.338689373573288321e-04,4.468217492103576660e-03,-8.210407104343175888e-04
-3.630719947977922857e-05,8.008131980895996094e-01,8.931385874748229980e-01,1.000441908836364746e+00,9.897052645683288574e-01,1.000562310218811035e+00,6.915227174758911133e-01,8.791244029998779297e-01,7.949446439743041992e-01,8.047607541084289551e-01,-1.814628951251506805e-02,-1.578975119628012180e-03,5.318524315953254700e-03,-1.652892562560737133e-03,6.305146962404251099e-04,-4.367797635495662689e-03,-5.489123985171318054e-03,-4.571331664919853210e-03,-6.729689426720142365e-03,9.453218081034719944e-04
7.253431831486523151e-04,5.281917750835418701e-03,-9.262341773137450218e-04,4.639967903494834900e-02,5.693026818335056305e-03,7.861581631004810333e-03,-5.399727378971874714e-04,3.988654538989067078e-02,2.320964587852358818e-03,1.837596483528614044e-02,9.553225040435791016e-01,-3.087640274316072464e-03,-6.638309918344020844e-03,-9.675801731646060944e-03,-2.558164298534393311e-03,-2.665821230039000511e-03,-1.541427220217883587e-03,3.039209404960274696e-04,-1.642092975089326501e-04,-1.517039199825376272e-04
-1.805680512916296721e-04,-2.329414477571845055e-03,1.272160746157169342e-02,2.757400572299957275e-01,3.649474084377288818e-01,1.003273129463195801e+00,-2.484521130099892616e-03,2.445822358131408691e-01,-5.268751643598079681e-03,7.039031982421875000e-01,5.454083904623985291e-03,-8.171057328581809998e-03,-1.048441976308822632e-03,-8.866438642144203186e-03,1.138492766767740250e-02,9.230971336364746094e-03,3.918763715773820877e-03,4.586148541420698166e-03,1.031823363155126572e-02,-1.030429339152760804e-04
-2.594335819594562054e-04,1.790674985386431217e-03,3.045873045921325684e-01,5.921522974967956543e-01,2.017784863710403442e-01,-3.074650885537266731e-03,2.011977834627032280e-03,8.132712915539741516e-03,1.016478170640766621e-03,6.863902807235717773e-01,1.825188845396041870e-02,2.389447996392846107e-03,-8.399183861911296844e-03,-5.658244714140892029e-03,1.283878344111144543e-03,1.116003748029470444e-02,1.302499789744615555e-03,1.287352293729782104e-03,8.746041916310787201e-03,1.481009414419531822e-03
9.244267712347209454e-04,-1.287783309817314148e-02,-1.358781103044748306e-02,-1.859760284423828125e-02,3.972320817410945892e-03,-7.573017850518226624e-03,-4.596007347572594881e-04,1.535789109766483307e-02,7.010848494246602058e-04,2.796133747324347496e-03,9.940462708473205566e-01,9.637008905410766602e-01,9.998692274093627930e-01,1.018723011016845703e+00,9.053371846675872803e-03,-2.939648693427443504e-03,-9.528585709631443024e-03,5.450766999274492264e-03,3.836852032691240311e-03,2.000094624236226082e-03
7.744345348328351974e-03,6.465751677751541138e-03,8.450151421129703522e-03,1.737776957452297211e-02,4.205380973871797323e-04,2.525286749005317688e-03,4.792158957570791245e-03,1.363783795386552811e-02,3.878564806655049324e-03,3.064549714326858521e-02,-6.615134188905358315e-04,7.896471768617630005e-03,9.448428452014923096e-02,-4.589467775076627731e-03,3.728682696819305420e-01,9.727699160575866699e-01,9.757385849952697754e-01,-5.129248020239174366e-04,-3.784210188314318657e-03,5.819844547659158707e-03
5.279889795929193497e-03,3.782840445637702942e-03,-9.164970251731574535e-04,8.127197623252868652e-03,4.659425932914018631e-03,5.778582300990819931e-03,1.039245980791747570e-03,1.084619015455245972e-02,5.770276766270399094e-04,5.776030942797660828e-03,8.866328597068786621e-01,-5.228548776358366013e-03,-3.402696456760168076e-04,1.848948653787374496e-03,6.983705796301364899e-03,1.304697216255590320e-04,-7.948373444378376007e-03,-3.545568790286779404e-03,1.155299134552478790e-03,-7.338376599363982677e-04
1.283587189391255379e-03,-2.245893934741616249e-03,-3.499806625768542290e-03,-1.297604013234376907e-02,5.133696366101503372e-03,-6.643757689744234085e-03,-4.609149880707263947e-03,-2.242561662569642067e-03,-9.225832298398017883e-03,-1.867328956723213196e-02,1.007659554481506348e+00,7.934821844100952148e-01,4.955972731113433838e-01,7.585190981626510620e-02,5.925148129463195801e-01,9.948451519012451172e-01,1.010747551918029785e+00,7.290454115718603134e-03,1.009790182113647461e+00,7.978308796882629395e-01
1.985772978514432907e-04,1.891777217388153076e-01,4.941334128379821777e-01,8.094539642333984375e-01,7.221648097038269043e-01,9.882178306579589844e-01,3.039824543520808220e-03,8.911219239234924316e-01,4.801116883754730225e-01,8.168136477470397949e-01,-9.023556485772132874e-03,-8.607433177530765533e-03,-5.083127878606319427e-03,4.282021895051002502e-03,-9.694451466202735901e-03,-5.729984957724809647e-03,-1.964696915820240974e-03,5.882552359253168106e-03,9.525558562017977238e-04,-3.136833664029836655e-03
1.805808022618293762e-02,1.618471927940845490e-02,9.598477743566036224e-03,3.286530729383230209e-03,2.549430727958679199e-02,-5.219189915806055069e-03,1.091605168767273426e-03,5.906209722161293030e-02,9.308372624218463898e-03,9.595809131860733032e-02,-3.263303264975547791e-02,6.815114021301269531e-01,7.647029161453247070e-01,6.787967085838317871e-01,6.785324215888977051e-01,-1.512242294847965240e-02,-4.935158882290124893e-03,-2.477073110640048981e-03,2.324157627299427986e-03,-4.878050182014703751e-03
-2.805893891490995884e-04,-4.039217252284288406e-03,6.593677997589111328e-01,7.599878311157226562e-01,7.927752137184143066e-01,2.450457587838172913e-02,1.045977883040904999e-02,6.969309449195861816e-01,7.663969416171312332e-03,6.091154813766479492e-01,1.753425970673561096e-02,-1.061757793650031090e-03,1.753879594616591930e-03,6.127589382231235504e-03,9.717576205730438232e-03,5.176537204533815384e-03,-5.967895500361919403e-03,-4.787448327988386154e-03,-3.094201441854238510e-03,-4.549480800051242113e-04
2.257072366774082184e-03,4.266885574907064438e-03,-8.109204354695975780e-04,6.477306131273508072e-03,5.082099698483943939e-03,-4.290899261832237244e-03,7.190385949797928333e-04,5.429211854934692383e-01,-1.861747237853705883e-03,5.937355756759643555e-01,1.066420227289199829e-01,6.501961499452590942e-02,6.471468508243560791e-02,5.978786572813987732e-02,5.542011559009552002e-02,2.035917527973651886e-02,1.462141610682010651e-02,-1.205759239383041859e-03,8.630768279545009136e-04,-1.042460324242711067e-03
1.765858265571296215e-03,5.322943907231092453e-03,-2.605250338092446327e-03,9.654678404331207275e-03,1.000231146812438965e+00,1.618401496671140194e-03,1.202135346829891205e-03,7.972307205200195312e-01,4.956924021244049072e-01,8.900099396705627441e-01,6.937185768038034439e-03,2.261452563107013702e-02,1.838464662432670593e-02,1.540464442223310471e-02,1.102159172296524048e-02,3.894351189956068993e-03,-8.589494391344487667e-04,6.672842428088188171e-03,-1.368777477182447910e-03,1.757373567670583725e-03
7.210028124973177910e-04,1.113592367619276047e-02,1.593295019119977951e-03,1.944950595498085022e-02,2.504823263734579086e-03,5.330860987305641174e-02,-3.110114252194762230e-03,3.244266286492347717e-02,1.051338110119104385e-02,8.090125024318695068e-02,8.962240219116210938e-01,9.525666236877441406e-01,9.463016390800476074e-01,9.353587031364440918e-01,9.501716494560241699e-01,2.526144380681216717e-04,9.589947462081909180e-01,6.893025040626525879e-01,9.787017703056335449e-01,-3.214746015146374702e-03
8.958144187927246094e-01,7.970439195632934570e-01,8.848962783813476562e-01,8.918429613113403320e-01,6.888121962547302246e-01,9.886810779571533203e-01,1.987597644329071045e-01,5.915928483009338379e-01,4.929100275039672852e-01,5.837627649307250977e-01,-2.322786720469594002e-03,-2.505017037037760019e-04,1.838576281443238258e-03,6.193667650222778320e-03,3.208617214113473892e-03,4.419187083840370178e-03,1.608357578516006470e-02,2.463371958583593369e-03,7.399382535368204117e-03,-3.207405097782611847e-04
1.460326369851827621e-03,8.956994414329528809e-01,9.989067316055297852e-01,9.035629034042358398e-01,9.995669722557067871e-01,4.996234476566314697e-01,4.960517585277557373e-01,8.022295236587524414e-01,5.908277630805969238e-01,7.935830950736999512e-01,3.965792711824178696e-03,-5.723281647078692913e-04,1.621872559189796448e-02,-3.861836390569806099e-03,1.131705823354423046e-03,1.451499760150909424e-03,-2.338669262826442719e-03,-2.304770605405792594e-04,-5.258347373455762863e-04,-1.143620029324665666e-04
7.152150501497089863e-04,5.140915047377347946e-03,1.058655753731727600e-01,3.202479481697082520e-01,2.212610244750976562e-01,6.583735346794128418e-02,6.494211405515670776e-02,8.174505829811096191e-02,5.286001600325107574e-03,6.702308058738708496e-01,3.654879331588745117e-02,1.599911041557788849e-02,1.423868909478187561e-02,6.489138118922710419e-03,6.914717145264148712e-03,-5.865675862878561020e-03,5.748382769525051117e-03,5.225825123488903046e-03,2.080677542835474014e-03,2.359737874940037727e-03
8.870303034782409668e-01,6.615432500839233398e-01,5.612004399299621582e-01,6.672343015670776367e-01,7.614164948463439941e-01,9.714023470878601074e-01,2.628135979175567627e-01,5.801066756248474121e-01,1.762444227933883667e-01,5.677090883255004883e-01,3.473644331097602844e-02,9.613843634724617004e-03,1.407324057072401047e-02,7.070023566484451294e-03,1.690082438290119171e-02,2.106016036123037338e-03,1.937109604477882385e-02,2.816372725646942854e-04,1.787432283163070679e-02,2.664235653355717659e-03
2.240520436316728592e-03,-2.684888429939746857e-03,1.081685815006494522e-02,-1.909306156449019909e-03,-3.129432210698723793e-03,7.141685578972101212e-03,-7.098701316863298416e-04,5.293324124068021774e-03,1.905026379972696304e-03,5.315507762134075165e-03,1.624274253845214844e-02,9.436066262423992157e-03,1.841730065643787384e-02,5.972979590296745300e-03,1.275278348475694656e-02,4.532055929303169250e-03,1.771556399762630463e-02,-9.162348578684031963e-05,2.060113288462162018e-02,-3.077071160078048706e-03
-2.200259768869727850e-04,7.061057686805725098e-01,7.083286643028259277e-01,7.700765728950500488e-01,6.053596138954162598e-01,4.637846946716308594e-01,3.867732286453247070e-01,8.756543397903442383e-01,5.720778703689575195e-01,7.829217314720153809e-01,2.538995631039142609e-02,4.481303039938211441e-03,6.791249383240938187e-03,8.800011128187179565e-03,4.271065816283226013e-03,8.738724282011389732e-04,-4.160858225077390671e-03,-2.684417995624244213e-04,3.646478988230228424e-03,-6.091880495660007000e-04
4.713760688900947571e-03,6.944723427295684814e-03,3.552482649683952332e-02,3.866156563162803650e-02,2.526950649917125702e-02,6.473673041909933090e-03,-5.039334064349532127e-04,1.696467399597167969e-02,-6.464155856519937515e-03,4.296934977173805237e-02,9.603161811828613281e-01,5.792047977447509766e-01,3.888525068759918213e-01,2.806440591812133789e-01,5.915991663932800293e-01,7.007670588791370392e-03,-2.976518590003252029e-03,4.986605644226074219e-01,9.519998915493488312e-03,2.071468392387032509e-03
9.956119209527969360e-02,3.837547898292541504e-01,7.007092833518981934e-01,7.947890162467956543e-01,8.782910108566284180e-01,8.301365189254283905e-03,-1.383698428981006145e-03,6.758477687835693359e-01,7.106391247361898422e-03,8.876572847366333008e-01,2.134716324508190155e-02,2.162479097023606300e-03,5.437076557427644730e-03,2.318150829523801804e-03,4.183965269476175308e-03,1.722990535199642181e-02,1.670676097273826599e-02,1.225972641259431839e-02,1.112702395766973495e-02,4.584973212331533432e-03
8.861763402819633484e-03,1.256722863763570786e-02,2.976892590522766113e-01,6.271961927413940430e-01,-9.226029738783836365e-03,-3.652962623164057732e-03,-1.636155531741678715e-03,5.890505313873291016e-01,1.966711366549134254e-03,5.541048645973205566e-01,6.198085844516754150e-02,-1.672716927714645863e-03,-5.996587220579385757e-03,-2.255456929560750723e-04,1.769070047885179520e-03,4.391517024487257004e-03,9.060845710337162018e-03,-4.947349894791841507e-03,8.251422084867954254e-03,1.955380721483379602e-04
-6.797337904572486877e-03,-4.554948303848505020e-03,-3.703080350533127785e-03,-6.652700714766979218e-03,-4.103248007595539093e-03,2.594621386379003525e-03,1.313186017796397209e-03,1.573213934898376465e-02,-9.247341658920049667e-04,2.192755043506622314e-02,9.447346329689025879e-01,9.865987896919250488e-01,9.953866600990295410e-01,9.868673086166381836e-01,9.774071574211120605e-01,9.991844296455383301e-01,1.005920290946960449e+00,5.128783523105084896e-04,9.773463010787963867e-01,2.336346777155995369e-03
-2.310506533831357956e-04,9.906433224678039551e-01,9.910809993743896484e-01,9.780312180519104004e-01,9.797751903533935547e-01,3.981564659625291824e-03,4.612666554749011993e-03,3.063538968563079834e-01,4.034187644720077515e-03,7.920163273811340332e-01,1.025820709764957428e-02,9.358323179185390472e-03,-4.666784312576055527e-03,5.991382990032434464e-03,7.689215242862701416e-03,-6.737340241670608521e-03,1.618306525051593781e-02,1.134527940303087234e-02,5.587954074144363403e-03,-2.270687546115368605e-04
1.313516986556351185e-03,-1.540933852083981037e-03,3.359554801136255264e-03,-7.093447260558605194e-03,6.222456227988004684e-03,-6.676128134131431580e-03,-2.369554713368415833e-03,4.686902835965156555e-02,-1.104806549847126007e-02,4.748689755797386169e-02,9.117434024810791016e-01,9.317739009857177734e-01,9.291281104087829590e-01,9.724143743515014648e-01,7.685919757932424545e-03,-7.356760092079639435e-03,-1.590449176728725433e-02,5.295081995427608490e-03,-8.641536347568035126e-03,-1.338165602646768093e-03
6.053050048649311066e-03,2.544966153800487518e-02,2.156245335936546326e-02,2.077840082347393036e-02,2.478938922286033630e-02,1.761432737112045288e-02,1.156049408018589020e-02,1.019953377544879913e-02,3.110167011618614197e-02,4.242916405200958252e-02,-1.198298763483762741e-02,7.102329749614000320e-03,2.117425948381423950e-02,-3.857246832922101021e-03,1.763254553079605103e-01,9.496274590492248535e-01,9.459710717201232910e-01,-8.917536586523056030e-03,3.602935699746012688e-03,-1.560629461891949177e-03
9.827349567785859108e-04,2.337733656167984009e-01,6.045548915863037109e-01,7.478750944137573242e-01,3.789946436882019043e-01,1.364800520241260529e-02,4.785004071891307831e-03,8.605628460645675659e-02,1.023927517235279083e-02,6.791718006134033203e-01,3.085328638553619385e-02,1.048218272626399994e-02,2.113265916705131531e-02,9.974067099392414093e-03,5.852352362126111984e-03,-5.144529510289430618e-03,-7.534064352512359619e-03,3.774377750232815742e-03,2.034762874245643616e-03,3.282747697085142136e-03
6.366323214024305344e-04,9.858632460236549377e-03,6.083748340606689453e-01,7.094774842262268066e-01,8.017693161964416504e-01,9.935721158981323242e-01,-1.085114083252847195e-03,8.014489412307739258e-01,7.967279553413391113e-01,8.981208801269531250e-01,6.430392386391758919e-04,3.229242982342839241e-03,5.411576014012098312e-03,-3.005704842507839203e-03,-2.329096896573901176e-03,1.958368811756372452e-03,-1.134211197495460510e-03,-9.120218455791473389e-04,7.966207340359687805e-03,5.927311722189188004e-04
1.918002148158848286e-03,2.328603155910968781e-02,2.547201514244079590e-02,3.942926600575447083e-02,2.941868267953395844e-02,8.746253326535224915e-03,2.931833732873201370e-03,2.825736999511718750e-02,5.958424415439367294e-03,4.461768269538879395e-02,7.582307457923889160e-01,8.777621388435363770e-02,7.504239678382873535e-02,8.623396605253219604e-02,1.895750910043716431e-01,2.942000925540924072e-01,2.952423691749572754e-01,1.872109770774841309e-01,2.949478924274444580e-01,9.021216630935668945e-02
2.932621538639068604e-01,8.239269955083727837e-04,2.361215956625528634e-05,8.631438612937927246e-01,4.679056704044342041e-01,-4.530233796685934067e-03,-3.645923687145113945e-03,7.779445648193359375e-01,6.819620728492736816e-01,8.631106466054916382e-03,3.184288367629051208e-02,1.884940080344676971e-02,3.194480016827583313e-02,5.923297721892595291e-03,3.442205023020505905e-03,1.108556427061557770e-02,1.122549828141927719e-02,2.266658004373311996e-03,7.619684096425771713e-03,1.140833552926778793e-02
7.485253154300153255e-04,3.902760446071624756e-01,7.028018236160278320e-01,8.982201814651489258e-01,9.109734892845153809e-01,9.891574382781982422e-01,1.922418475151062012e-01,7.078974843025207520e-01,3.869373202323913574e-01,8.043867945671081543e-01,8.052506484091281891e-03,-1.190063264220952988e-02,7.707800250500440598e-04,-4.353983793407678604e-03,-2.761699957773089409e-03,-1.031101099215447903e-03,1.704585389234125614e-03,-3.531281254254281521e-04,5.380894435802474618e-05,2.263386704726144671e-07
8.240687893703579903e-04,7.999551892280578613e-01,7.308700680732727051e-01,7.352432608604431152e-01,6.172106862068176270e-01,3.211393207311630249e-02,2.421547845005989075e-02,7.148914933204650879e-01,4.278843477368354797e-02,8.024587631225585938e-01,1.204359065741300583e-02,4.906834103167057037e-03,3.089713864028453827e-03,-6.294089369475841522e-03,-1.410023425705730915e-03,1.183843472972512245e-03,-5.015432252548635006e-04,2.062983112409710884e-03,-1.461984822526574135e-03,-1.179891405627131462e-03
6.868162308819591999e-04,4.908380098640918732e-03,-1.005323254503309727e-03,-6.486418191343545914e-03,-1.510124001652002335e-02,-4.578704014420509338e-03,-2.788463374599814415e-03,-4.129353910684585571e-03,2.020130399614572525e-03,2.223759656772017479e-03,8.925775289535522461e-01,2.893058955669403076e-01,9.934543967247009277e-01,9.856735467910766602e-01,8.024161458015441895e-01,1.005166769027709961e+00,9.989909529685974121e-01,-3.626864170655608177e-03,9.998305439949035645e-01,7.012411355972290039e-01
-1.518257660791277885e-03,5.068357661366462708e-02,5.858128517866134644e-02,6.031626462936401367e-02,4.740764945745468140e-02,3.804991394281387329e-02,1.085575297474861145e-02,3.860422968864440918e-02,6.847707089036703110e-03,6.725487112998962402e-02,8.865103125572204590e-01,3.521076869219541550e-03,1.186565961688756943e-02,9.362391196191310883e-03,1.477354578673839569e-02,6.078657461330294609e-04,1.943503133952617645e-02,6.762921810150146484e-01,9.473429918289184570e-01,3.562304482329636812e-04
-5.126066971570253372e-04,9.491465985774993896e-02,7.978281378746032715e-01,9.912517070770263672e-01,9.050174951553344727e-01,2.009193897247314453e-01,9.884366393089294434e-02,8.965685963630676270e-01,8.990567326545715332e-01,8.902604579925537109e-01,1.340145803987979889e-02,8.931892924010753632e-03,1.204818836413323879e-03,3.661781083792448044e-03,4.104553721845149994e-03,6.995698902755975723e-03,1.091091148555278778e-02,2.415992086753249168e-03,8.009630255401134491e-03,3.640641225501894951e-03
-3.497264347970485687e-03,2.399652730673551559e-03,7.447598502039909363e-03,5.323678720742464066e-03,6.649860646575689316e-03,-1.069852150976657867e-03,1.379822031594812870e-03,3.073404543101787567e-03,3.427139716222882271e-03,-5.310853011906147003e-03,9.633288383483886719e-01,2.282889746129512787e-02,9.600399993360042572e-03,1.451978366822004318e-02,9.746034145355224609e-01,2.358972653746604919e-02,2.907817997038364410e-02,-2.140195865649729967e-04,2.293148823082447052e-02,9.833641052246093750e-01
-2.929562004283070564e-03,-6.252835504710674286e-03,-2.865406684577465057e-03,-3.421372966840863228e-03,-5.705817136913537979e-03,-3.919498529285192490e-03,1.406668801791965961e-03,-6.369550246745347977e-03,-4.878811072558164597e-03,2.052599331364035606e-03,9.107369184494018555e-01,6.976806521415710449e-01,7.058041095733642578e-01,7.330176234245300293e-01,2.642414346337318420e-02,9.127168916165828705e-03,6.717768032103776932e-03,3.584200749173760414e-04,9.197157807648181915e-03,6.029190421104431152e-01
5.414291750639677048e-03,6.180602591484785080e-03,1.400346809532493353e-04,1.189117878675460815e-02,5.240858998149633408e-03,-5.800200626254081726e-03,-2.661385806277394295e-03,-6.430865731090307236e-03,-1.236512325704097748e-03,4.145917948335409164e-03,1.039608847349882126e-02,9.746741056442260742e-01,9.813525080680847168e-01,1.046715397387742996e-02,9.958993792533874512e-01,1.006690144538879395e+00,1.005849123001098633e+00,7.901843190193176270e-01,9.944975972175598145e-01,5.014637708663940430e-01
9.902857542037963867e-01,4.738220274448394775e-01,-6.052123848348855972e-03,9.525836706161499023e-01,7.835286855697631836e-01,-2.220081165432929993e-03,9.062979370355606079e-03,8.768353462219238281e-01,2.190676704049110413e-02,6.734791994094848633e-01,-6.161276833154261112e-04,2.359849028289318085e-02,2.282554283738136292e-02,2.496787812560796738e-03,5.161909386515617371e-03,2.127070724964141846e-02,1.556880772113800049e-02,-8.706492953933775425e-04,2.511102706193923950e-02,-4.758637864142656326e-03
6.143414881080389023e-03,9.934757947921752930e-01,2.770432084798812866e-02,1.343350578099489212e-02,9.662698507308959961e-01,8.372811600565910339e-03,2.884180517867207527e-03,2.761216089129447937e-02,-7.260605692863464355e-03,7.391446232795715332e-01,3.912526741623878479e-02,1.118150539696216583e-02,3.568304330110549927e-02,6.782684475183486938e-02,1.655361428856849670e-02,3.211101144552230835e-02,2.280307933688163757e-02,1.740708202123641968e-02,-8.959218859672546387e-03,6.626292015425860882e-04
-3.275361144915223122e-03,-3.945572301745414734e-03,-4.283389542251825333e-03,-1.084204018115997314e-02,-1.098713651299476624e-02,-3.850073320791125298e-03,-1.069718855433166027e-03,-1.640644297003746033e-02,-7.786679780110716820e-04,-1.393136102706193924e-02,5.404549464583396912e-02,9.934655427932739258e-01,1.010392785072326660e+00,1.014881968498229980e+00,9.827991724014282227e-01,3.633429063484072685e-03,1.407487690448760986e-02,7.084004115313291550e-03,6.901900749653577805e-03,9.952449798583984375e-01
4.814574494957923889e-04,-9.425111056771129370e-05,-3.919170238077640533e-03,1.111773657612502575e-03,-3.614820307120680809e-03,-4.483292286749929190e-05,-2.259065164253115654e-03,3.851059079170227051e-02,4.403241444379091263e-03,1.915884763002395630e-02,9.589842557907104492e-01,9.911183714866638184e-01,9.901037216186523438e-01,9.963631033897399902e-01,7.884659767150878906e-01,1.332689728587865829e-02,3.696709126234054565e-02,2.513772342354059219e-04,5.747193470597267151e-03,-5.080449045635759830e-04
5.255050025880336761e-03,9.931631088256835938e-01,4.821566939353942871e-01,6.728964447975158691e-01,6.141170859336853027e-01,9.949563741683959961e-01,5.530702881515026093e-03,7.914850860834121704e-02,9.671160951256752014e-03,3.099191486835479736e-01,2.293485403060913086e-02,1.654643216170370579e-03,1.422767993062734604e-02,-7.618210744112730026e-03,1.398256793618202209e-02,-6.797308102250099182e-03,-9.402108378708362579e-03,-5.353190470486879349e-03,-1.092326361685991287e-03,2.325162058696150780e-03
-1.556701317895203829e-04,1.655538217164576054e-03,4.868634976446628571e-03,1.568001322448253632e-02,6.820827256888151169e-03,1.075167208909988403e-02,1.853626570664346218e-03,2.700255066156387329e-02,5.260332953184843063e-03,1.994563080370426178e-02,9.516969323158264160e-01,9.617882966995239258e-01,9.492548108100891113e-01,9.606381654739379883e-01,9.585982561111450195e-01,2.709298208355903625e-02,3.326981887221336365e-02,8.674564305692911148e-04,2.234598807990550995e-02,1.883815228939056396e-01
-8.642741478979587555e-03,-5.935290362685918808e-03,-7.243160624057054520e-03,-3.364454896654933691e-04,-1.304657198488712311e-02,-8.581556176068261266e-05,-1.166372094303369522e-03,1.368440967053174973e-02,-2.378609729930758476e-03,4.374162759631872177e-03,9.612061381340026855e-01,9.506912231445312500e-01,9.685766100883483887e-01,9.831696748733520508e-01,9.499726295471191406e-01,4.382910132408142090e-01,4.080710709095001221e-01,4.003538191318511963e-01,1.168167218565940857e-02,1.018862612545490265e-02
-3.633160376921296120e-04,9.499440193176269531e-01,-7.846674416214227676e-04,1.124547270592302084e-05,4.211194440722465515e-02,5.854357965290546417e-03,-3.879728494212031364e-03,3.725575208663940430e-01,1.171427406370639801e-02,5.853284001350402832e-01,7.511132210493087769e-02,-8.460634388029575348e-03,4.605400841683149338e-03,1.759108714759349823e-02,1.728243939578533173e-02,9.709126316010951996e-03,-1.131700351834297180e-03,1.184379565529525280e-03,4.228806123137474060e-03,-5.039865500293672085e-04
1.604074932401999831e-04,4.757067188620567322e-03,-3.635143730207346380e-05,-5.267048254609107971e-04,1.458491664379835129e-02,-1.360853551886975765e-03,-3.246621694415807724e-03,-5.180944688618183136e-03,5.104793701320886612e-03,8.713552728295326233e-03,8.198784589767456055e-01,6.959005594253540039e-01,8.163380026817321777e-01,8.148171305656433105e-01,3.142593428492546082e-02,4.887617193162441254e-03,1.095781219191849232e-03,1.979571999981999397e-03,8.548360317945480347e-03,3.389416262507438660e-03
1.217041426571086049e-04,8.087857961654663086e-01,8.059654831886291504e-01,9.991349577903747559e-01,7.164135575294494629e-01,1.002221822738647461e+00,-1.751763047650456429e-03,6.089523434638977051e-01,9.029899239540100098e-01,1.004201650619506836e+00,-6.702476181089878082e-03,6.336742080748081207e-04,-1.331344828940927982e-03,6.870584911666810513e-04,-4.706225357949733734e-03,3.175505669787526131e-03,-6.712487898766994476e-03,-7.174520287662744522e-03,-1.830916618928313255e-03,8.577557164244353771e-04
1.142130699008703232e-03,3.098848683293908834e-04,-3.144150599837303162e-03,-1.165292784571647644e-02,-4.420270488481037319e-05,-9.498194791376590729e-03,-2.581204462330788374e-04,1.372202336788177490e-01,-1.787727116607129574e-03,5.198759436607360840e-01,1.113699004054069519e-01,8.355867862701416016e-02,8.636930584907531738e-02,7.473500072956085205e-02,7.173459976911544800e-02,2.599963173270225525e-02,2.135117165744304657e-02,2.650806494057178497e-02,3.714251890778541565e-02,-1.256710151210427284e-03
5.100416019558906555e-04,7.947832942008972168e-01,6.943302154541015625e-01,8.923071026802062988e-01,5.008708834648132324e-01,4.938346743583679199e-01,3.951773345470428467e-01,9.781224727630615234e-01,6.913673281669616699e-01,8.824016451835632324e-01,3.991719335317611694e-02,5.999926012009382248e-03,2.401431556791067123e-03,6.975257769227027893e-03,8.796617388725280762e-03,1.374513958580791950e-03,2.393638947978615761e-03,6.467700004577636719e-04,-5.139203742146492004e-03,1.604377175681293011e-04
-5.954926746198907495e-05,8.012551069259643555e-01,9.947882890701293945e-01,8.944895863533020020e-01,6.808325648307800293e-01,9.983219504356384277e-01,5.880538821220397949e-01,3.658890426158905029e-01,4.866251349449157715e-01,6.848581433296203613e-01,1.001959759742021561e-02,-1.703888876363635063e-03,1.754407305270433426e-03,-1.457873964682221413e-03,2.212348626926541328e-03,-1.085633528418838978e-03,-2.965436084195971489e-03,9.545995853841304779e-03,9.200595319271087646e-03,1.254594535566866398e-04
-1.141419983468949795e-03,-1.061054528690874577e-03,-3.075596410781145096e-03,-3.173394361510872841e-04,6.824971642345190048e-03,-6.632067728787660599e-03,-2.008873503655195236e-03,2.829794026911258698e-02,-8.147437125444412231e-03,4.000661522150039673e-02,9.637385606765747070e-01,9.608255028724670410e-01,9.441329836845397949e-01,9.528484344482421875e-01,9.665485620498657227e-01,4.829293191432952881e-01,4.982006847858428955e-01,-5.805972497910261154e-03,7.057582028210163116e-03,-6.150676053948700428e-04
5.655061686411499977e-04,9.629788808524608612e-03,5.960627794265747070e-01,1.000759959220886230e+00,2.966098189353942871e-01,9.950156807899475098e-01,9.831582196056842804e-03,8.058193325996398926e-01,9.935343861579895020e-01,8.086211681365966797e-01,-1.834934204816818237e-02,-1.385444682091474533e-02,-9.014734067022800446e-03,-6.540727335959672928e-03,-5.747437011450529099e-03,-4.321298096328973770e-03,-5.266602151095867157e-03,2.496689266990870237e-04,-1.965043134987354279e-03,-2.211177488788962364e-03
9.069343795999884605e-04,1.047742925584316254e-02,2.088632900267839432e-03,9.445326402783393860e-03,4.087451845407485962e-03,9.889807105064392090e-01,1.773863681592047215e-03,5.103405117988586426e-01,2.256204461446031928e-04,3.218234479427337646e-01,-1.222540624439716339e-03,4.085544496774673462e-03,1.440064795315265656e-02,9.846498258411884308e-03,-9.640363976359367371e-03,6.842812290415167809e-04,1.487603038549423218e-02,1.120560802519321442e-03,-7.624415680766105652e-03,1.227163127623498440e-03
-1.336038927547633648e-03,1.906149834394454956e-01,7.045973539352416992e-01,8.072459697723388672e-01,6.038573570549488068e-03,-6.577334715984761715e-04,1.626346027478575706e-03,8.967242240905761719e-01,2.752881348133087158e-01,7.934706807136535645e-01,-7.171468343585729599e-03,-8.520782925188541412e-03,-1.525344233959913254e-02,-3.543757367879152298e-03,-3.196281380951404572e-03,-2.582183107733726501e-03,6.566695519722998142e-04,1.034036627970635891e-03,9.923534234985709190e-04,-1.703217567410320044e-04
1.942531913518905640e-01,7.978255152702331543e-01,9.052305817604064941e-01,8.945510983467102051e-01,7.920435667037963867e-01,9.961645603179931641e-01,4.579431843012571335e-03,1.294005513191223145e-01,1.900956779718399048e-02,7.009871602058410645e-01,-9.177156724035739899e-03,-6.092470139265060425e-03,-9.214113466441631317e-03,-8.842030074447393417e-04,9.300662204623222351e-04,5.911799147725105286e-03,-6.682904204353690147e-04,-5.759146879427134991e-04,3.051237668842077255e-03,-2.344641136005520821e-03
1.999215455725789070e-03,5.083369556814432144e-03,3.844070946797728539e-03,-5.986525211483240128e-03,-5.035871639847755432e-03,5.347830243408679962e-03,-9.578446624800562859e-04,-1.539350301027297974e-02,8.120683953166007996e-03,-7.587330415844917297e-03,9.198356866836547852e-01,8.178187608718872070e-01,9.846248030662536621e-01,9.892321825027465820e-01,9.580693840980529785e-01,3.411585930734872818e-03,1.231663022190332413e-02,8.647146821022033691e-02,-3.177877049893140793e-03,-1.275014248676598072e-03
-3.624092787504196167e-04,7.872267365455627441e-01,6.960878372192382812e-01,7.825971841812133789e-01,9.010866880416870117e-01,1.074973959475755692e-03,-1.318849623203277588e-03,6.810120940208435059e-01,-3.963279072195291519e-03,8.799595236778259277e-01,7.365806028246879578e-03,6.280880887061357498e-03,-2.258334076032042503e-03,-4.639607388526201248e-03,2.130583627149462700e-03,-1.571704749949276447e-03,1.912244129925966263e-03,-1.747679547406733036e-03,1.173826982267200947e-03,-4.209280014038085938e-04
6.556208827532827854e-04,3.602944081649184227e-03,-3.202676307410001755e-03,-8.399662561714649200e-03,7.323290705680847168e-01,2.752782218158245087e-02,7.735801395028829575e-03,5.434724092483520508e-01,-3.369730431586503983e-03,6.303507685661315918e-01,8.680823445320129395e-02,6.855414807796478271e-02,6.237289682030677795e-02,6.347732990980148315e-02,2.405089512467384338e-02,1.810958050191402435e-02,6.807152181863784790e-03,4.672264214605093002e-03,9.406145662069320679e-03,-3.023030469194054604e-03
1.679736771620810032e-03,-5.690127611160278320e-03,3.376238280907273293e-03,-3.474572673439979553e-03,-3.157080616801977158e-03,-1.450515352189540863e-03,-1.240102224983274937e-03,-7.112644612789154053e-03,-4.218302667140960693e-03,-5.991794168949127197e-03,8.325303792953491211e-01,7.101184725761413574e-01,8.242679238319396973e-01,9.166915416717529297e-01,6.833679676055908203e-01,1.495875511318445206e-02,3.492202982306480408e-02,3.102956712245941162e-01,1.048567891120910645e-02,6.169046163558959961e-01
-7.952696760185062885e-04,8.739491924643516541e-03,-5.164802540093660355e-03,-2.150025404989719391e-02,-1.661744900047779083e-02,-1.475629396736621857e-02,-2.136153634637594223e-03,-1.177691109478473663e-02,-3.564608749002218246e-03,-1.406454108655452728e-02,1.011627078056335449e+00,4.389379173517227173e-02,3.758287057280540466e-02,2.118450216948986053e-02,1.910766470246016979e-03,9.505955502390861511e-03,2.294631488621234894e-02,4.827723205089569092e-01,3.654851391911506653e-02,9.862861633300781250e-01
1.550980145111680031e-03,8.948913812637329102e-01,6.583679318428039551e-01,7.756462693214416504e-01,9.805632233619689941e-01,8.879496455192565918e-01,-4.107823595404624939e-03,1.514943130314350128e-02,4.758808296173810959e-03,8.688582181930541992e-01,-1.095880661159753799e-02,-2.296484744874760509e-04,-1.050938479602336884e-02,-3.335549030452966690e-03,-8.382348343729972839e-03,-7.731776684522628784e-03,5.656728055328130722e-03,-5.319385789334774017e-03,-2.544614020735025406e-03,1.410990535077871755e-06
-8.908882591640576720e-05,1.334861572831869125e-02,8.499963581562042236e-02,6.714995205402374268e-02,2.126319566741585732e-03,-3.067081328481435776e-03,-2.063400344923138618e-03,6.133152917027473450e-02,1.490653865039348602e-02,7.637619227170944214e-02,9.234908223152160645e-01,-5.515325465239584446e-04,2.281487453728914261e-03,5.222688429057598114e-03,4.164367914199829102e-03,8.896687999367713928e-03,3.550485009327530861e-03,-3.854764509014785290e-04,6.054834928363561630e-03,-2.351363218622282147e-04
7.002204074524343014e-04,7.064063549041748047e-01,7.800146937370300293e-01,8.961436748504638672e-01,8.869857192039489746e-01,9.914564490318298340e-01,4.630866050720214844e-01,4.808067381381988525e-01,5.345995426177978516e-01,7.806004881858825684e-01,1.457958482205867767e-02,3.086477285251021385e-03,-2.840743982233107090e-04,-2.565331524237990379e-03,8.882423862814903259e-04,1.501199789345264435e-03,-4.741595592349767685e-03,1.653019717196002603e-04,-1.592637272551655769e-03,-3.502505423966795206e-04
1.521369558759033680e-03,1.931293983943760395e-03,2.134908363223075867e-02,6.652039010077714920e-03,7.817113399505615234e-01,5.674345884472131729e-03,-7.532513700425624847e-03,1.093332692980766296e-01,4.942516684532165527e-01,6.919965147972106934e-01,-1.074916403740644455e-02,3.365687327459454536e-03,1.197626814246177673e-02,1.387151423841714859e-03,-2.323166932910680771e-03,1.135569252073764801e-02,3.908831160515546799e-03,1.175232115201652050e-03,5.575541872531175613e-03,1.201515668071806431e-03
-4.645697190426290035e-04,2.906769281253218651e-03,1.408910565078258514e-02,1.890420913696289062e-03,7.794401608407497406e-03,7.839336991310119629e-03,8.791705593466758728e-03,7.060812320560216904e-03,2.107147127389907837e-03,2.663517557084560394e-02,9.682225584983825684e-01,2.033997327089309692e-03,7.438738830387592316e-03,1.092036720365285873e-02,6.841468811035156250e-01,9.967429637908935547e-01,9.912552237510681152e-01,1.094788033515214920e-02,9.760923385620117188e-01,1.945841475389897823e-03
3.223456675186753273e-03,6.959294080734252930e-01,3.183197975158691406e-01,8.941154479980468750e-01,7.986168861389160156e-01,8.846698999404907227e-01,2.954788804054260254e-01,8.869158625602722168e-01,5.808476805686950684e-01,7.789919972419738770e-01,4.064749553799629211e-02,-6.650909926975145936e-05,3.785406053066253662e-02,9.027413907460868359e-04,1.946352655068039894e-03,2.935948432423174381e-04,2.773139998316764832e-02,-2.695125993341207504e-03,1.887130737304687500e-02,7.268541230587288737e-05
1.080189924687147141e-02,1.679693721234798431e-02,1.121460087597370148e-02,3.399402275681495667e-02,1.210183929651975632e-02,-1.866314327344298363e-03,-2.356815850362181664e-03,3.531637601554393768e-03,1.442445348948240280e-02,7.178285624831914902e-03,9.738830327987670898e-01,9.800977110862731934e-01,9.927784204483032227e-01,1.895490288734436035e-02,9.982002377510070801e-01,9.993798136711120605e-01,1.006475687026977539e+00,-1.230044756084680557e-03,9.966272711753845215e-01,1.545274164527654648e-03
-1.248582964763045311e-03,7.993199862539768219e-03,9.088745340704917908e-03,2.297711372375488281e-02,1.433611009269952774e-02,5.768267903476953506e-03,1.222478691488504410e-02,2.781725674867630005e-02,1.866486296057701111e-02,3.514984250068664551e-02,8.378986716270446777e-01,3.652409911155700684e-01,1.890673190355300903e-01,1.811023652553558350e-01,2.742227017879486084e-01,7.466371171176433563e-03,1.706852926872670650e-03,2.281495835632085800e-03,9.053887333720922470e-04,7.453231140971183777e-03
4.431740380823612213e-03,1.989019848406314850e-02,4.651623778045177460e-03,-6.839289329946041107e-03,1.898447796702384949e-02,-3.799738362431526184e-03,-2.857070183381438255e-03,7.250288501381874084e-03,3.719588741660118103e-03,9.937542490661144257e-03,7.336209528148174286e-03,3.535735013429075480e-04,9.344987273216247559e-01,9.873381257057189941e-01,8.769400417804718018e-03,-2.530561527237296104e-03,-4.739472176879644394e-03,3.366215969435870647e-05,-6.486810743808746338e-03,1.450255222152918577e-04
-2.391290152445435524e-03,-1.418882701545953751e-02,-2.680680481716990471e-04,-1.814910024404525757e-02,-3.284905338659882545e-03,-1.390021853148937225e-02,-1.831286936067044735e-03,1.287392713129520416e-02,-2.778503578156232834e-03,-2.479113405570387840e-03,8.697796463966369629e-01,5.457244515419006348e-01,3.840003311634063721e-01,2.742610871791839600e-01,1.899800896644592285e-01,3.279810845851898193e-01,4.229816496372222900e-01,1.814975589513778687e-01,3.374696969985961914e-01,7.153471708297729492e-01
4.632375668734312057e-03,1.258642412722110748e-02,5.176824051886796951e-03,4.707300104200839996e-03,3.773925825953483582e-02,8.975196629762649536e-03,1.102789421565830708e-03,4.543171077966690063e-02,8.381747640669345856e-03,3.750887699425220490e-03,7.830758690834045410e-01,1.887328028678894043e-01,2.615873813629150391e-01,2.544237375259399414e-01,4.481538236141204834e-01,3.408444225788116455e-01,4.363539218902587891e-01,7.098064571619033813e-02,2.394244521856307983e-01,5.898444652557373047e-01
-2.117974916473031044e-03,2.587928436696529388e-03,-1.795855816453695297e-03,-1.490096910856664181e-03,5.020906683057546616e-03,5.031680688261985779e-03,-2.607386559247970581e-03,-2.849374664947390556e-03,-1.144713349640369415e-02,3.343482967466115952e-03,1.013212084770202637e+00,1.002789378166198730e+00,9.954360127449035645e-01,1.005574703216552734e+00,4.760267734527587891e-01,-2.233475446701049805e-03,2.120252465829253197e-04,8.910919427871704102e-01,4.348319955170154572e-03,9.796614646911621094e-01
-8.590196375735104084e-04,1.938651874661445618e-02,7.469641976058483124e-03,-4.741705022752285004e-03,9.732042439281940460e-03,3.765991423279047012e-03,9.194064885377883911e-03,-2.457190770655870438e-03,1.263218000531196594e-02,1.801006495952606201e-02,9.882186055183410645e-01,6.933701224625110626e-03,9.840944409370422363e-01,7.818738929927349091e-03,9.946969151496887207e-01,9.956681132316589355e-01,9.964160919189453125e-01,1.852696062996983528e-03,9.958268404006958008e-01,2.299985149875283241e-03
8.631749078631401062e-03,2.369289984926581383e-03,2.410027431324124336e-03,-6.297004409134387970e-03,1.176834199577569962e-02,-2.215899803559295833e-05,-2.880749292671680450e-03,-8.327470277436077595e-04,5.979118868708610535e-03,-9.040043223649263382e-04,8.879203200340270996e-01,7.820762991905212402e-01,8.888276219367980957e-01,9.816731214523315430e-01,6.792633533477783203e-01,7.345376536250114441e-03,-7.558258716017007828e-03,-2.839454449713230133e-03,2.626040577888488770e-01,6.407360779121518135e-04
8.967263102531433105e-01,4.862498342990875244e-01,5.913723707199096680e-01,6.835488677024841309e-01,5.747125148773193359e-01,3.826656639575958252e-01,2.910610139369964600e-01,7.809383869171142578e-01,4.839385151863098145e-01,5.753844976425170898e-01,1.686416007578372955e-02,1.176699809730052948e-02,8.782870136201381683e-03,8.477618917822837830e-03,1.265500765293836594e-02,-7.716701831668615341e-03,-3.855916147585958242e-04,-1.785935484804213047e-03,7.225019391626119614e-03,-2.450117317494004965e-04
3.049637889489531517e-04,-5.784642780781723559e-05,-2.930820453912019730e-03,-2.595606725662946701e-03,-3.091106656938791275e-03,-5.206121131777763367e-03,-1.648410107009112835e-03,3.957591019570827484e-03,-1.071649487130343914e-03,4.414455499500036240e-03,9.019859433174133301e-01,8.107089996337890625e-01,8.246152997016906738e-01,9.324908256530761719e-01,8.116741776466369629e-01,1.217466965317726135e-02,1.846531592309474945e-02,6.838937401771545410e-01,3.569775074720382690e-02,8.078863620758056641e-01
3.691409947350621223e-03,-2.084439387544989586e-03,6.542019546031951904e-03,3.172844648361206055e-02,-1.709714531898498535e-03,-3.346615470945835114e-03,-6.934450007975101471e-03,-7.737004663795232773e-03,-4.159479402005672455e-03,3.085457487031817436e-03,8.863152265548706055e-01,4.946288466453552246e-01,1.373098511248826981e-02,2.995412945747375488e-01,2.782568037509918213e-01,2.669631540775299072e-01,6.540303826332092285e-01,4.022067785263061523e-01,1.238329801708459854e-02,7.060107588768005371e-01
-2.901444968301802874e-04,2.084958851337432861e-01,6.514506340026855469e-01,7.784341573715209961e-01,9.883614182472229004e-01,8.943976163864135742e-01,8.694137446582317352e-03,7.737074047327041626e-02,-3.656253102235496044e-04,6.900568604469299316e-01,6.488047656603157520e-04,3.493898548185825348e-03,1.089531835168600082e-02,-1.291739521548151970e-03,-3.741339896805584431e-04,-4.532140213996171951e-03,-2.096301177516579628e-03,3.168281167745590210e-03,3.821037942543625832e-03,-2.309009141754359007e-04
9.862376609817147255e-04,2.488945610821247101e-02,3.093644976615905762e-02,4.013775289058685303e-02,2.456721290946006775e-02,9.581115096807479858e-03,1.301642972975969315e-02,4.478448629379272461e-02,1.515810750424861908e-02,6.073373928666114807e-02,8.342328667640686035e-01,7.866963744163513184e-02,1.630423665046691895e-01,1.614598482847213745e-01,2.642193734645843506e-01,7.450269460678100586e-01,7.499083280563354492e-01,6.397482007741928101e-02,2.661146223545074463e-01,9.041018784046173096e-02
-3.643626347184181213e-03,5.217509344220161438e-03,-2.790796104818582535e-03,-8.455282077193260193e-03,-5.769082810729742050e-03,1.817741547711193562e-03,1.037167501635849476e-03,-1.017384044826030731e-02,4.794431850314140320e-03,-1.594711467623710632e-02,9.941640496253967285e-01,8.653389215469360352e-01,7.657107710838317871e-01,2.958971261978149414e-02,6.911782026290893555e-01,4.181985743343830109e-03,4.864949733018875122e-03,3.877821862697601318e-01,4.166006576269865036e-03,8.956589698791503906e-01
1.359825721010565758e-03,2.506240038201212883e-03,3.502285573631525040e-03,1.154118590056896210e-02,6.455996539443731308e-03,3.376526059582829475e-03,5.282717756927013397e-03,8.442142046988010406e-03,1.077423570677638054e-03,1.078822743147611618e-02,7.679216265678405762e-01,7.009387016296386719e-03,9.492443203926086426e-01,9.716755151748657227e-01,-9.370964253321290016e-04,1.585485180839896202e-03,-6.903128232806921005e-03,4.259479232132434845e-03,-3.448783420026302338e-03,5.941488146781921387e-01
1.702024950645864010e-03,8.943357504904270172e-03,4.153845906257629395e-01,2.382702752947807312e-02,2.195817977190017700e-02,1.542735146358609200e-03,1.013106899335980415e-03,1.146382559090852737e-02,-1.820136210881173611e-03,1.218052639160305262e-04,2.795030921697616577e-02,6.094423122704029083e-03,7.845334708690643311e-03,7.253673858940601349e-03,8.446183055639266968e-03,6.556488107889890671e-03,5.933200940489768982e-03,2.113855211064219475e-03,-2.808047691360116005e-03,6.425673607736825943e-03
1.128966454416513443e-03,8.032793402671813965e-01,6.005777716636657715e-01,9.143583178520202637e-01,7.033186554908752441e-01,5.004037618637084961e-01,4.021432101726531982e-01,9.203673601150512695e-01,7.005140185356140137e-01,8.149257302284240723e-01,6.162785459309816360e-03,-2.591032534837722778e-03,2.450693864375352859e-03,-2.981840865686535835e-03,-3.310741158202290535e-03,9.227397385984659195e-04,2.703558187931776047e-03,-1.972778234630823135e-03,-1.012130756862461567e-03,3.378589171916246414e-04
8.684010826982557774e-04,7.983424663543701172e-01,2.163317799568176270e-02,4.092349410057067871e-01,6.016926169395446777e-01,-2.484962751623243093e-04,6.152878515422344208e-03,8.783806562423706055e-01,4.105762578547000885e-03,2.029112130403518677e-01,3.219023346900939941e-02,3.496870398521423340e-03,2.715576067566871643e-02,3.240659832954406738e-02,2.392376400530338287e-02,3.075606189668178558e-02,7.082890719175338745e-03,1.211440074257552624e-03,1.192553993314504623e-02,4.282427486032247543e-03
6.908456562086939812e-04,-1.629687030799686909e-03,-7.694195955991744995e-03,3.199546597898006439e-03,7.146529853343963623e-03,7.373600266873836517e-03,2.361751394346356392e-03,4.920361097902059555e-04,-5.462665576487779617e-03,-7.870547473430633545e-03,8.065459132194519043e-01,6.845705509185791016e-01,7.199583053588867188e-01,8.121548295021057129e-01,8.044088482856750488e-01,1.760049909353256226e-02,3.162568807601928711e-02,4.421436227858066559e-03,8.959772065281867981e-03,-6.570674013346433640e-04
-7.758857100270688534e-04,2.308473549783229828e-02,6.681106686592102051e-01,7.569991350173950195e-01,1.226650457829236984e-02,-6.172284949570894241e-03,-3.493427298963069916e-03,8.325293660163879395e-01,-2.130344510078430176e-04,7.321921586990356445e-01,4.479148983955383301e-02,3.390676341950893402e-03,-1.281898096203804016e-02,-8.128068875521421432e-04,-3.097657579928636551e-03,-4.557783540803939104e-04,1.067276485264301300e-02,1.366233685985207558e-03,8.006375283002853394e-03,-2.049432659987360239e-04
-6.960178143344819546e-04,-6.882265675812959671e-03,-2.162813954055309296e-02,-2.575017511844635010e-02,2.338249003514647484e-03,-1.065406203269958496e-02,-4.542985931038856506e-03,4.440851509571075439e-01,-8.090370334684848785e-03,6.640350222587585449e-01,5.239116773009300232e-02,2.615238353610038757e-02,9.356627240777015686e-03,2.264374308288097382e-02,7.488602772355079651e-03,2.366991480812430382e-03,-2.555135870352387428e-03,3.140032524242997169e-03,-3.985850140452384949e-03,1.031787949614226818e-03
-7.509386050514876842e-04,7.800148725509643555e-01,6.965849399566650391e-01,6.817147731781005859e-01,8.530558943748474121e-01,1.991525478661060333e-02,8.261934854090213776e-03,2.057710289955139160e-01,-6.846445146948099136e-03,7.724896669387817383e-01,2.181725390255451202e-02,1.644078642129898071e-03,-2.929373877122998238e-03,5.109061021357774734e-04,4.057144746184349060e-03,3.150015836581587791e-03,-1.643737079575657845e-03,3.734675003215670586e-03,1.666918513365089893e-03,-6.545303040184080601e-04
1.328635989921167493e-04,5.539043340831995010e-03,-2.679312601685523987e-04,9.960876777768135071e-03,1.765028107911348343e-03,-9.363110177218914032e-03,-3.420644206926226616e-03,-4.042131360620260239e-03,-8.693065028637647629e-04,1.352879311889410019e-02,9.895594120025634766e-01,6.954761743545532227e-01,6.819502711296081543e-01,9.928890503942966461e-03,4.894166886806488037e-01,9.822226762771606445e-01,9.933931231498718262e-01,3.277800045907497406e-03,9.941890239715576172e-01,2.096642740070819855e-03
8.892109245061874390e-02,1.756871193647384644e-01,7.815660238265991211e-01,8.922284841537475586e-01,1.902122236788272858e-02,4.430484957993030548e-03,-1.109491335228085518e-03,7.674297690391540527e-01,-1.144755538552999496e-02,6.949135661125183105e-01,1.369166933000087738e-02,6.135562434792518616e-04,-6.463532801717519760e-03,1.387665164656937122e-03,-2.217315603047609329e-03,-3.062702715396881104e-03,-5.096896784380078316e-04,-1.286038779653608799e-03,-3.854828886687755585e-03,-4.716033436125144362e-05
1.665838994085788727e-03,9.800518155097961426e-01,9.872900843620300293e-01,9.957740902900695801e-01,6.978489160537719727e-01,1.006398677825927734e+00,4.948005378246307373e-01,8.964697122573852539e-01,7.985773086547851562e-01,2.917659878730773926e-01,2.496485039591789246e-02,8.193060755729675293e-03,1.691634184680879116e-03,-1.231660484336316586e-03,5.983287701383233070e-04,-4.136305768042802811e-03,-8.168324129655957222e-04,1.496442360803484917e-03,-6.141870399005711079e-04,3.614631132222712040e-04
-1.402372377924621105e-03,-3.339053364470601082e-03,-1.162458560429513454e-03,-6.914382800459861755e-03,2.016901271417737007e-03,-3.758440143428742886e-04,-3.297778021078556776e-04,1.767480820417404175e-01,-9.864562191069126129e-03,2.808797657489776611e-01,4.875132068991661072e-02,3.927142918109893799e-02,3.958784416317939758e-02,2.624272927641868591e-02,1.801165938377380371e-02,-9.973236592486500740e-04,5.676756147295236588e-03,1.417408883571624756e-02,5.837202537804841995e-03,6.858095526695251465e-03
9.572843462228775024e-02,1.427646842785179615e-03,2.933532232418656349e-03,-4.883549176156520844e-03,6.903894543647766113e-01,9.917292594909667969e-01,1.273136236704885960e-03,7.789994478225708008e-01,1.322664692997932434e-02,8.844568133354187012e-01,1.997605338692665100e-02,2.325583063066005707e-02,2.408580668270587921e-02,2.599197253584861755e-02,8.448319509625434875e-03,5.005568265914916992e-03,1.565917953848838806e-02,1.510769594460725784e-03,2.518876222893595695e-03,-1.196439625346101820e-04
3.144454443827271461e-03,3.466694382950663567e-03,7.813318967819213867e-01,6.727815866470336914e-01,6.876922845840454102e-01,-3.431391902267932892e-03,2.330468269065022469e-03,7.859691381454467773e-01,1.427458832040429115e-03,5.816916227340698242e-01,1.382523775100708008e-02,1.400532387197017670e-02,3.841075347736477852e-03,-3.335479996167123318e-04,-4.253513645380735397e-03,1.708853803575038910e-02,1.135346572846174240e-02,4.939261707477271557e-04,1.974570006132125854e-02,2.140353433787822723e-03
7.968457066453993320e-04,-2.441814402118325233e-03,-5.111315753310918808e-03,1.171659096144139767e-03,1.398176653310656548e-03,-4.417039919644594193e-03,1.595358131453394890e-03,-1.387632946716621518e-04,-6.124145817011594772e-03,-3.977239597588777542e-03,8.117870092391967773e-01,7.147474288940429688e-01,8.141689300537109375e-01,1.005181908607482910e+00,7.015418410301208496e-01,9.950824379920959473e-01,1.001672148704528809e+00,3.801191225647926331e-03,9.973489642143249512e-01,7.020567059516906738e-01
8.004885166883468628e-04,1.493983622640371323e-02,1.357974368147552013e-03,-2.453879453241825104e-03,7.693162187933921814e-04,-4.229525569826364517e-03,2.391903428360819817e-03,3.812810406088829041e-03,3.082556650042533875e-03,-4.117240663617849350e-03,8.948500156402587891e-01,9.252607077360153198e-02,1.213403195142745972e-01,8.980556726455688477e-01,6.939412355422973633e-01,4.767637583427131176e-04,6.902863979339599609e-01,9.774773567914962769e-02,1.049737557768821716e-01,1.061501912772655487e-03
-4.142672754824161530e-03,-6.811512168496847153e-03,-7.336358074098825455e-03,5.423385649919509888e-03,9.073808905668556690e-04,-2.703814068809151649e-03,-5.032910266891121864e-04,-1.357106771320104599e-02,-1.290619373321533203e-03,-1.827765256166458130e-02,9.057708382606506348e-01,8.031612038612365723e-01,9.986965060234069824e-01,9.742978215217590332e-01,9.002671837806701660e-01,2.061726339161396027e-02,3.197403624653816223e-02,-9.751853067427873611e-04,8.840743452310562134e-03,8.090568780899047852e-01
2.888610179070383310e-04,6.053870320320129395e-01,6.846715807914733887e-01,5.967170000076293945e-01,3.046090006828308105e-01,9.964304566383361816e-01,1.969516277313232422e-01,8.880832791328430176e-01,4.919002652168273926e-01,5.978540778160095215e-01,1.743196137249469757e-02,6.110354326665401459e-03,4.742329940199851990e-03,-1.375324092805385590e-03,4.335656296461820602e-03,1.904761535115540028e-03,-4.446704988367855549e-04,-1.715963240712881088e-03,-1.111491437768563628e-04,-3.700220549944788218e-04
1.634130720049142838e-03,9.646029211580753326e-03,8.910347707569599152e-03,2.552416734397411346e-02,3.157936409115791321e-02,-1.122563146054744720e-02,-2.381338970735669136e-03,3.632324561476707458e-02,1.564165763556957245e-02,3.066700138151645660e-02,8.324251770973205566e-01,1.830571703612804413e-02,9.090687148272991180e-03,1.223170105367898941e-02,3.756019175052642822e-01,9.381612539291381836e-01,9.296694993972778320e-01,6.612776778638362885e-03,9.842057228088378906e-01,6.010279655456542969e-01
-7.646544254384934902e-04,1.207088469527661800e-03,3.452658653259277344e-03,1.669263094663619995e-02,2.024439722299575806e-02,1.028256770223379135e-02,4.008355550467967987e-03,1.508094929158687592e-02,-5.709104007109999657e-04,2.317107096314430237e-02,8.887360095977783203e-01,9.921345114707946777e-01,9.941254258155822754e-01,9.874165654182434082e-01,9.865695834159851074e-01,9.875146150588989258e-01,9.883201122283935547e-01,5.873600021004676819e-04,9.197416715323925018e-03,-9.479140862822532654e-04
-2.143417252227663994e-03,2.408444648608565331e-03,1.026103179901838303e-02,-1.033015735447406769e-02,-1.375435618683695793e-03,2.694443101063370705e-03,1.343048061244189739e-03,2.830956317484378815e-02,-8.428117260336875916e-03,1.660815812647342682e-02,9.689964056015014648e-01,9.961745142936706543e-01,9.934913516044616699e-01,9.814575910568237305e-01,8.041234016418457031e-01,1.001771211624145508e+00,1.001042246818542480e+00,-1.309809624217450619e-03,9.935412406921386719e-01,-7.791734242346137762e-05
-1.402237918227910995e-03,3.319829469546675682e-03,-2.903364598751068115e-03,3.401342779397964478e-03,-4.534430801868438721e-03,4.609358031302690506e-03,1.049439073540270329e-03,6.293206810951232910e-01,-6.401903927326202393e-03,5.161532759666442871e-01,1.077451556921005249e-01,8.545048534870147705e-02,5.937893688678741455e-02,7.246670871973037720e-02,3.661706298589706421e-02,2.127982117235660553e-02,3.175731003284454346e-02,5.824427353218197823e-04,1.850780285894870758e-02,-2.121356781572103500e-03
-1.519225043011829257e-04,8.675597608089447021e-03,7.051929831504821777e-01,5.952095389366149902e-01,7.918055653572082520e-01,7.035450544208288193e-04,-2.362010127399116755e-04,8.946670293807983398e-01,9.997966885566711426e-01,2.075604051351547241e-01,7.468981668353080750e-03,8.171129738911986351e-04,-2.379175275564193726e-03,7.510744035243988037e-03,1.137256622314453125e-03,1.257747597992420197e-02,1.113949110731482506e-03,-6.204585079103708267e-04,3.240728285163640976e-03,2.391844289377331734e-03
2.888395451009273529e-03,1.288181287236511707e-03,2.418310381472110748e-03,-1.588267157785594463e-03,-4.445421509444713593e-03,3.841958474367856979e-03,-3.051557578146457672e-04,1.262515317648649216e-02,2.645704662427306175e-03,4.492919833865016699e-05,8.180192112922668457e-01,7.141624093055725098e-01,6.195779442787170410e-01,8.200719952583312988e-01,7.019878029823303223e-01,-1.851962413638830185e-03,7.941451855003833771e-03,2.515698724891990423e-04,-2.681078389286994934e-03,9.917523264884948730e-01
-1.182119944132864475e-03,5.992643237113952637e-01,-4.761777352541685104e-03,-6.186018232256174088e-03,7.639433741569519043e-01,-2.821817807853221893e-02,-8.308290503919124603e-03,4.861707389354705811e-01,-1.460859086364507675e-02,6.622187495231628418e-01,2.618320100009441376e-02,1.690330542623996735e-02,2.711288444697856903e-02,2.471002750098705292e-02,3.110305173322558403e-03,1.605856791138648987e-02,1.420854683965444565e-02,1.194828539155423641e-03,1.501922868192195892e-02,2.449017483741044998e-03
-8.350202115252614021e-04,-7.259005215018987656e-04,1.128557045012712479e-02,3.641043440438807011e-05,-6.529005244374275208e-03,-7.730387151241302490e-03,-2.925246488302946091e-03,-1.044266298413276672e-02,-3.051207459066063166e-04,-6.843842100352048874e-03,9.317963123321533203e-01,8.238890767097473145e-01,9.032046794891357422e-01,9.007968902587890625e-01,7.191607952117919922e-01,1.009772896766662598e+00,1.008270502090454102e+00,7.059565782546997070e-01,1.000328063964843750e+00,1.001145482063293457e+00
8.210266241803765297e-04,1.895378530025482178e-01,9.230867028236389160e-02,8.972564339637756348e-01,1.786072403192520142e-01,8.795574903488159180e-01,1.173480134457349777e-02,6.331208944320678711e-01,4.487269818782806396e-01,7.832804322242736816e-01,1.226150151342153549e-02,-5.882174009457230568e-04,4.383276100270450115e-04,6.833452731370925903e-03,8.470677770674228668e-03,4.814378451555967331e-03,7.723862305283546448e-03,1.796811120584607124e-03,2.123941201716661453e-03,1.013896893709897995e-03
7.982702925801277161e-03,1.804237999022006989e-02,4.618245176970958710e-03,-8.861921727657318115e-03,-7.736442610621452332e-03,-8.587193442508578300e-04,1.514182658866047859e-03,-5.957440938800573349e-03,2.584102936089038849e-02,6.307720672339200974e-03,9.979066252708435059e-01,2.428083308041095734e-02,9.878134727478027344e-01,9.920759797096252441e-01,1.000195384025573730e+00,9.935168027877807617e-01,9.964328408241271973e-01,1.558804069645702839e-03,1.002531647682189941e+00,-1.186772016808390617e-03
-2.175866160541772842e-03,-6.005804054439067841e-03,4.963616374880075455e-03,-2.828553784638643265e-03,-8.179421536624431610e-03,-9.410330094397068024e-03,-1.695931656286120415e-03,-1.830436172895133495e-03,-7.338240975514054298e-04,6.237066350877285004e-03,9.684166312217712402e-01,6.650880575180053711e-01,1.907740235328674316e-01,1.644759671762585640e-03,2.953254878520965576e-01,9.967259168624877930e-01,9.859377741813659668e-01,-1.127209863625466824e-03,9.896357655525207520e-01,5.990170836448669434e-01
-8.965877350419759750e-04,-7.693403167650103569e-04,9.947971701622009277e-01,9.927206039428710938e-01,6.993684768676757812e-01,7.765943650156259537e-03,7.922815158963203430e-03,7.892888188362121582e-01,8.008540272712707520e-01,1.903496831655502319e-01,1.233608089387416840e-02,8.885959163308143616e-03,5.771564785391092300e-03,3.743239445611834526e-03,2.901160391047596931e-03,2.644788939505815506e-03,1.046767178922891617e-02,-1.675668987445533276e-03,2.400911034783348441e-05,3.598050680011510849e-03
8.475455688312649727e-04,8.058609366416931152e-01,7.896099686622619629e-01,7.183116674423217773e-01,6.000978946685791016e-01,3.456405550241470337e-02,1.774546690285205841e-02,8.201638460159301758e-01,4.234040528535842896e-02,7.326707839965820312e-01,1.851160428486764431e-03,4.064788576215505600e-03,-3.104238072410225868e-03,1.299197785556316376e-03,7.259356789290904999e-04,4.284035880118608475e-03,-5.763114430010318756e-03,-9.456546977162361145e-04,7.947454228997230530e-03,-1.189265633001923561e-03
4.465385340154170990e-03,2.128090010955929756e-03,-1.595737296156585217e-03,4.752444475889205933e-02,2.373399212956428528e-02,3.183232853189110756e-03,-1.143282162956893444e-03,1.672187633812427521e-02,3.107667434960603714e-03,2.716983109712600708e-02,9.792608022689819336e-01,4.290150403976440430e-01,5.059431195259094238e-01,1.138631068170070648e-02,2.090689837932586670e-01,6.838919362053275108e-04,-3.243200248107314110e-03,8.583075250498950481e-04,3.011136315762996674e-02,-1.272733090445399284e-03
-9.579473990015685558e-04,8.937834203243255615e-02,1.775921881198883057e-01,7.897817492485046387e-01,1.910051852464675903e-01,8.999931216239929199e-01,9.397868812084197998e-02,6.829015016555786133e-01,6.027922630310058594e-01,7.892050743103027344e-01,-4.631883930414915085e-03,2.908415626734495163e-03,-2.468992490321397781e-03,-3.425731847528368235e-04,-1.072331424802541733e-02,-1.937601482495665550e-03,-6.523936521261930466e-03,-3.732256591320037842e-03,-4.258046858012676239e-03,-1.527304179035127163e-03
1.469804265070706606e-04,4.948097281157970428e-03,2.569922618567943573e-02,2.442758679389953613e-01,8.021445274353027344e-01,-1.131058903411030769e-03,-1.182664302177727222e-03,1.973500251770019531e-01,2.839403459802269936e-04,6.038031578063964844e-01,-7.329137530177831650e-03,1.360464934259653091e-02,1.260182913392782211e-02,2.132748067378997803e-02,1.547649689018726349e-02,1.310154038947075605e-04,4.416542127728462219e-03,1.839131000451743603e-03,4.442669451236724854e-03,-4.051663272548466921e-04
3.459465224295854568e-04,7.993443608283996582e-01,8.994596004486083984e-01,8.538054823875427246e-01,7.005460858345031738e-01,5.806247591972351074e-01,4.914754331111907959e-01,8.430285453796386719e-01,6.476905941963195801e-01,8.113778233528137207e-01,-7.891599088907241821e-03,4.436508170329034328e-04,-5.679424386471509933e-03,-3.665691241621971130e-03,-2.743049990385770798e-03,-7.890771143138408661e-03,-5.979592679068446159e-04,-2.157932380214333534e-03,-7.333404384553432465e-03,-2.667945809662342072e-04
-1.236753538250923157e-03,7.036499381065368652e-01,8.008106350898742676e-01,6.992311477661132812e-01,8.928090929985046387e-01,6.043192148208618164e-01,5.016425251960754395e-01,7.974745035171508789e-01,5.014516711235046387e-01,6.938538551330566406e-01,-5.498828366398811340e-03,8.253367617726325989e-03,1.181848533451557159e-02,5.908141843974590302e-03,6.358195096254348755e-03,-1.503894454799592495e-03,5.286044441163539886e-03,-7.760324660921469331e-05,-5.301926285028457642e-04,6.019210559315979481e-04
-8.103077299892902374e-03,-2.316263737156987190e-03,-3.698659827932715416e-03,-6.457776762545108795e-03,1.208981201052665710e-01,-6.582855712622404099e-03,-2.326350659132003784e-04,4.835900366306304932e-01,2.742081996984779835e-04,4.725778400897979736e-01,1.428293734788894653e-01,7.801169902086257935e-02,7.927531749010086060e-02,9.493252635002136230e-02,7.332709431648254395e-02,6.248693168163299561e-02,7.431122660636901855e-02,9.523993358016014099e-03,5.269768834114074707e-02,1.707140472717583179e-03
4.519524518400430679e-03,-5.675727967172861099e-03,1.994495978578925133e-03,2.643897011876106262e-02,-1.939992886036634445e-03,-3.943551331758499146e-03,-2.340052509680390358e-03,2.739684469997882843e-02,2.847741357982158661e-03,1.967991329729557037e-02,8.949450850486755371e-01,8.863186240196228027e-01,9.604244232177734375e-01,9.870234131813049316e-01,7.895533442497253418e-01,9.689540863037109375e-01,9.825141429901123047e-01,9.076048433780670166e-02,3.002371191978454590e-01,7.974425554275512695e-01
-2.432831097394227982e-03,-2.132946625351905823e-03,-1.307255402207374573e-02,-8.140344172716140747e-03,-1.288587227463722229e-02,5.876785609871149063e-03,7.440295070409774780e-03,-1.784287160262465477e-03,-7.509809453040361404e-03,3.152733435854315758e-03,9.025000333786010742e-01,1.004162505269050598e-01,1.002972602844238281e+00,6.519699003547430038e-03,9.966126680374145508e-01,1.000375747680664062e+00,1.004347920417785645e+00,1.674266648478806019e-03,9.963008761405944824e-01,7.991252541542053223e-01
-3.882450982928276062e-05,7.953898310661315918e-01,8.974412679672241211e-01,8.061543703079223633e-01,6.101164817810058594e-01,9.776179678738117218e-03,1.179513521492481232e-02,6.092692017555236816e-01,4.949701726436614990e-01,8.799509406089782715e-01,7.642880082130432129e-03,-9.797317907214164734e-03,-5.565847735852003098e-03,1.188611891120672226e-02,3.396308282390236855e-03,-1.005651801824569702e-02,-5.606129765510559082e-03,-3.564967191778123379e-04,5.921762902289628983e-03,-3.116579027846455574e-04
-8.463708218187093735e-05,5.540480371564626694e-03,2.002901583909988403e-01,1.198002323508262634e-02,7.755599021911621094e-01,3.507213667035102844e-03,-2.931728260591626167e-03,5.753808617591857910e-01,-4.850680415984243155e-04,7.624565958976745605e-01,4.197120293974876404e-02,2.641744352877140045e-02,1.804168149828910828e-02,2.950740233063697815e-02,9.294067509472370148e-03,5.182825028896331787e-03,3.628627397119998932e-03,-6.963851628825068474e-04,9.074835106730461121e-03,-7.837157463654875755e-04
-3.043658100068569183e-03,4.881636239588260651e-03,2.944550244137644768e-03,1.902982592582702637e-03,6.471258122473955154e-03,2.004120033234357834e-03,-3.498422156553715467e-04,3.732329059857875109e-05,-4.555638879537582397e-03,-3.514479030855000019e-04,9.689455628395080566e-01,9.903265833854675293e-01,1.003355383872985840e+00,1.157234143465757370e-02,9.940600395202636719e-01,1.005001306533813477e+00,9.984831213951110840e-01,7.776129059493541718e-03,1.001077175140380859e+00,3.403960261493921280e-03
3.300626296550035477e-03,5.837998352944850922e-03,-4.017947707325220108e-03,-1.851639593951404095e-03,1.976660918444395065e-03,5.166581831872463226e-04,-1.961069880053400993e-03,2.671078406274318695e-02,9.774789214134216309e-03,2.582515403628349304e-02,8.729715347290039062e-01,7.029165625572204590e-01,7.880720496177673340e-01,8.000113368034362793e-01,6.020499467849731445e-01,-6.553482264280319214e-03,-1.016165874898433685e-02,4.825956188142299652e-03,1.449557952582836151e-03,-6.668884307146072388e-04
-5.808254354633390903e-04,-3.149733180180191994e-03,4.201017145533114672e-04,-6.434529088437557220e-03,3.265663981437683105e-02,-4.256076645106077194e-03,-8.144715102389454842e-04,7.768286764621734619e-02,7.039780262857675552e-03,1.132415086030960083e-01,8.388271927833557129e-01,8.812589049339294434e-01,8.846606016159057617e-01,8.609774708747863770e-01,8.932670354843139648e-01,8.690450191497802734e-01,8.579869866371154785e-01,7.416516542434692383e-01,7.016325592994689941e-01,-3.205716202501207590e-04
8.556747809052467346e-03,7.549590896815061569e-03,1.075378712266683578e-02,1.385582238435745239e-02,4.954419098794460297e-03,6.505107972770929337e-03,7.408053614199161530e-03,2.190008759498596191e-02,1.574266143143177032e-02,4.201605450361967087e-03,8.657043576240539551e-01,7.894340753555297852e-01,8.819893598556518555e-01,9.843209385871887207e-01,6.918795704841613770e-01,9.864302277565002441e-01,9.864994883537292480e-01,1.129927206784486771e-02,5.253262817859649658e-03,6.997333765029907227e-01
3.591749584302306175e-03,1.973917894065380096e-02,2.365167625248432159e-02,2.596259117126464844e-02,2.124551124870777130e-02,1.239179726690053940e-02,-3.202237421646714211e-03,2.611807733774185181e-02,-4.447097890079021454e-03,3.878477588295936584e-02,-4.061299376189708710e-03,-9.007875807583332062e-03,1.339704729616641998e-03,7.867408394813537598e-01,6.904718875885009766e-01,3.078009700402617455e-03,7.801315784454345703e-01,2.962384521961212158e-01,9.845802187919616699e-01,-1.518067438155412674e-03
2.262823982164263725e-04,8.028098940849304199e-01,9.050699472427368164e-01,8.940908908843994141e-01,7.036119103431701660e-01,5.051627755165100098e-01,4.987972676753997803e-01,9.022223949432373047e-01,7.012212872505187988e-01,8.189418315887451172e-01,7.724469993263483047e-03,4.354579839855432510e-03,3.246390493586659431e-03,-1.134992999141104519e-05,-1.303235912928357720e-04,1.388106262311339378e-03,-6.337368395179510117e-03,-1.355948275886476040e-03,5.283651873469352722e-03,5.358516937121748924e-04
6.855026585981249809e-04,8.091337680816650391e-01,9.175781011581420898e-01,8.998079895973205566e-01,7.219966053962707520e-01,9.982439279556274414e-01,4.973879456520080566e-01,7.922580838203430176e-01,7.059877514839172363e-01,7.918206453323364258e-01,-6.825875490903854370e-03,2.946685999631881714e-03,-2.448588493280112743e-04,1.017338596284389496e-02,-8.548002690076828003e-03,-1.647460088133811951e-02,-7.798485457897186279e-03,3.263447666540741920e-03,-1.968881348147988319e-03,-1.296143862418830395e-03
-4.419075849000364542e-04,-9.142844006419181824e-03,-4.720927681773900986e-03,-9.362050332129001617e-03,-5.976580549031496048e-03,-5.528877954930067062e-03,-2.631936920806765556e-03,2.137280553579330444e-01,-7.781712803989648819e-03,3.973388373851776123e-01,1.812166869640350342e-01,1.132539510726928711e-01,1.271844059228897095e-01,1.472055912017822266e-01,1.013891473412513733e-01,5.562503635883331299e-02,8.037200570106506348e-02,1.896235160529613495e-02,1.967084780335426331e-02,5.325309466570615768e-03
9.196282923221588135e-02,1.008353941142559052e-02,2.937284708023071289e-01,4.052192568778991699e-01,1.915109753608703613e-01,7.870202064514160156e-01,6.677765864878892899e-03,6.847688555717468262e-01,5.856723785400390625e-01,6.831254363059997559e-01,7.388940081000328064e-03,7.856873795390129089e-03,3.097600070759654045e-03,2.449371851980686188e-02,5.699611734598875046e-03,2.447364619001746178e-03,2.576277358457446098e-03,1.536686089821159840e-03,2.350246766582131386e-03,2.964183222502470016e-03
-4.943634849041700363e-04,6.673668622970581055e-01,5.438841581344604492e-01,9.063906073570251465e-01,6.689780950546264648e-01,1.585454791784286499e-01,1.146442145109176636e-01,7.633994817733764648e-01,3.988548517227172852e-01,8.624545335769653320e-01,-4.439672920852899551e-03,7.664912380278110504e-03,1.053752098232507706e-02,5.560391582548618317e-03,1.348664890974760056e-02,3.764817491173744202e-03,4.476066678762435913e-03,-1.976114930585026741e-03,3.602351294830441475e-03,1.078556990250945091e-03
-2.220116439275443554e-04,7.137434482574462891e-01,8.056434392929077148e-01,8.981712460517883301e-01,8.038328886032104492e-01,5.067444443702697754e-01,4.020381569862365723e-01,9.216918945312500000e-01,6.035249233245849609e-01,7.129190564155578613e-01,6.146391388028860092e-04,-2.671855036169290543e-04,-6.207795348018407822e-03,-7.228167727589607239e-03,4.327679052948951721e-03,1.807138556614518166e-03,1.012516557238996029e-03,6.883195019327104092e-04,1.331854437012225389e-04,-1.061626942828297615e-03
3.489693859592080116e-03,2.577793493401259184e-04,-1.024397439323365688e-03,-9.227929636836051941e-03,-3.864505095407366753e-03,-7.922138087451457977e-03,-3.947914578020572662e-03,1.006477475166320801e+00,3.787194145843386650e-03,6.882885098457336426e-01,1.719700731337070465e-02,9.765875525772571564e-03,5.889637861400842667e-03,4.318043123930692673e-03,8.315056562423706055e-03,2.250768244266510010e-03,2.339063066756352782e-04,3.786907065659761429e-03,8.384086540900170803e-04,-1.557245850563049316e-04
5.613470566459000111e-04,9.689176082611083984e-01,9.720926284790039062e-01,9.870822429656982422e-01,9.668251872062683105e-01,1.001281499862670898e+00,1.732966490089893341e-02,6.851229071617126465e-01,9.722138643264770508e-01,9.664258360862731934e-01,1.200109347701072693e-02,-5.425502546131610870e-03,-5.569730419665575027e-03,-2.102430211380124092e-03,-4.727972671389579773e-03,2.365214750170707703e-03,-5.913429893553256989e-03,-2.263269620016217232e-03,-7.792197167873382568e-03,3.295574104413390160e-03
1.909062382765114307e-03,1.078163040801882744e-03,6.495666224509477615e-03,7.698330096900463104e-03,3.183481469750404358e-02,-2.294073579832911491e-03,2.128036692738533020e-03,-5.929034203290939331e-03,-1.254420494660735130e-03,-1.131742075085639954e-02,9.915322065353393555e-01,9.741152524948120117e-01,9.803671240806579590e-01,9.755401015281677246e-01,9.872372150421142578e-01,9.838157892227172852e-01,9.655790925025939941e-01,2.768492326140403748e-03,7.519940380007028580e-03,9.920781850814819336e-01
-9.546709770802408457e-05,-1.098003610968589783e-02,-9.914748370647430420e-03,-2.469887584447860718e-02,-9.716541972011327744e-04,-1.815161481499671936e-02,-8.984494023025035858e-03,-1.423015445470809937e-02,-4.437433555722236633e-03,-2.944851759821176529e-03,9.756984710693359375e-01,8.925424814224243164e-01,9.708696603775024414e-01,9.710695147514343262e-01,1.163740232586860657e-01,2.513211779296398163e-02,3.601012378931045532e-02,6.225286051630973816e-03,2.236414700746536255e-02,-5.459414795041084290e-03
-1.997576793655753136e-03,7.896823883056640625e-01,7.857168316841125488e-01,8.959563374519348145e-01,7.034898996353149414e-01,5.796844363212585449e-01,4.861645698547363281e-01,8.576965928077697754e-01,6.704601049423217773e-01,8.614048361778259277e-01,1.374721713364124298e-02,5.805802647955715656e-04,2.393412869423627853e-03,6.833664141595363617e-03,2.334250835701823235e-03,8.236126974225044250e-03,1.955926790833473206e-02,-1.924711395986378193e-04,2.014578133821487427e-02,-1.143358298577368259e-03
-1.580239157192409039e-03,-1.098805340006947517e-03,-7.804624270647764206e-03,5.562280421145260334e-05,9.281324455514550209e-04,8.829738944768905640e-03,-3.339558141306042671e-03,4.957949568051844835e-05,-2.508668461814522743e-03,2.671008231118321419e-03,9.710614085197448730e-01,8.861564993858337402e-01,9.928764104843139648e-01,1.002147316932678223e+00,7.823889255523681641e-01,8.530874736607074738e-03,7.954958081245422363e-01,5.983806252479553223e-01,9.816704392433166504e-01,-2.160845790058374405e-03
-2.194397966377437115e-04,2.430424280464649200e-02,2.428123913705348969e-02,2.130357362329959869e-02,2.064484916627407074e-02,1.058298349380493164e-02,1.343780546449124813e-03,2.494711428880691528e-02,2.475800924003124237e-03,1.337341405451297760e-02,7.717750072479248047e-01,2.180087612941861153e-03,1.689858362078666687e-02,3.609584271907806396e-02,1.580001711845397949e-01,2.327889390289783478e-02,2.731131911277770996e-01,7.882449775934219360e-03,2.711625993251800537e-01,5.959598422050476074e-01
1.538287382572889328e-03,4.013424273580312729e-03,-3.748153802007436752e-03,4.898741468787193298e-02,2.089958451688289642e-02,-2.702362602576613426e-03,-2.443806501105427742e-03,1.575036719441413879e-02,-2.817712957039475441e-03,6.426209211349487305e-02,9.520035386085510254e-01,9.300261139869689941e-01,9.262430667877197266e-01,4.280100576579570770e-03,2.935640281066298485e-03,-4.488261416554450989e-03,2.016345271840691566e-03,6.657984256744384766e-01,5.025586578994989395e-03,1.691158540779724717e-04
1.221786718815565109e-03,8.887831568717956543e-01,8.045411705970764160e-01,7.067899703979492188e-01,6.118973493576049805e-01,4.820428192615509033e-01,3.831111192703247070e-01,9.144082665443420410e-01,6.793395280838012695e-01,7.670084238052368164e-01,-1.970136724412441254e-02,2.229463076218962669e-03,-4.187969490885734558e-03,-6.865100003778934479e-03,-1.085033360868692398e-02,-7.346337952185422182e-05,-1.432355260476469994e-03,-1.773927826434373856e-03,-8.614841848611831665e-03,-2.056717872619628906e-03
5.132154328748583794e-04,8.054317831993103027e-01,7.179019451141357422e-01,1.000045299530029297e+00,9.988902807235717773e-01,2.393717877566814423e-02,9.285073727369308472e-03,5.205413103103637695e-01,5.184761881828308105e-01,8.159272074699401855e-01,-7.812355179339647293e-03,3.385594580322504044e-03,-1.967860851436853409e-03,-4.711270739790052176e-04,-3.794143674895167351e-03,1.632355526089668274e-02,2.101989462971687317e-02,-3.361890092492103577e-03,2.592135686427354813e-03,-6.072604082874022424e-05
1.958462595939636230e-01,7.989777922630310059e-01,8.951549530029296875e-01,7.971585988998413086e-01,8.905832171440124512e-01,1.196999941021203995e-02,1.771477691363543272e-04,1.149774938821792603e-01,5.965694319456815720e-03,6.952841877937316895e-01,-6.672783289104700089e-03,-4.527812357991933823e-03,-6.442013196647167206e-03,-1.664162962697446346e-03,6.864820141345262527e-03,9.102205745875835419e-03,5.753088742494583130e-03,1.343454496236518025e-04,3.768713446334004402e-03,9.613251313567161560e-04
8.843713440001010895e-03,2.270340919494628906e-02,1.656015962362289429e-02,3.284582495689392090e-02,4.077502712607383728e-02,7.643423043191432953e-03,5.310433451086282730e-03,4.824292287230491638e-02,8.081987500190734863e-03,4.355536028742790222e-02,8.596614599227905273e-01,8.277329802513122559e-02,1.612663120031356812e-01,8.129037916660308838e-02,7.659526169300079346e-02,3.439353704452514648e-01,3.492058217525482178e-01,8.516600728034973145e-02,1.669732332229614258e-01,8.605111390352249146e-02
-2.949704881757497787e-03,3.706477116793394089e-03,-2.217110944911837578e-03,-4.164360463619232178e-03,-9.150084224529564381e-05,-6.128387525677680969e-03,-2.240021480247378349e-03,-1.557040773332118988e-02,4.048410046380013227e-04,-3.729300107806921005e-03,8.163910508155822754e-01,6.935434341430664062e-01,8.025936484336853027e-01,9.241256713867187500e-01,6.118357777595520020e-01,-7.986292243003845215e-03,2.472809748724102974e-03,1.245264150202274323e-02,7.209348492324352264e-03,3.293615765869617462e-03
4.484114469960331917e-04,2.766044437885284424e-01,6.818611621856689453e-01,7.998073101043701172e-01,5.834659337997436523e-01,9.213491082191467285e-01,4.884788990020751953e-01,6.896983385086059570e-01,5.853896737098693848e-01,8.784271478652954102e-01,3.923451900482177734e-02,4.099361598491668701e-03,2.936919918283820152e-04,2.180408686399459839e-02,1.224601082503795624e-02,3.966217860579490662e-03,1.658217608928680420e-02,-1.651873928494751453e-03,4.612156189978122711e-03,-1.112764235585927963e-03
-3.400114597752690315e-03,7.042575161904096603e-03,-8.406586013734340668e-03,-2.357992343604564667e-03,-2.029860916081815958e-04,3.198934020474553108e-03,-6.204218370839953423e-04,-1.021263282746076584e-02,-1.506078988313674927e-03,-3.963186405599117279e-03,9.842050671577453613e-01,9.993890523910522461e-01,9.954024553298950195e-01,9.896762371063232422e-01,8.069079518318176270e-01,9.862037897109985352e-01,9.971156120300292969e-01,1.203609164804220200e-02,9.930852055549621582e-01,7.969581484794616699e-01
-6.141649209894239902e-04,8.907901644706726074e-01,7.988626360893249512e-01,7.851303815841674805e-01,8.954505920410156250e-01,9.997157454490661621e-01,1.015676185488700867e-02,6.921476125717163086e-01,1.270574890077114105e-02,7.291010618209838867e-01,-1.112513523548841476e-02,-2.009771298617124557e-03,-5.250055342912673950e-03,4.567628260701894760e-03,6.245244294404983521e-04,-2.330659655854105949e-03,-5.914566107094287872e-03,-2.618280937895178795e-03,3.559078788384795189e-03,-2.998094423674046993e-04
5.825099945068359375e-01,8.701700568199157715e-01,7.859227061271667480e-01,8.758030533790588379e-01,6.752114892005920410e-01,4.789999723434448242e-01,3.974432349205017090e-01,7.915556430816650391e-01,5.768516659736633301e-01,6.799261569976806641e-01,-1.589370332658290863e-02,-2.304868976352736354e-04,-5.256311502307653427e-03,-6.315772887319326401e-03,9.258328936994075775e-03,-3.115831408649682999e-03,1.031845808029174805e-03,1.000293064862489700e-03,4.520418005995452404e-04,7.245889264595462009e-06
-2.083685714751482010e-03,9.000893682241439819e-02,3.144244253635406494e-01,6.913514137268066406e-01,7.899256348609924316e-01,2.758400514721870422e-04,-2.919449005275964737e-03,-1.106754131615161896e-02,-2.185487886890769005e-03,4.873981773853302002e-01,1.890136301517486572e-02,-4.369333852082490921e-03,1.306811161339282990e-02,-1.420553773641586304e-03,7.480091415345668793e-03,5.856619216501712799e-03,1.201137714087963104e-02,2.337412443011999130e-03,6.837887223809957504e-03,-8.077967213466763496e-04
-6.484762416221201420e-04,9.912446141242980957e-01,9.873445034027099609e-01,9.849039912223815918e-01,7.876149415969848633e-01,9.907868504524230957e-01,2.913589123636484146e-03,9.888644218444824219e-01,3.004876431077718735e-03,9.737572669982910156e-01,1.608957163989543915e-02,1.514089107513427734e-02,8.095015771687030792e-03,-3.601232310757040977e-03,1.912472769618034363e-02,3.376590029802173376e-04,8.367742411792278290e-03,2.424668287858366966e-03,1.522787287831306458e-02,3.115149214863777161e-03
-2.862157416529953480e-04,3.794001415371894836e-03,5.497925449162721634e-03,-2.642757957801222801e-03,-1.397808315232396126e-03,-1.064793020486831665e-02,-3.196610137820243835e-03,9.483874775469303131e-03,-4.254237748682498932e-03,-5.441874265670776367e-03,8.907159566879272461e-01,1.711030257865786552e-03,7.131579332053661346e-03,9.717324282974004745e-04,5.938244462013244629e-01,1.002723574638366699e+00,1.000109314918518066e+00,9.693446336314082146e-04,1.000455260276794434e+00,7.992851138114929199e-01
2.672172617167234421e-03,8.039584159851074219e-01,7.119398713111877441e-01,7.481977343559265137e-01,7.028151154518127441e-01,1.006240844726562500e+00,4.960851967334747314e-01,9.020767211914062500e-01,8.059008121490478516e-01,7.106388211250305176e-01,1.862766966223716736e-02,-9.536186698824167252e-04,7.641952834092080593e-04,-5.405485630035400391e-03,1.455540885217487812e-03,-3.426764626055955887e-03,-3.472548909485340118e-03,4.397162119857966900e-04,-8.828495629131793976e-03,9.026239276863634586e-04
-6.711519090458750725e-04,6.994419693946838379e-01,9.999460577964782715e-01,1.004024744033813477e+00,9.037750363349914551e-01,9.989179968833923340e-01,7.977601289749145508e-01,6.993007063865661621e-01,9.015206098556518555e-01,8.004423379898071289e-01,-5.016158334910869598e-03,9.690339677035808563e-03,5.389807280153036118e-03,5.815861281007528305e-03,2.157257404178380966e-03,6.502791307866573334e-03,4.147014580667018890e-03,-1.202091691084206104e-03,5.731990560889244080e-03,1.840025943238288164e-04
5.137970438227057457e-04,6.924411654472351074e-01,6.795263290405273438e-01,7.788645625114440918e-01,5.630227327346801758e-01,4.783997237682342529e-01,3.870985209941864014e-01,6.815882325172424316e-01,3.931149244308471680e-01,5.926243662834167480e-01,2.524156682193279266e-02,4.544412251561880112e-03,1.358190784230828285e-03,5.329635925590991974e-03,1.689735450781881809e-03,3.497511614114046097e-03,3.350947052240371704e-03,7.066369056701660156e-03,-1.311945845372974873e-03,-2.088643610477447510e-03
2.552163554355502129e-03,7.221146821975708008e-01,9.937166571617126465e-01,9.854316711425781250e-01,9.079408645629882812e-01,6.903776526451110840e-01,5.017682313919067383e-01,8.961037397384643555e-01,6.046674251556396484e-01,8.221693634986877441e-01,-1.066215615719556808e-02,1.415090519003570080e-04,-2.600513165816664696e-03,1.176722231321036816e-03,2.529124263674020767e-03,-4.462393932044506073e-03,1.783000916475430131e-04,9.004003950394690037e-04,1.423384062945842743e-03,-2.639073645696043968e-04
-2.569467993453145027e-03,3.409962635487318039e-03,1.770830340683460236e-02,1.281268298625946045e-01,1.075114160776138306e-01,8.515592664480209351e-03,-3.055452136322855949e-03,6.130254361778497696e-03,-1.146025676280260086e-02,6.301424503326416016e-01,-1.722390204668045044e-02,-9.178583510220050812e-03,-9.887216612696647644e-03,-1.400040742009878159e-02,4.291968885809183121e-03,4.779803100973367691e-03,-1.682111807167530060e-02,-2.553366124629974365e-03,-1.086280774325132370e-02,-3.687512944452464581e-04
9.272581338882446289e-02,8.800556063652038574e-01,7.673845887184143066e-01,9.721301198005676270e-01,5.910862088203430176e-01,9.901897311210632324e-01,4.868332147598266602e-01,8.629330992698669434e-01,7.803407907485961914e-01,7.472712397575378418e-01,3.772479295730590820e-02,7.762432098388671875e-03,2.985874889418482780e-03,6.667126435786485672e-04,1.814085431396961212e-02,9.724124101921916008e-04,1.401362568140029907e-02,-6.930332747288048267e-04,1.426037214696407318e-02,-6.466267514042556286e-04
6.302589550614356995e-03,1.355779077857732773e-02,5.649427883327007294e-03,7.349812425673007965e-03,7.202196400612592697e-03,6.396284326910972595e-03,-1.604495337232947350e-03,3.717496292665600777e-05,7.660533301532268524e-03,1.357463654130697250e-02,1.841635443270206451e-02,4.998534619808197021e-01,6.964893341064453125e-01,2.021365016698837280e-01,8.016163110733032227e-01,9.951631426811218262e-01,9.939833879470825195e-01,3.623977070674300194e-03,5.041496362537145615e-03,6.040362059138715267e-04
-8.785501704551279545e-04,1.136230770498514175e-02,1.449736184440553188e-03,-8.698295801877975464e-03,1.420936663635075092e-03,-3.209388523828238249e-04,6.017814856022596359e-03,-2.026088041020557284e-04,4.201827570796012878e-03,7.122454233467578888e-03,8.826144933700561523e-01,7.133031487464904785e-01,7.132766842842102051e-01,8.172146081924438477e-01,7.264159321784973145e-01,7.619154173880815506e-03,-6.163684185594320297e-03,6.157711744308471680e-01,9.624398313462734222e-03,8.002119660377502441e-01
-1.030072337016463280e-03,7.947949767112731934e-01,7.961688637733459473e-01,9.777312278747558594e-01,7.025362849235534668e-01,1.002200365066528320e+00,2.955096960067749023e-01,6.647621393203735352e-01,5.784189701080322266e-01,8.026448488235473633e-01,1.546475477516651154e-02,3.250370267778635025e-03,1.210816670209169388e-03,2.761846873909235001e-03,-3.914549946784973145e-03,1.294758752919733524e-03,-3.851401619613170624e-03,1.664654584601521492e-03,3.763435175642371178e-03,1.712392433546483517e-03
4.067749716341495514e-03,8.002897500991821289e-01,7.025913000106811523e-01,7.981534600257873535e-01,6.105443239212036133e-01,8.989962339401245117e-01,6.967160105705261230e-01,7.118267416954040527e-01,8.028994798660278320e-01,8.033235669136047363e-01,-4.212986677885055542e-03,-7.364199496805667877e-03,-4.630221519619226456e-03,-2.001967048272490501e-03,4.355175420641899109e-03,2.605152549222111702e-03,3.012036904692649841e-03,-3.182294312864542007e-03,-4.247698932886123657e-03,-1.777509227395057678e-03
-1.493871095590293407e-03,-1.229599956423044205e-02,3.545641957316547632e-04,-3.797403769567608833e-03,8.340969085693359375e-01,4.404121339321136475e-01,4.556378722190856934e-01,7.151372432708740234e-01,3.361542224884033203e-01,6.262862682342529297e-01,1.197909340262413025e-01,3.890165314078330994e-02,6.339200586080551147e-02,6.532175093889236450e-02,2.776245400309562683e-02,2.322489628568291664e-03,1.123400591313838959e-02,-2.606788417324423790e-03,7.244467269629240036e-03,-4.821991024073213339e-04
1.307585509493947029e-03,7.911863327026367188e-01,7.126273512840270996e-01,9.205276966094970703e-01,6.922814846038818359e-01,9.936290383338928223e-01,1.941276900470256805e-02,3.114925920963287354e-01,4.680715501308441162e-02,7.178117036819458008e-01,-1.445461809635162354e-02,-1.055526590789668262e-04,-6.282229442149400711e-03,2.021799329668283463e-03,-2.281319582834839821e-03,1.152353506768122315e-04,-5.197844933718442917e-03,2.836817875504493713e-04,-1.110033411532640457e-02,-2.181249437853693962e-04
1.535544637590646744e-03,1.852399669587612152e-02,1.625066064298152924e-02,2.995528466999530792e-02,-4.890067502856254578e-03,3.803395666182041168e-04,-1.427994109690189362e-03,-2.096800878643989563e-02,-8.432134985923767090e-03,-1.051871385425329208e-02,9.469575285911560059e-01,-6.268527824431657791e-03,1.511436887085437775e-02,1.435658987611532211e-02,1.316589652560651302e-03,-3.561148885637521744e-03,1.700213411822915077e-03,8.691447786986827850e-03,-7.769138319417834282e-04,7.461361237801611423e-04
-2.946372478618286550e-05,-3.808366367593407631e-03,-5.117994267493486404e-03,-9.569863788783550262e-03,1.432234793901443481e-02,2.807693555951118469e-02,-9.419149137102067471e-04,2.685214579105377197e-02,4.827940370887517929e-03,2.126183733344078064e-02,9.761128425598144531e-01,9.757078886032104492e-01,9.741569161415100098e-01,9.718180298805236816e-01,2.700326964259147644e-02,1.809361274354159832e-03,7.125202100723981857e-03,7.135778199881315231e-03,1.176751870661973953e-02,2.670337678864598274e-03
1.045127864927053452e-03,8.010357022285461426e-01,9.025901556015014648e-01,9.030527472496032715e-01,6.031298637390136719e-01,2.994631826877593994e-01,1.992206126451492310e-01,8.074064850807189941e-01,4.931487739086151123e-01,7.091200947761535645e-01,-4.086784087121486664e-03,-4.777325317263603210e-03,-3.588617080822587013e-03,1.316922600381076336e-03,-7.986535201780498028e-04,4.160151351243257523e-03,-3.544092178344726562e-04,8.783582015894353390e-04,-4.181951750069856644e-03,-2.462619217112660408e-03
6.483868492068722844e-05,8.871288895606994629e-01,8.947719335556030273e-01,9.958176016807556152e-01,9.922001361846923828e-01,4.963541328907012939e-01,4.990681409835815430e-01,7.879671454429626465e-01,6.060486435890197754e-01,8.882676959037780762e-01,1.234951335936784744e-02,-3.234077244997024536e-03,-5.517089273780584335e-03,-1.281626900890842080e-04,-4.629237577319145203e-03,-3.257874050177633762e-04,3.243420505896210670e-03,4.838623106479644775e-03,-3.348268102854490280e-03,5.248658126220107079e-04
-1.205467851832509041e-03,7.464252877980470657e-03,9.605513885617256165e-03,3.319860436022281647e-03,9.815270081162452698e-03,1.505238376557826996e-02,9.776172228157520294e-04,1.826568879187107086e-02,1.646034978330135345e-02,1.832191087305545807e-02,9.550500512123107910e-01,9.803841710090637207e-01,9.698349237442016602e-01,9.856006503105163574e-01,9.760281443595886230e-01,-5.512643605470657349e-03,-6.360890693031251431e-04,-1.581988763064146042e-03,-3.480033017694950104e-03,-3.268071741331368685e-04
6.528790981974452734e-05,8.919749855995178223e-01,9.980662465095520020e-01,9.940026402473449707e-01,9.809902906417846680e-01,5.038989186286926270e-01,5.052681565284729004e-01,1.002732276916503906e+00,6.944341659545898438e-01,9.526049494743347168e-01,-1.293924544006586075e-02,1.378173357807099819e-03,-4.404220730066299438e-03,-2.565184375271201134e-03,-8.029364398680627346e-04,-3.416614839807152748e-03,2.697035903111100197e-03,-4.895291058346629143e-04,-1.537910080514848232e-03,8.235599671024829149e-05
-1.006705104373395443e-03,2.355453372001647949e-02,4.447804763913154602e-02,4.094560816884040833e-02,3.578293323516845703e-02,1.555014681071043015e-02,2.074488811194896698e-02,3.657761588692665100e-02,4.649399593472480774e-02,6.474535912275314331e-02,6.421201229095458984e-01,2.499350113794207573e-03,8.865370601415634155e-02,1.685000807046890259e-01,3.330177962779998779e-01,1.473759263753890991e-01,1.559686958789825439e-01,-7.108252611942589283e-04,1.596675217151641846e-01,-1.378146698698401451e-03
1.846141964197158813e-01,-2.925912849605083466e-03,1.196489611174911261e-04,-2.870717551559209824e-03,2.393654081970453262e-03,-2.895979443565011024e-03,-9.737635264173150063e-04,5.357604622840881348e-01,-5.962318275123834610e-03,2.325790226459503174e-01,1.188522726297378540e-01,3.838684409856796265e-02,4.719782248139381409e-02,4.093242809176445007e-02,1.221380010247230530e-02,1.030268892645835876e-02,1.734583824872970581e-02,-5.774803925305604935e-03,1.161617226898670197e-02,-9.492180543020367622e-04
-5.432121106423437595e-04,3.592028049752116203e-03,1.434322260320186615e-02,1.772931031882762909e-02,7.568712811917066574e-03,-3.791160183027386665e-03,-3.307931357994675636e-03,4.384823143482208252e-03,5.761809297837316990e-04,1.069954130798578262e-03,9.949979186058044434e-01,6.862727999687194824e-01,2.901763021945953369e-01,1.033729291521012783e-03,1.446200441569089890e-02,9.944486618041992188e-01,9.862819910049438477e-01,1.342964707873761654e-03,9.874299168586730957e-01,7.943238615989685059e-01
2.812864957377314568e-03,1.708085648715496063e-02,2.299630828201770782e-02,3.051164560019969940e-02,3.038443624973297119e-02,9.910468459129333496e-01,3.789617680013179779e-03,3.205520510673522949e-01,6.896721720695495605e-01,7.935734391212463379e-01,1.533924415707588196e-02,-6.280449219048023224e-03,7.035497110337018967e-03,1.200452540069818497e-02,2.176366047933697701e-03,-7.575825788080692291e-03,1.585123245604336262e-03,5.677930312231183052e-04,-1.019118726253509521e-02,-1.284397323615849018e-03
6.226696423254907131e-04,1.853195019066333771e-03,3.728843061253428459e-03,-2.568216761574149132e-03,4.471571184694766998e-03,-3.151749493554234505e-03,2.532972022891044617e-03,7.669428586959838867e-01,6.687752436846494675e-03,4.603224098682403564e-01,3.647863864898681641e-02,3.793110325932502747e-02,3.361264243721961975e-02,3.346119448542594910e-02,2.585011348128318787e-02,4.698398057371377945e-03,4.543977323919534683e-03,-3.214025869965553284e-03,6.278523243963718414e-03,4.529589321464300156e-03
1.153486664406955242e-03,1.667897775769233704e-02,-2.012628829106688499e-03,1.881183707155287266e-03,1.141570694744586945e-02,1.635335572063922882e-02,-2.136847702786326408e-03,6.641915533691644669e-03,5.002979305572807789e-04,5.442015826702117920e-03,9.848617315292358398e-01,8.908221498131752014e-03,9.871918559074401855e-01,9.914067983627319336e-01,-2.209423575550317764e-03,-1.858896575868129730e-05,-4.144622653257101774e-04,4.741708748042583466e-03,-3.863716556224972010e-04,-2.504214877262711525e-03
6.896576815051957965e-05,4.030565833090804517e-05,1.236204057931900024e-03,-6.391541101038455963e-03,-1.577693037688732147e-02,-1.503911917097866535e-03,3.072986844927072525e-03,4.734374582767486572e-03,1.330422819592058659e-03,-1.400774158537387848e-02,9.032492041587829590e-01,7.987768650054931641e-01,8.010438084602355957e-01,8.209912180900573730e-01,7.895117998123168945e-01,1.300685293972492218e-02,7.885980419814586639e-03,4.186333157122135162e-03,-5.130788777023553848e-03,5.034241676330566406e-01
2.266023773699998856e-03,2.618067199364304543e-03,-5.857682321220636368e-03,8.383609056472778320e-01,6.534410268068313599e-02,-2.018949016928672791e-03,-1.798299024812877178e-03,2.810590863227844238e-01,2.066225260496139526e-01,3.998835086822509766e-01,3.522749990224838257e-02,1.206542830914258957e-02,1.996763795614242554e-02,-1.693441765382885933e-03,1.132216677069664001e-02,3.364099562168121338e-02,3.312094509601593018e-02,4.043791908770799637e-03,3.994964528828859329e-03,-1.164351007901132107e-03
-3.778547397814691067e-04,1.002091050148010254e+00,9.945626854896545410e-01,1.001467585563659668e+00,9.982981681823730469e-01,1.003135800361633301e+00,1.850618980824947357e-03,1.000952959060668945e+00,2.920756116509437561e-03,2.794613689184188843e-02,-3.391130361706018448e-03,3.072467865422368050e-03,-1.399748260155320168e-03,-1.788847614079713821e-03,-6.820213049650192261e-03,-1.236003445228561759e-04,1.179692335426807404e-03,3.809022309724241495e-04,-5.409915000200271606e-03,-3.315720823593437672e-04
-1.874538837000727654e-03,7.519444078207015991e-02,1.756196841597557068e-02,7.024800181388854980e-01,6.096774339675903320e-01,8.302066326141357422e-01,3.805828280746936798e-03,4.803078472614288330e-01,-4.021084401756525040e-03,5.795117616653442383e-01,1.397185474634170532e-01,3.111798688769340515e-02,3.970953822135925293e-02,9.922397322952747345e-03,3.050361573696136475e-02,-7.243340369313955307e-03,3.904103860259056091e-02,2.464844845235347748e-03,1.025503221899271011e-02,-5.624542012810707092e-03
3.378533292561769485e-04,4.885987727902829647e-04,-1.718700630590319633e-03,2.305442758370190859e-04,3.069201484322547913e-03,8.921494707465171814e-03,4.703152517322450876e-04,5.018059611320495605e-01,3.398803528398275375e-03,4.524820744991302490e-01,7.340176403522491455e-02,4.444175213575363159e-02,4.814592748880386353e-02,6.277976185083389282e-02,4.054896533489227295e-02,1.999844610691070557e-02,2.357333153486251831e-02,6.571347359567880630e-03,1.097609521821141243e-03,-2.320819068700075150e-03
5.765504669398069382e-03,9.185842424631118774e-02,6.714075207710266113e-01,7.815986871719360352e-01,5.901958942413330078e-01,9.951693415641784668e-01,3.373405430465936661e-03,2.903063893318176270e-01,9.867129921913146973e-01,7.548751235008239746e-01,3.630350530147552490e-02,8.819903247058391571e-03,1.442411821335554123e-02,1.977611705660820007e-02,9.389868937432765961e-03,-1.120072230696678162e-02,4.013221041532233357e-05,8.423631079494953156e-03,-5.667042918503284454e-03,-1.215856289491057396e-03
9.421835094690322876e-02,4.332122206687927246e-02,5.910114645957946777e-01,6.797055602073669434e-01,8.829159140586853027e-01,9.848172068595886230e-01,3.857052922248840332e-01,5.779318809509277344e-01,4.857498705387115479e-01,1.855650991201400757e-01,2.299784868955612183e-02,6.137738237157464027e-04,1.443912461400032043e-02,2.542914263904094696e-02,1.027788314968347549e-02,6.842812872491776943e-04,1.532710436731576920e-02,3.851549001410603523e-03,2.815104322507977486e-03,9.131629951298236847e-03
8.391574770212173462e-02,1.756798774003982544e-01,4.445696175098419189e-01,7.976167201995849609e-01,4.546427167952060699e-03,2.328938571736216545e-03,2.292199758812785149e-03,6.618819832801818848e-01,1.234250026755034924e-03,6.872598528861999512e-01,2.927554957568645477e-02,1.771109993569552898e-03,8.817740599624812603e-04,3.440023167058825493e-03,-1.719057559967041016e-03,-7.715412415564060211e-03,-3.581422613933682442e-03,-4.990719258785247803e-03,-1.625762553885579109e-03,-2.459369134157896042e-04
1.130029838532209396e-02,8.415957912802696228e-03,4.842234030365943909e-02,5.122615024447441101e-02,4.352894425392150879e-02,3.446334227919578552e-02,2.115530520677566528e-02,5.371768772602081299e-02,3.626886755228042603e-02,6.512505561113357544e-02,9.268001914024353027e-01,8.581186644732952118e-03,1.644459813833236694e-01,2.744701206684112549e-01,1.821305006742477417e-01,-5.193559452891349792e-03,7.501236796379089355e-01,4.388089291751384735e-03,-1.241548638790845871e-02,-2.737660426646471024e-03
-1.370233600027859211e-03,8.106942772865295410e-01,8.690922260284423828e-01,7.190679907798767090e-01,6.228621006011962891e-01,4.998679757118225098e-01,3.781212866306304932e-01,7.040443420410156250e-01,4.941528141498565674e-01,7.202352881431579590e-01,3.029419807717204094e-03,8.246635086834430695e-03,6.660522427409887314e-03,8.110047783702611923e-04,5.793865770101547241e-03,7.004139479249715805e-03,-1.272519875783473253e-05,2.189388324040919542e-04,-1.632318249903619289e-03,-9.445169125683605671e-04
-1.367881079204380512e-03,-1.135378144681453705e-02,-6.757172290235757828e-03,-1.645248383283615112e-02,-4.667450048145838082e-05,-4.494680557399988174e-03,4.255335079506039619e-04,4.505014512687921524e-03,-3.714821534231305122e-03,-8.064333349466323853e-03,9.941896796226501465e-01,9.712287187576293945e-01,9.914205670356750488e-01,3.359167138114571571e-03,7.960736155509948730e-01,1.011412739753723145e+00,1.006925582885742188e+00,1.780734397470951080e-03,9.981511235237121582e-01,7.957831621170043945e-01
2.002804540097713470e-03,5.582987796515226364e-04,-3.551484085619449615e-03,-1.515609677881002426e-03,-4.945144057273864746e-03,-3.999582026153802872e-03,-5.507114692591130733e-04,3.423704765737056732e-04,-3.775750519707798958e-03,-5.149372387677431107e-03,9.166772365570068359e-01,7.358054518699645996e-01,8.169282674789428711e-01,9.878373742103576660e-01,4.425553381443023682e-01,1.335634570568799973e-02,2.537050098180770874e-02,4.065175056457519531e-01,6.117257755249738693e-03,-1.591078704223036766e-03
3.947300720028579235e-04,7.847020626068115234e-01,8.759372830390930176e-01,7.811744809150695801e-01,6.732988357543945312e-01,4.901577234268188477e-01,3.943288624286651611e-01,8.771622180938720703e-01,6.934027671813964844e-01,8.634452819824218750e-01,4.209277033805847168e-02,3.298309864476323128e-03,8.470977656543254852e-03,1.697165193036198616e-03,1.925560273230075836e-02,4.321248736232519150e-03,1.995628885924816132e-02,1.186429173685610294e-03,8.471147157251834869e-03,-1.484532112954184413e-04
8.273914456367492676e-02,2.239783406257629395e-01,4.605716168880462646e-01,7.326895594596862793e-01,1.211102232336997986e-01,-1.441761385649442673e-03,-3.282020625192672014e-04,5.444328784942626953e-01,-1.166108762845396996e-03,6.896854639053344727e-01,7.138545066118240356e-02,2.823145873844623566e-02,3.282271698117256165e-02,-1.635130727663636208e-03,-3.894440829753875732e-03,-1.938602305017411709e-03,-4.330429714173078537e-03,-6.121676415205001831e-04,-2.007236704230308533e-03,-8.888980119081679732e-06
1.677350513637065887e-02,-1.304337405599653721e-03,-4.968652036041021347e-03,1.427257712930440903e-02,4.361459519714117050e-03,-9.266059845685958862e-03,-1.576937618665397167e-03,1.332647446542978287e-02,-2.627072855830192566e-03,3.552889684215188026e-03,9.850996136665344238e-01,9.880714416503906250e-01,9.713787436485290527e-01,4.601458087563514709e-02,-2.904373453930020332e-03,-1.525996369309723377e-03,-1.036730315536260605e-02,-9.262138046324253082e-03,8.219117298722267151e-03,-5.256363190710544586e-03
-1.589032006449997425e-03,8.069327473640441895e-01,7.125098705291748047e-01,7.147618532180786133e-01,8.011371493339538574e-01,4.990355372428894043e-01,4.046397805213928223e-01,8.857007622718811035e-01,5.985214114189147949e-01,6.967341899871826172e-01,-1.308429241180419922e-02,-2.054114127531647682e-03,2.793030114844441414e-03,1.024173106998205185e-02,3.945820964872837067e-03,-6.259128567762672901e-04,3.818563884124159813e-03,8.413539035245776176e-04,2.883321605622768402e-03,2.121854107826948166e-03
-1.559375552460551262e-03,6.944046020507812500e-01,1.296638604253530502e-02,1.904207840561866760e-02,9.181302189826965332e-01,2.923292666673660278e-02,5.516911391168832779e-03,6.066023707389831543e-01,2.353591471910476685e-02,7.621089816093444824e-01,1.162281632423400879e-01,3.151190653443336487e-02,8.717910945415496826e-02,7.908979803323745728e-02,5.029367282986640930e-02,9.257299243472516537e-04,3.745082532986998558e-03,-1.157824229449033737e-02,5.773816723376512527e-03,-1.002115313895046711e-03
2.482804935425519943e-03,8.857888579368591309e-01,9.967553615570068359e-01,8.207699060440063477e-01,8.920576572418212891e-01,5.045893192291259766e-01,5.039801597595214844e-01,6.901739835739135742e-01,4.958797693252563477e-01,7.031428813934326172e-01,2.799299545586109161e-02,1.495305565185844898e-03,-2.471145940944552422e-03,1.694383658468723297e-02,2.429543621838092804e-02,1.582493423484265804e-03,4.441610537469387054e-03,-1.830759691074490547e-03,-2.383559185545891523e-04,4.275616665836423635e-04
-1.211739261634647846e-03,-1.940486836247146130e-03,2.724140882492065430e-03,-1.289322786033153534e-02,3.670259611681103706e-03,6.359230261296033859e-03,-6.881149602122604847e-04,-3.548593958839774132e-03,1.915397122502326965e-03,8.700392208993434906e-04,9.079703688621520996e-01,8.106431961059570312e-01,9.021568298339843750e-01,9.563087671995162964e-02,8.042021989822387695e-01,9.059886932373046875e-01,9.124045372009277344e-01,9.143374860286712646e-02,9.025905728340148926e-01,6.971481442451477051e-01
5.349797196686267853e-03,-6.374666467308998108e-03,6.604012101888656616e-03,2.494397759437561035e-02,1.327449269592761993e-02,-8.195606060326099396e-03,1.982101239264011383e-03,9.464967064559459686e-03,2.237187465652823448e-03,5.125834140926599503e-04,9.750822782516479492e-01,3.359088301658630371e-02,1.225198805332183838e-02,1.874992623925209045e-03,2.014700025320053101e-01,9.961595535278320312e-01,9.954399466514587402e-01,4.362297244369983673e-03,9.857329130172729492e-01,6.987635493278503418e-01
2.331953961402177811e-03,1.138979219831526279e-03,2.191096078604459763e-03,6.601241882890462875e-03,1.943649910390377045e-02,1.417270582169294357e-02,-2.098032040521502495e-03,4.196537658572196960e-03,-1.134827500209212303e-03,7.022814359515905380e-03,9.612790346145629883e-01,9.875280857086181641e-01,9.657751321792602539e-01,9.857308864593505859e-01,4.792694747447967529e-02,-1.894058287143707275e-02,-1.896134926937520504e-03,7.888876795768737793e-01,-8.555122651159763336e-03,9.945119619369506836e-01
2.229595324024558067e-03,-2.104252635035663843e-04,5.092724692076444626e-03,4.872859418392181396e-01,3.114117681980133057e-01,9.830896854400634766e-01,7.434363011270761490e-03,4.063678979873657227e-01,1.891590841114521027e-02,7.959212064743041992e-01,-1.684983959421515465e-03,1.228656154125928879e-02,1.969766430556774139e-02,-1.140291616320610046e-02,1.452535949647426605e-02,5.360682494938373566e-03,4.129583947360515594e-03,-7.988602737896144390e-04,-1.810437417589128017e-03,-1.435099518857896328e-03
-1.554433954879641533e-03,-5.932105705142021179e-03,-5.826416425406932831e-03,4.552875179797410965e-05,1.538372831419110298e-03,-2.418539253994822502e-03,-5.165925249457359314e-03,-6.276902277022600174e-03,-3.815993899479508400e-03,9.032477624714374542e-03,9.947125315666198730e-01,9.723842144012451172e-01,9.952136874198913574e-01,9.927504062652587891e-01,8.006818890571594238e-01,9.825850129127502441e-01,9.914932250976562500e-01,2.388546243309974670e-03,9.908214807510375977e-01,5.249411799013614655e-03
1.670713303610682487e-03,-1.705474569462239742e-03,4.969642497599124908e-03,1.398697216063737869e-02,-6.432218942791223526e-03,1.445131492801010609e-03,5.249410751275718212e-04,8.181663230061531067e-03,6.239843554794788361e-03,-6.858897395431995392e-03,7.855782508850097656e-01,6.914685964584350586e-01,7.981895208358764648e-01,9.870244264602661133e-01,6.976861357688903809e-01,9.808246493339538574e-01,9.843220710754394531e-01,4.732228815555572510e-03,7.122968090698122978e-04,3.982899487018585205e-01
1.148318406194448471e-04,1.641266397200524807e-03,-1.887440157588571310e-04,-8.177492767572402954e-03,-2.824331168085336685e-03,5.163395311683416367e-03,4.166608676314353943e-03,2.026956155896186829e-02,1.693670405074954033e-03,3.274731338024139404e-02,9.625671505928039551e-01,9.906335473060607910e-01,9.888868331909179688e-01,9.896543622016906738e-01,6.963099241256713867e-01,6.830194592475891113e-01,6.789759993553161621e-01,-1.840627519413828850e-03,7.958161295391619205e-04,4.775069188326597214e-03
5.787701811641454697e-03,1.158401276916265488e-02,-1.339808222837746143e-03,1.109092310070991516e-02,1.295916968956589699e-03,3.524718049447983503e-04,-2.558279782533645630e-03,1.274077966809272766e-02,-6.161193596199154854e-05,-7.942883297801017761e-03,8.030887246131896973e-01,1.161409774795174599e-03,9.934909343719482422e-01,-8.367042988538742065e-03,5.971328616142272949e-01,8.968611955642700195e-01,9.017834663391113281e-01,4.754409601446241140e-04,6.598444888368248940e-04,3.032790720462799072e-01
-5.523320396605413407e-06,7.123526334762573242e-01,7.859421968460083008e-01,7.278742194175720215e-01,5.100485086441040039e-01,5.076161399483680725e-02,2.558673173189163208e-02,8.862679004669189453e-01,6.024120450019836426e-01,8.224737644195556641e-01,2.535946480929851532e-02,-5.531150382012128830e-04,2.575967693701386452e-03,1.902148826047778130e-03,9.782075881958007812e-03,8.908267132937908173e-03,2.613030606880784035e-03,1.237879623658955097e-03,4.927947651594877243e-03,-1.867381157353520393e-03
1.435543963452801108e-04,9.734609723091125488e-01,9.830598235130310059e-01,9.740104079246520996e-01,9.905714392662048340e-01,4.895211756229400635e-01,4.880993366241455078e-01,9.602354168891906738e-01,6.769278049468994141e-01,8.045517802238464355e-01,-2.368663623929023743e-02,4.902306944131851196e-03,9.351090557174757123e-05,-5.198727827519178391e-03,7.909326814115047455e-05,-3.209477057680487633e-03,-3.770865499973297119e-03,-1.897625916171818972e-04,2.111103385686874390e-04,-3.972056219936348498e-05
7.323281606659293175e-04,7.178133130073547363e-01,3.689985722303390503e-02,5.207815766334533691e-01,1.004514694213867188e+00,-6.856502499431371689e-03,-6.953034084290266037e-03,2.588104829192161560e-02,6.841308902949094772e-03,7.390368580818176270e-01,-3.610792802646756172e-03,-3.452557371929287910e-03,2.386903623118996620e-03,-4.964240361005067825e-03,3.507659072056412697e-03,-2.741529373452067375e-03,1.241188962012529373e-03,1.168130082078278065e-03,1.260499935597181320e-03,4.367139263194985688e-05
3.378926485311239958e-04,-1.606380450539290905e-03,-3.879393450915813446e-03,2.750625833868980408e-02,9.982836432754993439e-03,-1.352904597297310829e-03,-6.330453325062990189e-04,2.539725974202156067e-02,-7.259577047079801559e-03,2.091421559453010559e-02,9.641135334968566895e-01,9.867032766342163086e-01,9.824982285499572754e-01,-6.512318737804889679e-03,9.940462708473205566e-01,9.835067987442016602e-01,9.912954568862915039e-01,-5.627682898193597794e-03,9.884026050567626953e-01,1.782658044248819351e-03
1.449051429517567158e-03,7.312379777431488037e-03,1.475189533084630966e-02,7.461371365934610367e-03,1.575559377670288086e-02,1.358628273010253906e-03,2.029218943789601326e-03,6.548941601067781448e-03,7.930013351142406464e-03,9.593605063855648041e-03,1.013396382331848145e+00,9.950425624847412109e-01,9.965465664863586426e-01,9.988724589347839355e-01,7.069882154464721680e-01,9.982170462608337402e-01,1.008031010627746582e+00,2.724466379731893539e-03,4.015739560127258301e-01,1.834676484577357769e-03
8.935198783874511719e-01,3.747783899307250977e-01,2.636736929416656494e-01,1.470129005610942841e-03,8.704864978790283203e-01,4.707837402820587158e-01,7.632042281329631805e-03,1.975182211026549339e-03,1.271366141736507416e-02,2.721413075923919678e-01,-7.302826270461082458e-03,4.861295688897371292e-03,6.354785524308681488e-03,1.409810129553079605e-02,4.225162789225578308e-03,-5.491480696946382523e-04,6.529204081743955612e-03,3.670931095257401466e-03,3.120518755167722702e-03,3.705613198690116405e-04
8.550342754460871220e-04,8.044044375419616699e-01,9.016829133033752441e-01,8.875132799148559570e-01,8.065294623374938965e-01,7.037128210067749023e-01,6.030007600784301758e-01,9.046400785446166992e-01,7.068529725074768066e-01,9.067310690879821777e-01,-1.494053099304437637e-02,1.944640389410778880e-04,-7.184999529272317886e-03,-6.343734450638294220e-03,2.667078806553035975e-04,5.184819921851158142e-03,1.432882808148860931e-02,3.402698494028300047e-04,3.616356989368796349e-03,-2.263297210447490215e-04
-5.411170423030853271e-04,-3.558648750185966492e-03,-1.384157035499811172e-02,-1.854882389307022095e-02,2.370120259001851082e-03,-2.685719169676303864e-03,-2.116683404892683029e-03,2.734881639480590820e-01,-1.348467776551842690e-04,5.593296289443969727e-01,8.367126435041427612e-02,2.951467968523502350e-02,4.710360988974571228e-02,4.743268340826034546e-02,1.070930156856775284e-03,-4.329622257500886917e-03,2.073340583592653275e-03,1.546428352594375610e-02,5.745913367718458176e-04,-2.972460351884365082e-04
-1.233517250511795282e-04,8.992586731910705566e-01,8.064423203468322754e-01,9.063527584075927734e-01,7.142897248268127441e-01,1.003409504890441895e+00,6.995201110839843750e-01,5.972335338592529297e-01,8.078954219818115234e-01,8.039321303367614746e-01,6.767083425074815750e-03,4.628886003047227859e-03,-2.022729604505002499e-04,1.581127173267304897e-03,-3.663263516500592232e-03,2.874938305467367172e-03,-6.870431359857320786e-03,7.469482719898223877e-03,5.214326549321413040e-03,3.732134937308728695e-04
-1.312095206230878830e-03,-5.059540271759033203e-04,-1.187067385762929916e-02,-8.203447796404361725e-03,4.569503013044595718e-03,5.443562753498554230e-03,-3.574413945898413658e-03,6.254094094038009644e-02,1.594318426214158535e-03,9.595653414726257324e-02,8.902719616889953613e-01,9.433103203773498535e-01,9.397259354591369629e-01,9.502161145210266113e-01,8.631679415702819824e-01,-2.783734526019543409e-04,3.447958733886480331e-03,2.008984982967376709e-02,-4.114187613595277071e-04,1.265915343537926674e-03
1.766710658557713032e-03,-5.950028076767921448e-03,5.148636642843484879e-03,1.102469675242900848e-02,2.060017585754394531e-01,2.478024922311306000e-03,-1.367202261462807655e-03,6.723994612693786621e-01,-4.637284204363822937e-03,8.765789866447448730e-02,4.175138846039772034e-02,3.340273723006248474e-02,3.869290277361869812e-02,4.672334715723991394e-02,1.158542837947607040e-02,2.281923964619636536e-02,1.579260267317295074e-02,1.937506347894668579e-02,1.627800054848194122e-02,3.869615029543638229e-03
-2.489547245204448700e-03,2.466774918138980865e-02,1.600396446883678436e-02,4.307622089982032776e-02,1.381881441920995712e-02,7.174023892730474472e-03,5.316454917192459106e-03,1.830302737653255463e-02,1.181857194751501083e-02,4.606533912010490894e-04,9.600005745887756348e-01,9.724570810794830322e-02,2.130028903484344482e-01,1.880785375833511353e-01,3.979165256023406982e-01,6.303622853010892868e-03,8.588040247559547424e-03,5.991866588592529297e-01,9.354327805340290070e-03,1.181520521640777588e-03
-7.550754235126078129e-04,5.874053575098514557e-03,7.919494993984699249e-03,4.102074541151523590e-03,1.166140101850032806e-02,1.238837279379367828e-02,3.701518056914210320e-03,1.241660043597221375e-01,6.440432276576757431e-03,5.851029753684997559e-01,2.810572087764739990e-02,2.484432049095630646e-02,3.353401273488998413e-02,2.155053615570068359e-02,1.814151555299758911e-02,-3.733586287125945091e-03,7.158444495871663094e-04,-8.592657977715134621e-04,4.594939760863780975e-03,1.790681999409571290e-04
2.164566889405250549e-03,4.745883401483297348e-03,4.329031798988580704e-03,7.448610849678516388e-03,1.604971126653254032e-03,-2.720156218856573105e-03,-4.310528456699103117e-04,2.960111573338508606e-02,2.893705153837800026e-03,3.878556564450263977e-02,9.016076326370239258e-01,9.736455082893371582e-01,9.427182674407958984e-01,9.191840887069702148e-01,9.408699870109558105e-01,1.227096072398126125e-04,1.943778712302446365e-03,8.715184405446052551e-03,7.796645164489746094e-03,-7.201563101261854172e-03
2.003864385187625885e-03,1.393928099423646927e-02,4.683210980147123337e-03,1.463683322072029114e-02,4.475415218621492386e-03,1.825520186685025692e-03,3.065326949581503868e-03,1.100911945104598999e-02,6.721031852066516876e-03,-7.040735799819231033e-04,8.912355303764343262e-01,1.945926696062088013e-01,2.078140527009963989e-01,1.998572349548339844e-01,9.435586631298065186e-02,8.144744038581848145e-01,8.109157681465148926e-01,2.935498058795928955e-01,8.134298920631408691e-01,6.963523030281066895e-01
1.073188381269574165e-03,9.930216670036315918e-01,9.987826347351074219e-01,9.956164956092834473e-01,1.003941774368286133e+00,1.003352165222167969e+00,9.247418493032455444e-03,4.622483626008033752e-02,2.956218831241130829e-02,9.631804227828979492e-01,-6.315127015113830566e-03,-5.147097166627645493e-03,-1.405372167937457561e-03,2.799739129841327667e-03,5.279695149511098862e-03,8.384496904909610748e-03,6.150184781290590763e-04,1.025938312523066998e-03,-4.704219289124011993e-03,2.407624269835650921e-04
2.321270527318120003e-03,1.845884881913661957e-02,2.261221781373023987e-02,1.943358965218067169e-02,1.605769246816635132e-02,1.848241314291954041e-02,6.318346131592988968e-03,1.586597226560115814e-02,1.512690540403127670e-02,1.321894768625497818e-02,8.869498372077941895e-01,-5.161830689758062363e-03,-9.907545754685997963e-04,1.026785150170326233e-01,5.937329530715942383e-01,4.793626070022583008e-01,5.764947533607482910e-01,4.929344952106475830e-01,3.883805274963378906e-01,9.742957353591918945e-02
5.528247565962374210e-04,3.211330389603972435e-03,5.747859477996826172e-01,6.574049592018127441e-01,9.058763980865478516e-01,1.635037660598754883e-01,-4.243455827236175537e-03,1.480803936719894409e-01,1.458110171370208263e-03,7.303667664527893066e-01,2.216838672757148743e-02,-9.323771111667156219e-03,3.002751036547124386e-04,-1.861325581558048725e-03,-4.180919844657182693e-03,3.407141193747520447e-03,7.730962708592414856e-03,-7.851559668779373169e-03,-3.246047999709844589e-03,-2.610766328871250153e-03
-4.976015537977218628e-03,1.433283978258259594e-05,2.069559134542942047e-02,-3.585116239264607430e-03,3.271632129326462746e-03,-2.678035059943795204e-03,-3.203443251550197601e-03,-7.277568220160901546e-04,2.583364723250269890e-03,1.052891742438077927e-02,9.215726256370544434e-01,7.968788743019104004e-01,9.889585971832275391e-01,9.915120005607604980e-01,7.160282731056213379e-01,1.001169562339782715e+00,9.978843927383422852e-01,9.519720077514648438e-02,8.973109722137451172e-01,2.109370427206158638e-03
2.042402047663927078e-03,6.665308959782123566e-03,6.526958663016557693e-03,1.064301282167434692e-02,1.544084213674068451e-02,1.111040590330958366e-03,3.482726635411381721e-03,1.618264801800251007e-02,3.887498518452048302e-03,1.628799363970756531e-02,9.987461566925048828e-01,8.607181371189653873e-04,1.173543510958552361e-03,6.647606380283832550e-03,2.138716401532292366e-03,9.903439879417419434e-01,9.907251596450805664e-01,-9.906099876388907433e-04,9.939107298851013184e-01,-1.714458048809319735e-04
3.896474838256835938e-03,8.447114378213882446e-03,1.698424108326435089e-02,1.953603141009807587e-02,4.109924193471670151e-03,2.193954074755311012e-03,-1.490799710154533386e-03,1.971380226314067841e-02,1.401945669203996658e-02,2.531215548515319824e-02,8.748980164527893066e-01,2.937058210372924805e-01,1.062748655676841736e-01,8.414712548255920410e-02,5.962628722190856934e-01,4.388086032122373581e-03,6.939939223229885101e-03,8.683328330516815186e-02,9.235898405313491821e-02,-2.186365658417344093e-03
6.370143964886665344e-04,6.444981321692466736e-03,-8.528076577931642532e-04,4.050712566822767258e-03,4.650510381907224655e-03,1.155932550318539143e-03,5.578679963946342468e-03,1.129997894167900085e-02,1.341901253908872604e-02,2.241050126031041145e-03,9.998931288719177246e-01,8.072834014892578125e-01,8.997259736061096191e-01,9.966297149658203125e-01,7.032656073570251465e-01,9.907816648483276367e-01,9.830350279808044434e-01,1.010432615876197815e-01,3.006660938262939453e-01,8.991701602935791016e-01
5.184690002351999283e-03,6.492326967418193817e-03,1.691268698778003454e-04,2.595672011375427246e-02,2.681113220751285553e-02,5.301558412611484528e-03,8.077482692897319794e-03,3.260577842593193054e-02,2.808223245665431023e-03,2.090419828891754150e-02,9.284895658493041992e-01,7.806469202041625977e-01,8.747568130493164062e-01,9.797764420509338379e-01,1.828972399234771729e-01,1.907406258396804333e-03,1.493722083978354931e-03,-1.099686510860919952e-02,1.000082027167081833e-02,-2.121856668964028358e-03
-7.477474282495677471e-04,-2.967039123177528381e-03,1.437478326261043549e-02,1.226321794092655182e-02,1.917900633998215199e-03,9.735727906227111816e-01,4.595065023750066757e-03,6.907560825347900391e-01,1.382978912442922592e-02,5.836867094039916992e-01,5.680965725332498550e-03,-4.647867288440465927e-03,-5.722898058593273163e-03,-1.075830310583114624e-02,2.077795332297682762e-03,-5.021061282604932785e-03,9.649184648878872395e-04,-3.252506256103515625e-03,1.661578938364982605e-02,1.443959190510213375e-04
-4.933252930641174316e-04,9.060790762305259705e-03,-3.020798321813344955e-03,2.687486354261636734e-03,6.309944670647382736e-03,3.777361416723579168e-04,-1.637187087908387184e-03,-7.021831348538398743e-03,-3.523370716720819473e-03,1.151310559362173080e-02,9.774942994117736816e-01,9.872998595237731934e-01,8.078265190124511719e-01,9.891240000724792480e-01,9.682860374450683594e-01,-6.844812538474798203e-03,-5.812953691929578781e-03,6.018283311277627945e-03,1.307857781648635864e-02,6.094232797622680664e-01
-2.383527345955371857e-03,-1.745791174471378326e-03,-2.210029168054461479e-03,-1.027411897666752338e-03,1.007276680320501328e-02,8.995487005449831486e-04,2.366074593737721443e-03,1.105852052569389343e-02,-2.986379200592637062e-03,-1.707362243905663490e-03,8.883324265480041504e-01,1.657499466091394424e-03,5.413040518760681152e-03,-6.983682978898286819e-03,8.488200604915618896e-03,1.176757388748228550e-03,2.860221564769744873e-01,1.623027026653289795e-02,2.218660432845354080e-03,7.021394371986389160e-01
-8.788872510194778442e-04,-2.978383097797632217e-03,7.307389169000089169e-04,5.246479995548725128e-03,1.080930978059768677e-02,2.592641161754727364e-03,-1.510606845840811729e-03,-8.282460272312164307e-03,-2.777518704533576965e-03,-5.809389986097812653e-03,1.006182551383972168e+00,1.002332925796508789e+00,9.981042146682739258e-01,1.011541843414306641e+00,1.018153548240661621e+00,9.941074848175048828e-01,9.918172955513000488e-01,8.006646633148193359e-01,1.006401658058166504e+00,9.994667768478393555e-01
2.779290545731782913e-03,8.755197632126510143e-04,1.265596831217408180e-03,3.231769055128097534e-02,5.642148666083812714e-03,-3.095635911449790001e-03,-2.048099180683493614e-03,9.504948742687702179e-03,6.269134581089019775e-03,1.834694482386112213e-02,9.817583560943603516e-01,7.908826470375061035e-01,8.924269080162048340e-01,1.970243640244007111e-02,9.835441112518310547e-01,9.822567105293273926e-01,9.841805100440979004e-01,4.295118153095245361e-03,2.695682924240827560e-04,8.108565234579145908e-04
-1.121256500482559204e-03,-2.619671868160367012e-03,-2.089366316795349121e-03,-2.544803137425333261e-04,2.514398423954844475e-03,4.283091519027948380e-03,-8.342380169779062271e-04,-2.335366792976856232e-03,2.116434508934617043e-03,1.207920443266630173e-02,9.166615605354309082e-01,8.266490697860717773e-01,8.350139260292053223e-01,8.417516946792602539e-01,7.173201441764831543e-01,6.830891966819763184e-01,6.889227032661437988e-01,2.869218885898590088e-01,6.681537032127380371e-01,-2.185721881687641144e-03
1.277769217267632484e-03,-8.153393282555043697e-04,8.974294178187847137e-03,-4.939793143421411514e-07,2.355932083446532488e-04,-3.863296238705515862e-03,-2.710097702220082283e-03,3.822261840105056763e-02,-3.345086472108960152e-03,4.626838490366935730e-02,9.453394412994384766e-01,9.291783571243286133e-01,9.025530219078063965e-01,9.272063970565795898e-01,9.394886493682861328e-01,4.721616208553314209e-01,4.663473963737487793e-01,1.614921609871089458e-03,1.190579496324062347e-02,5.025276914238929749e-03
-1.740915700793266296e-03,-3.200426464900374413e-03,1.894610817544162273e-03,-3.630158491432666779e-03,-7.803774904459714890e-03,-3.240090562030673027e-03,-1.436817925423383713e-03,6.720377714373171329e-04,4.904118832200765610e-04,1.874283421784639359e-03,1.010670661926269531e+00,9.999934434890747070e-01,9.936786890029907227e-01,9.940356612205505371e-01,9.079490303993225098e-01,5.710279103368520737e-03,9.546648710966110229e-03,8.505551144480705261e-03,2.513968152925372124e-03,8.010849356651306152e-01
8.159005641937255859e-02,7.964021563529968262e-01,6.690503358840942383e-01,5.424945354461669922e-01,3.799897432327270508e-01,8.807289004325866699e-01,2.875224649906158447e-01,5.728306770324707031e-01,4.703787565231323242e-01,6.552863121032714844e-01,2.532311342656612396e-02,7.080685812979936600e-03,1.876362832263112068e-03,3.569541499018669128e-02,2.917730249464511871e-02,1.582802645862102509e-02,2.401703782379627228e-02,4.422166384756565094e-03,1.158257666975259781e-02,3.055421868339180946e-03
2.680782345123589039e-04,9.888020753860473633e-01,9.927402734756469727e-01,9.883939027786254883e-01,7.900378108024597168e-01,9.985171556472778320e-01,1.638779300265014172e-03,6.972213983535766602e-01,4.152224399149417877e-03,6.930150389671325684e-01,2.153597213327884674e-02,6.232910323888063431e-03,1.429411675781011581e-02,-1.198509358800947666e-03,8.882831782102584839e-03,8.890558965504169464e-03,1.872645504772663116e-02,2.249046927317976952e-03,7.975955493748188019e-03,1.898811664432287216e-03
-2.855372847989201546e-03,1.614247797988355160e-03,-1.959771849215030670e-03,2.214751765131950378e-02,1.249399408698081970e-02,1.800694386474788189e-03,-1.371269929222762585e-03,9.629050269722938538e-03,7.548308465629816055e-03,1.402107067406177521e-02,8.143190741539001465e-01,9.950232505798339844e-01,9.893618226051330566e-01,1.725631952285766602e-02,2.171867936849594116e-01,9.805002808570861816e-01,9.831660985946655273e-01,1.560859475284814835e-02,1.000700354576110840e+00,9.270659065805375576e-04
3.963604271411895752e-01,1.810077726840972900e-01,6.598498821258544922e-01,8.603792786598205566e-01,2.827650308609008789e-01,7.085897028446197510e-03,3.249855944886803627e-03,5.758203268051147461e-01,-5.077812355011701584e-03,7.119858264923095703e-01,7.421410828828811646e-02,4.898147191852331161e-03,9.430749341845512390e-03,9.333745576441287994e-03,2.693973109126091003e-02,2.616392821073532104e-02,3.757871314883232117e-02,-1.488488167524337769e-03,4.594027623534202576e-02,3.265612525865435600e-03
1.499981619417667389e-03,2.925785025581717491e-03,1.516558113507926464e-04,5.243433173745870590e-03,-2.904063090682029724e-03,-7.749316282570362091e-03,-1.144283334724605083e-03,4.752339329570531845e-03,-5.207906360737979412e-04,3.874054877087473869e-03,8.414385318756103516e-01,7.149380445480346680e-01,7.182968258857727051e-01,8.263984322547912598e-01,7.037507891654968262e-01,9.727248921990394592e-03,4.567529074847698212e-03,6.044948697090148926e-01,-6.731337402015924454e-03,6.274016574025154114e-03
9.766273433342576027e-04,-5.200601182878017426e-03,-4.433091729879379272e-03,-2.337123081088066101e-02,-4.168514162302017212e-03,-3.474563418421894312e-04,-1.865516387624666095e-04,-1.593371038325130939e-03,-3.738954197615385056e-03,1.603274722583591938e-04,9.160333871841430664e-01,8.164247274398803711e-01,9.993111491203308105e-01,7.129703590180724859e-05,8.117245435714721680e-01,9.953206181526184082e-01,1.006937980651855469e+00,5.430199671536684036e-03,1.002260327339172363e+00,7.075639963150024414e-01
1.496908371336758137e-04,1.980390250682830811e-01,3.927693963050842285e-01,6.997248530387878418e-01,6.045417189598083496e-01,-1.647808472625911236e-03,1.296984264627099037e-03,-5.079437047243118286e-03,-5.160429514944553375e-03,4.964581429958343506e-01,3.835046291351318359e-02,8.287200704216957092e-03,2.950635273009538651e-03,1.590261794626712799e-02,1.051016431301832199e-02,6.540694274008274078e-03,2.651626942679286003e-03,4.615576006472110748e-03,1.266666501760482788e-02,-1.069286954589188099e-03
4.639404825866222382e-03,9.998652152717113495e-03,3.293107822537422180e-02,5.539828911423683167e-03,-1.565677812322974205e-04,2.521032001823186874e-03,5.479679908603429794e-03,2.108509466052055359e-02,1.739689707756042480e-02,9.116453118622303009e-03,7.958485484123229980e-01,-4.311213269829750061e-03,9.127892553806304932e-03,1.381413661874830723e-03,2.112793736159801483e-03,5.307652987539768219e-03,1.040545757859945297e-02,6.371448980644345284e-04,2.323513617739081383e-04,-5.165254697203636169e-04
-9.690789156593382359e-04,-8.345047011971473694e-03,4.913988113403320312e-01,6.780115365982055664e-01,2.932754755020141602e-01,8.949221372604370117e-01,5.538300145417451859e-03,7.904783487319946289e-01,8.133945986628532410e-03,6.788594126701354980e-01,3.513847291469573975e-02,1.916777901351451874e-02,-1.145362504757940769e-03,-9.788103401660919189e-03,-1.493717776611447334e-03,-2.371173352003097534e-03,1.873550936579704285e-03,5.549898924073204398e-05,-5.182346794754266739e-04,-6.027652489137835801e-05
-2.223502669949084520e-04,7.003856897354125977e-01,7.214540839195251465e-01,6.986485719680786133e-01,7.873414754867553711e-01,4.620586931705474854e-01,4.775590896606445312e-01,7.830580472946166992e-01,5.555448532104492188e-01,7.679977416992187500e-01,-4.444108810275793076e-03,9.944383054971694946e-03,-1.525439089164137840e-03,-3.748751012608408928e-03,6.231283769011497498e-04,-4.701989702880382538e-03,-3.652487182989716530e-03,-3.713332815095782280e-03,-1.916665933094918728e-03,-2.018180384766310453e-04
1.631060033105313778e-03,-1.217791461385786533e-03,5.705598276108503342e-03,7.542415987700223923e-03,3.714895807206630707e-03,5.281122867017984390e-03,-1.043910044245421886e-03,1.243062317371368408e-02,1.398417982272803783e-03,8.660843013785779476e-04,9.805623292922973633e-01,1.002132177352905273e+00,9.921726584434509277e-01,9.946454763412475586e-01,9.931569695472717285e-01,-4.084040119778364897e-04,-2.533094724640250206e-03,7.421877235174179077e-04,3.881790675222873688e-03,2.526893513277173042e-04
1.066880114376544952e-02,5.207721516489982605e-02,4.764178302139043808e-03,-1.653499342501163483e-02,1.579218544065952301e-02,-1.935124048031866550e-03,-1.526969950646162033e-03,3.573003411293029785e-02,-1.616744697093963623e-02,2.314659394323825836e-02,7.999345064163208008e-01,1.563188247382640839e-02,9.420950412750244141e-01,9.609390497207641602e-01,7.692130208015441895e-01,-1.372623629868030548e-02,5.744226742535829544e-03,4.377322271466255188e-03,3.446298185735940933e-03,5.893007386475801468e-03
8.729179389774799347e-04,9.691254496574401855e-01,-6.611805874854326248e-03,1.339417789131402969e-02,9.783021211624145508e-01,9.895892143249511719e-01,2.906407462432980537e-03,4.867163002490997314e-01,2.052325289696455002e-03,9.600670337677001953e-01,2.728270553052425385e-02,7.276590447872877121e-03,1.759872306138277054e-03,2.407397516071796417e-02,1.418831385672092438e-02,5.264088977128267288e-04,3.462094580754637718e-03,-2.065788488835096359e-03,1.829167362302541733e-03,2.959848789032548666e-04
8.841220736503601074e-01,6.225935816764831543e-01,7.012360095977783203e-01,7.008059024810791016e-01,2.313571870326995850e-01,-1.218451769091188908e-03,1.421121647581458092e-03,6.431155800819396973e-01,4.324865341186523438e-01,5.241100192070007324e-01,1.823070645332336426e-02,-4.623549059033393860e-03,1.044004969298839569e-02,-1.916537759825587273e-03,2.468411065638065338e-02,1.049614045768976212e-02,7.315113209187984467e-03,3.290942171588540077e-03,1.291376422159373760e-03,-1.566013204865157604e-03
-9.176010498777031898e-04,-3.127409145236015320e-03,-7.834187708795070648e-04,4.132896196097135544e-03,4.737178795039653778e-03,8.838656358420848846e-03,6.750397733412683010e-04,1.096712797880172729e-02,-2.916782686952501535e-04,6.325312424451112747e-03,8.835467100143432617e-01,6.933510899543762207e-01,7.953254580497741699e-01,8.875893354415893555e-01,6.907051205635070801e-01,1.056348606944084167e-01,7.132751941680908203e-01,8.841901272535324097e-02,6.993926763534545898e-01,5.998879671096801758e-01
1.823733933269977570e-02,2.695548906922340393e-02,3.151762485504150391e-02,5.051018297672271729e-02,4.193611443042755127e-02,2.243589609861373901e-03,5.392786115407943726e-03,5.712962150573730469e-02,-7.585615385323762894e-03,1.745972549542784691e-04,7.598379254341125488e-01,2.857012152671813965e-01,3.926012516021728516e-01,3.871068358421325684e-01,4.706742465496063232e-01,9.845740161836147308e-03,2.274559624493122101e-02,6.664127111434936523e-02,1.144653093069791794e-02,6.909003257751464844e-01
2.012240467593073845e-03,1.053362619131803513e-02,1.364304032176733017e-02,7.512530684471130371e-01,2.635899186134338379e-01,8.888093233108520508e-01,1.118748565204441547e-03,5.524169206619262695e-01,1.202848646789789200e-02,6.637412309646606445e-01,7.540481537580490112e-02,1.385298091918230057e-02,3.124621324241161346e-02,2.105003781616687775e-02,1.743070967495441437e-02,6.789581850171089172e-03,1.559621002525091171e-02,-1.664130541030317545e-04,1.393244042992591858e-02,-1.146545982919633389e-03
-4.971086164005100727e-04,-2.772045554593205452e-04,1.740135066211223602e-02,1.233369484543800354e-02,7.379171904176473618e-03,1.136915106326341629e-02,2.210549777373671532e-03,3.302624914795160294e-03,6.009434000588953495e-04,7.285906001925468445e-03,9.837869405746459961e-01,9.850022792816162109e-01,7.909230589866638184e-01,5.047096014022827148e-01,9.771587252616882324e-01,9.978410601615905762e-01,1.001049637794494629e+00,8.950884342193603516e-01,9.914901256561279297e-01,9.989100694656372070e-01
-4.281362635083496571e-04,2.854915335774421692e-03,2.860266268253326416e-01,4.895460009574890137e-01,2.865473628044128418e-01,-1.664817333221435547e-03,-1.485915418015792966e-04,6.739282608032226562e-01,-4.098336212337017059e-03,1.919319182634353638e-01,3.979064896702766418e-02,2.904182299971580505e-02,1.312409155070781708e-02,8.963564410805702209e-03,9.484041482210159302e-03,6.244193762540817261e-03,1.341066602617502213e-02,5.265657324343919754e-03,1.961869653314352036e-03,6.167807616293430328e-03
-7.819625316187739372e-04,1.336224004626274109e-02,1.581013016402721405e-02,1.359602063894271851e-02,1.379986014217138290e-02,8.316274732351303101e-03,8.622330613434314728e-03,2.768393047153949738e-02,1.569858379662036896e-02,2.953164838254451752e-02,9.574038982391357422e-01,-9.068033657968044281e-03,9.659687876701354980e-01,9.698433279991149902e-01,9.753710627555847168e-01,9.794076681137084961e-01,9.744651913642883301e-01,1.840281067416071892e-03,8.441475220024585724e-03,-4.356120247393846512e-03
-2.141295466572046280e-03,2.032489329576492310e-02,3.398110717535018921e-02,1.699369028210639954e-02,3.855223208665847778e-02,6.756355985999107361e-03,6.039455533027648926e-03,2.961166389286518097e-02,7.006742525845766068e-03,4.293549060821533203e-02,9.406297802925109863e-01,9.600144028663635254e-01,9.626687765121459961e-01,1.314975023269653320e-01,-1.730624353513121605e-03,4.628396593034267426e-03,4.264506511390209198e-03,3.788426110986620188e-04,1.010009925812482834e-02,-2.329788170754909515e-03
2.086995402351021767e-03,4.406418011058121920e-04,-3.471877891570329666e-03,6.848594639450311661e-03,3.364620963111519814e-03,9.931963682174682617e-01,4.948886577039957047e-03,6.949182748794555664e-01,5.125910639762878418e-01,7.979840040206909180e-01,1.328619755804538727e-02,1.716980710625648499e-02,1.480961870402097702e-02,2.560849860310554504e-02,8.197602815926074982e-03,-2.200092421844601631e-03,9.525301866233348846e-04,1.183133688755333424e-03,1.559122232720255852e-03,2.007625764235854149e-03
2.120408695191144943e-03,5.206142552196979523e-03,-9.578208439052104950e-03,7.436550259590148926e-01,9.723098948597908020e-03,-4.746917169541120529e-03,-4.207758698612451553e-03,8.689134716987609863e-01,-6.316740997135639191e-03,4.506016150116920471e-03,5.696732178330421448e-02,2.540198527276515961e-02,4.305553436279296875e-02,-7.276414544321596622e-04,2.406426332890987396e-02,2.119609527289867401e-02,3.017344512045383453e-02,2.984619466587901115e-03,3.421483561396598816e-02,1.496094837784767151e-02
-8.566078759031370282e-05,7.677255570888519287e-02,8.534922450780868530e-02,1.132305487990379333e-01,9.026851505041122437e-02,4.600309580564498901e-02,1.432251278311014175e-02,1.127649694681167603e-01,3.559936210513114929e-02,1.009871214628219604e-01,3.786851167678833008e-01,-5.500537343323230743e-03,-2.173766680061817169e-02,-5.686452146619558334e-03,-6.502926815301179886e-03,-2.674384508281946182e-03,-3.337023779749870300e-03,1.465573557652533054e-03,-3.658944740891456604e-03,-7.982616807566955686e-05
2.480194671079516411e-03,2.178637369070202112e-04,-5.045406986027956009e-03,-4.736487753689289093e-03,4.361748695373535156e-03,7.830903632566332817e-04,6.110231624916195869e-04,8.083322085440158844e-03,-1.283067162148654461e-03,-2.194433705881237984e-03,8.923256993293762207e-01,5.966267585754394531e-01,6.829443573951721191e-01,9.673975110054016113e-01,1.165059730410575867e-01,3.115891944617033005e-03,-8.236471563577651978e-03,5.020434400648809969e-05,-3.249181667342782021e-03,7.000946998596191406e-01
9.538508951663970947e-02,7.810074687004089355e-01,6.622266173362731934e-01,5.759835243225097656e-01,2.934721410274505615e-01,1.546839345246553421e-02,1.292187254875898361e-02,4.824467301368713379e-01,2.310782484710216522e-02,4.869071543216705322e-01,4.265220463275909424e-02,3.973471932113170624e-03,8.010935969650745392e-03,1.262352243065834045e-02,1.848632842302322388e-02,-2.255815314128994942e-03,4.254764877259731293e-03,9.103830903768539429e-03,4.524745047092437744e-03,4.662269202526658773e-04
-2.081891143461689353e-04,7.116819024085998535e-01,5.957956910133361816e-01,9.137629866600036621e-01,6.163740158081054688e-01,1.001085996627807617e+00,2.922380566596984863e-01,8.231708407402038574e-01,7.058265805244445801e-01,7.251144647598266602e-01,-8.488466031849384308e-03,-8.417657576501369476e-03,-3.949997946619987488e-03,-3.853270085528492928e-03,-8.844684998621232808e-06,-1.748362090438604355e-03,-1.038930099457502365e-02,-2.266936236992478371e-03,-1.039742119610309601e-02,-9.132581762969493866e-04
-2.539385808631777763e-03,-8.675821125507354736e-03,-9.239903651177883148e-03,1.465979777276515961e-02,-2.276144223287701607e-03,-1.032739784568548203e-02,-5.041459575295448303e-03,-8.570161298848688602e-04,-1.471217256039381027e-02,-4.675709642469882965e-03,9.906032085418701172e-01,9.870159029960632324e-01,9.985616207122802734e-01,6.399423349648714066e-03,6.933286190032958984e-01,9.998710155487060547e-01,9.940355420112609863e-01,6.545686628669500351e-03,7.975283265113830566e-01,6.996943354606628418e-01
2.373488247394561768e-02,1.840334571897983551e-02,3.566224128007888794e-02,1.458090823143720627e-02,5.925581976771354675e-02,2.160985954105854034e-03,-2.426201943308115005e-03,2.028217911720275879e-02,5.326072219759225845e-03,4.087228327989578247e-02,9.237993508577346802e-03,3.065572679042816162e-01,3.771259635686874390e-02,9.763862490653991699e-01,6.017970442771911621e-01,2.088593691587448120e-02,1.049346290528774261e-02,7.942883968353271484e-01,1.465521520003676414e-03,1.303681405261158943e-03
-1.091839658329263330e-04,7.362021207809448242e-01,6.520431041717529297e-01,7.177253961563110352e-01,8.173449635505676270e-01,8.930179476737976074e-01,5.368730518966913223e-03,3.326439559459686279e-01,3.730518370866775513e-02,7.415326833724975586e-01,4.591431003063917160e-03,7.120516966097056866e-04,-2.667080843821167946e-03,-4.214640241116285324e-03,3.201282583177089691e-03,-3.705455921590328217e-03,-6.380274891853332520e-03,2.799869980663061142e-03,8.260498289018869400e-04,-4.336675337981432676e-04
1.484778476879000664e-03,9.340441320091485977e-04,1.986731775104999542e-02,1.669541001319885254e-03,4.785042107105255127e-01,-5.796508397907018661e-03,9.384723380208015442e-03,6.929913163185119629e-01,-6.637587794102728367e-04,7.831813097000122070e-01,1.559478510171175003e-02,1.546267326921224594e-02,-3.433770034462213516e-03,1.222573919221758842e-03,-3.135063219815492630e-03,2.066681627184152603e-03,9.650592255638912320e-05,-1.011107087833806872e-04,2.896914491429924965e-03,5.312603898346424103e-04
-2.244861563667654991e-03,-8.698759484104812145e-04,8.528776466846466064e-03,2.323733642697334290e-02,3.427249845117330551e-03,1.203045103466138244e-04,-1.421230495907366276e-03,7.979419082403182983e-03,-8.037753286771476269e-04,-3.970015328377485275e-03,9.885820150375366211e-01,9.943064451217651367e-01,9.154854416847229004e-01,8.134079575538635254e-01,8.025150299072265625e-01,9.906089901924133301e-01,9.980199933052062988e-01,2.849166691303253174e-01,9.924819469451904297e-01,9.978778362274169922e-01
-1.071062986738979816e-03,9.919641017913818359e-01,9.944012761116027832e-01,9.982097148895263672e-01,9.883931279182434082e-01,9.899143576622009277e-01,6.965836975723505020e-03,9.865999817848205566e-01,1.032354310154914856e-02,9.706650376319885254e-01,-1.361244637519121170e-02,-5.409805104136466980e-03,-2.275646664202213287e-03,-1.305166981182992458e-03,9.458027780055999756e-03,1.121431123465299606e-03,5.612174980342388153e-03,2.111778012476861477e-04,8.329236879944801331e-05,7.622064440511167049e-04
-1.770089147612452507e-03,1.440348802134394646e-03,2.694689901545643806e-03,-2.117644529789686203e-03,8.182354271411895752e-03,3.070235950872302055e-03,1.777412835508584976e-03,-1.556077133864164352e-02,9.183081798255443573e-03,-1.190053485333919525e-02,8.627340197563171387e-01,2.273998856544494629e-01,3.062286376953125000e-01,1.917960494756698608e-01,3.411835730075836182e-01,2.608939446508884430e-02,2.811173349618911743e-02,7.836748845875263214e-03,5.813891533762216568e-03,6.867816448211669922e-01
1.537320786155760288e-03,-5.360246286727488041e-04,-5.952276755124330521e-03,1.540785469114780426e-02,1.915597915649414062e-01,1.918074674904346466e-03,1.131161814555525780e-03,2.396039515733718872e-01,1.050765160471200943e-02,5.431788563728332520e-01,1.386750042438507080e-01,1.251773387193679810e-01,1.097841411828994751e-01,1.063930988311767578e-01,4.383620247244834900e-02,2.960863057523965836e-03,3.580344840884208679e-03,3.188910335302352905e-02,-2.184791082981973886e-05,-8.349503041245043278e-04
3.962761759757995605e-01,4.775039560627192259e-04,-3.191253170371055603e-03,9.987157583236694336e-01,2.845250070095062256e-01,9.895341992378234863e-01,2.030464354902505875e-03,9.957276582717895508e-01,7.867779731750488281e-01,9.828066229820251465e-01,-1.535477861762046814e-02,-1.165191363543272018e-02,-2.855436177924275398e-03,-9.922422468662261963e-03,-2.144146710634231567e-03,-1.780086080543696880e-03,4.373834468424320221e-03,8.057319791987538338e-04,9.202178916893899441e-04,-8.793374872766435146e-04
-3.974091087002307177e-04,4.258635919541120529e-03,2.834064513444900513e-02,1.595709845423698425e-02,2.222779951989650726e-02,1.409955415874719620e-02,3.824500832706689835e-03,2.357338182628154755e-02,4.401036072522401810e-03,2.741645090281963348e-02,9.468339085578918457e-01,2.250984776765108109e-03,9.634386301040649414e-01,-6.057540420442819595e-03,3.115511732175946236e-03,8.602431975305080414e-03,3.661128226667642593e-03,-1.913091691676527262e-04,9.866902232170104980e-01,-1.013100380077958107e-03
7.512907031923532486e-03,1.830808818340301514e-01,7.157129049301147461e-01,8.199767470359802246e-01,9.842134118080139160e-01,7.109781727194786072e-03,1.297107059508562088e-02,6.875537633895874023e-01,2.124737948179244995e-02,8.058701753616333008e-01,2.471796795725822449e-02,1.771606318652629852e-02,-1.760722661856561899e-04,6.350859999656677246e-03,-2.867375500500202179e-03,5.471440497785806656e-03,1.571607775986194611e-03,-3.574874950572848320e-03,-1.117256586439907551e-03,-2.333840588107705116e-03
4.748466308228671551e-04,8.008711338043212891e-01,7.139061093330383301e-01,8.890152573585510254e-01,6.957064270973205566e-01,5.111963748931884766e-01,4.997176527976989746e-01,8.994840383529663086e-01,6.115048527717590332e-01,7.085439562797546387e-01,1.593106542713940144e-03,1.371697289869189262e-03,-3.172758268192410469e-03,-3.730126423761248589e-03,-6.693725474178791046e-03,1.041859621182084084e-03,3.983535803854465485e-03,2.080059493891894817e-04,-6.718877120874822140e-04,9.165991796180605888e-04
-1.296694535994902253e-04,9.965123534202575684e-01,9.905308485031127930e-01,9.932792782783508301e-01,9.883064031600952148e-01,1.000867486000061035e+00,2.111224224790930748e-03,9.890720844268798828e-01,8.341263979673385620e-03,9.846439361572265625e-01,-4.619994666427373886e-03,2.130899811163544655e-03,2.361173741519451141e-03,-2.386573003605008125e-03,-9.008850320242345333e-04,-1.705189701169729233e-03,-1.184071879833936691e-03,-4.479106282815337181e-04,-3.083134070038795471e-03,1.097382744774222374e-03
3.448478644713759422e-03,5.908036255277693272e-04,-6.238321773707866669e-03,-1.121838483959436417e-02,-9.583120234310626984e-03,-8.186240680515766144e-03,-1.190194510854780674e-03,-2.645838074386119843e-02,3.330715990159660578e-04,-1.528621371835470200e-02,9.825689792633056641e-01,9.771528840065002441e-01,1.003016352653503418e+00,-4.566174466162919998e-04,9.918447136878967285e-01,1.003170728683471680e+00,1.005607008934020996e+00,6.899854633957147598e-03,1.011173129081726074e+00,9.826269149780273438e-01
-2.651462855283170938e-04,8.092881441116333008e-01,8.971031904220581055e-01,8.706597685813903809e-01,7.110089659690856934e-01,5.713096857070922852e-01,4.822929501533508301e-01,1.887659132480621338e-01,4.858561158180236816e-01,8.239229917526245117e-01,3.615711349993944168e-03,3.552410984411835670e-03,5.082240328192710876e-03,2.470712177455425262e-03,-6.631317082792520523e-03,-3.034349996596574783e-03,4.112496972084045410e-03,6.645083893090486526e-03,-2.636927179992198944e-03,-3.977512824349105358e-04
-5.222356412559747696e-04,-5.823364015668630600e-03,6.328817456960678101e-03,-3.691101446747779846e-03,-9.149895049631595612e-03,2.172174397855997086e-03,8.740094490349292755e-04,-1.549233275000005960e-05,3.180414438247680664e-03,-3.497399855405092239e-03,9.956433176994323730e-01,9.879196882247924805e-01,9.870122075080871582e-01,9.835356473922729492e-01,8.008788824081420898e-01,9.989623427391052246e-01,1.001516461372375488e+00,5.987663865089416504e-01,9.996711611747741699e-01,1.001164555549621582e+00
5.414530634880065918e-03,-8.697322919033467770e-04,2.249946817755699158e-03,2.225399203598499298e-02,1.496489439159631729e-02,4.330035764724016190e-03,5.836579948663711548e-03,3.814442828297615051e-02,9.950399398803710938e-03,1.439175661653280258e-02,7.769518494606018066e-01,2.869850695133209229e-01,2.000250965356826782e-01,9.433751553297042847e-02,6.935601830482482910e-01,9.809172153472900391e-01,9.732381701469421387e-01,-1.316308334935456514e-04,9.819656610488891602e-01,8.006786704063415527e-01
-4.353041731519624591e-05,8.005411028861999512e-01,6.985758543014526367e-01,7.042601704597473145e-01,4.020799100399017334e-01,4.827814698219299316e-01,2.947816848754882812e-01,8.862682580947875977e-01,5.926245450973510742e-01,6.993323564529418945e-01,3.285446204245090485e-03,1.104687689803540707e-03,2.052464522421360016e-03,7.024723570793867111e-03,4.118968266993761063e-03,-9.526370558887720108e-05,6.953628617338836193e-04,-1.720830448903143406e-03,6.691830931231379509e-04,-2.703720529098063707e-04
7.305722218006849289e-03,7.411678787320852280e-03,1.443792972713708878e-02,3.689918667078018188e-02,1.787723973393440247e-02,1.179647166281938553e-02,-9.853214723989367485e-04,1.435243710875511169e-02,7.106526754796504974e-03,3.771958500146865845e-02,9.319538474082946777e-01,9.615921974182128906e-01,2.310359105467796326e-02,2.050475776195526123e-02,8.723403811454772949e-01,9.787791967391967773e-01,9.809623360633850098e-01,1.373713952489197254e-03,9.871783256530761719e-01,-7.227153400890529156e-04
-8.049288298934698105e-04,3.016361501067876816e-03,1.188137801364064217e-03,1.110922172665596008e-02,1.618284545838832855e-02,1.322102500125765800e-03,-3.166233655065298080e-04,1.330044399946928024e-02,8.981828577816486359e-04,1.651250943541526794e-02,7.909358739852905273e-01,8.808963894844055176e-01,7.978519797325134277e-01,6.884188055992126465e-01,8.943185806274414062e-01,9.814299345016479492e-01,9.792690873146057129e-01,1.766327172517776489e-01,9.828861355781555176e-01,8.932284712791442871e-01
-6.606352399103343487e-04,7.421096786856651306e-03,7.586645428091287613e-03,1.809022203087806702e-02,7.302790414541959763e-03,4.766486585140228271e-03,5.954198539257049561e-03,1.543481182307004929e-02,6.332852412015199661e-03,1.042784471064805984e-02,-4.561773966997861862e-03,-5.753907840698957443e-03,-4.910033196210861206e-03,-7.987027056515216827e-03,-1.175147830508649349e-03,1.061612507328391075e-03,5.886307358741760254e-01,8.041522960411384702e-05,9.940040111541748047e-01,1.107187359593808651e-03
-5.281594349071383476e-04,5.635821144096553326e-04,4.275115672498941422e-03,5.959402769804000854e-03,1.270552072674036026e-02,5.891317501664161682e-03,3.396931337192654610e-03,9.200123138725757599e-03,-8.411782328039407730e-04,-1.664728624746203423e-03,9.654889106750488281e-01,4.845891296863555908e-01,9.867364168167114258e-01,7.252724026329815388e-04,8.857254288159310818e-04,2.310034120455384254e-03,3.755219513550400734e-04,3.401050111278891563e-03,-3.867309074848890305e-03,5.975426435470581055e-01
2.004537135362625122e-01,9.831561148166656494e-02,5.909776091575622559e-01,6.813591122627258301e-01,5.841529369354248047e-01,7.576817646622657776e-03,8.835006505250930786e-03,6.840594410896301270e-01,1.064896769821643829e-02,3.174689710140228271e-01,-6.131091620773077011e-03,2.494434360414743423e-03,1.687333220615983009e-03,1.119750179350376129e-02,-2.043809043243527412e-03,-2.869765507057309151e-03,-2.741741773206740618e-04,6.925894878804683685e-03,-3.732599318027496338e-03,-1.138639752753078938e-03
-1.268191961571574211e-03,1.656029722653329372e-03,4.520414862781763077e-03,1.017726119607686996e-02,1.014873106032609940e-02,3.084480063989758492e-03,1.840483047999441624e-03,9.981709532439708710e-03,3.266372950747609138e-03,1.130066532641649246e-02,9.759886264801025391e-01,2.506160875782370567e-03,1.878018374554812908e-03,-1.211375230923295021e-03,-3.742052067536860704e-04,-4.205502569675445557e-03,-8.181595243513584137e-03,7.884836522862315178e-04,-1.577936694957315922e-03,1.930993494170252234e-05
6.223601754754781723e-03,1.445911172777414322e-02,1.467955578118562698e-02,8.301919326186180115e-03,-1.130065973848104477e-02,4.461026110220700502e-04,-2.869624586310237646e-04,1.101355813443660736e-02,-5.440072622150182724e-03,-1.054236479103565216e-02,8.941481709480285645e-01,8.224366307258605957e-01,7.304747104644775391e-01,8.223367333412170410e-01,5.607363581657409668e-01,1.853449270129203796e-02,1.472306903451681137e-02,1.325610373169183731e-02,-2.690928813535720110e-04,7.058378458023071289e-01
-9.883230086416006088e-04,7.000859379768371582e-01,5.900954008102416992e-01,6.857740879058837891e-01,5.957163572311401367e-01,1.503692194819450378e-02,3.852141555398702621e-03,7.726747989654541016e-01,1.249680202454328537e-02,6.606745719909667969e-01,2.530937641859054565e-02,3.634404158219695091e-03,1.389592792838811874e-02,9.303953498601913452e-03,7.191800978034734726e-03,7.571943569928407669e-03,-1.951073645614087582e-03,-1.095899380743503571e-03,1.470906008034944534e-02,6.233999738469719887e-04
1.302532109548337758e-05,9.951353669166564941e-01,9.969150424003601074e-01,1.003858923912048340e+00,8.039534091949462891e-01,1.002238035202026367e+00,6.978973746299743652e-01,9.958645105361938477e-01,8.002544045448303223e-01,2.053787559270858765e-01,-2.317235805094242096e-03,-5.067612044513225555e-03,-1.312130043515935540e-04,-4.648709204047918320e-03,8.756154216825962067e-03,-1.831590896472334862e-03,-3.495732962619513273e-04,8.615840342827141285e-04,-7.624404504895210266e-03,-8.765977690927684307e-04
2.865181267261505127e-01,1.675359010696411133e-01,-6.726766005158424377e-03,7.580495476722717285e-01,7.974237948656082153e-02,4.283589310944080353e-03,-2.146598882973194122e-03,7.564195394515991211e-01,6.774197816848754883e-01,6.366218328475952148e-01,4.662429168820381165e-02,4.013144597411155701e-02,3.842747211456298828e-02,1.285114046186208725e-02,2.580924332141876221e-02,3.564073145389556885e-02,2.335953339934349060e-02,-1.508580986410379410e-03,7.255048491060733795e-03,-1.359517336823046207e-03
8.860409855842590332e-01,2.032924741506576538e-01,1.069602090865373611e-03,7.923244237899780273e-01,6.117855906486511230e-01,6.504767108708620071e-03,-5.076889647170901299e-04,6.746090650558471680e-01,-2.320520812645554543e-03,8.036782741546630859e-01,-2.116498909890651703e-02,-1.310677360743284225e-02,-1.061984896659851074e-02,-9.799299761652946472e-03,7.874371483922004700e-03,1.747671701014041901e-02,1.218055002391338348e-02,-5.706958472728729248e-03,-3.031273838132619858e-03,3.147664712741971016e-03
4.049430717714130878e-04,1.970184501260519028e-03,-4.165082238614559174e-03,1.279077772051095963e-02,3.025090554729104042e-03,5.018477328121662140e-03,-1.561577781103551388e-03,3.100096655543893576e-04,-3.128826385363936424e-03,6.197282578796148300e-03,9.780230522155761719e-01,9.792006611824035645e-01,9.958910942077636719e-01,1.191043294966220856e-02,9.795929789543151855e-01,1.007321715354919434e+00,1.006706595420837402e+00,9.151590988039970398e-03,9.850509762763977051e-01,3.385282354429364204e-03
-8.144371095113456249e-04,-5.156934261322021484e-03,9.075451089302077889e-06,-1.602700538933277130e-02,3.725719405338168144e-03,-1.346513861790299416e-03,2.604932757094502449e-03,2.570172585546970367e-02,-3.018874122062698007e-05,8.757749199867248535e-02,8.717819452285766602e-01,9.216569662094116211e-01,9.079089164733886719e-01,9.305903315544128418e-01,9.688640236854553223e-01,1.246719155460596085e-02,8.282381109893321991e-03,7.605475783348083496e-01,2.027456182986497879e-03,-4.188294988125562668e-03
5.805996479466557503e-04,5.906880497932434082e-01,1.574700511991977692e-02,7.924064993858337402e-01,8.879441022872924805e-01,-1.437140069901943207e-02,1.749223214574158192e-03,4.799450933933258057e-01,7.839767932891845703e-01,6.965277791023254395e-01,1.766899228096008301e-02,-6.670476403087377548e-03,4.182349424809217453e-03,-1.870550797320902348e-03,-3.324171062558889389e-03,-2.685892977751791477e-04,-1.093294704332947731e-03,3.587965387850999832e-03,9.294480085372924805e-03,-1.146224443800747395e-03
1.525820349343121052e-03,9.663065671920776367e-01,7.112957239151000977e-01,8.890225887298583984e-01,9.618486762046813965e-01,9.983054399490356445e-01,3.249194240197539330e-03,7.060800194740295410e-01,1.848816126585006714e-02,7.884600758552551270e-01,2.972608059644699097e-02,-1.552159548737108707e-03,3.008216153830289841e-03,5.858635995537042618e-03,1.634205318987369537e-02,5.508586298674345016e-03,1.001940836431458592e-04,1.176460064016282558e-03,-1.392038422636687756e-03,-4.980076337233185768e-04
-1.231697737239301205e-03,8.806292414665222168e-01,7.497509717941284180e-01,8.705651015043258667e-02,7.274712920188903809e-01,7.672180887311697006e-03,4.094211850315332413e-03,3.565186858177185059e-01,1.667536795139312744e-02,7.174193263053894043e-01,1.391607220284640789e-03,-1.114272512495517731e-03,-4.822292830795049667e-03,-2.850071061402559280e-03,9.518122300505638123e-03,6.537667941302061081e-03,1.254214672371745110e-03,1.117870211601257324e-03,-1.113820238970220089e-03,-8.689909591339528561e-04
-8.234926499426364899e-04,7.964717596769332886e-02,4.376281984150409698e-03,7.751272320747375488e-01,2.014607191085815430e-02,9.602625370025634766e-01,5.403405055403709412e-03,8.622162044048309326e-02,4.456897731870412827e-03,5.556001067161560059e-01,3.798970580101013184e-02,3.031541779637336731e-02,3.923688083887100220e-02,8.825127035379409790e-03,1.527185179293155670e-02,-3.949214704334735870e-03,1.080156676471233368e-02,6.419160868972539902e-03,3.593495488166809082e-02,-2.464908640831708908e-03
-1.060176640748977661e-03,6.124204397201538086e-01,7.006214857101440430e-01,7.927476763725280762e-01,5.001072287559509277e-01,2.464900352060794830e-02,1.495825499296188354e-02,1.932116597890853882e-01,2.094790525734424591e-02,3.175085484981536865e-01,-1.146076153963804245e-02,-8.266215445473790169e-04,-1.001815870404243469e-02,-1.061330735683441162e-02,1.281205913983285427e-04,-2.751929219812154770e-03,-3.080308670178055763e-03,-5.085428711026906967e-04,-2.135038375854492188e-03,-7.355544948950409889e-04
8.877587318420410156e-01,1.746117323637008667e-01,2.451238185167312622e-01,7.576187700033187866e-02,1.621448546648025513e-01,7.086911052465438843e-02,6.900825351476669312e-02,5.587942004203796387e-01,6.735672950744628906e-01,6.261413097381591797e-01,9.381779469549655914e-03,4.268513619899749756e-02,4.594958573579788208e-02,4.564610868692398071e-02,2.537366747856140137e-02,5.222231149673461914e-02,5.435021221637725830e-02,4.752451088279485703e-03,1.194686349481344223e-02,2.122246660292148590e-03
-1.267049228772521019e-03,-2.083232393488287926e-03,-2.346418797969818115e-03,-6.955978460609912872e-04,-4.313079640269279480e-03,3.434483660385012627e-03,2.120166755048558116e-04,-2.880594693124294281e-03,-3.021364333108067513e-03,-1.464734785258769989e-03,9.685783982276916504e-01,7.891291975975036621e-01,7.963183522224426270e-01,9.882646203041076660e-01,8.903422355651855469e-01,-1.517016626894474030e-02,-5.110083613544702530e-03,1.829609740525484085e-03,-6.847478449344635010e-03,-5.980895366519689560e-04
1.204653526656329632e-03,7.875011563301086426e-01,6.857312321662902832e-01,6.888945698738098145e-01,5.242959856986999512e-01,9.081938862800598145e-01,-3.504512365907430649e-03,6.935312151908874512e-01,8.784907869994640350e-03,6.962624788284301758e-01,-2.461093245074152946e-04,-3.783565945923328400e-03,-9.534197859466075897e-03,-1.255479175597429276e-02,-2.224603667855262756e-02,-5.906010977923870087e-03,-9.878816083073616028e-03,-4.823705181479454041e-03,-1.255455520004034042e-02,-1.013613305985927582e-03
5.950783845037221909e-03,1.200643833726644516e-02,2.285711839795112610e-02,1.733308099210262299e-02,1.462804991751909256e-02,1.421179994940757751e-02,8.937180973589420319e-03,2.322825044393539429e-02,1.100736390799283981e-02,2.639415487647056580e-02,8.784456253051757812e-01,9.764944761991500854e-02,9.808033704757690430e-02,8.831766317598521709e-04,2.013612240552902222e-01,-2.100669313222169876e-03,2.990599572658538818e-01,1.460089115425944328e-03,6.892182826995849609e-01,2.068404806777834892e-03
9.002307197079062462e-04,7.530745118856430054e-03,1.334498636424541473e-02,4.995304644107818604e-01,1.002890229225158691e+00,9.994205236434936523e-01,-9.171159472316503525e-04,5.835137367248535156e-01,1.445651869289577007e-03,7.973707318305969238e-01,-1.257960870862007141e-02,8.295165374875068665e-03,-1.147149887401610613e-04,-1.900013186968863010e-03,5.580071359872817993e-03,-4.854752842220477760e-05,1.564120757393538952e-03,-1.511752954684197903e-03,-2.612201264128088951e-03,3.456560370977967978e-04
3.043084442615509033e-01,7.854525446891784668e-01,6.906899213790893555e-01,7.795834541320800781e-01,5.863594412803649902e-01,4.932157099246978760e-01,3.016012907028198242e-01,8.989733457565307617e-01,5.928739905357360840e-01,6.913881897926330566e-01,1.237376220524311066e-02,-5.171397700905799866e-03,9.142963244812563062e-05,1.466313283890485764e-02,9.909562766551971436e-03,-1.219282159581780434e-03,1.315100002102553844e-03,1.555562019348144531e-03,1.258333330042660236e-03,2.725109457969665527e-03
-1.808615634217858315e-04,1.802151054143905640e-01,6.545916199684143066e-01,7.498299479484558105e-01,8.835804462432861328e-01,8.677828125655651093e-03,1.641012029722332954e-03,5.907726287841796875e-01,2.109650522470474243e-03,6.888567805290222168e-01,2.201491780579090118e-02,2.061546780169010162e-02,1.290397718548774719e-02,-8.640231564640998840e-03,-3.215301083400845528e-03,-1.804223051294684410e-03,-1.180147938430309296e-02,7.555356249213218689e-03,-1.445679110474884510e-03,-3.208469424862414598e-04
1.156964863184839487e-04,7.277099490165710449e-01,8.147050738334655762e-01,1.994052380323410034e-01,6.560847759246826172e-01,2.692572772502899170e-01,1.806683987379074097e-01,6.185749173164367676e-01,4.698434174060821533e-01,7.367442846298217773e-01,-2.974037453532218933e-02,-1.080035464838147163e-03,-8.571426384150981903e-03,7.482815533876419067e-03,-5.636798217892646790e-03,-7.952992804348468781e-03,-9.481940651312470436e-04,-1.928020501509308815e-03,-4.226513206958770752e-03,-7.690018974244594574e-04
-5.282193887978792191e-03,-4.701167810708284378e-03,-4.906781483441591263e-03,-6.928440183401107788e-03,1.299068564549088478e-03,-2.553475555032491684e-03,-3.426232142373919487e-04,-9.085065685212612152e-03,2.683083759620785713e-03,-4.533417522907257080e-03,9.164896607398986816e-01,8.095055222511291504e-01,7.394378781318664551e-01,8.290838599205017090e-01,4.229909181594848633e-02,-2.070335112512111664e-02,-8.394820615649223328e-03,1.831894041970372200e-03,4.006562754511833191e-03,-2.923060441389679909e-03
2.011051168665289879e-03,-3.079674439504742622e-03,1.343777985312044621e-03,-7.354517001658678055e-04,-2.210495527833700180e-03,9.770958423614501953e-01,2.267753705382347107e-03,6.692845821380615234e-01,9.060578420758247375e-03,6.621365547180175781e-01,4.815094172954559326e-02,2.334832213819026947e-02,1.994790695607662201e-02,2.996559813618659973e-02,1.516598183661699295e-02,2.389749977737665176e-03,1.499103289097547531e-02,4.952635616064071655e-03,9.382456541061401367e-03,2.363709267228841782e-03
1.397008635103702545e-02,7.772600278258323669e-03,1.303911115974187851e-02,6.186640355736017227e-03,2.037565782666206360e-02,1.355700008571147919e-02,2.837297739461064339e-03,1.770329661667346954e-02,4.230477847158908844e-03,2.677972801029682159e-02,7.664033174514770508e-01,1.634580269455909729e-02,1.377343758940696716e-02,1.912185177206993103e-02,2.754786908626556396e-01,4.826911985874176025e-01,6.798926591873168945e-01,3.785658776760101318e-01,3.686760962009429932e-01,-1.239254605025053024e-03
2.521398477256298065e-03,2.045826427638530731e-02,8.827320300042629242e-03,1.075827330350875854e-02,1.809336710721254349e-03,2.015882730484008789e-02,1.635521999560296535e-03,1.066487003117799759e-02,6.738223135471343994e-03,4.518357105553150177e-03,8.705613613128662109e-01,1.883340030908584595e-01,2.914359867572784424e-01,1.903384774923324585e-01,5.989571213722229004e-01,4.712412357330322266e-01,5.680425763130187988e-01,3.976013362407684326e-01,3.850158452987670898e-01,8.020340204238891602e-01
-6.252307910472154617e-03,-4.745323676615953445e-03,-1.911534694954752922e-03,6.810511928051710129e-03,-6.560289300978183746e-03,1.499171718023717403e-03,-1.874467823654413223e-03,-1.234522648155689240e-02,-1.442042994312942028e-03,-9.797994047403335571e-03,9.869002699851989746e-01,7.255294919013977051e-01,9.954814314842224121e-01,9.927247762680053711e-01,7.765160799026489258e-01,3.900442272424697876e-02,3.867040947079658508e-02,5.001619458198547363e-01,2.324041910469532013e-02,2.886123722419142723e-03
1.066636946052312851e-02,1.013000588864088058e-02,2.944591920822858810e-03,3.592494875192642212e-03,-4.340900923125445843e-04,9.076078422367572784e-04,1.497640623711049557e-03,6.027502939105033875e-03,3.872850676998496056e-03,1.873657293617725372e-02,8.944526910781860352e-01,7.846385836601257324e-01,7.985966205596923828e-01,8.023271560668945312e-01,6.884438991546630859e-01,1.757227070629596710e-02,2.076157182455062866e-02,-3.604037687182426453e-03,-3.462643595412373543e-03,1.548584259580820799e-04
6.443190068239346147e-05,-5.024929996579885483e-03,1.975585037143900990e-04,8.915049955248832703e-03,1.015054807066917419e-02,4.644832224585115910e-04,-5.924542783759534359e-04,3.534489870071411133e-02,-2.157110953703522682e-03,1.793981716036796570e-02,9.053407907485961914e-01,9.542763829231262207e-01,9.669618606567382812e-01,9.806851148605346680e-01,9.509241580963134766e-01,4.489302039146423340e-01,4.339366257190704346e-01,-2.100232988595962524e-03,-3.102669958025217056e-03,-4.695128649473190308e-03
1.385350828059017658e-03,4.464433994144201279e-03,4.307256545871496201e-03,2.129526692442595959e-04,2.487762831151485443e-02,1.029786840081214905e-02,-2.317211357876658440e-03,-9.733521728776395321e-04,2.467175712808966637e-03,1.091191451996564865e-02,9.848183393478393555e-01,9.863822460174560547e-01,9.855566024780273438e-01,9.885622262954711914e-01,2.109068483114242554e-01,9.833611249923706055e-01,9.798725247383117676e-01,6.999391317367553711e-01,9.833728671073913574e-01,4.658289253711700439e-03
-5.098619149066507816e-04,-3.757336875423789024e-03,1.975115621462464333e-03,-6.599293090403079987e-03,-3.513387637212872505e-03,-3.630968974903225899e-03,-2.832700498402118683e-03,-4.795820568688213825e-04,-1.766410074196755886e-03,5.598809570074081421e-03,8.845412135124206543e-01,7.850961685180664062e-01,7.943189144134521484e-01,9.060922861099243164e-01,8.085939884185791016e-01,4.451153576374053955e-01,4.787465631961822510e-01,6.943908333778381348e-01,3.431091550737619400e-03,8.955733180046081543e-01
2.950324269477277994e-04,6.962841153144836426e-01,6.960182785987854004e-01,8.934333920478820801e-01,7.918501496315002441e-01,7.326717022806406021e-03,4.661208018660545349e-03,7.050625681877136230e-01,8.050205111503601074e-01,8.936945199966430664e-01,6.257047876715660095e-03,1.725869486108422279e-03,3.923311363905668259e-03,1.154781202785670757e-03,-4.986962303519248962e-04,1.076716743409633636e-02,5.376473069190979004e-03,4.208255268167704344e-04,1.178368367254734039e-02,4.158010124228894711e-04
3.857557773590087891e-01,7.678297758102416992e-01,-3.493828931823372841e-03,8.828823566436767578e-01,9.727128744125366211e-01,4.297897219657897949e-03,1.957934582605957985e-03,6.613751053810119629e-01,1.902813836932182312e-02,7.651174664497375488e-01,6.790607422590255737e-02,9.161538444459438324e-03,4.669154807925224304e-02,1.170926820486783981e-02,6.850944831967353821e-03,4.615639802068471909e-03,6.317907012999057770e-03,3.769434057176113129e-03,1.131804543547332287e-03,-7.668937323614954948e-04
3.195714671164751053e-04,7.942647933959960938e-01,6.956661343574523926e-01,7.828017473220825195e-01,6.052344441413879395e-01,2.868429720401763916e-01,2.838670313358306885e-01,6.004187464714050293e-01,4.853070676326751709e-01,7.986642122268676758e-01,1.948810415342450142e-03,-8.465838036499917507e-04,1.078347442671656609e-03,-6.284685805439949036e-03,-4.157144576311111450e-03,-1.313885208219289780e-02,-5.750847049057483673e-03,-2.392021240666508675e-03,-3.388581098988652229e-03,-4.766687925439327955e-04
-6.260875379666686058e-04,2.812274098396301270e-01,5.917980074882507324e-01,7.951281666755676270e-01,5.144530907273292542e-02,9.179255962371826172e-01,6.915656384080648422e-03,2.013962864875793457e-01,1.681496575474739075e-02,7.912420630455017090e-01,2.916419412940740585e-03,-2.806809497997164726e-03,2.789553487673401833e-03,-1.107386592775583267e-02,-7.625583093613386154e-03,-1.815698342397809029e-03,5.404696799814701080e-03,4.775244451593607664e-04,4.291058052331209183e-03,9.232849697582423687e-04
-2.937105949968099594e-03,-1.531108631752431393e-03,-5.843478720635175705e-03,-1.011988800019025803e-02,-4.166043829172849655e-03,-3.330492647364735603e-03,-8.027753792703151703e-04,-1.494751870632171631e-02,-1.321260351687669754e-03,-1.756849698722362518e-02,1.025624871253967285e+00,1.015151381492614746e+00,9.989511370658874512e-01,1.027776718139648438e+00,1.001466989517211914e+00,1.004246592521667480e+00,9.973553419113159180e-01,1.024714857339859009e-02,9.863083958625793457e-01,9.724912233650684357e-04
-2.144193975254893303e-03,3.622079384513199329e-04,-1.650054752826690674e-02,-1.005557086318731308e-02,-1.042704563587903976e-02,1.367250108160078526e-03,-4.680641926825046539e-03,-1.423438079655170441e-03,-5.965919233858585358e-03,-2.295488864183425903e-02,9.045574069023132324e-01,6.965532302856445312e-01,7.784134149551391602e-01,9.033010601997375488e-01,6.077447533607482910e-01,2.620924822986125946e-02,2.446308918297290802e-02,2.964904904365539551e-01,2.343412674963474274e-02,6.945320367813110352e-01
3.461336891632527113e-04,-3.061272203922271729e-03,1.574551686644554138e-02,4.909785985946655273e-01,9.390244483947753906e-01,9.747059941291809082e-01,2.803584560751914978e-03,-2.244750503450632095e-03,1.279040006920695305e-04,6.638861298561096191e-01,9.231260046362876892e-03,2.228003554046154022e-02,-3.918278962373733521e-03,1.512933615595102310e-02,-3.772780764847993851e-03,-7.635692600160837173e-03,1.304258219897747040e-02,5.497123580425977707e-03,6.702771876007318497e-03,6.127396482042968273e-04
1.278490060940384865e-03,1.119305286556482315e-02,5.385585594922304153e-03,4.558320215437561274e-04,2.311613643541932106e-03,6.653976161032915115e-03,7.801679894328117371e-04,1.142337825149297714e-02,-1.408606534823775291e-03,6.583908107131719589e-03,8.048774003982543945e-01,7.054893374443054199e-01,7.909410595893859863e-01,8.821142911911010742e-01,8.026120662689208984e-01,-7.768406649120151997e-04,-3.616638714447617531e-03,4.028583876788616180e-03,6.868965458124876022e-03,1.836864103097468615e-04
1.841496414272114635e-04,8.639365434646606445e-03,-1.107358257286250591e-03,-2.683033701032400131e-03,3.922680765390396118e-02,5.676210392266511917e-03,-5.663697083946317434e-05,4.015217348933219910e-02,-6.256690830923616886e-04,2.492152154445648193e-02,9.310460090637207031e-01,9.560694098472595215e-01,8.467961549758911133e-01,9.782868623733520508e-01,9.713780134916305542e-03,2.086149714887142181e-02,1.109962724149227142e-02,-4.121660254895687103e-03,-2.867864444851875305e-03,3.242359263822436333e-03
4.689256660640239716e-03,1.516615413129329681e-02,2.380630932748317719e-02,4.024630412459373474e-02,-2.148580504581332207e-03,-3.826288506388664246e-03,-2.277899067848920822e-03,1.172918546944856644e-02,7.594938855618238449e-03,5.041976645588874817e-02,6.520926356315612793e-01,3.284575184807181358e-03,-1.369922072626650333e-03,8.392612449824810028e-03,-3.759121987968683243e-03,-4.874031990766525269e-03,-5.127141717821359634e-03,2.303647110238671303e-03,-5.048274062573909760e-03,-3.125548595562577248e-03
2.691195346415042877e-03,-1.620929571799933910e-03,-6.719673518091440201e-03,7.962731644511222839e-03,-1.318651717156171799e-03,6.677253637462854385e-03,1.329027698375284672e-03,1.281154341995716095e-02,5.606350488960742950e-03,4.092560615390539169e-03,9.853356480598449707e-01,9.933059215545654297e-01,9.929375052452087402e-01,1.001491427421569824e+00,9.959321022033691406e-01,9.980418682098388672e-01,1.001933217048645020e+00,5.164655740372836590e-04,6.872890591621398926e-01,7.975764274597167969e-01
8.984497189521789551e-01,1.957440972328186035e-01,6.890264153480529785e-01,8.935275673866271973e-01,2.953924834728240967e-01,1.003407686948776245e-01,9.759654849767684937e-02,7.927878499031066895e-01,7.047964930534362793e-01,7.864428758621215820e-01,-6.966018117964267731e-03,1.919149886816740036e-03,-2.271567471325397491e-03,-2.827099757269024849e-03,3.092057770118117332e-03,7.253550924360752106e-03,6.886550225317478180e-03,1.455060904845595360e-03,2.421770244836807251e-03,7.946929545141756535e-04
-8.581701695220544934e-05,7.823004126548767090e-01,8.815928697586059570e-01,7.010646462440490723e-01,5.899208784103393555e-01,4.870274960994720459e-01,3.846448957920074463e-01,6.683443784713745117e-01,5.861313343048095703e-01,6.903792619705200195e-01,2.645420283079147339e-02,3.537975950166583061e-03,2.982960268855094910e-02,2.301090024411678314e-02,9.876962751150131226e-03,1.670501194894313812e-02,1.420498918741941452e-02,-2.605791669338941574e-03,1.193681173026561737e-02,2.470720792189240456e-04
5.866962950676679611e-03,-4.221286159008741379e-03,-8.314833976328372955e-03,9.739036671817302704e-03,5.694587598554790020e-04,-2.231144753750413656e-04,1.004301477223634720e-03,2.296950295567512512e-02,6.031930912286043167e-03,1.043044682592153549e-02,8.818268179893493652e-01,7.955127358436584473e-01,9.861173629760742188e-01,1.001595020294189453e+00,9.888166785240173340e-01,9.841868281364440918e-01,9.739136695861816406e-01,7.001914978027343750e-01,4.925502538681030273e-01,1.000483512878417969e+00
-9.238027851097285748e-04,-4.659974074456840754e-04,-6.259661167860031128e-04,4.004203714430332184e-03,6.717483629472553730e-04,-3.812247421592473984e-03,-1.494465046562254429e-03,1.105700153857469559e-02,9.858847595751285553e-03,1.114279683679342270e-02,8.197982311248779297e-01,6.978967785835266113e-01,8.748126029968261719e-01,8.968103528022766113e-01,7.933409214019775391e-01,6.853496432304382324e-01,6.649738550186157227e-01,-2.737550996243953705e-03,9.836200624704360962e-03,2.046203240752220154e-03
9.260895848274230957e-02,1.824909001588821411e-01,4.715007245540618896e-01,7.684651613235473633e-01,9.279675781726837158e-03,8.853537440299987793e-01,9.696786291897296906e-03,6.685101389884948730e-01,3.797775804996490479e-01,6.362498402595520020e-01,6.279364973306655884e-02,1.650508679449558258e-02,1.106206141412258148e-02,2.045715600252151489e-02,1.966133713722229004e-02,-4.675809759646654129e-05,1.142171118408441544e-02,4.572102334350347519e-03,4.143984522670507431e-03,1.744320965372025967e-03
-1.883736811578273773e-03,-6.564562674611806870e-03,-3.389101009815931320e-03,-1.812684163451194763e-02,-7.227688096463680267e-03,-5.402130540460348129e-03,-2.953489776700735092e-03,2.607435453683137894e-04,-7.653870154172182083e-03,-1.170760300010442734e-02,9.890772104263305664e-01,9.946463704109191895e-01,9.943916797637939453e-01,9.751165509223937988e-01,9.913811087608337402e-01,1.002182722091674805e+00,9.873743057250976562e-01,-2.047470072284340858e-03,1.003244519233703613e+00,-2.488570986315608025e-03
1.047514472156763077e-02,9.371601045131683350e-03,1.529289875179529190e-02,6.901808083057403564e-03,9.950488805770874023e-03,-8.162970654666423798e-03,1.508677727542817593e-03,-7.065029349178075790e-03,1.845507882535457611e-03,-1.968697458505630493e-02,1.001088142395019531e+00,1.024306774139404297e+00,1.055354714393615723e+00,1.054041028022766113e+00,1.841463334858417511e-02,9.409864433109760284e-03,1.315206196159124374e-02,3.865648210048675537e-01,5.569598288275301456e-04,1.864128280431032181e-03
-1.853285357356071472e-04,1.447225362062454224e-02,4.392803087830543518e-02,5.929341539740562439e-02,2.592055499553680420e-02,1.373746432363986969e-02,7.556494791060686111e-03,5.894760042428970337e-02,5.729405209422111511e-03,3.395546972751617432e-02,6.254330873489379883e-01,9.649226441979408264e-03,1.175292767584323883e-03,1.803886592388153076e-01,3.278148360550403595e-03,4.433765709400177002e-01,4.412735402584075928e-01,2.162973629310727119e-03,2.617121934890747070e-01,3.943851590156555176e-01
-1.460272178519517183e-04,7.908325791358947754e-01,8.908301591873168945e-01,7.965118885040283203e-01,8.790177106857299805e-01,4.958662986755371094e-01,4.950458705425262451e-01,9.897413849830627441e-01,6.976164579391479492e-01,7.244451642036437988e-01,2.151907980442047119e-02,1.849316031439229846e-04,-1.858941395767033100e-03,2.647791698109358549e-04,-2.978551434352993965e-03,1.117824693210422993e-03,2.467172918841242790e-03,-4.430649569258093834e-04,-2.887864597141742706e-03,1.010729116387665272e-03
9.728241711854934692e-04,3.381844144314527512e-03,-4.822622053325176239e-03,-1.828863169066607952e-03,3.401226829737424850e-03,1.767725450918078423e-03,-2.438828378217294812e-04,4.343916196376085281e-03,-6.453942973166704178e-03,1.213820651173591614e-02,8.908950090408325195e-01,7.961791157722473145e-01,6.987167596817016602e-01,5.977412462234497070e-01,6.952505111694335938e-01,8.016554713249206543e-01,8.029477596282958984e-01,9.776189178228378296e-02,3.021175563335418701e-01,1.992404311895370483e-01
4.314010962843894958e-03,3.129770746454596519e-03,2.137209288775920868e-02,1.525771524757146835e-02,7.884458638727664948e-03,2.891677198931574821e-03,8.192290551960468292e-04,3.063467517495155334e-02,3.667263546958565712e-03,2.645272202789783478e-02,7.934976816177368164e-01,7.851121425628662109e-01,9.135197401046752930e-01,9.898593425750732422e-01,8.727444410324096680e-01,9.910250306129455566e-01,9.821604490280151367e-01,4.956907592713832855e-03,9.852316975593566895e-01,8.315551094710826874e-04
2.909460337832570076e-03,2.832350432872772217e-01,6.908413767814636230e-01,7.633734941482543945e-01,3.732579052448272705e-01,-4.901437088847160339e-03,-7.633411587448790669e-05,1.818343549966812134e-01,-1.077140332199633121e-04,6.657684445381164551e-01,2.976930327713489532e-02,9.111171588301658630e-03,8.843570947647094727e-03,-4.176618531346321106e-03,9.030276560224592686e-04,5.146801937371492386e-03,1.408649887889623642e-02,3.605879144743084908e-03,6.958744954317808151e-03,1.411264995113015175e-03
9.912592917680740356e-02,1.987798362970352173e-01,6.968934535980224609e-01,8.970462083816528320e-01,7.951188683509826660e-01,-4.539078567177057266e-03,-1.031206484185531735e-04,1.865713745355606079e-01,-3.405023831874132156e-03,7.924379706382751465e-01,1.198215223848819733e-02,2.659809216856956482e-02,1.503111608326435089e-02,1.438718009740114212e-02,6.346749141812324524e-03,9.439487941563129425e-03,5.350441671907901764e-03,4.473612178117036819e-03,7.927369326353073120e-03,2.809099853038787842e-03
3.623092547059059143e-03,1.514027972007170320e-04,-1.424056105315685272e-02,-9.747608564794063568e-03,-4.409110639244318008e-03,1.274637039750814438e-02,2.685346407815814018e-03,2.685073763132095337e-02,1.497822161763906479e-02,6.208445876836776733e-02,9.089901447296142578e-01,6.369538307189941406e-01,6.313911080360412598e-01,9.279457330703735352e-01,-4.195340443402528763e-03,3.463193774223327637e-03,1.050749327987432480e-03,4.719168543815612793e-01,-3.067254088819026947e-03,1.647273544222116470e-03
2.574957441538572311e-03,9.373852983117103577e-03,1.307715103030204773e-02,1.183855067938566208e-02,-2.794633386656641960e-03,9.387486614286899567e-03,8.704093634150922298e-04,1.196280680596828461e-02,1.346091274172067642e-03,-1.744691515341401100e-03,8.975025415420532227e-01,3.183950781822204590e-01,2.943315207958221436e-01,2.525954544544219971e-01,1.628089696168899536e-01,1.429861318320035934e-02,-3.569833701476454735e-03,2.001098096370697021e-01,6.725340615957975388e-03,7.071444392204284668e-01
-1.023436270770616829e-04,8.105790019035339355e-01,9.164171814918518066e-01,9.137609004974365234e-01,7.215048670768737793e-01,5.007266402244567871e-01,5.031500458717346191e-01,7.171437144279479980e-01,6.005777120590209961e-01,6.283701062202453613e-01,-1.588593609631061554e-02,-1.129195932298898697e-02,-3.742758417502045631e-03,-4.497198387980461121e-03,8.532820269465446472e-03,-3.251618240028619766e-03,-2.469834173098206520e-03,-5.685077980160713196e-03,1.486988505348563194e-03,-2.750752028077840805e-04
-1.058419118635356426e-03,7.911579012870788574e-01,6.764637231826782227e-01,1.533011905848979950e-02,8.813279271125793457e-01,9.934043884277343750e-01,1.027681492269039154e-02,7.872573733329772949e-01,1.825998164713382721e-02,6.085726022720336914e-01,-3.127277595922350883e-04,-2.243891125544905663e-03,1.877072639763355255e-02,1.140496693551540375e-02,2.507417695596814156e-03,2.252520353067666292e-04,1.394751295447349548e-02,-1.604840392246842384e-03,6.771760527044534683e-03,-1.421957131242379546e-04
-1.549829728901386261e-03,8.122489452362060547e-01,7.165564894676208496e-01,7.070336341857910156e-01,6.108188629150390625e-01,9.121540188789367676e-01,3.970499932765960693e-01,9.148739576339721680e-01,8.027845025062561035e-01,7.277023196220397949e-01,-1.727742515504360199e-02,-5.068904254585504532e-03,-1.188984140753746033e-03,2.819553716108202934e-03,2.149263600585982203e-04,9.834639495238661766e-04,-4.877156112343072891e-03,5.220110178925096989e-04,-6.704042665660381317e-03,-5.817400960950180888e-06
-5.059774266555905342e-04,8.072022795677185059e-01,7.903742790222167969e-01,7.113985419273376465e-01,7.111502289772033691e-01,9.938632845878601074e-01,1.004755310714244843e-02,9.129610657691955566e-01,7.933905720710754395e-01,7.959769368171691895e-01,-3.165935631841421127e-04,-2.956566866487264633e-03,-1.597002847120165825e-03,6.851081736385822296e-03,5.289299413561820984e-03,-3.497325815260410309e-03,-3.212684299796819687e-03,9.020517580211162567e-03,-2.339780330657958984e-03,-6.199941271916031837e-04
2.130350563675165176e-03,-1.982957124710083008e-03,2.984738051891326904e-01,5.956370830535888672e-01,8.906162977218627930e-01,-4.429310094565153122e-03,1.995872473344206810e-03,5.004007220268249512e-01,1.769131282344460487e-03,6.944171190261840820e-01,1.713422872126102448e-02,1.720617711544036865e-02,4.739271476864814758e-03,-2.410905653960071504e-05,-1.455258461646735668e-03,1.204202417284250259e-02,1.406989805400371552e-02,3.558083670213818550e-03,2.564776875078678131e-02,3.908943384885787964e-03
1.539770455565303564e-04,2.998569309711456299e-01,7.056674361228942871e-01,8.000440597534179688e-01,8.942458629608154297e-01,9.988079071044921875e-01,2.903251647949218750e-01,7.930460572242736816e-01,4.993326663970947266e-01,8.906275629997253418e-01,2.311645541340112686e-03,8.064744062721729279e-03,8.194074034690856934e-03,7.254964672029018402e-03,-5.152424331754446030e-03,-1.891431398689746857e-03,-2.465776633471250534e-04,-1.824453705921769142e-03,3.054700093343853951e-03,-7.536995690315961838e-05
-8.450365276075899601e-04,7.178507447242736816e-01,8.036544919013977051e-01,7.027487158775329590e-01,6.151552796363830566e-01,9.219060540199279785e-01,1.022040173411369324e-01,1.177259087562561035e-01,2.730724513530731201e-01,6.230300068855285645e-01,-3.176555410027503967e-02,-6.168619263917207718e-03,-6.955027580261230469e-03,-1.914942637085914612e-02,-9.093821980059146881e-03,-5.082632880657911301e-03,-9.049861691892147064e-03,-4.104606341570615768e-03,-5.127348471432924271e-03,-1.404367503710091114e-03
9.473907202482223511e-02,7.968012690544128418e-01,7.836005091667175293e-01,5.957823991775512695e-01,1.020589113235473633e+00,-2.995499875396490097e-03,2.484432188794016838e-03,7.102306485176086426e-01,4.568174481391906738e-01,8.868883252143859863e-01,-2.083702012896537781e-02,-9.169775061309337616e-03,6.911045871675014496e-03,8.143738959915935993e-04,-2.287571784108877182e-03,6.311710923910140991e-03,-9.857550321612507105e-05,-3.336937632411718369e-03,-3.120988141745328903e-03,-1.135842525400221348e-03
1.457724370993673801e-03,8.040645718574523926e-01,7.147922515869140625e-01,9.108393788337707520e-01,9.027981758117675781e-01,9.985840320587158203e-01,2.990664541721343994e-01,2.989420890808105469e-01,4.951274394989013672e-01,9.015307426452636719e-01,-2.627050271257758141e-03,2.109471533913165331e-04,-2.322131535038352013e-03,1.780666876584291458e-03,4.592837067320942879e-04,2.257543615996837616e-03,-6.006703712046146393e-03,-3.248744178563356400e-03,-2.009881660342216492e-03,-1.041620198520831764e-04
5.251470720395445824e-04,8.926430940628051758e-01,9.007294178009033203e-01,9.203026890754699707e-01,9.525777697563171387e-01,-8.133236551657319069e-04,7.800437044352293015e-03,6.957019567489624023e-01,6.032317280769348145e-01,8.075369596481323242e-01,-7.321515586227178574e-04,4.048749338835477829e-03,-2.184914890676736832e-03,2.287143142893910408e-03,1.751475967466831207e-03,-2.042381092905998230e-04,-2.060777915176004171e-04,-3.373545827344059944e-03,-3.265415783971548080e-03,-1.258944161236286163e-03
4.662823863327503204e-03,8.613206446170806885e-03,-1.099464669823646545e-02,7.713834289461374283e-03,-9.774860925972461700e-03,4.412057343870401382e-03,-9.857106488198041916e-04,3.702820977196097374e-03,-7.821105537004768848e-04,2.686570957303047180e-02,9.140644073486328125e-01,3.308906257152557373e-01,4.071999192237854004e-01,3.649186491966247559e-01,5.152339935302734375e-01,8.734556287527084351e-02,5.195932984352111816e-01,1.855469346046447754e-01,4.341831207275390625e-01,-1.837564777815714478e-04
-2.078645396977663040e-03,2.858383655548095703e-01,5.951622724533081055e-01,7.804400324821472168e-01,5.072133541107177734e-01,9.529225528240203857e-02,9.678190201520919800e-02,3.918281495571136475e-01,1.740656644105911255e-01,5.033717155456542969e-01,2.516394481062889099e-02,1.952849701046943665e-02,2.405728958547115326e-02,-2.017874503508210182e-03,9.161895141005516052e-03,-1.051099412143230438e-02,-8.032076992094516754e-03,1.686590956524014473e-03,-3.378926077857613564e-03,-6.776151712983846664e-04
-1.261021709069609642e-03,1.345315249636769295e-03,8.830223232507705688e-03,5.404592957347631454e-03,5.200868472456932068e-03,1.430270727723836899e-02,2.916954224929213524e-03,2.852368913590908051e-02,-3.584916703402996063e-04,2.808542735874652863e-02,9.542867541313171387e-01,9.918393492698669434e-01,9.792514443397521973e-01,9.642433524131774902e-01,7.972214818000793457e-01,9.906474351882934570e-01,9.825378656387329102e-01,-2.015952486544847488e-03,9.858343005180358887e-01,1.644098316319286823e-03
-4.023134533781558275e-04,9.645379781723022461e-01,9.667404890060424805e-01,9.737527370452880859e-01,9.638011455535888672e-01,9.893131852149963379e-01,4.393437877297401428e-03,5.802262425422668457e-01,9.832931756973266602e-01,7.684138417243957520e-01,4.387991875410079956e-02,7.082737516611814499e-03,-7.932726293802261353e-03,-9.708214551210403442e-03,2.346905646845698357e-03,1.213527563959360123e-02,-8.257969282567501068e-03,7.598053198307752609e-03,1.417577266693115234e-02,-1.962013921001926064e-04
1.500877435319125652e-03,-6.606290116906166077e-03,-1.659378875046968460e-03,1.463366905227303505e-03,1.777411671355366707e-03,-4.494759254157543182e-03,9.178924956358969212e-04,-1.328091137111186981e-02,-2.101070014759898186e-03,-1.090889144688844681e-02,1.007676243782043457e+00,1.001923322677612305e+00,9.872916936874389648e-01,9.992856383323669434e-01,9.986608028411865234e-01,2.802657894790172577e-02,2.165012247860431671e-02,1.467598951421678066e-03,4.016204271465539932e-03,-1.498747267760336399e-03
6.166615057736635208e-03,4.728851374238729477e-03,2.575145568698644638e-03,-1.347234821878373623e-03,9.081918746232986450e-03,1.700221677310764790e-03,4.291378892958164215e-03,3.211941570043563843e-03,1.188971847295761108e-02,9.147089906036853790e-03,9.990367293357849121e-01,1.005961418151855469e+00,1.001209735870361328e+00,9.631502032279968262e-01,1.001005649566650391e+00,1.007669210433959961e+00,1.010426759719848633e+00,7.029984593391418457e-01,9.994717836380004883e-01,1.000270605087280273e+00
-1.001512166112661362e-03,9.819383025169372559e-01,2.613112516701221466e-02,3.194393822923302650e-03,9.675025343894958496e-01,5.076385103166103363e-03,-3.957428969442844391e-03,4.902684092521667480e-01,2.314344281330704689e-03,4.916997551918029785e-01,4.775143694132566452e-03,1.438703387975692749e-02,-4.743582103401422501e-03,1.223573833703994751e-02,1.403709780424833298e-02,7.828998379409313202e-03,-4.105151165276765823e-03,-1.686417614109814167e-03,-3.467329661361873150e-04,-2.705669263377785683e-03
-1.246256033482495695e-05,6.930551528930664062e-01,5.955532789230346680e-01,9.100219234824180603e-03,4.759338498115539551e-01,1.923826895654201508e-02,1.445114612579345703e-02,5.887359380722045898e-01,2.829896286129951477e-02,5.901036858558654785e-01,3.452968224883079529e-02,2.602508291602134705e-03,8.964611217379570007e-03,3.136746585369110107e-02,4.967446438968181610e-03,3.370352089405059814e-02,3.005655482411384583e-02,-3.026111051440238953e-03,3.582175355404615402e-03,1.782284234650433064e-03
-2.590662799775600433e-03,2.810444450005888939e-03,-2.672460628673434258e-03,-1.472873333841562271e-02,1.439772662706673145e-03,-3.479954553768038750e-03,-1.560759497806429863e-03,1.113022863864898682e-02,3.429204516578465700e-04,3.035664558410644531e-02,1.005414366722106934e+00,1.009313225746154785e+00,1.013016223907470703e+00,1.015439033508300781e+00,9.897388219833374023e-01,1.005372643470764160e+00,1.010415673255920410e+00,6.857022643089294434e-01,9.935836195945739746e-01,4.291985649615526199e-03
1.078181434422731400e-02,9.603096172213554382e-03,1.130948588252067566e-02,3.608662635087966919e-02,2.913422323763370514e-02,2.674505859613418579e-02,3.560345619916915894e-03,1.361836120486259460e-02,1.554142218083143234e-03,2.837411873042583466e-02,9.618968963623046875e-01,9.574046134948730469e-01,9.755874276161193848e-01,3.184360265731811523e-02,9.760124683380126953e-01,-2.825267612934112549e-03,9.700359702110290527e-01,8.540377952158451080e-03,9.600207209587097168e-01,-2.226033015176653862e-03
3.642789379227906466e-04,8.136197924613952637e-01,9.947021603584289551e-01,9.944608807563781738e-01,9.997605681419372559e-01,6.876541972160339355e-01,5.011678338050842285e-01,9.201828837394714355e-01,6.054564118385314941e-01,7.987248301506042480e-01,-8.968603215180337429e-04,8.249301463365554810e-03,2.534729195758700371e-03,-2.122284378856420517e-03,-6.217435933649539948e-03,2.285461407154798508e-03,1.610918436199426651e-03,-6.599061889573931694e-04,-7.672354113310575485e-04,6.834787782281637192e-04
1.908865640871226788e-03,1.672472432255744934e-02,2.969065308570861816e-01,8.929690122604370117e-01,1.796137839555740356e-01,8.123129606246948242e-01,1.938954344950616360e-03,6.844242811203002930e-01,2.253297716379165649e-03,5.927609205245971680e-01,1.635219156742095947e-02,1.165448222309350967e-02,4.679657518863677979e-03,-1.883480581454932690e-03,9.973881766200065613e-03,5.153202917426824570e-03,6.070553790777921677e-03,-2.196459798142313957e-03,8.869535289704799652e-03,-2.287509269081056118e-04
2.903559505939483643e-01,2.640930004417896271e-03,5.952002014964818954e-03,7.627873420715332031e-01,2.585665285587310791e-01,-1.566290040500462055e-03,4.727537743747234344e-03,5.675465464591979980e-01,6.598460078239440918e-01,1.878113299608230591e-01,6.169297918677330017e-02,4.379620030522346497e-02,2.957679331302642822e-02,6.026893388479948044e-03,4.508366808295249939e-02,2.420766092836856842e-02,4.815938696265220642e-02,-9.427191107533872128e-04,1.008067745715379715e-02,8.413536474108695984e-03
1.849213964305818081e-03,1.917320489883422852e-02,1.119035389274358749e-02,7.898421287536621094e-01,6.028005480766296387e-01,-3.334427485242486000e-03,-2.064478816464543343e-03,5.721204876899719238e-01,-2.173831744585186243e-04,7.572728991508483887e-01,3.797986358404159546e-02,2.940841764211654663e-02,3.345476835966110229e-02,1.642188988626003265e-02,7.997276261448860168e-03,-1.506149023771286011e-02,-6.437410134822130203e-03,2.602855209261178970e-03,1.116251200437545776e-02,2.258204156532883644e-03
2.628471520438324660e-06,2.719093263149261475e-01,7.379828020930290222e-03,7.047289609909057617e-01,9.752416014671325684e-01,1.545402966439723969e-02,1.877973991213366389e-04,-1.912207156419754028e-02,-7.688099518418312073e-03,6.909741163253784180e-01,3.577454388141632080e-02,2.949508465826511383e-02,8.731148205697536469e-03,-2.853433135896921158e-03,-1.095164450816810131e-03,-1.489663613028824329e-03,-1.570042688399553299e-03,1.619565766304731369e-03,-5.318704526871442795e-03,1.518422213848680258e-04
1.334407483227550983e-03,5.672551225870847702e-03,2.037841081619262695e-02,-1.281497650779783726e-03,2.913216650485992432e-01,-1.939652720466256142e-04,3.455764846876263618e-03,9.961082600057125092e-03,-5.332994740456342697e-03,6.629889011383056641e-01,4.284465685486793518e-02,3.674680367112159729e-02,2.317136339843273163e-02,4.112219065427780151e-02,1.438149064779281616e-02,-1.156660635024309158e-02,-1.424292381852865219e-02,1.412193011492490768e-02,2.451833104714751244e-03,-3.959112334996461868e-03
-4.770363448187708855e-04,4.323858618736267090e-01,5.481696724891662598e-01,6.888507008552551270e-01,2.585937380790710449e-01,8.896629214286804199e-01,1.607674360275268555e-01,3.643087446689605713e-01,2.443649619817733765e-01,6.953979134559631348e-01,3.583490103483200073e-02,-7.758689578622579575e-03,1.196452882140874863e-03,-8.077396778389811516e-04,-4.205847159028053284e-03,1.204947009682655334e-03,1.134976278990507126e-02,4.076486919075250626e-03,7.228982169181108475e-03,-2.475170185789465904e-04
-3.078510926570743322e-04,7.071970701217651367e-01,8.041291832923889160e-01,8.884324431419372559e-01,5.982462763786315918e-01,4.675624072551727295e-01,3.894950747489929199e-01,6.958211064338684082e-01,4.669083058834075928e-01,7.914463877677917480e-01,1.445522531867027283e-02,-6.232369225472211838e-03,-4.064015578478574753e-03,-4.122974351048469543e-03,-3.921390976756811142e-03,3.219237783923745155e-03,-7.474308949895203114e-04,7.137459237128496170e-03,2.249753160867840052e-04,4.822506569325923920e-03
2.320896368473768234e-03,6.964065432548522949e-01,6.005295515060424805e-01,6.833329796791076660e-01,4.769955575466156006e-01,1.372977253049612045e-02,4.628463648259639740e-03,8.984498381614685059e-01,1.942938193678855896e-03,1.896887421607971191e-01,1.268398109823465347e-02,-9.123025462031364441e-03,2.865368733182549477e-03,2.852014964446425438e-03,9.202643297612667084e-03,1.068941969424486160e-02,1.450559590011835098e-02,1.622954150661826134e-03,7.927433587610721588e-03,9.452709928154945374e-04
1.904821605421602726e-03,6.949374824762344360e-02,7.470040023326873779e-02,7.003172487020492554e-02,5.203503742814064026e-02,2.272980101406574249e-02,1.648852787911891937e-02,7.942200452089309692e-02,3.500128909945487976e-02,9.124641865491867065e-02,8.752357959747314453e-01,3.712361445650458336e-03,1.882152748294174671e-03,3.621167968958616257e-03,-2.783360192552208900e-03,3.653399471659213305e-04,-6.568182259798049927e-03,-1.506645232439041138e-03,-4.725643433630466461e-03,-8.367286645807325840e-04
9.636391699314117432e-02,1.853922456502914429e-01,5.921406149864196777e-01,8.906984925270080566e-01,6.917838454246520996e-01,8.439369201660156250e-01,3.843590617179870605e-01,6.819359660148620605e-01,6.028684973716735840e-01,7.939735054969787598e-01,-8.374628610908985138e-03,-1.862240955233573914e-02,-9.488847106695175171e-03,-8.025980554521083832e-03,1.813808223232626915e-03,-8.435025811195373535e-03,-8.319319458678364754e-04,-2.904518973082304001e-03,-3.370291320607066154e-03,-7.248811889439821243e-04
-1.619828981347382069e-03,-2.633591648191213608e-03,7.250598166137933731e-03,1.451916433870792389e-02,-7.097190245985984802e-03,1.853453810326755047e-03,6.943340413272380829e-03,5.899141430854797363e-01,-3.706800926011055708e-04,8.113281130790710449e-01,8.603393100202083588e-03,2.941706404089927673e-02,2.873283578082919121e-03,-1.091010868549346924e-02,-4.837519489228725433e-03,9.022940881550312042e-03,3.196203033439815044e-04,1.922237686812877655e-03,1.290951506234705448e-03,1.265915576368570328e-03
5.055594956502318382e-04,5.364448763430118561e-03,1.804797910153865814e-03,9.771139025688171387e-01,1.388446986675262451e-02,9.956126213073730469e-01,6.392734125256538391e-03,7.946401238441467285e-01,9.733783006668090820e-01,7.959069013595581055e-01,1.677430234849452972e-02,3.689068136736750603e-03,-1.427249633707106113e-03,-6.223264150321483612e-03,1.402584742754697800e-02,4.738195333629846573e-03,3.009203355759382248e-03,-3.395960200577974319e-03,8.489170431857928634e-05,-6.048326758900657296e-05
-1.258341246284544468e-03,3.970617894083261490e-03,3.350907191634178162e-02,1.575079746544361115e-02,2.836015820503234863e-02,2.768304431810975075e-03,6.503846030682325363e-03,5.606736615300178528e-02,-2.359238918870687485e-03,6.511306762695312500e-02,9.043942689895629883e-01,7.406340837478637695e-01,6.624584794044494629e-01,9.439470171928405762e-01,5.807861089706420898e-01,9.122335352003574371e-03,9.107057005167007446e-03,-7.398518733680248260e-03,6.472807377576828003e-03,-1.377656590193510056e-03
1.424514339305460453e-03,1.885625347495079041e-02,-7.484234869480133057e-03,4.289427399635314941e-02,1.950485073029994965e-02,3.453612327575683594e-02,7.409221492707729340e-03,2.093654498457908630e-02,-1.727789756841957569e-03,2.245130948722362518e-02,9.433199167251586914e-01,1.363933179527521133e-02,9.402968287467956543e-01,-2.148861531168222427e-03,1.257408503443002701e-02,-1.512760412879288197e-03,9.489580988883972168e-01,-3.525770269334316254e-03,9.523838162422180176e-01,5.558228003792464733e-04
2.898566722869873047e-01,8.332769572734832764e-02,6.544431447982788086e-01,8.557953834533691406e-01,1.763325184583663940e-01,8.893163204193115234e-01,2.894484903663396835e-03,2.716450393199920654e-01,1.701445202343165874e-03,6.435526013374328613e-01,3.426349908113479614e-02,1.148627325892448425e-02,1.050107087939977646e-02,1.676038466393947601e-02,1.771605201065540314e-02,-9.686275734566152096e-05,2.246841602027416229e-02,5.184572655707597733e-03,1.559862215071916580e-02,-1.121884677559137344e-03
-2.503641298972070217e-04,9.966843128204345703e-01,9.634168744087219238e-01,9.764258861541748047e-01,7.925789952278137207e-01,4.981059432029724121e-01,3.955348730087280273e-01,1.004060506820678711e+00,6.890648603439331055e-01,7.662917971611022949e-01,-8.163929916918277740e-03,-2.004988025873899460e-03,-6.066210102289915085e-03,-3.598794341087341309e-03,7.768800423946231604e-05,-3.406127216294407845e-03,-6.415215320885181427e-03,-8.778611663728952408e-04,-6.775007117539644241e-03,2.183578617405146360e-04
1.978156855329871178e-03,-2.233408013125881553e-04,7.116869091987609863e-03,8.025787770748138428e-03,5.862461868673563004e-03,2.169567858800292015e-03,1.523141399957239628e-03,9.691568091511726379e-03,7.873116992413997650e-03,7.334475405514240265e-03,9.830299019813537598e-01,8.078534007072448730e-01,1.002084970474243164e+00,-7.332157343626022339e-03,6.931592226028442383e-01,9.948686957359313965e-01,9.988184571266174316e-01,1.397653133608400822e-03,2.045005410909652710e-01,6.970524787902832031e-01
1.953729515662416816e-04,9.202018380165100098e-03,2.124895574524998665e-03,2.675783447921276093e-02,2.938998863101005554e-02,2.024335088208317757e-03,6.002763751894235611e-03,1.136007811874151230e-02,-3.043381730094552040e-03,7.346398197114467621e-03,8.946908712387084961e-01,2.969973385334014893e-01,1.847555488348007202e-01,9.058104455471038818e-02,7.035357952117919922e-01,9.946123957633972168e-01,9.832341074943542480e-01,2.783602103590965271e-03,9.574595838785171509e-03,4.573308397084474564e-04
-1.637572539038956165e-03,2.577127516269683838e-01,6.671236753463745117e-01,8.041017055511474609e-01,1.846342906355857849e-02,3.326020669192075729e-03,2.200392074882984161e-03,9.001614451408386230e-01,2.640609443187713623e-02,7.282961606979370117e-01,4.092734679579734802e-02,-7.060847245156764984e-03,-1.130496524274349213e-02,4.563796392176300287e-04,-1.817928277887403965e-03,-3.903171047568321228e-03,1.999983796849846840e-03,-1.250059576705098152e-04,2.621349645778536797e-03,1.421475200913846493e-03
2.068563830107450485e-03,9.484262466430664062e-01,2.537614200264215469e-03,3.798278979957103729e-03,-8.591383695602416992e-03,9.587874412536621094e-01,-1.206764951348304749e-02,7.666354179382324219e-01,-6.947282701730728149e-03,1.707022264599800110e-02,6.893604993820190430e-02,7.415092084556818008e-03,6.360250711441040039e-02,9.264353662729263306e-02,3.962895274162292480e-02,5.161871667951345444e-03,1.675710268318653107e-02,1.038018148392438889e-02,1.713796146214008331e-02,1.501916721463203430e-02
-7.904308149591088295e-04,-1.712124980986118317e-02,-3.787445370107889175e-03,4.764915704727172852e-01,9.987429380416870117e-01,1.785507425665855408e-02,-6.392722483724355698e-03,5.061475634574890137e-01,6.798031972721219063e-04,6.932332515716552734e-01,5.236761178821325302e-03,-1.406511582899838686e-04,7.732715923339128494e-03,-4.855681909248232841e-04,5.023236735723912716e-05,1.064187730662524700e-03,2.161961281672120094e-03,-7.730615907348692417e-04,4.083935345988720655e-04,2.305519774381536990e-05
-1.065405667759478092e-03,1.340596645604819059e-04,-7.896064780652523041e-03,1.303306967020034790e-02,4.807815328240394592e-02,6.452285218983888626e-03,7.602494210004806519e-03,4.721813648939132690e-02,1.270299591124057770e-02,4.733256995677947998e-02,9.044404029846191406e-01,8.565986156463623047e-01,7.630905508995056152e-01,9.310030937194824219e-01,2.369836270809173584e-01,-2.440341049805283546e-03,-1.304229255765676498e-02,-2.099673030897974968e-03,-7.915121503174304962e-03,-3.290258580818772316e-03
-6.686673033982515335e-03,-2.873110352084040642e-03,-4.779760260134935379e-03,-9.362569078803062439e-03,-5.141287110745906830e-03,-8.405404165387153625e-03,-1.114361570216715336e-03,1.311167376115918159e-03,-5.035776179283857346e-03,-8.775907568633556366e-03,9.959629178047180176e-01,1.004182457923889160e+00,1.014082312583923340e+00,9.974092245101928711e-01,1.006885290145874023e+00,9.926694035530090332e-01,9.967375993728637695e-01,7.062472701072692871e-01,1.006685853004455566e+00,6.958733201026916504e-01
1.897826587082818151e-04,7.825226522982120514e-03,6.825466174632310867e-03,7.849803194403648376e-03,5.261658225208520889e-03,8.246369659900665283e-03,9.185944218188524246e-04,6.654906086623668671e-03,2.612290554679930210e-04,2.216334454715251923e-02,9.724515080451965332e-01,9.839997887611389160e-01,9.850736856460571289e-01,9.842984676361083984e-01,9.836806058883666992e-01,4.955755770206451416e-01,4.901739954948425293e-01,9.967693090438842773e-01,4.937087893486022949e-01,-2.833751495927572250e-03
-9.739333763718605042e-04,-6.544952280819416046e-03,-6.428482010960578918e-04,-1.368118170648813248e-02,-7.536362390965223312e-04,-1.769581111147999763e-03,2.126274397596716881e-03,-8.666403591632843018e-03,1.600489253178238869e-03,-1.204453315585851669e-02,8.340192437171936035e-01,8.168596625328063965e-01,1.007549047470092773e+00,1.006279706954956055e+00,8.062803149223327637e-01,9.994719028472900391e-01,1.006830930709838867e+00,7.036886215209960938e-01,1.003049731254577637e+00,1.002488493919372559e+00
-3.261193400248885155e-03,-9.756903164088726044e-03,-4.984157625585794449e-03,2.086361404508352280e-03,-1.035804976709187031e-03,-3.496067132800817490e-03,-3.892570966854691505e-04,-8.680289611220359802e-03,-1.742476830258965492e-03,-8.594383485615253448e-03,9.836887717247009277e-01,9.995850324630737305e-01,9.987057447433471680e-01,9.879413843154907227e-01,9.991613626480102539e-01,1.002085447311401367e+00,1.001004695892333984e+00,4.601906519383192062e-03,1.003648996353149414e+00,7.997567653656005859e-01
6.271582096815109253e-03,1.669101766310632229e-03,-9.758088854141533375e-04,-1.182754337787628174e-02,9.398960391990840435e-04,-4.754938185214996338e-03,1.619060058146715164e-03,-6.490743719041347504e-03,-6.974452175199985504e-03,-7.919230498373508453e-03,1.008963346481323242e+00,8.754334412515163422e-04,-1.300461497157812119e-02,7.225404027849435806e-03,-4.486714489758014679e-03,-7.610158994793891907e-03,-4.885439295321702957e-03,2.872537672519683838e-01,-4.534032661467790604e-03,1.124271308071911335e-03
-2.844407223165035248e-03,-3.951016347855329514e-03,-1.575740985572338104e-02,-1.133530959486961365e-02,8.180401287972927094e-03,1.887846924364566803e-02,1.259055454283952713e-03,-2.707653492689132690e-02,-2.394353738054633141e-03,-9.304335108026862144e-04,1.006374001502990723e+00,7.861205935478210449e-01,8.114146590232849121e-01,1.005532145500183105e+00,6.958433389663696289e-01,1.459764782339334488e-02,5.516095552593469620e-03,6.085650324821472168e-01,2.709536440670490265e-02,7.882320205681025982e-04
-8.308367105200886726e-04,7.037401199340820312e-01,7.931951284408569336e-01,7.938550114631652832e-01,8.979529142379760742e-01,7.228413131088018417e-03,4.184206947684288025e-03,7.028710842132568359e-01,3.083184957504272461e-01,6.071980595588684082e-01,1.157906372100114822e-03,1.051732455380260944e-03,7.478628540411591530e-04,2.640876453369855881e-03,-5.303118377923965454e-04,-7.634864188730716705e-03,-2.566517796367406845e-03,2.511495957151055336e-03,-3.426123294048011303e-04,2.251752186566591263e-03
3.020967706106603146e-04,1.075964770279824734e-03,5.294831935316324234e-03,8.101711049675941467e-03,1.313006621785461903e-03,-6.953893695026636124e-03,-4.497689951676875353e-05,-8.487690938636660576e-04,2.331419382244348526e-03,-5.035906098783016205e-03,9.070850610733032227e-01,3.722514510154724121e-01,2.008196115493774414e-01,7.189382612705230713e-02,7.273531556129455566e-01,5.616083741188049316e-01,6.538828611373901367e-01,4.060111045837402344e-01,3.544198274612426758e-01,8.174608349800109863e-01
-1.872149994596838951e-03,7.707880735397338867e-01,7.712692022323608398e-02,8.820896148681640625e-01,6.814019083976745605e-01,-4.872617777436971664e-03,-3.618010552600026131e-03,3.854218721389770508e-01,6.839715242385864258e-01,8.824563622474670410e-01,1.923042535781860352e-02,4.562842659652233124e-03,1.583394594490528107e-02,6.895042955875396729e-03,1.850763149559497833e-02,2.782228589057922363e-02,3.361605107784271240e-02,3.396258223801851273e-03,1.369684189558029175e-02,1.607111073099076748e-03
6.387957837432622910e-04,7.779431343078613281e-01,7.837787270545959473e-01,9.818220138549804688e-01,8.821796178817749023e-01,9.908314943313598633e-01,6.822347044944763184e-01,8.708697557449340820e-01,7.934364080429077148e-01,8.770995736122131348e-01,-2.686861436814069748e-03,-1.793519360944628716e-03,-5.731726996600627899e-03,1.096019428223371506e-02,5.108264740556478500e-03,1.910507446154952049e-03,-2.435787246213294566e-05,-2.131601213477551937e-04,-1.941772643476724625e-03,-7.213420467451214790e-04
4.488837148528546095e-04,7.942009568214416504e-01,-7.768309675157070160e-03,9.866176247596740723e-01,9.826079010963439941e-01,9.999216198921203613e-01,-5.741128232330083847e-03,6.955713629722595215e-01,4.914883375167846680e-01,9.899408221244812012e-01,1.315761543810367584e-02,-2.804268384352326393e-03,1.473941520089283586e-04,-2.023814478889107704e-03,-7.989313453435897827e-03,1.429887954145669937e-03,4.563799593597650528e-03,-7.584841921925544739e-03,1.279601710848510265e-04,-7.483324588974937797e-05
-8.909901371225714684e-04,-5.320636555552482605e-03,-5.537922959774732590e-03,-1.453061267966404557e-04,-9.430338977836072445e-04,2.035329525824636221e-04,-1.811682828702032566e-03,-6.828160258010029793e-04,5.146570038050413132e-03,-6.539779715240001678e-04,8.107933402061462402e-01,7.773174047470092773e-01,9.543048739433288574e-01,9.833868145942687988e-01,9.682058691978454590e-01,8.553329855203628540e-03,6.254629231989383698e-03,1.183189800940454006e-03,4.935476928949356079e-03,7.144025564193725586e-01
4.717398900538682938e-03,5.289634689688682556e-02,3.205512091517448425e-02,4.959418997168540955e-02,2.186773717403411865e-02,6.144307553768157959e-02,1.934239454567432404e-02,6.611352413892745972e-02,2.602260932326316833e-02,2.872611954808235168e-02,8.567696213722229004e-01,2.128966711461544037e-02,2.540336176753044128e-02,1.088854148983955383e-01,5.107009410858154297e-01,1.003665775060653687e-01,1.965697668492794037e-02,9.846504777669906616e-02,3.018892109394073486e-01,6.023642420768737793e-01
6.623582448810338974e-04,2.657149732112884521e-01,6.841919422149658203e-01,8.685572743415832520e-01,2.219498753547668457e-01,-3.370358608663082123e-03,-1.136565580964088440e-03,7.935836911201477051e-01,4.174277782440185547e-01,8.806799054145812988e-01,-2.054368518292903900e-02,3.734976751729846001e-03,2.456407062709331512e-02,6.994776427745819092e-03,2.282048342749476433e-03,4.794411361217498779e-03,-4.189199302345514297e-03,-7.040083874017000198e-04,-2.820243593305349350e-03,4.842693670070730150e-05
1.420981949195265770e-03,-2.859686035662889481e-03,1.335042645223438740e-03,1.350916642695665359e-02,3.228255547583103180e-03,4.854718688875436783e-03,-4.757292103022336960e-03,3.385372087359428406e-02,9.864948689937591553e-03,1.429967675358057022e-02,9.737284779548645020e-01,-2.635099459439516068e-03,-8.618447929620742798e-03,-9.625415317714214325e-03,3.533025272190570831e-03,1.727101742289960384e-03,-3.837432013824582100e-03,7.146224379539489746e-04,-1.258913544006645679e-04,1.883160148281604052e-04
-2.424353006063029170e-04,8.184604644775390625e-01,6.690865159034729004e-01,8.766603469848632812e-01,9.243780374526977539e-01,9.552270174026489258e-03,5.539844743907451630e-03,7.849922180175781250e-01,4.707509651780128479e-03,7.211320996284484863e-01,-1.136801019310951233e-02,-6.511641666293144226e-03,-1.920342259109020233e-02,-1.116715744137763977e-02,-3.589923260733485222e-03,-4.868551623076200485e-03,4.267979529686272144e-04,-2.020566957071423531e-03,-2.167879429180175066e-04,7.701045979047194123e-05
-3.871822264045476913e-03,-6.802191492170095444e-03,-3.839761484414339066e-03,-1.330934930592775345e-02,6.284201517701148987e-04,1.990308752283453941e-03,-5.480714607983827591e-03,1.380576519295573235e-03,-1.081120572052896023e-03,-1.307084504514932632e-02,1.000404238700866699e+00,1.626041345298290253e-02,1.386242359876632690e-02,1.020062249153852463e-02,1.628573238849639893e-02,9.866598248481750488e-01,9.937978386878967285e-01,1.363965962082147598e-02,9.894210100173950195e-01,7.056436538696289062e-01
1.001119539141654968e-01,6.993738412857055664e-01,7.988005876541137695e-01,9.000434279441833496e-01,8.007624149322509766e-01,8.019812405109405518e-03,5.652569700032472610e-03,7.878758311271667480e-01,8.537525311112403870e-03,6.027790307998657227e-01,5.961127579212188721e-03,2.632169984281063080e-03,9.184860391542315483e-04,-7.049442268908023834e-03,-3.246159292757511139e-03,6.016249302774667740e-03,-5.379175767302513123e-03,6.561069749295711517e-03,3.916625573765486479e-04,-7.297565753106027842e-05
-1.792391296476125717e-03,7.996436953544616699e-01,9.867759346961975098e-01,8.763004541397094727e-01,6.950536370277404785e-01,5.818605422973632812e-01,4.955693483352661133e-01,6.981933116912841797e-01,5.925016403198242188e-01,7.924029231071472168e-01,7.294100709259510040e-03,8.117451332509517670e-03,5.553052760660648346e-04,3.222403815016150475e-03,-4.742521326988935471e-03,-7.294319104403257370e-03,-3.275090595707297325e-03,3.466548863798379898e-03,-4.006319679319858551e-03,1.201582956127822399e-03
8.955348166637122631e-04,7.990998029708862305e-01,7.957878708839416504e-01,7.091024518013000488e-01,6.072873473167419434e-01,2.772002480924129486e-02,1.748041249811649323e-02,8.870852589607238770e-01,1.383917313069105148e-02,6.997365951538085938e-01,1.436430588364601135e-02,-5.504785105586051941e-03,-2.189149381592869759e-03,8.598200045526027679e-03,-6.547187222167849541e-04,-1.863091019913554192e-03,1.412506797350943089e-03,-3.266564104706048965e-03,-6.519877351820468903e-04,-2.707901410758495331e-03
3.166141686961054802e-04,6.208327412605285645e-01,7.214118242263793945e-01,8.247997760772705078e-01,5.189409255981445312e-01,9.831200242042541504e-01,1.057066721841692924e-03,7.104741334915161133e-01,4.824288785457611084e-01,7.170519828796386719e-01,-2.415936207398772240e-03,7.848317734897136688e-03,1.343153137713670731e-02,3.267698222771286964e-03,5.870748311281204224e-03,-1.968035707250237465e-03,4.632629919797182083e-03,-1.112741883844137192e-03,-9.226626716554164886e-04,-4.153975169174373150e-04
1.094301464036107063e-03,7.870104312896728516e-01,8.807557225227355957e-01,8.416885733604431152e-01,8.922860026359558105e-01,6.052709221839904785e-01,4.977476298809051514e-01,6.908116936683654785e-01,5.060485005378723145e-01,7.943966984748840332e-01,2.361776493489742279e-02,-2.584139874670654535e-04,-2.291143173351883888e-03,-1.686068484559655190e-03,1.434457860887050629e-02,1.765164779499173164e-03,1.731541007757186890e-02,2.362106926739215851e-03,5.578527227044105530e-03,-4.725449834950268269e-04
-3.764697612496092916e-05,6.829774975776672363e-01,8.508962579071521759e-03,9.777058959007263184e-01,9.833465814590454102e-01,4.707644581794738770e-01,4.806590974330902100e-01,9.589667916297912598e-01,6.602443456649780273e-01,9.563171863555908203e-01,8.528575301170349121e-02,-1.266947295516729355e-02,1.594641432166099548e-02,1.053924579173326492e-02,2.643678709864616394e-02,-2.757431240752339363e-03,1.908827759325504303e-02,-2.198206027969717979e-03,1.536188554018735886e-02,-1.428588409908115864e-03
5.959249138832092285e-01,2.972922325134277344e-01,7.883343100547790527e-01,8.805656433105468750e-01,6.961358785629272461e-01,5.007466673851013184e-01,3.928138315677642822e-01,9.823195338249206543e-01,6.885270476341247559e-01,7.865018844604492188e-01,2.893000282347202301e-02,4.820754751563072205e-03,6.904381327331066132e-03,7.218415848910808563e-03,1.335260923951864243e-02,9.062557481229305267e-03,1.078987400978803635e-02,5.594258545897901058e-04,9.188552387058734894e-03,4.411218687891960144e-03
-1.994673395529389381e-03,-2.248154021799564362e-03,-9.985995478928089142e-03,5.850679706782102585e-03,3.746418282389640808e-03,2.727251732721924782e-03,-3.418021835386753082e-03,-2.573260851204395294e-02,-2.945076208561658859e-03,-8.864168077707290649e-03,1.006463170051574707e+00,7.020710110664367676e-01,3.974751234054565430e-01,3.365823030471801758e-01,6.940748691558837891e-01,1.001043200492858887e+00,1.006232500076293945e+00,5.998834371566772461e-01,1.000548005104064941e+00,7.995737791061401367e-01
5.031180102378129959e-03,2.268756181001663208e-02,1.250672806054353714e-02,4.129691421985626221e-02,4.281105939298868179e-03,-3.499546088278293610e-03,7.335904520004987717e-04,8.014898002147674561e-02,-4.279721993952989578e-03,4.195036366581916809e-02,9.410407543182373047e-01,1.222551614046096802e-02,7.732375990599393845e-03,2.177246846258640289e-03,-4.563056398183107376e-03,1.952399907168000937e-04,-3.447513736318796873e-04,5.851712543517351151e-03,2.155395923182368279e-03,5.601454176940023899e-04
5.418266518972814083e-04,7.867958396673202515e-03,1.252291910350322723e-02,6.150217726826667786e-03,6.607449147850275040e-03,1.307801529765129089e-02,9.507100097835063934e-03,7.909066975116729736e-03,7.755554746836423874e-03,1.149611920118331909e-02,9.962164163589477539e-01,-1.079370151273906231e-03,3.905920544639229774e-03,9.181771310977637768e-04,5.910767912864685059e-01,-2.916570985689759254e-03,6.949154734611511230e-01,4.389023524709045887e-05,7.940326929092407227e-01,6.988285183906555176e-01
5.017318762838840485e-04,7.848594784736633301e-01,6.757104396820068359e-01,-1.534753851592540741e-02,5.939556956291198730e-01,3.606756031513214111e-01,2.791853249073028564e-01,3.173639299347996712e-03,5.553185008466243744e-03,1.443758979439735413e-02,4.791579023003578186e-02,-1.172673888504505157e-03,-1.306692138314247131e-02,7.786225527524948120e-03,1.835419051349163055e-02,5.823391489684581757e-03,1.753541640937328339e-02,9.750819765031337738e-03,-2.267782838316634297e-04,1.272570993751287460e-02
1.290043292101472616e-04,1.887316815555095673e-02,2.171815931797027588e-02,3.375826403498649597e-02,2.852453105151653290e-02,-2.000981010496616364e-03,-6.336934748105704784e-04,2.037796890363097191e-03,-3.634035587310791016e-03,3.375156596302986145e-02,2.283258363604545593e-03,2.755544381216168404e-03,-1.606014324352145195e-03,3.242908045649528503e-03,7.153234444558620453e-03,4.760628044605255127e-01,5.764580368995666504e-01,3.854906857013702393e-01,2.896601259708404541e-01,6.251144804991781712e-04
1.890826039016246796e-03,7.962199449539184570e-01,9.063567519187927246e-01,8.760864734649658203e-01,7.081828713417053223e-01,1.725823618471622467e-02,7.273251190781593323e-03,9.334214031696319580e-02,2.948783151805400848e-02,7.796919345855712891e-01,7.420594338327646255e-03,-6.137629970908164978e-03,-1.621762989088892937e-03,1.114171184599399567e-02,-2.068444620817899704e-03,-3.142859321087598801e-03,1.745786704123020172e-02,1.009063236415386200e-02,2.287370897829532623e-02,1.014145556837320328e-03
1.932353712618350983e-03,8.059970736503601074e-01,6.980838775634765625e-01,9.013714790344238281e-01,6.926456093788146973e-01,1.812772080302238464e-02,9.054435417056083679e-03,8.215261697769165039e-01,7.074013948440551758e-01,8.059609532356262207e-01,1.886912155896425247e-03,-7.303792983293533325e-03,6.733045913279056549e-03,-2.168325008824467659e-03,-4.000449087470769882e-03,1.495220325887203217e-02,1.062135957181453705e-02,1.579441828653216362e-03,-8.386058732867240906e-03,6.098910816945135593e-04
2.528146796976216137e-05,-1.260552904568612576e-03,-1.287791039794683456e-02,-1.033270079642534256e-02,4.047957714647054672e-03,-2.116248570382595062e-02,-2.376902615651488304e-03,2.912349440157413483e-02,-7.709434721618890762e-03,2.553571946918964386e-02,9.644012451171875000e-01,9.555999636650085449e-01,9.694071412086486816e-01,9.683526158332824707e-01,7.867608666419982910e-01,9.905191659927368164e-01,9.930476546287536621e-01,7.806019783020019531e-01,9.952884316444396973e-01,8.884239941835403442e-04
1.923120021820068359e-01,1.059609726071357727e-01,1.940166391432285309e-02,7.613113522529602051e-01,6.768120527267456055e-01,2.081303484737873077e-02,4.699104465544223785e-03,6.900312304496765137e-01,1.153738144785165787e-02,5.737825762480497360e-03,3.399433195590972900e-02,7.795054931193590164e-03,2.425567246973514557e-02,2.062231115996837616e-02,8.587317541241645813e-03,4.118716344237327576e-03,-1.791076967492699623e-03,8.679982274770736694e-03,4.361478611826896667e-03,1.320065837353467941e-02
-9.806259768083691597e-04,4.285845439881086349e-03,3.533459035679697990e-03,-4.752221517264842987e-03,4.413229413330554962e-03,-1.524650724604725838e-03,-4.338979721069335938e-03,8.314798586070537567e-03,-8.660853491164743900e-04,4.516533575952053070e-03,9.033104181289672852e-01,6.982936263084411621e-01,9.043679237365722656e-01,1.797816157341003418e-01,5.853568315505981445e-01,9.888353943824768066e-01,9.879056215286254883e-01,9.271420538425445557e-02,3.818312883377075195e-01,4.036765396595001221e-01
7.653951179236173630e-03,1.797422766685485840e-02,2.406169474124908447e-02,6.556276697665452957e-03,1.335783023387193680e-02,1.718271709978580475e-02,1.834634318947792053e-02,1.895874366164207458e-02,1.109969802200794220e-02,1.884630136191844940e-02,8.674952983856201172e-01,9.945289045572280884e-02,1.113843470811843872e-01,8.619455099105834961e-01,5.022488236427307129e-01,4.782572984695434570e-01,5.735089778900146484e-01,9.181016683578491211e-02,2.902683615684509277e-01,7.013416886329650879e-01
1.440971274860203266e-03,1.480151549912989140e-03,1.245441264472901821e-03,5.502513959072530270e-04,-4.399829776957631111e-04,1.954181818291544914e-03,-3.787940833717584610e-03,1.871225889772176743e-03,-3.261402016505599022e-03,-5.736824590712785721e-03,8.003003001213073730e-01,7.023969888687133789e-01,8.158333301544189453e-01,9.862745404243469238e-01,9.791575074195861816e-01,5.943074822425842285e-03,4.135512746870517731e-03,-2.035609679296612740e-03,-1.043683197349309921e-02,5.975138545036315918e-01
8.268571109510958195e-04,8.934451341629028320e-01,9.910433292388916016e-01,9.987673163414001465e-01,8.017811179161071777e-01,4.987421333789825439e-01,4.967155754566192627e-01,9.059052467346191406e-01,6.951650381088256836e-01,7.156535387039184570e-01,-5.540447775274515152e-03,-2.472399966791272163e-03,3.115206258371472359e-03,-1.016780640929937363e-02,-1.158482860773801804e-02,-4.335467703640460968e-03,-1.190632116049528122e-02,-2.893385244533419609e-03,-6.330455653369426727e-03,-5.461217951960861683e-04
2.545167692005634308e-03,7.697872817516326904e-03,7.988793849945068359e-01,9.990762472152709961e-01,9.905700087547302246e-01,9.949136972427368164e-01,5.818400532007217407e-03,8.033235669136047363e-01,9.851052761077880859e-01,9.733387827873229980e-01,-9.160477668046951294e-03,-6.131819449365139008e-03,-2.761105773970484734e-03,2.888330025598406792e-03,-3.152512246742844582e-03,-1.341818249784410000e-03,-1.207678671926259995e-02,5.894461646676063538e-03,-9.196990169584751129e-03,-1.110961893573403358e-03
-2.204762538895010948e-03,-8.635332807898521423e-03,-1.048549637198448181e-02,-1.407367270439863205e-02,4.774679895490407944e-03,-3.424888243898749352e-03,-5.845346022397279739e-04,-2.005610615015029907e-02,-2.981384517624974251e-03,-1.615397259593009949e-02,7.848522663116455078e-01,7.276704907417297363e-01,9.995520114898681641e-01,4.899839404970407486e-03,8.291205167770385742e-01,1.003890275955200195e+00,1.008406281471252441e+00,3.071562969125807285e-04,1.008881807327270508e+00,1.347030047327280045e-03
2.025889931246638298e-03,7.327978964895009995e-04,-2.288524701725691557e-04,-5.114223458804190159e-04,1.429128460586071014e-02,7.180932909250259399e-03,-1.920581911690533161e-03,9.628389030694961548e-03,-1.871651387773454189e-03,1.051848661154508591e-02,1.000943899154663086e+00,7.952291369438171387e-01,6.011175513267517090e-01,1.088793762028217316e-02,3.900690972805023193e-01,1.004574418067932129e+00,1.003153443336486816e+00,1.139847328886389732e-03,1.001041531562805176e+00,9.981481432914733887e-01
4.379762336611747742e-03,3.757443744689226151e-03,5.177805200219154358e-03,2.194771915674209595e-02,1.393102481961250305e-02,3.422469273209571838e-02,1.827516476623713970e-03,1.607677899301052094e-02,1.891427556984126568e-03,5.790221318602561951e-02,9.748356342315673828e-01,9.990342259407043457e-01,1.010346412658691406e+00,9.848503470420837402e-01,6.991944313049316406e-01,1.589206419885158539e-02,7.773247361183166504e-01,5.020363926887512207e-01,1.969485916197299957e-02,2.264317125082015991e-03
3.030953463166952133e-03,3.360348567366600037e-02,6.626684665679931641e-01,7.568750977516174316e-01,1.734892837703227997e-02,-2.433800604194402695e-03,-1.490216120146214962e-03,6.845794916152954102e-01,1.971481181681156158e-02,6.381106972694396973e-01,6.591519713401794434e-02,1.215366763062775135e-03,8.375352248549461365e-03,-2.670054527698084712e-05,-3.809685353189706802e-03,-1.562751829624176025e-03,-6.843166192993521690e-05,5.315224989317357540e-04,-1.671938342042267323e-03,-5.374339525587856770e-04
2.989430795423686504e-04,7.922063469886779785e-01,6.912025213241577148e-01,9.898303747177124023e-01,7.915974259376525879e-01,9.803110361099243164e-01,1.353089581243693829e-03,7.041027545928955078e-01,2.243752358481287956e-03,7.859157919883728027e-01,3.802056889981031418e-03,-6.015697494149208069e-03,-4.409567918628454208e-03,-1.145847328007221222e-02,-1.710320240817964077e-03,8.102696156129240990e-04,4.532553255558013916e-03,3.717383136972784996e-03,1.893126778304576874e-02,-2.826365234795957804e-04
-3.196981269866228104e-04,-5.392812658101320267e-03,-5.484603345394134521e-03,-1.745881512761116028e-02,9.011369198560714722e-02,-1.841316930949687958e-02,-4.287076182663440704e-03,1.656512916088104248e-01,-1.020881254225969315e-02,5.877960324287414551e-01,1.102576777338981628e-01,6.097368150949478149e-02,8.826720714569091797e-02,8.102218806743621826e-02,3.147950023412704468e-02,2.575328014791011810e-02,5.600242316722869873e-02,3.406919911503791809e-02,2.836718223989009857e-02,1.674929750151932240e-03
-1.124216709285974503e-03,7.812378406524658203e-01,6.602269411087036133e-01,7.885722517967224121e-01,5.792442560195922852e-01,4.700023233890533447e-01,3.703767657279968262e-01,6.838023066520690918e-01,5.599959492683410645e-01,8.673723340034484863e-01,1.254229899495840073e-02,4.900319967418909073e-03,4.591118078678846359e-03,5.821241531521081924e-03,1.035654731094837189e-02,4.445425001904368401e-04,-1.584848272614181042e-03,-9.096914436668157578e-04,-5.456526414491236210e-04,-1.306998892687261105e-03
-2.806843258440494537e-03,2.523967996239662170e-03,2.064657956361770630e-01,8.005309104919433594e-01,3.737817704677581787e-01,9.012002348899841309e-01,1.033904105424880981e-01,7.830154895782470703e-01,6.097809672355651855e-01,7.763761878013610840e-01,4.406932368874549866e-02,1.325417123734951019e-02,1.271910592913627625e-02,5.930615589022636414e-03,6.762981880456209183e-03,2.565376926213502884e-03,3.103139810264110565e-02,-2.565509639680385590e-03,6.743806414306163788e-03,4.963943269103765488e-03
3.930024395231157541e-04,8.926737308502197266e-01,7.993774414062500000e-01,8.927962779998779297e-01,8.093622922897338867e-01,2.658063545823097229e-02,1.556249707937240601e-02,7.111634016036987305e-01,2.632726728916168213e-02,8.208059072494506836e-01,3.785319277085363865e-04,1.401622314006090164e-03,-1.296582864597439766e-03,-3.664903808385133743e-03,-1.643640105612576008e-03,-5.496934987604618073e-03,-7.809790782630443573e-03,-2.728776307776570320e-03,-3.851450979709625244e-03,-4.325303016230463982e-04
-4.761994932778179646e-04,7.224189043045043945e-01,8.246734142303466797e-01,9.130021929740905762e-01,7.108099460601806641e-01,9.250704050064086914e-01,6.598058389499783516e-04,2.949246168136596680e-01,-7.110240869224071503e-03,6.153564453125000000e-01,-5.283758975565433502e-03,-6.909594521857798100e-04,-6.220909766852855682e-03,-1.631094957701861858e-03,-7.132443599402904510e-03,-4.929770715534687042e-03,-8.167664520442485809e-03,-3.103010589256882668e-03,-3.940239548683166504e-03,7.373698754236102104e-04
-1.810762798413634300e-03,-6.884459871798753738e-04,-8.513920474797487259e-04,1.420916058123111725e-03,-1.441429369151592255e-03,-2.749854233115911484e-03,1.365885604172945023e-03,-3.614069428294897079e-03,2.984633611049503088e-04,1.207276154309511185e-02,8.097147941589355469e-01,8.106504082679748535e-01,8.212514519691467285e-01,7.418494224548339844e-01,7.179854512214660645e-01,6.258753538131713867e-01,6.400541067123413086e-01,1.799375414848327637e-01,5.599448084831237793e-01,-1.875545829534530640e-03
3.769222879782319069e-03,1.606430299580097198e-02,1.143958419561386108e-02,1.023204065859317780e-02,1.411138335242867470e-03,-4.869071766734123230e-03,-6.778744864277541637e-04,2.491905121132731438e-03,1.173038501292467117e-02,3.902144730091094971e-03,9.857026338577270508e-01,9.069444537162780762e-01,9.793415665626525879e-01,1.462733955122530460e-03,7.941025495529174805e-01,9.995827674865722656e-01,9.936871528625488281e-01,7.824241038179025054e-05,1.001006007194519043e+00,7.966019511222839355e-01
3.993384234490804374e-05,4.468950908631086349e-03,1.952410792000591755e-03,1.669178903102874756e-02,2.909328555688261986e-03,1.132240891456604004e-02,-1.691508456133306026e-03,1.351414131931960583e-03,-1.653820392675697803e-03,1.301818992942571640e-02,9.860051274299621582e-01,6.949986219406127930e-01,5.827960968017578125e-01,1.897160559892654419e-01,9.816740751266479492e-01,1.349901664070785046e-03,1.320508681237697601e-02,5.015809535980224609e-01,9.656396694481372833e-03,6.955968141555786133e-01
2.575780381448566914e-04,4.178331233561038971e-03,9.910151362419128418e-01,9.692392349243164062e-01,1.001881718635559082e+00,-4.715104296337813139e-04,2.858751686289906502e-03,4.964497387409210205e-01,8.060066960752010345e-03,6.905543804168701172e-01,1.314110239036381245e-03,-7.743360940366983414e-03,-4.360240709502249956e-04,9.931582957506179810e-03,1.852463348768651485e-03,1.906315679661929607e-03,-2.521323040127754211e-03,-9.652336128056049347e-03,-5.177922430448234081e-04,-1.109129516407847404e-03
9.843469858169555664e-01,2.745842039585113525e-01,-5.459215026348829269e-03,-8.730974979698657990e-03,6.223074793815612793e-01,1.575219444930553436e-03,-2.005313988775014877e-03,7.251120805740356445e-01,4.530954658985137939e-01,6.291651129722595215e-01,3.130469843745231628e-02,2.238463237881660461e-02,2.418637275695800781e-02,2.990005165338516235e-02,1.377912797033786774e-02,6.548590492457151413e-03,2.761650457978248596e-02,1.383502385579049587e-03,1.629418320953845978e-02,-1.828371750889346004e-04
1.581105869263410568e-03,7.443050742149353027e-01,6.021462082862854004e-01,6.131829023361206055e-01,7.350462675094604492e-01,8.176912665367126465e-01,1.139187254011631012e-02,2.434195764362812042e-02,1.134442631155252457e-02,6.916279196739196777e-01,-1.686776801943778992e-02,-3.752151969820261002e-03,5.973247811198234558e-03,1.020522229373455048e-02,-3.296801121905446053e-03,-2.151601482182741165e-03,-9.796882048249244690e-03,-2.493352862074971199e-03,5.479793064296245575e-03,-4.177826922386884689e-04
4.000944551080465317e-03,9.279232472181320190e-03,8.586807176470756531e-03,4.125459194183349609e-01,9.913018941879272461e-01,9.967119693756103516e-01,1.916723325848579407e-03,1.666688472032546997e-01,-1.721922867000102997e-02,7.928273677825927734e-01,1.589817926287651062e-02,6.710762158036231995e-03,6.768645718693733215e-03,-5.240699276328086853e-03,4.685373511165380478e-03,-5.796206183731555939e-03,2.324759727343916893e-03,1.038546441122889519e-03,1.964396564289927483e-03,-2.575662918388843536e-03
3.755899379029870033e-04,9.610934853553771973e-01,9.253369569778442383e-01,9.313308596611022949e-01,9.596143364906311035e-01,9.879843592643737793e-01,3.101303614675998688e-02,5.682882070541381836e-01,4.641668200492858887e-01,9.241150617599487305e-01,-6.682267412543296814e-03,7.843850762583315372e-04,-8.760428987443447113e-03,-5.851894151419401169e-03,-5.643040407449007034e-03,-9.804230649024248123e-04,2.253243932500481606e-03,-1.750350813381373882e-03,6.575106643140316010e-03,-2.385099651291966438e-04
-5.347514525055885315e-04,4.142173100262880325e-03,-8.553824591217562556e-05,-5.355208180844783783e-03,-1.045715762302279472e-03,-3.122871275991201401e-03,-2.159383380785584450e-03,-7.480677682906389236e-03,5.800062324851751328e-03,-1.356569305062294006e-02,2.327580749988555908e-02,9.747662544250488281e-01,1.000385999679565430e+00,1.004382371902465820e+00,9.809482693672180176e-01,1.001670122146606445e+00,9.993671178817749023e-01,2.238181186839938164e-03,1.000565767288208008e+00,6.058296561241149902e-01
-1.702058245427906513e-03,6.271603703498840332e-01,4.819914996623992920e-01,6.816216111183166504e-01,1.003853440284729004e+00,-1.461032778024673462e-03,-1.983065856620669365e-03,7.001720070838928223e-01,3.441605484113097191e-03,6.117584109306335449e-01,-1.441613677889108658e-02,5.541170481592416763e-03,-1.416568993590772152e-03,-3.447648603469133377e-03,-2.719190437346696854e-03,-2.084080129861831665e-03,-1.246956526301801205e-03,6.068505812436342239e-03,4.744850739371031523e-04,8.437365177087485790e-04
-1.121266861446201801e-03,7.597044706344604492e-01,6.310330629348754883e-01,5.577615499496459961e-01,8.612642884254455566e-01,9.584184288978576660e-01,2.822594642639160156e-01,7.668640017509460449e-01,1.862891167402267456e-01,2.699566185474395752e-01,9.242645651102066040e-02,1.362448930740356445e-02,2.940262667834758759e-02,3.926276043057441711e-02,1.975999400019645691e-02,9.765747003257274628e-03,4.859176650643348694e-02,2.953565446659922600e-03,4.700406640768051147e-02,1.279923319816589355e-02
-2.677614567801356316e-03,2.366777742281556129e-03,1.182461506687104702e-03,-1.214649528264999390e-03,-1.198570011183619499e-03,-4.385271575301885605e-03,5.783319473266601562e-03,1.799389906227588654e-02,4.122581332921981812e-03,2.510455437004566193e-02,8.083420991897583008e-01,8.631666898727416992e-01,9.436131119728088379e-01,9.703432321548461914e-01,7.804056406021118164e-01,-1.824780367314815521e-02,-2.245489507913589478e-02,9.656102657318115234e-01,9.246268868446350098e-01,5.308028776198625565e-03
4.446634091436862946e-03,1.804718561470508575e-02,2.149124071002006531e-02,8.486439473927021027e-03,3.291226923465728760e-02,1.364918425679206848e-02,6.291127763688564301e-03,2.913789078593254089e-02,1.827456988394260406e-02,3.141347691416740417e-02,-7.688484154641628265e-03,6.496746558696031570e-03,-2.589735668152570724e-03,6.037235260009765625e-03,-4.951277282088994980e-03,-2.360642887651920319e-03,5.577801261097192764e-03,1.404272625222802162e-04,9.878165721893310547e-01,4.855637380387634039e-04
-1.390043064020574093e-03,-7.647417020052671432e-03,8.641690947115421295e-03,8.832382969558238983e-03,-1.218009856529533863e-04,4.375073127448558807e-03,-1.566235558129847050e-03,4.329349473118782043e-02,-9.603894315659999847e-03,7.361736297607421875e-01,8.582174032926559448e-02,2.647527493536472321e-02,1.375642269849777222e-01,9.896618872880935669e-02,7.030062261037528515e-04,-2.570311538875102997e-03,-5.078453570604324341e-03,4.539889749139547348e-03,-2.648963592946529388e-03,8.853704784996807575e-04
9.576786309480667114e-02,8.056586384773254395e-01,7.019081618636846542e-03,8.829123377799987793e-01,7.020492553710937500e-01,9.951887130737304688e-01,-2.179533243179321289e-03,7.786781191825866699e-01,-8.104879409074783325e-03,6.746461987495422363e-01,6.806778721511363983e-03,-1.230063010007143021e-02,9.472633711993694305e-03,-1.019708346575498581e-02,-3.759494516998529434e-03,-8.083833381533622742e-03,1.456419937312602997e-02,-5.058054346591234207e-03,4.821379203349351883e-03,-5.775103811174631119e-03
5.070393090136349201e-04,2.192484680563211441e-03,-8.771735010668635368e-04,6.414039060473442078e-03,5.763696506619453430e-03,-4.287621413823217154e-04,-2.299155807122588158e-03,1.217080559581518173e-02,-5.047573242336511612e-03,7.756823301315307617e-02,8.632485270500183105e-01,7.671654224395751953e-01,8.036367893218994141e-01,8.969419002532958984e-01,-3.777268575504422188e-03,-2.689181710593402386e-04,-4.795027431100606918e-03,-1.119272876530885696e-02,-3.935465123504400253e-03,9.901205776259303093e-04
-1.575329108163714409e-03,7.899356484413146973e-01,7.070191502571105957e-01,7.906957268714904785e-01,6.007608175277709961e-01,4.937879145145416260e-01,3.972738683223724365e-01,8.816736936569213867e-01,5.878391265869140625e-01,7.947444319725036621e-01,1.476639788597822189e-02,-2.271437551826238632e-03,4.204479511827230453e-03,1.135933026671409607e-02,7.412481587380170822e-03,4.447386134415864944e-03,9.917618706822395325e-03,-1.196560915559530258e-03,7.090345490723848343e-03,-7.529899594374001026e-04
9.749260544776916504e-02,7.605459094047546387e-01,6.678631901741027832e-01,7.214066386222839355e-02,5.561714172363281250e-01,-7.403797935694456100e-03,-3.710728604346513748e-03,1.395363509654998779e-01,-1.414748094975948334e-02,8.098006844520568848e-01,5.852159857749938965e-02,-1.635108375921845436e-03,1.288276072591543198e-02,2.952736988663673401e-02,2.239906229078769684e-02,-2.510459162294864655e-03,1.894590444862842560e-02,1.613167487084865570e-02,1.709201373159885406e-02,8.164377504726871848e-05
-1.555558701511472464e-04,3.735726699233055115e-02,4.451672732830047607e-02,6.844057142734527588e-02,3.469723090529441833e-02,2.000006474554538727e-02,1.427637971937656403e-02,7.102473825216293335e-02,4.075087234377861023e-02,9.191168099641799927e-02,7.668197154998779297e-01,-1.117033511400222778e-02,-2.830867888405919075e-03,-5.732179619371891022e-03,8.370855450630187988e-02,1.664983779191970825e-01,3.449909985065460205e-01,6.988011766225099564e-03,2.562288045883178711e-01,-4.505122778937220573e-04
-2.869955264031887054e-03,-8.822570554912090302e-03,-4.035475198179483414e-03,-7.873066700994968414e-03,-1.219309400767087936e-03,-5.950241349637508392e-03,-7.307762862183153629e-04,-1.492068544030189514e-02,-7.797466823831200600e-04,-1.371993217617273331e-03,1.010682344436645508e+00,1.003594279289245605e+00,1.003582477569580078e+00,9.933542609214782715e-01,1.008030652999877930e+00,1.004649996757507324e+00,1.001669406890869141e+00,2.965147141367197037e-03,9.939725399017333984e-01,4.457022063434123993e-03
2.243835711851716042e-03,7.735573220998048782e-03,5.065570473670959473e-01,1.012058138847351074e+00,8.125602602958679199e-01,1.006224155426025391e+00,8.332254365086555481e-03,1.014239430427551270e+00,1.009560346603393555e+00,7.137157917022705078e-01,3.654639935120940208e-03,1.243095495738089085e-03,-1.205768249928951263e-02,-6.005803588777780533e-03,2.114718779921531677e-03,4.477674607187509537e-03,-3.487102920189499855e-03,-1.830444671213626862e-03,-5.044787656515836716e-03,9.456148109165951610e-05
-4.169450839981436729e-04,3.594732657074928284e-02,9.595069885253906250e-01,9.773731827735900879e-01,9.869632124900817871e-01,9.975846409797668457e-01,7.285100407898426056e-03,7.037116885185241699e-01,2.023168653249740601e-02,8.993426561355590820e-01,-2.187778986990451813e-02,1.747833157423883677e-04,-1.405030395835638046e-02,-1.315545197576284409e-02,-6.327323615550994873e-03,-2.164586912840604782e-03,-1.857935450971126556e-03,-1.158860250143334270e-04,-6.555314757861196995e-05,1.908071135403588414e-04
-9.135797736234962940e-04,-2.254467981401830912e-04,7.375685870647430420e-02,4.840748384594917297e-02,4.256700165569782257e-03,3.024995559826493263e-03,-2.917116275057196617e-03,7.416558265686035156e-02,-8.574633859097957611e-03,3.594348952174186707e-02,-7.332988549023866653e-03,1.017477549612522125e-02,-1.904704491607844830e-03,3.691748715937137604e-03,1.846036524511873722e-03,-2.334778895601630211e-03,-5.453665275126695633e-03,1.194097567349672318e-03,3.272886388003826141e-03,2.409450244158506393e-03
-1.100468682125210762e-03,5.800917744636535645e-03,2.974893748760223389e-01,6.987528204917907715e-01,5.690752267837524414e-01,-6.066396832466125488e-03,-1.222323859110474586e-03,6.656758189201354980e-01,-8.245524019002914429e-03,7.439289093017578125e-01,4.221363365650177002e-02,2.042772248387336731e-02,1.841474510729312897e-02,2.010145410895347595e-02,1.852301135659217834e-02,-3.266478655859827995e-03,2.277697436511516571e-03,3.980330657213926315e-04,-8.258938789367675781e-03,3.063248237594962120e-03
3.701013280078768730e-03,6.021835841238498688e-03,-2.678289543837308884e-03,3.609204664826393127e-03,7.703383453190326691e-04,4.298054147511720657e-03,9.696409688331186771e-04,-1.720969006419181824e-02,1.255416218191385269e-02,-3.859445219859480858e-03,8.341507315635681152e-01,2.345114946365356445e-01,3.322561979293823242e-01,1.017693132162094116e-01,6.313474774360656738e-01,3.581286221742630005e-02,4.828018322587013245e-02,8.253141306340694427e-03,-1.290524727664887905e-03,7.133639454841613770e-01
-1.013211812824010849e-02,-6.684663821943104267e-04,-1.408768352121114731e-02,-1.210462581366300583e-02,4.957888275384902954e-03,2.204515039920806885e-02,-7.056901231408119202e-04,1.275069080293178558e-04,-1.209801435470581055e-02,-8.662478066980838776e-03,8.737164735794067383e-01,6.932797431945800781e-01,7.010705471038818359e-01,9.574850201606750488e-01,7.584618330001831055e-01,-7.366113364696502686e-03,7.229877114295959473e-01,1.793287694454193115e-01,6.585235241800546646e-03,2.215480897575616837e-03
7.788393413648009300e-04,2.368976594880223274e-03,5.256412550806999207e-03,-6.108616944402456284e-03,3.750414820387959480e-03,7.755584083497524261e-03,8.128502522595226765e-04,1.905346848070621490e-02,3.569115186110138893e-03,-5.195863079279661179e-03,9.671645164489746094e-01,2.955181598663330078e-01,9.733287617564201355e-03,-1.428466639481484890e-03,7.033226490020751953e-01,2.225513942539691925e-02,1.807590574026107788e-02,5.940201282501220703e-01,-1.247654436156153679e-04,8.054451942443847656e-01
-1.878297771327197552e-04,-2.508481265977025032e-04,1.162355579435825348e-02,1.656362321227788925e-03,5.015399307012557983e-03,1.732005923986434937e-02,1.282505691051483154e-03,8.757293224334716797e-03,4.742364864796400070e-03,5.226803012192249298e-03,8.938472867012023926e-01,3.007798492908477783e-01,1.056751236319541931e-01,1.981214731931686401e-01,3.943381607532501221e-01,1.026938706636428833e-01,7.028437852859497070e-01,1.926610767841339111e-01,6.976767182350158691e-01,1.990417838096618652e-01
-2.171313157305121422e-03,7.981860637664794922e-01,9.973368048667907715e-01,9.773634076118469238e-01,9.800233244895935059e-01,9.931812882423400879e-01,5.953241586685180664e-01,6.989882588386535645e-01,4.013279676437377930e-01,8.726066350936889648e-01,1.317801512777805328e-02,4.922304768115282059e-03,4.924050532281398773e-03,5.341738462448120117e-03,9.217193350195884705e-03,-2.075224649161100388e-03,1.134691480547189713e-02,-5.725449882447719574e-04,5.463832989335060120e-03,-1.593063352629542351e-04
-1.501711318269371986e-03,-9.986319579184055328e-03,9.857065044343471527e-03,-6.646285299211740494e-03,2.404504688456654549e-03,-1.201553619466722012e-03,-1.840731274569407105e-04,6.523661017417907715e-01,1.501321792602539062e-03,8.123674392700195312e-01,1.910267281346023083e-03,3.503483952954411507e-03,-3.071259474381804466e-03,-3.740222891792654991e-03,6.529354141093790531e-04,-1.820693141780793667e-03,-1.788739464245736599e-03,-2.179944887757301331e-03,-1.449349685572087765e-03,7.559083751402795315e-04
-7.064195233397185802e-04,8.140486665070056915e-03,5.420088768005371094e-01,8.212865330278873444e-03,1.880927942693233490e-02,1.011458877474069595e-02,-5.933616310358047485e-03,1.658611744642257690e-01,-4.294196842238306999e-04,4.226985573768615723e-01,1.350145414471626282e-02,1.271394919604063034e-02,6.837318651378154755e-03,8.480103686451911926e-03,-7.590474560856819153e-04,7.918889634311199188e-03,3.191014111507683992e-04,1.300546340644359589e-03,-2.422783756628632545e-03,-1.886251498945057392e-03
9.178493171930313110e-02,7.921172976493835449e-01,7.964412569999694824e-01,6.851795911788940430e-01,5.891793966293334961e-01,8.995886445045471191e-01,1.957862228155136108e-01,7.607612013816833496e-01,2.957302927970886230e-01,7.838273644447326660e-01,4.234344512224197388e-02,1.241574250161647797e-02,2.102134190499782562e-02,2.197977900505065918e-02,3.573961928486824036e-02,1.444188877940177917e-02,2.551846206188201904e-02,1.038271095603704453e-02,1.853354275226593018e-02,4.259688314050436020e-03
-1.293931389227509499e-03,-3.389878664165735245e-03,8.482040720991790295e-04,1.068895123898983002e-02,-5.497446749359369278e-03,-1.207469683140516281e-02,-2.843857044354081154e-03,7.912302017211914062e-01,-2.352605108171701431e-03,6.828300952911376953e-01,1.845335587859153748e-02,2.896558260545134544e-03,1.163791585713624954e-02,2.972085028886795044e-02,7.863832637667655945e-03,-1.784670632332563400e-03,-1.864365476649254560e-04,-5.825274856761097908e-04,-3.023610333912074566e-04,-5.054062348790466785e-04
-3.262831887695938349e-04,-1.126026641577482224e-02,-2.272978657856583595e-03,-1.094395629479549825e-04,1.561981253325939178e-02,6.818298716098070145e-03,4.170987289398908615e-03,-8.326573297381401062e-03,-3.948914352804422379e-03,6.370965391397476196e-03,1.003630757331848145e+00,4.907508846372365952e-03,6.532876938581466675e-02,8.052813820540904999e-03,5.857584476470947266e-01,1.001764059066772461e+00,1.012016057968139648e+00,-1.197800273075699806e-03,1.007844567298889160e+00,8.105127215385437012e-01
-4.323374887462705374e-04,9.910364151000976562e-01,9.712133407592773438e-01,7.937412261962890625e-01,9.860746264457702637e-01,3.202620719093829393e-04,6.431898218579590321e-04,8.911635726690292358e-02,3.128722077235579491e-03,5.020103454589843750e-01,-2.860762411728501320e-03,-4.823453724384307861e-03,9.591563604772090912e-03,6.077300058677792549e-04,-4.063080530613660812e-03,9.946549311280250549e-03,2.927081659436225891e-04,-8.926339796744287014e-04,4.291922319680452347e-03,2.067530840577092022e-05
-1.871975371614098549e-03,1.462122146040201187e-02,-7.991222664713859558e-04,-1.153933629393577576e-02,-1.481903484091162682e-03,-1.945829251781105995e-03,-1.548108644783496857e-03,-5.343252327293157578e-03,-8.996728807687759399e-03,-1.363436505198478699e-02,1.010292768478393555e+00,7.010667324066162109e-01,5.872060060501098633e-01,7.677052021026611328e-01,2.073478698730468750e-01,9.914396405220031738e-01,1.002730965614318848e+00,5.967912077903747559e-01,9.980003237724304199e-01,7.983691692352294922e-01
1.249639783054590225e-03,8.037644028663635254e-01,9.010675549507141113e-01,9.984617829322814941e-01,8.007372617721557617e-01,9.903687238693237305e-01,3.007405102252960205e-01,6.953675150871276855e-01,7.983785271644592285e-01,8.124402761459350586e-01,-5.580981727689504623e-03,-3.854723181575536728e-03,-1.056593260727822781e-03,-5.837962962687015533e-03,5.641115829348564148e-03,7.443790789693593979e-03,8.775133639574050903e-03,4.305021371692419052e-03,4.078570636920630932e-04,3.073458792641758919e-03
-1.040175324305891991e-03,3.065861063078045845e-03,-1.646082848310470581e-03,-7.382296025753021240e-03,-2.360147424042224884e-03,-2.346306107938289642e-03,6.059549050405621529e-04,3.687795018777251244e-03,3.134215017780661583e-03,2.803829498589038849e-03,8.726168274879455566e-01,7.853465080261230469e-01,9.004553556442260742e-01,9.732527732849121094e-01,6.714084744453430176e-01,2.469210885465145111e-03,-9.744819253683090210e-03,7.891517281532287598e-01,-3.589340718463063240e-03,-2.617607126012444496e-03
3.517731325700879097e-03,-2.229610458016395569e-03,2.995939867105334997e-04,4.363793414086103439e-03,-5.799882579594850540e-03,5.614378489553928375e-03,1.287032663822174072e-02,1.170892827212810516e-02,7.642598357051610947e-03,2.144274488091468811e-02,8.927181363105773926e-01,8.367323316633701324e-03,1.816954761743545532e-01,3.887426257133483887e-01,2.903022170066833496e-01,7.086130380630493164e-01,7.205570936203002930e-01,2.976669967174530029e-01,7.967236042022705078e-01,9.474369138479232788e-02
4.466658923774957657e-03,1.225777994841337204e-02,1.288939733058214188e-02,1.905727945268154144e-02,1.969144493341445923e-02,1.748232170939445496e-02,-1.164552522823214531e-03,2.328460477292537689e-02,-8.760504424571990967e-03,1.397974323481321335e-02,-1.049097068607807159e-02,-1.006669551134109497e-02,-4.514751955866813660e-03,-2.696045907214283943e-03,-1.135822944343090057e-02,-3.397030057385563850e-03,1.898434013128280640e-01,-2.479045651853084564e-03,6.791004538536071777e-01,4.089265130460262299e-04
2.577068982645869255e-03,-1.178901642560958862e-03,1.301794894970953465e-03,-1.470870245248079300e-02,-9.869455359876155853e-03,1.339354459196329117e-02,2.158228307962417603e-03,1.491840556263923645e-02,4.185844212770462036e-03,1.487883739173412323e-02,8.782449364662170410e-01,7.085121273994445801e-01,8.054756522178649902e-01,9.019779562950134277e-01,7.986399531364440918e-01,1.046674624085426331e-01,5.917280316352844238e-01,4.503140226006507874e-03,2.041075527667999268e-01,6.982081686146557331e-04
-1.771354349330067635e-03,6.262059323489665985e-04,-1.960397232323884964e-03,-3.873826703056693077e-03,-6.212461739778518677e-03,-5.119452718645334244e-03,-6.105002248659729958e-04,7.117263041436672211e-03,3.236428136005997658e-03,1.808591000735759735e-02,8.039662837982177734e-01,6.985890865325927734e-01,8.170688152313232422e-01,9.135131239891052246e-01,8.053618073463439941e-01,7.597961463034152985e-03,8.886860683560371399e-03,1.810044283047318459e-03,1.933176517486572266e-01,-2.840763190761208534e-04
1.852400135248899460e-03,-1.050553866662085056e-03,1.871759071946144104e-03,7.260998245328664780e-03,3.216044977307319641e-03,9.748755693435668945e-01,-1.363617600873112679e-03,4.736118018627166748e-01,4.909529387950897217e-01,6.909672021865844727e-01,1.809307746589183807e-02,1.030372176319360733e-02,1.185567770153284073e-02,1.669874228537082672e-02,1.316662691533565521e-02,1.527105341665446758e-04,-3.173262812197208405e-03,3.591576358303427696e-03,7.950783707201480865e-03,1.015055342577397823e-03
-2.124378224834799767e-03,-1.098657771944999695e-02,-1.403774018399417400e-03,3.660226473584771156e-03,-7.675004657357931137e-03,-3.882208140566945076e-03,-3.633796935901045799e-03,-5.355178378522396088e-03,-1.595655339770019054e-03,-7.422985974699258804e-03,8.330612182617187500e-01,7.076650261878967285e-01,7.877857089042663574e-01,9.792283177375793457e-01,8.108770847320556641e-01,9.772878885269165039e-01,9.699333906173706055e-01,2.674289280548691750e-03,5.335761234164237976e-03,-5.303327459841966629e-03
-1.222193008288741112e-03,9.767177104949951172e-01,1.000904917716979980e+00,9.852650165557861328e-01,9.768958687782287598e-01,2.054270915687084198e-02,1.403344701975584030e-02,1.714199408888816833e-02,7.376324851065874100e-03,9.711551070213317871e-01,-3.044330049306154251e-03,1.333436463028192520e-03,-1.183907443191856146e-04,-2.752518979832530022e-03,-2.717050723731517792e-03,-7.559353485703468323e-03,-1.012106705456972122e-02,-6.384932930814102292e-05,-4.563565365970134735e-03,5.940909613855183125e-04
-1.593912136740982533e-03,-5.972165381535887718e-04,-1.110728643834590912e-02,-6.581461988389492035e-03,-1.999765867367386818e-03,-1.803967985324561596e-03,-4.393520765006542206e-03,1.786286681890487671e-01,-6.025899667292833328e-03,6.252811551094055176e-01,1.083083525300025940e-01,5.492244288325309753e-02,6.164742261171340942e-02,5.468726903200149536e-02,8.081927895545959473e-03,1.127449213527143002e-03,-4.564503615256398916e-04,2.755298279225826263e-02,3.388873767107725143e-03,1.013179644360207021e-04
1.224617590196430683e-04,2.162617165595293045e-03,2.356819342821836472e-03,-1.329755503684282303e-02,-7.381303235888481140e-03,-2.838407643139362335e-03,3.648104844614863396e-03,7.181675639003515244e-03,-5.162951070815324783e-03,-3.648627782240509987e-03,9.854367971420288086e-01,9.872952103614807129e-01,9.864879250526428223e-01,9.816212654113769531e-01,9.794197678565979004e-01,9.993870258331298828e-01,1.002198100090026855e+00,6.933940649032592773e-01,9.982941150665283203e-01,9.927467703819274902e-01
2.810294032096862793e-01,7.999359816312789917e-02,6.523603107780218124e-03,1.114279031753540039e-01,9.933035373687744141e-01,4.896319471299648285e-03,-5.657919682562351227e-04,-7.917234674096107483e-03,-8.668835274875164032e-03,6.644469499588012695e-01,6.286636739969253540e-02,3.349244594573974609e-03,2.417638897895812988e-03,8.789422921836376190e-03,-2.179558854550123215e-03,4.799171350896358490e-03,-7.627328392118215561e-03,1.506823953241109848e-02,1.932473038323223591e-03,-1.931795268319547176e-04
-4.316326230764389038e-03,6.650906521826982498e-03,-3.210311115253716707e-04,2.569573232904076576e-03,2.164298109710216522e-02,8.073818869888782501e-03,9.783539921045303345e-03,1.776855997741222382e-02,5.148884840309619904e-03,2.149122394621372223e-02,8.808953762054443359e-01,6.665555238723754883e-01,7.844877839088439941e-01,7.124896049499511719e-01,3.555726110935211182e-01,-2.617226447910070419e-03,2.215130021795630455e-03,-2.496891887858510017e-03,1.860331045463681221e-03,1.649298937991261482e-04
1.583997975103557110e-03,1.385939493775367737e-02,2.274092845618724823e-02,3.356958925724029541e-02,2.388251945376396179e-02,5.983105394989252090e-03,8.603325113654136658e-03,4.517395794391632080e-02,8.096074685454368591e-03,2.736397460103034973e-02,9.302639961242675781e-01,3.567610383033752441e-01,4.457586705684661865e-01,2.558523714542388916e-01,8.870102465152740479e-02,-6.033250596374273300e-03,-1.046194694936275482e-03,1.905051469802856445e-01,-3.823470789939165115e-03,5.049870349466800690e-03
3.373273939359933138e-04,2.593498909845948219e-03,1.857130904681980610e-03,8.987916633486747742e-03,9.958521127700805664e-01,9.946418404579162598e-01,4.270928329788148403e-04,6.879987716674804688e-01,-2.699857577681541443e-03,2.722701989114284515e-02,2.201241441071033478e-03,-7.090686704032123089e-04,-4.660726990550756454e-03,1.525125233456492424e-03,-1.106137037277221680e-02,-8.243435062468051910e-03,1.708799274638295174e-03,5.021517630666494370e-03,-8.226500824093818665e-03,2.079969272017478943e-03
-8.811831357888877392e-04,6.971537470817565918e-01,6.061947345733642578e-01,7.856416702270507812e-01,6.019990444183349609e-01,1.078920345753431320e-02,5.188967566937208176e-03,6.956989169120788574e-01,1.425369642674922943e-02,7.903259992599487305e-01,9.561480954289436340e-03,2.597566926851868629e-03,2.886801958084106445e-03,-2.480997471138834953e-03,2.920055761933326721e-03,1.834053546190261841e-02,6.807238329201936722e-03,2.699060831218957901e-03,1.200747210532426834e-03,2.562810666859149933e-03
-7.260707789100706577e-04,5.559525918215513229e-03,-2.509005833417177200e-03,4.096839204430580139e-02,3.649627789855003357e-03,7.496519479900598526e-03,-4.492665175348520279e-03,1.130072120577096939e-02,5.112272221595048904e-03,2.517201006412506104e-02,9.871789216995239258e-01,9.928776621818542480e-01,9.887830615043640137e-01,8.790759369730949402e-03,9.822420477867126465e-01,9.912723302841186523e-01,9.803076386451721191e-01,5.043973797000944614e-04,9.910403490066528320e-01,-1.682176953181624413e-03
2.140091964974999428e-04,-5.521431565284729004e-03,1.244279090315103531e-02,4.410277307033538818e-01,7.915663719177246094e-02,9.976146817207336426e-01,-7.989217527210712433e-03,3.244794532656669617e-02,-6.316539365798234940e-03,7.210004329681396484e-01,-1.848648861050605774e-02,-1.969313062727451324e-02,-3.144730627536773682e-02,-1.242791488766670227e-02,1.437529362738132477e-02,-4.441726952791213989e-03,-9.090738371014595032e-03,-5.066922400146722794e-03,-3.159956773743033409e-03,-9.136898443102836609e-04
2.883357228711247444e-03,-1.127288269344717264e-04,-2.242757240310311317e-03,9.343825578689575195e-01,8.468075655400753021e-03,1.360592059791088104e-02,-2.092912764055654407e-04,1.487953402101993561e-02,7.423387840390205383e-03,6.772312521934509277e-01,3.490253537893295288e-02,5.082129500806331635e-03,6.797845941036939621e-03,-6.939075537957251072e-04,-2.195946406573057175e-03,-3.187865018844604492e-03,-3.253351431339979172e-03,2.302737673744559288e-03,-1.069810008630156517e-03,9.452750673517584801e-04
3.077752626268193126e-05,3.756651282310485840e-02,4.896857962012290955e-02,2.417143620550632477e-02,1.781334169209003448e-02,3.388370200991630554e-02,3.674747422337532043e-03,3.519716858863830566e-02,1.019634306430816650e-02,7.527633756399154663e-02,7.989232540130615234e-01,-6.457220762968063354e-03,-7.157502695918083191e-03,6.156971454620361328e-01,1.605422794818878174e-01,-1.171714439988136292e-02,4.318358004093170166e-01,6.571558117866516113e-01,2.341755181550979614e-01,3.329554747324436903e-04
-7.847790257073938847e-04,7.984616756439208984e-01,7.082280516624450684e-01,7.147529125213623047e-01,7.021379470825195312e-01,4.816459119319915771e-01,2.851488590240478516e-01,7.949725985527038574e-01,5.791999101638793945e-01,7.203829884529113770e-01,2.576266601681709290e-02,-1.272696442902088165e-02,-4.402319900691509247e-03,-1.588448695838451385e-02,-3.468983573839068413e-03,-1.319983508437871933e-03,-1.104928553104400635e-03,-3.215030301362276077e-03,4.808189813047647476e-03,-6.145942024886608124e-04
1.339050359092652798e-04,7.041877508163452148e-01,7.678676247596740723e-01,6.937054991722106934e-01,2.891882956027984619e-01,8.024361729621887207e-01,3.576284348964691162e-01,1.205870136618614197e-01,4.500857591629028320e-01,7.005294561386108398e-01,-2.236515097320079803e-02,1.608653576113283634e-03,-6.789119448512792587e-03,-3.222677391022443771e-03,4.890257492661476135e-03,-3.738572122529149055e-03,6.112465634942054749e-03,5.567564163357019424e-03,1.390155870467424393e-02,-2.091804053634405136e-03
1.183360582217574120e-03,1.241785846650600433e-02,6.000816356390714645e-03,9.766754508018493652e-01,5.003889203071594238e-01,9.921260476112365723e-01,9.879538556560873985e-04,9.945198297500610352e-01,5.020919442176818848e-01,9.825177788734436035e-01,1.278204098343849182e-02,1.226550992578268051e-02,1.821050047874450684e-02,-3.788394620642066002e-03,8.696311153471469879e-03,-3.805475542321801186e-03,2.139316126704216003e-02,-7.031735964119434357e-03,1.048752106726169586e-02,-1.723457127809524536e-03
-1.609821920283138752e-04,2.034225314855575562e-01,7.023426890373229980e-01,8.102638125419616699e-01,9.130981564521789551e-01,4.337707534432411194e-03,6.000125315040349960e-03,5.983312726020812988e-01,1.887868158519268036e-02,8.036182522773742676e-01,-7.752690929919481277e-03,-1.071661338210105896e-02,2.457036171108484268e-03,3.125264076516032219e-03,-1.811454421840608120e-03,3.844853257760405540e-03,-2.198944566771388054e-03,-1.019243034534156322e-03,6.333874072879552841e-03,5.830687005072832108e-04
8.884221315383911133e-04,1.565298251807689667e-02,1.098807435482740402e-02,3.388564661145210266e-02,-8.823061361908912659e-03,-5.956459324806928635e-03,1.286541693843901157e-03,1.785006187856197357e-02,-4.874727223068475723e-03,-4.907087422907352448e-03,1.006262302398681641e+00,5.019662976264953613e-01,5.023564696311950684e-01,7.753539364784955978e-03,5.088465809822082520e-01,9.868700504302978516e-01,9.733163118362426758e-01,2.028740942478179932e-03,9.757205843925476074e-01,-2.572657307609915733e-03
-2.001303219003602862e-04,8.062097430229187012e-01,7.294735908508300781e-01,9.253112673759460449e-01,8.811470270156860352e-01,9.943655133247375488e-01,1.023467443883419037e-02,7.835211753845214844e-01,6.952455043792724609e-01,8.967128396034240723e-01,3.828522516414523125e-03,3.691175719723105431e-03,4.033092875033617020e-03,5.666800308972597122e-03,2.214019652456045151e-03,-1.846974482759833336e-03,-3.052447224035859108e-03,1.046145334839820862e-04,-9.552901028655469418e-04,-6.337591912597417831e-04
4.297267005313187838e-04,3.552992828190326691e-03,-3.794424235820770264e-03,-1.021532807499170303e-03,9.861690402030944824e-01,5.629889201372861862e-04,1.763795735314488411e-03,7.839273810386657715e-01,7.277989643625915051e-04,6.047812700271606445e-01,1.659292727708816528e-02,1.421921048313379288e-02,9.948947466909885406e-03,2.842769259586930275e-03,9.081907570362091064e-03,1.067168544977903366e-02,1.617644913494586945e-02,-2.805617172271013260e-03,1.360781956464052200e-02,-9.261837112717330456e-04
1.272084191441535950e-03,3.843293525278568268e-03,7.760251760482788086e-01,6.960242390632629395e-01,6.825824975967407227e-01,9.792556762695312500e-01,4.912210404872894287e-01,7.876608967781066895e-01,6.009610891342163086e-01,6.806987524032592773e-01,5.348213016986846924e-03,-8.418900892138481140e-03,6.403337232768535614e-03,2.228007651865482330e-02,7.055500987917184830e-03,3.577207215130329132e-03,1.531875133514404297e-02,5.025569815188646317e-03,1.094555668532848358e-02,-3.435903694480657578e-03
2.934963209554553032e-03,-8.576375548727810383e-04,4.793610572814941406e-01,5.685229301452636719e-01,2.802679538726806641e-01,1.076541189104318619e-02,2.918654587119817734e-03,-3.548753215000033379e-03,-1.925973570905625820e-03,6.688034534454345703e-01,3.331195563077926636e-02,8.054924197494983673e-03,7.494664285331964493e-03,-1.026874291710555553e-03,7.458035368472337723e-03,9.348566643893718719e-03,8.517285808920860291e-03,-1.274382113479077816e-03,1.283731218427419662e-02,-8.710526744835078716e-04
-1.442170469090342522e-03,-4.724707454442977905e-03,-1.653966959565877914e-03,-1.016906555742025375e-02,-1.140856556594371796e-02,-1.063707098364830017e-02,7.313245441764593124e-04,5.724202096462249756e-02,-4.592010751366615295e-03,3.908293694257736206e-02,9.144017100334167480e-01,9.271058440208435059e-01,9.073235392570495605e-01,9.386330842971801758e-01,6.894636750221252441e-01,7.297559976577758789e-01,7.471123337745666504e-01,4.949400424957275391e-01,4.468400478363037109e-01,1.779159009456634521e-01
2.845477429218590260e-04,9.826973080635070801e-01,9.606138467788696289e-01,6.925324797630310059e-01,5.984170436859130859e-01,4.806455671787261963e-01,4.892612397670745850e-01,7.831644415855407715e-01,5.778486132621765137e-01,6.865997910499572754e-01,-6.037781480699777603e-03,-9.575667791068553925e-03,-1.136172935366630554e-02,-6.061355583369731903e-03,6.891718599945306778e-03,-1.416230108588933945e-03,-3.837538417428731918e-03,1.508068758994340897e-03,-1.066960976459085941e-03,3.579138428904116154e-04
-1.659629924688488245e-05,2.041610423475503922e-03,-4.746478516608476639e-03,2.503631170839071274e-03,-1.933255582116544247e-03,2.613988472148776054e-03,1.027530990540981293e-02,-7.892424473538994789e-04,1.020055636763572693e-02,4.988538101315498352e-03,-1.229506824165582657e-02,7.593106944113969803e-03,7.365975528955459595e-03,2.889998955652117729e-03,9.897226095199584961e-01,2.276167273521423340e-03,9.885327816009521484e-01,6.966996192932128906e-01,9.962100982666015625e-01,-1.172851189039647579e-03
8.973164558410644531e-01,1.068975590169429779e-02,2.539441920816898346e-03,8.830834031105041504e-01,6.821019053459167480e-01,8.758282288908958435e-03,2.423830330371856689e-03,2.860112190246582031e-01,7.785540223121643066e-01,7.867547273635864258e-01,7.313631009310483932e-03,3.702245187014341354e-03,6.712404545396566391e-03,7.840648177079856396e-04,1.410107593983411789e-02,4.837380547542124987e-04,7.876282557845115662e-03,2.209094585850834846e-03,1.114892121404409409e-02,-2.263695700094103813e-03
9.388572722673416138e-02,9.215426445007324219e-02,1.887347400188446045e-01,7.814943790435791016e-01,6.883801817893981934e-01,5.769600626081228256e-03,4.914383403956890106e-03,2.696016132831573486e-01,6.913995742797851562e-01,4.870942533016204834e-01,2.500887587666511536e-02,2.201106585562229156e-02,1.030322909355163574e-02,-9.158000466413795948e-05,3.993968013674020767e-03,2.198550291359424591e-02,3.387370705604553223e-02,6.163312122225761414e-03,1.528274919837713242e-02,-2.450859756208956242e-04
9.975208668038249016e-04,7.936770915985107422e-01,8.930104970932006836e-01,8.081120252609252930e-01,6.941481828689575195e-01,5.030990242958068848e-01,2.975547909736633301e-01,7.882255315780639648e-01,6.814848780632019043e-01,7.906627058982849121e-01,3.567240387201309204e-02,-1.086279517039656639e-03,5.709270015358924866e-03,7.542763371020555496e-03,-1.389388344250619411e-03,2.264480106532573700e-03,-8.269679732620716095e-03,5.994645762257277966e-04,3.040990792214870453e-03,-1.600070507265627384e-03
2.786313882097601891e-03,3.696165233850479126e-02,3.977398946881294250e-02,7.696431279182434082e-01,2.900589704513549805e-01,1.135597471147775650e-02,1.042006444185972214e-02,1.147400587797164917e-02,1.578776910901069641e-02,3.972989320755004883e-01,1.058130431920289993e-02,-3.377882065251469612e-03,5.995198152959346771e-03,3.132212674245238304e-03,1.401184475980699062e-03,7.290504872798919678e-03,-1.166361384093761444e-03,-2.164735458791255951e-03,6.639040657319128513e-04,-7.074927270878106356e-05
6.966059299884364009e-05,-1.525191939435899258e-03,2.977649681270122528e-03,3.030588328838348389e-01,7.005741000175476074e-01,1.541880518198013306e-02,-4.168656654655933380e-03,2.268012240529060364e-02,-1.346511300653219223e-02,6.917871236801147461e-01,-1.874239998869597912e-03,-1.691324636340141296e-02,-9.985423646867275238e-03,-1.721165701746940613e-02,-9.021177887916564941e-03,1.241042371839284897e-02,-7.494315039366483688e-03,-5.414437502622604370e-03,4.632039461284875870e-03,2.238525310531258583e-03
-1.753692165948450565e-03,-3.777954494580626488e-03,-2.716327318921685219e-03,2.911783754825592041e-03,-4.594436846673488617e-03,3.520941827446222305e-03,3.612623782828450203e-03,2.264499664306640625e-02,9.118884918279945850e-05,9.400606155395507812e-03,9.878850579261779785e-01,9.956005215644836426e-01,9.901564717292785645e-01,9.891701936721801758e-01,9.861918687820434570e-01,7.693131192354485393e-05,1.505795517005026340e-03,3.513794392347335815e-03,4.958964884281158447e-03,-2.431573811918497086e-03
2.258504042401909828e-03,8.990801870822906494e-03,7.636825740337371826e-02,1.475093066692352295e-01,1.108209602534770966e-02,-4.958909470587968826e-03,9.204816888086497784e-04,5.008257180452346802e-02,-9.824610315263271332e-03,1.749155521392822266e-01,7.908945679664611816e-01,-5.606058053672313690e-03,-5.481314845383167267e-03,-3.154391888529062271e-03,-2.400897908955812454e-03,1.792979601304978132e-04,-4.778866190463304520e-03,8.890726603567600250e-03,3.763219108805060387e-03,-1.014461857266724110e-03
3.234237665310502052e-03,4.388276021927595139e-03,1.330103073269128799e-02,1.494763232767581940e-02,1.465487293899059296e-02,-8.991989307105541229e-04,-3.424328751862049103e-03,1.702314056456089020e-02,6.423718761652708054e-03,3.447863832116127014e-02,8.806859850883483887e-01,1.893869787454605103e-01,9.723925590515136719e-02,2.905159294605255127e-01,4.968355000019073486e-01,8.768188767135143280e-03,6.071076262742280960e-03,1.502261264249682426e-03,9.742523543536663055e-03,-3.265152918174862862e-05
1.806347572710365057e-04,1.433831872418522835e-03,-6.101051345467567444e-03,1.094702817499637604e-02,8.151995018124580383e-03,2.714403672143816948e-04,3.171025542542338371e-03,-5.638254806399345398e-03,4.103541839867830276e-03,-3.382737282663583755e-03,7.926290035247802734e-01,3.624991746619343758e-03,9.866834282875061035e-01,1.834788359701633453e-02,2.273282967507839203e-02,7.990176677703857422e-01,9.066990017890930176e-01,1.284933416172862053e-03,1.245730184018611908e-02,3.981512784957885742e-01
-7.765491027384996414e-04,7.783014774322509766e-01,8.756202459335327148e-01,8.801751732826232910e-01,5.951724052429199219e-01,4.873453974723815918e-01,3.001779615879058838e-01,6.912398338317871094e-01,5.855060815811157227e-01,8.037257194519042969e-01,1.005700556561350822e-03,-2.084915060549974442e-03,-4.639778751879930496e-03,-1.125113759189844131e-02,-6.337120663374662399e-03,-6.305747665464878082e-03,-3.831619396805763245e-03,-2.375774784013628960e-03,-4.885938484221696854e-03,-4.608352028299123049e-04
-4.004193760920315981e-04,8.182150721549987793e-01,9.096077680587768555e-01,9.110935926437377930e-01,7.075908184051513672e-01,4.908104240894317627e-01,3.917904198169708252e-01,5.824555158615112305e-01,6.981226801872253418e-01,7.935268878936767578e-01,-1.296709664165973663e-02,-2.005023881793022156e-03,-4.673993680626153946e-03,-2.282207831740379333e-03,3.893415443599224091e-03,4.715722985565662384e-03,-8.287382312119007111e-03,4.341901745647192001e-03,1.375705352984368801e-03,4.938433994539082050e-05
1.546864397823810577e-03,4.252525046467781067e-03,7.147553842514753342e-03,1.477256882935762405e-02,1.774121634662151337e-02,-4.366520792245864868e-03,-2.280237153172492981e-03,3.925757016986608505e-03,1.357347145676612854e-02,1.043129898607730865e-02,8.053597807884216309e-01,1.005834266543388367e-01,4.955667853355407715e-01,-8.565620519220829010e-04,6.988554000854492188e-01,5.436910316348075867e-03,4.952937066555023193e-01,2.565922215580940247e-03,7.392921485006809235e-03,2.726896898820996284e-03
1.742315478622913361e-02,2.810092642903327942e-02,8.107547461986541748e-02,8.417268097400665283e-02,6.128033995628356934e-02,-6.896661943756043911e-04,1.019374746829271317e-02,5.665278062224388123e-02,1.747179031372070312e-02,6.941757351160049438e-02,8.408001065254211426e-01,1.823519915342330933e-01,1.811609268188476562e-01,1.811417490243911743e-01,3.896382451057434082e-01,6.354691926389932632e-03,1.793641783297061920e-02,1.800645142793655396e-02,4.875081649515777826e-04,2.474671229720115662e-03
3.408375428989529610e-03,7.054273970425128937e-03,3.269292414188385010e-02,3.823332488536834717e-02,1.952626742422580719e-02,9.608624386601150036e-04,3.856752999126911163e-03,4.388925060629844666e-02,1.271706074476242065e-02,4.396207630634307861e-02,9.706323742866516113e-01,7.723296880722045898e-01,2.820329964160919189e-01,2.818046510219573975e-01,4.868564903736114502e-01,6.695845723152160645e-01,6.679589748382568359e-01,1.700316071510314941e-01,4.659923613071441650e-01,8.966853469610214233e-02
1.686025410890579224e-03,8.017887473106384277e-01,7.982937097549438477e-01,6.954233646392822266e-01,8.885216116905212402e-01,4.894865453243255615e-01,2.936850190162658691e-01,8.956134915351867676e-01,5.885138511657714844e-01,7.979465723037719727e-01,1.931176334619522095e-02,-4.297865089029073715e-03,3.807873465120792389e-03,-2.617939841002225876e-03,1.118916901759803295e-03,-3.416778286918997765e-03,2.513333165552467108e-04,2.728025661781430244e-03,-6.870079785585403442e-03,5.218748119659721851e-04
2.449856256134808064e-04,8.063359260559082031e-01,7.116329669952392578e-01,8.927621841430664062e-01,8.982251882553100586e-01,9.931578040122985840e-01,2.868568599224090576e-01,7.185463905334472656e-01,4.968321025371551514e-01,8.093087077140808105e-01,2.937888260930776596e-03,1.465439214371144772e-03,-3.935607615858316422e-03,-8.853332139551639557e-03,3.980080131441354752e-03,-9.223720058798789978e-03,7.045888341963291168e-03,2.192559768445789814e-04,-5.573283415287733078e-04,-5.736391758546233177e-04
7.237324491143226624e-03,-6.215621717274188995e-03,-3.879876108840107918e-03,-4.648431204259395599e-03,7.462788838893175125e-03,-4.055972211062908173e-03,3.355336957611143589e-04,1.955555286258459091e-03,1.244735438376665115e-03,3.625153040047734976e-04,8.194911479949951172e-01,7.148472666740417480e-01,6.958434581756591797e-01,9.835540056228637695e-01,7.851206064224243164e-01,8.522818796336650848e-03,7.333948742598295212e-03,-1.994290156289935112e-03,-6.309244199655950069e-04,1.810348592698574066e-03
2.478678710758686066e-03,4.447499755769968033e-03,-2.071551419794559479e-02,1.416457910090684891e-02,2.969314577057957649e-03,-1.697885454632341862e-03,3.474780824035406113e-03,6.423753220587968826e-03,2.930026967078447342e-03,1.170125976204872131e-02,9.734964370727539062e-01,9.692739248275756836e-01,9.855091571807861328e-01,-4.156716167926788330e-03,1.897301673889160156e-01,9.839769601821899414e-01,9.849157929420471191e-01,4.623547196388244629e-03,9.829922318458557129e-01,1.068904181011021137e-03
1.177832367829978466e-03,1.738370768725872040e-02,1.864958368241786957e-02,2.363397628068923950e-01,9.964817166328430176e-01,3.093560691922903061e-03,-3.426224924623966217e-03,1.295373309403657913e-02,-2.131013199687004089e-03,7.073995471000671387e-01,-1.524529047310352325e-02,1.235414110124111176e-02,1.626141369342803955e-02,2.057173522189259529e-03,1.910704188048839569e-02,6.272515747696161270e-03,3.223214298486709595e-02,-5.794628057628870010e-03,-1.814375747926533222e-03,-2.253767015645280480e-04
8.250035461969673634e-04,1.061874907463788986e-02,7.873620986938476562e-01,6.870788335800170898e-01,9.042522311210632324e-01,1.447245944291353226e-02,3.632519859820604324e-03,4.968000110238790512e-03,9.114259853959083557e-03,7.007417082786560059e-01,-2.918430790305137634e-02,-1.027501188218593597e-02,-9.179924614727497101e-03,-1.305161323398351669e-02,-4.338958766311407089e-03,6.293084938079118729e-03,7.961421273648738861e-03,-6.989597808569669724e-03,4.667385364882647991e-04,4.265472525730729103e-04
8.879019878804683685e-04,7.917603850364685059e-01,8.022603988647460938e-01,9.030644297599792480e-01,6.924892067909240723e-01,1.000315785408020020e+00,3.938371241092681885e-01,5.882774591445922852e-01,6.966720819473266602e-01,2.040842473506927490e-01,2.953949943184852600e-02,4.117714241147041321e-03,-7.135557098081335425e-05,7.014650851488113403e-03,1.371676754206418991e-02,1.388329255860298872e-04,8.255597203969955444e-03,1.460671424865722656e-03,1.709687872789800167e-03,1.565480371937155724e-03
-1.986157149076461792e-03,3.805603773798793554e-04,-2.466773847118020058e-03,-1.142899971455335617e-02,-9.018599055707454681e-03,-2.512788632884621620e-03,-1.024277997203171253e-03,-1.311687100678682327e-02,1.507808337919414043e-03,2.121676225215196609e-03,9.931350350379943848e-01,8.942336440086364746e-01,8.657598495483398438e-01,9.103678464889526367e-01,5.306917428970336914e-01,4.923485517501831055e-01,7.809178233146667480e-01,-1.719192019663751125e-03,-7.340617943555116653e-03,9.020594358444213867e-01
-1.676892861723899841e-03,3.489664988592267036e-03,-3.790501737967133522e-03,3.891094587743282318e-03,3.362102434039115906e-03,-1.535295043140649796e-03,5.681922193616628647e-03,-1.100295456126332283e-03,-4.927817499265074730e-04,4.819168243557214737e-03,9.944068193435668945e-01,9.748527407646179199e-01,9.892216324806213379e-01,9.659473896026611328e-01,3.488225862383842468e-03,-5.079130176454782486e-03,-7.492898963391780853e-03,2.114415634423494339e-03,-7.875926792621612549e-03,-3.016726346686482430e-03
-6.705232226522639394e-05,7.923684716224670410e-01,6.952633261680603027e-01,7.890971302986145020e-01,6.010626554489135742e-01,4.861331582069396973e-01,3.988094329833984375e-01,7.006112337112426758e-01,7.901446819305419922e-01,2.025111615657806396e-01,4.379043355584144592e-03,4.615769721567630768e-04,1.331000006757676601e-03,1.256857649423182011e-03,2.175649628043174744e-03,3.519759280607104301e-03,-2.954375697299838066e-03,-7.127475109882652760e-04,-3.763921326026320457e-03,7.794523844495415688e-04
-3.345516975969076157e-03,7.116512060165405273e-01,8.036134243011474609e-01,8.949086070060729980e-01,7.923030257225036621e-01,5.000972747802734375e-01,4.120260775089263916e-01,7.062481641769409180e-01,5.105084776878356934e-01,7.970269322395324707e-01,9.788673371076583862e-03,5.090772174298763275e-03,3.441115142777562141e-03,7.026401814073324203e-03,-1.302723423577845097e-03,2.067538164556026459e-02,1.850599609315395355e-02,9.828802431002259254e-04,5.104131996631622314e-03,-3.322836710140109062e-04
2.601428655907511711e-03,7.882729172706604004e-01,9.925573468208312988e-01,9.101926684379577637e-01,9.816941618919372559e-01,9.953346252441406250e-01,6.952498555183410645e-01,7.101951241493225098e-01,6.014522314071655273e-01,7.908741831779479980e-01,1.535634044557809830e-02,-1.263378944713622332e-04,-5.012033972889184952e-03,-2.308979863300919533e-03,1.053293701261281967e-03,-3.204934764653444290e-03,4.755759611725807190e-03,2.310789423063397408e-03,5.064168013632297516e-03,-1.758201746270060539e-03
6.429354194551706314e-03,2.371234819293022156e-02,3.594646975398063660e-02,1.660320907831192017e-02,1.509989146143198013e-02,3.282843530178070068e-02,1.244867686182260513e-02,4.252291470766067505e-02,1.488874200731515884e-02,2.756212837994098663e-02,7.694565057754516602e-01,3.539809491485357285e-03,1.786767095327377319e-01,6.865087747573852539e-01,3.672346472740173340e-01,1.014488637447357178e-01,6.554181575775146484e-01,4.969929344952106476e-03,2.752926945686340332e-01,3.243869286961853504e-04
-3.492313044262118638e-05,-1.461425446905195713e-03,8.158981800079345703e-03,-3.831179114058613777e-03,-1.274668239057064056e-02,-3.345198696479201317e-03,2.026363741606473923e-03,1.977503707166761160e-04,1.173977972939610481e-03,-1.204919419251382351e-03,1.002568960189819336e+00,7.184244394302368164e-01,7.292045354843139648e-01,8.184718489646911621e-01,7.218033075332641602e-01,1.224987767636775970e-02,1.864735223352909088e-02,1.997854262590408325e-01,7.617784431204199791e-04,2.621701452881097794e-03
1.434711157344281673e-04,2.363417064771056175e-03,-3.068160498514771461e-03,1.777433045208454132e-02,7.443447113037109375e-01,9.799898266792297363e-01,-4.392765928059816360e-03,2.127663604915142059e-02,7.218852406367659569e-04,4.850195050239562988e-01,1.264360174536705017e-02,1.779022999107837677e-02,2.569363638758659363e-02,2.851250767707824707e-02,-1.709650084376335144e-02,-4.432168323546648026e-03,7.465418428182601929e-03,1.081885118037462234e-02,-9.665002115070819855e-03,9.014127776026725769e-03
5.401634145528078079e-03,5.328069906681776047e-03,-4.410408437252044678e-04,4.588714540004730225e-01,9.698718786239624023e-01,9.788847565650939941e-01,-1.479932572692632675e-03,1.114566624164581299e-02,-5.256236065179109573e-03,6.883195638656616211e-01,2.313650399446487427e-02,2.528009749948978424e-02,1.867100223898887634e-02,1.249263156205415726e-02,8.297841064631938934e-03,2.658306621015071869e-04,3.791329916566610336e-03,1.172981970012187958e-02,1.154306624084711075e-02,-1.954300561919808388e-03
5.403873696923255920e-02,7.474821805953979492e-01,8.394517302513122559e-01,8.387857079505920410e-01,9.925639629364013672e-01,4.937390983104705811e-01,4.955444931983947754e-01,7.465431094169616699e-01,5.914702415466308594e-01,8.370004892349243164e-01,1.087319850921630859e-02,-2.132920781150460243e-03,7.340899319387972355e-04,8.641035296022891998e-03,-9.687314741313457489e-05,1.103061018511652946e-03,-3.322792937979102135e-03,-7.492165314033627510e-04,-2.721450058743357658e-03,2.764158416539430618e-03
8.937953710556030273e-01,6.918392777442932129e-01,7.907453775405883789e-01,8.837929368019104004e-01,7.801369428634643555e-01,4.946060478687286377e-01,4.947728812694549561e-01,8.917268514633178711e-01,6.864605545997619629e-01,7.743619680404663086e-01,2.199148293584585190e-03,5.733640398830175400e-03,8.847083896398544312e-03,-4.127819556742906570e-05,2.456428483128547668e-03,2.737339586019515991e-03,2.326078712940216064e-03,6.830651778727769852e-03,8.336544968187808990e-03,1.160011743195354939e-03
-1.193688251078128815e-03,1.019356888718903065e-03,-1.814747578464448452e-03,1.428673602640628815e-02,-5.127580370754003525e-03,-5.197086371481418610e-03,3.590720298234373331e-04,4.819584265351295471e-02,5.764098837971687317e-03,3.065066970884799957e-02,9.389526844024658203e-01,4.650587141513824463e-01,4.844821393489837646e-01,9.380241036415100098e-01,-3.642477793619036674e-03,-3.884171601384878159e-03,1.741858723107725382e-04,2.828432014212012291e-03,3.839263692498207092e-03,-1.124419039115309715e-03
-1.768162008374929428e-03,2.791700363159179688e-01,2.220281213521957397e-01,6.977158784866333008e-01,5.867873430252075195e-01,-3.865478327497839928e-03,6.152727175503969193e-03,1.107447519898414612e-01,3.616515779867768288e-03,5.113685131072998047e-01,-2.627638354897499084e-02,-1.590310223400592804e-02,-1.772424019873142242e-02,-1.149557158350944519e-02,-1.865037716925144196e-02,-8.101419545710086823e-03,-1.585336402058601379e-02,-6.960849277675151825e-03,-3.778520273044705391e-03,1.135546015575528145e-03
3.980854451656341553e-01,8.071901798248291016e-01,7.994419336318969727e-01,6.967252492904663086e-01,8.895080685615539551e-01,2.716733887791633606e-02,1.278273388743400574e-02,6.727097034454345703e-01,2.005566284060478210e-02,6.982488632202148438e-01,9.103160351514816284e-03,-1.840046141296625137e-03,1.138682570308446884e-02,5.084182601422071457e-03,1.480982988141477108e-03,5.924821831285953522e-03,5.391807761043310165e-03,-7.189052179455757141e-03,1.539007062092423439e-03,4.394007381051778793e-03
8.112950599752366543e-04,8.543320931494235992e-03,1.373330969363451004e-02,2.988179922103881836e-01,2.522481232881546021e-02,9.799119234085083008e-01,1.945826970040798187e-02,4.030799318570643663e-04,2.466187812387943268e-02,7.836697697639465332e-01,-2.545766159892082214e-02,-2.645514905452728271e-04,-2.026719599962234497e-02,1.223776605911552906e-03,-6.980085745453834534e-03,-1.133443438448011875e-03,2.273954078555107117e-02,3.049612743780016899e-03,3.707973053678870201e-03,-1.746741589158773422e-03
4.717720730695873499e-04,7.369048427790403366e-03,1.316998898983001709e-02,9.580953978002071381e-03,9.920439720153808594e-01,1.536206691525876522e-03,-8.920928230509161949e-04,9.851912856101989746e-01,1.210774760693311691e-03,7.871755957603454590e-01,-6.465149577707052231e-03,-1.057276409119367599e-02,-1.132813468575477600e-02,-2.804552670568227768e-03,-1.015876606106758118e-02,-2.115299925208091736e-03,-7.030338514596223831e-03,-4.717023693956434727e-04,-2.290087286382913589e-03,-1.557818381115794182e-03
5.927994251251220703e-01,8.081403374671936035e-01,7.113919854164123535e-01,7.949634194374084473e-01,7.002124190330505371e-01,5.048750638961791992e-01,4.071669578552246094e-01,9.037740230560302734e-01,6.050255298614501953e-01,6.943166851997375488e-01,-2.425397001206874847e-02,-4.583279136568307877e-03,-1.366802863776683807e-02,-8.929106406867504120e-03,-1.316882437095046043e-03,-1.896947855129837990e-03,5.416838452219963074e-03,-5.170289659872651100e-04,-2.800717251375317574e-03,-6.989296525716781616e-05
-1.720989966997876763e-04,3.331372886896133423e-02,6.702979803085327148e-01,7.935655713081359863e-01,1.289850845932960510e-02,6.894129794090986252e-03,4.268100485205650330e-03,7.146886587142944336e-01,5.307234451174736023e-02,8.224997520446777344e-01,-1.594934053719043732e-02,-8.772384375333786011e-03,-2.243627049028873444e-02,-1.360751315951347351e-02,-2.010541735216975212e-03,-3.889097366482019424e-03,-2.219494199380278587e-03,-6.122105405665934086e-04,-2.217652508988976479e-03,-1.085250172764062881e-03
5.954878926277160645e-01,8.821099996566772461e-01,7.889176011085510254e-01,7.878197431564331055e-01,8.989517688751220703e-01,4.717989563941955566e-01,4.906124472618103027e-01,5.076748728752136230e-01,4.790033698081970215e-01,7.721102833747863770e-01,1.032356917858123779e-02,-2.705073915421962738e-03,-1.105222851037979126e-03,3.300330135971307755e-03,-7.252974319271743298e-04,1.432856661267578602e-03,2.677696524187922478e-03,-3.276172210462391376e-04,-3.242787905037403107e-03,-7.191518088802695274e-04
7.628931198269128799e-04,-4.527296870946884155e-03,-1.107357721775770187e-02,4.078165162354707718e-03,-5.581032484769821167e-03,-2.439578383928164840e-04,-3.809826681390404701e-03,-2.172159729525446892e-03,-8.086898014880716801e-05,-3.669941332191228867e-03,9.215753078460693359e-01,8.939887881278991699e-01,9.048174619674682617e-01,1.917117834091186523e-01,8.117108345031738281e-01,1.005433797836303711e+00,1.008070707321166992e+00,8.463522791862487793e-02,8.991535305976867676e-01,9.319266676902770996e-02
4.000865388661623001e-03,2.005615271627902985e-02,1.015308406203985214e-02,-2.690421883016824722e-03,-3.287111176177859306e-03,-8.653645403683185577e-03,-1.083512208424508572e-03,3.477938240393996239e-03,2.015866572037339211e-03,3.506474196910858154e-03,9.587486982345581055e-01,9.895896315574645996e-01,9.940399527549743652e-01,9.917922019958496094e-01,9.885808229446411133e-01,1.008864283561706543e+00,1.007880568504333496e+00,6.050467491149902344e-03,1.002569317817687988e+00,8.060768246650695801e-01
8.189982618205249310e-04,7.262080907821655273e-01,8.226280808448791504e-01,9.024115204811096191e-01,9.864982366561889648e-01,8.865020237863063812e-03,1.020126976072788239e-02,7.850283980369567871e-01,3.636335954070091248e-02,7.389713525772094727e-01,1.132372673600912094e-02,-2.605220070108771324e-03,-8.158608339726924896e-03,-8.439524099230766296e-03,-5.104463547468185425e-03,-3.056289395317435265e-03,-2.241364680230617523e-03,2.067676279693841934e-03,-1.475606462918221951e-03,-2.826939453370869160e-04
1.480583800002932549e-03,-2.408127067610621452e-03,-1.809538109228014946e-03,-5.412130616605281830e-03,7.507625967264175415e-03,6.921919062733650208e-03,2.167618367820978165e-03,-3.497069003060460091e-03,2.094953553751111031e-03,1.654171198606491089e-02,9.034585952758789062e-01,6.980974078178405762e-01,8.012218475341796875e-01,8.915292024612426758e-01,6.966866254806518555e-01,1.036900430917739868e-01,7.999232411384582520e-01,9.455906599760055542e-02,2.993424534797668457e-01,-2.988313324749469757e-03
-9.120419272221624851e-04,6.742436289787292480e-01,7.856182456016540527e-01,8.746811151504516602e-01,5.875325202941894531e-01,2.902891486883163452e-02,1.276198495179414749e-02,9.873894453048706055e-01,2.684682421386241913e-02,1.854833066463470459e-01,3.449622169137001038e-02,6.084062624722719193e-03,1.766936108469963074e-02,-3.408606164157390594e-03,1.126282569020986557e-02,1.813137717545032501e-02,1.562526635825634003e-02,4.409255459904670715e-03,1.598338969051837921e-02,6.418141536414623260e-03
-3.428021911531686783e-03,-3.773258766159415245e-03,-5.851452238857746124e-03,-1.807001233100891113e-02,-5.121592432260513306e-03,2.422868274152278900e-03,-2.846946939826011658e-03,1.587113179266452789e-02,-7.646794896572828293e-03,1.098185218870639801e-02,9.690048694610595703e-01,9.836018085479736328e-01,9.815835356712341309e-01,9.625887870788574219e-01,9.829072952270507812e-01,9.968455433845520020e-01,9.908252358436584473e-01,1.869074068963527679e-03,9.856251478195190430e-01,-5.967833567410707474e-04
-8.701065235072746873e-05,9.738863110542297363e-01,9.532791972160339355e-01,9.500175118446350098e-01,7.730737328529357910e-01,9.917106628417968750e-01,4.084277898073196411e-03,7.155292630195617676e-01,3.193756341934204102e-01,7.687927484512329102e-01,-8.889426477253437042e-03,4.181276541203260422e-03,3.787040710449218750e-03,5.505574401468038559e-03,2.774140797555446625e-03,4.726552404463291168e-03,8.683965541422367096e-03,-1.789415255188941956e-03,8.209325606003403664e-04,-6.429188069887459278e-04
1.000347957015037537e-01,8.931602239608764648e-01,8.957511782646179199e-01,7.983829379081726074e-01,9.025312066078186035e-01,1.007395744323730469e+00,3.034678101539611816e-01,8.854414224624633789e-01,7.973973155021667480e-01,9.027871489524841309e-01,-2.194063970819115639e-03,5.196640733629465103e-03,4.528820514678955078e-03,5.945787765085697174e-03,7.181533612310886383e-03,1.204845868051052094e-02,2.777074929326772690e-03,2.930231392383575439e-03,7.175697479397058487e-03,2.932327566668391228e-03
9.705455601215362549e-02,2.855637967586517334e-01,5.862047672271728516e-01,7.963707447052001953e-01,9.689545631408691406e-01,8.787018805742263794e-02,7.829634100198745728e-02,7.001627683639526367e-01,3.668670542538166046e-03,7.897945046424865723e-01,1.490765716880559921e-02,8.271474391222000122e-03,-6.895920727401971817e-03,-6.591535173356533051e-03,-1.659411587752401829e-03,5.854021757841110229e-03,6.043902598321437836e-03,-3.471568459644913673e-03,-9.501728927716612816e-04,-2.943781204521656036e-03
9.013989567756652832e-01,5.976125001907348633e-01,6.919369101524353027e-01,2.076991647481918335e-01,7.957028150558471680e-01,2.943398952484130859e-01,1.950971484184265137e-01,9.069891571998596191e-01,5.015090703964233398e-01,7.998744249343872070e-01,-7.702464703470468521e-03,-1.407951023429632187e-02,1.732984092086553574e-04,1.300091017037630081e-02,3.985607996582984924e-03,9.291246533393859863e-03,-3.154498524963855743e-03,-5.254376679658889771e-03,-4.602891858667135239e-03,-2.944774460047483444e-03
5.390843376517295837e-03,2.459600754082202911e-02,1.438221931457519531e-01,7.901085615158081055e-01,-4.886441864073276520e-03,4.277914762496948242e-03,9.656939073465764523e-04,8.955526351928710938e-01,-5.921080242842435837e-03,7.829350233078002930e-01,7.431419566273689270e-03,2.184331184253096581e-03,-1.465112552978098392e-03,-6.231875158846378326e-03,7.422997150570154190e-03,1.878133043646812439e-02,1.489455439150333405e-02,3.884407924488186836e-03,2.008599927648901939e-03,1.644372474402189255e-03
1.019102288410067558e-03,4.674415290355682373e-02,7.162645459175109863e-02,7.621338218450546265e-02,6.086943298578262329e-02,4.074318706989288330e-02,2.701460570096969604e-02,6.926579773426055908e-02,5.896641686558723450e-02,8.337505906820297241e-02,8.828409910202026367e-01,2.716673770919442177e-03,5.410458892583847046e-03,-1.502053637523204088e-04,4.116973839700222015e-03,1.667340099811553955e-02,1.788474433124065399e-02,2.361085498705506325e-03,8.839036338031291962e-03,4.310321994125843048e-03
7.476856559514999390e-02,-1.417505438439548016e-03,4.180823452770709991e-05,9.606260061264038086e-01,6.889728363603353500e-03,4.243226256221532822e-03,-3.492664080113172531e-03,1.918836496770381927e-02,-9.210277348756790161e-03,6.128288507461547852e-01,1.351093798875808716e-01,3.436636878177523613e-03,-3.993444144725799561e-03,-3.233305644243955612e-03,-2.561164321377873421e-03,-3.508771304041147232e-03,-6.598611827939748764e-03,1.738637499511241913e-02,2.254000864923000336e-04,3.540406469255685806e-04
-1.144068897701799870e-03,6.751959323883056641e-01,-2.486479701474308968e-03,-3.874257206916809082e-03,1.171596813946962357e-03,9.747560024261474609e-01,1.463234238326549530e-02,7.769995331764221191e-01,6.765995025634765625e-01,7.664799690246582031e-01,7.888147607445716858e-03,3.499669488519430161e-03,1.164559740573167801e-02,2.100874856114387512e-02,1.597172766923904419e-02,-4.460443742573261261e-03,1.727583445608615875e-02,3.090017708018422127e-04,-2.055841905530542135e-04,-3.500544233247637749e-03
8.791400492191314697e-02,3.671945538371801376e-03,6.664941310882568359e-01,6.452475190162658691e-01,5.421532988548278809e-01,-6.103632040321826935e-03,-4.072151146829128265e-03,2.708047926425933838e-01,-9.843720123171806335e-03,6.676275730133056641e-01,3.304009884595870972e-02,1.649669138714671135e-04,-1.022042240947484970e-02,1.551547087728977203e-02,6.632555276155471802e-03,5.072646774351596832e-03,1.454533264040946960e-02,1.752263307571411133e-02,8.482155390083789825e-03,3.471536561846733093e-03
8.743826183490455151e-04,-4.831708967685699463e-03,-7.300951052457094193e-03,5.527168046683073044e-03,-3.948466386646032333e-03,-9.703280404210090637e-03,-2.803929091896861792e-04,-2.915690653026103973e-03,-2.474753884598612785e-03,7.065056357532739639e-03,8.922393918037414551e-01,7.876767516136169434e-01,9.727809429168701172e-01,9.948169589042663574e-01,7.882443070411682129e-01,9.661282300949096680e-01,9.704537391662597656e-01,2.888609766960144043e-01,9.829428195953369141e-01,-1.602707197889685631e-03
1.013301312923431396e-02,9.743515849113464355e-01,9.210773706436157227e-01,9.318462014198303223e-01,9.874488711357116699e-01,4.506233334541320801e-01,2.937144227325916290e-02,4.791336357593536377e-01,2.924633957445621490e-02,9.710155725479125977e-01,4.240967705845832825e-02,3.228233428671956062e-03,7.538200821727514267e-03,-1.057075243443250656e-02,2.419816330075263977e-03,-1.341186580248177052e-03,-4.688384942710399628e-03,7.610915694385766983e-03,-7.791062816977500916e-04,-8.494063513353466988e-04
2.756571173667907715e-01,1.673604249954223633e-01,2.628931105136871338e-01,5.426548123359680176e-01,3.410514295101165771e-01,-7.901783101260662079e-03,-4.137343727052211761e-03,6.246361732482910156e-01,-5.819306708872318268e-03,-1.017099712044000626e-02,9.266520291566848755e-02,3.814761713147163391e-02,4.627957195043563843e-02,3.916187211871147156e-02,4.081826284527778625e-02,-6.594918668270111084e-03,3.164959838613867760e-03,2.144739404320716858e-02,7.321458309888839722e-03,1.361167058348655701e-02
1.547695137560367584e-03,8.056253790855407715e-01,8.925116658210754395e-01,8.986926674842834473e-01,7.946519851684570312e-01,4.872864782810211182e-01,2.988302409648895264e-01,1.148103028535842896e-01,2.895355820655822754e-01,1.031978130340576172e-01,2.646602317690849304e-02,-5.886227008886635303e-04,2.364647370995953679e-04,-5.075995810329914093e-03,1.645300362724810839e-04,1.139870006591081619e-02,1.249761879444122314e-02,4.327816888689994812e-03,5.818211939185857773e-03,-1.127616851590573788e-03
3.465756599325686693e-04,-4.463236778974533081e-03,1.247309963218867779e-03,-1.104139722883701324e-02,2.351487288251519203e-03,-4.280191846191883087e-03,-2.977418189402669668e-04,-9.361211210489273071e-03,-4.626326728612184525e-03,-9.904381819069385529e-03,9.088220596313476562e-01,7.075615525245666504e-01,7.994595170021057129e-01,9.046863913536071777e-01,7.101379036903381348e-01,1.213205698877573013e-02,1.105042081326246262e-02,-4.170454340055584908e-04,1.639006286859512329e-02,5.986719131469726562e-01
9.102293988689780235e-04,9.510653018951416016e-01,9.345633983612060547e-01,9.437044858932495117e-01,9.535480737686157227e-01,2.329874597489833832e-02,1.305174361914396286e-02,7.363935112953186035e-01,2.959716692566871643e-02,8.109925389289855957e-01,1.167032308876514435e-02,-2.765773097053170204e-03,-1.149992365390062332e-02,3.175304154865443707e-04,1.981395180337131023e-04,-1.177012827247381210e-02,7.476858329027891159e-03,-3.207775764167308807e-03,4.089579917490482330e-03,2.731097629293799400e-04
6.317090592347085476e-04,8.096246719360351562e-01,9.077395200729370117e-01,8.634549379348754883e-01,8.978448510169982910e-01,5.066006779670715332e-01,5.041268467903137207e-01,7.965469956398010254e-01,6.981173157691955566e-01,8.990279436111450195e-01,-8.700181730091571808e-03,-3.733364399522542953e-03,4.996193107217550278e-03,-4.148699808865785599e-03,-4.254554398357868195e-03,3.894879249855875969e-03,-1.467377645894885063e-03,-2.902874257415533066e-03,-1.754735130816698074e-03,-4.042781074531376362e-04
7.997643551789224148e-04,8.185181021690368652e-01,9.038202166557312012e-01,1.021672964096069336e+00,9.021893739700317383e-01,1.006627917289733887e+00,6.976708173751831055e-01,7.385089397430419922e-01,8.088182210922241211e-01,8.271756172180175781e-01,-2.674551308155059814e-02,8.371340110898017883e-03,-3.027823287993669510e-03,1.270445878617465496e-03,-3.779393155127763748e-03,-5.689207464456558228e-03,-1.000100001692771912e-02,-1.640394912101328373e-03,-2.249419223517179489e-03,-4.859333275817334652e-04
-2.028658054769039154e-03,1.103716716170310974e-02,-3.829265013337135315e-03,1.017225254327058792e-02,1.625498011708259583e-02,1.615197025239467621e-02,1.563832536339759827e-02,2.284734323620796204e-02,2.353442832827568054e-02,2.947388775646686554e-02,9.519200325012207031e-01,-8.707071654498577118e-03,1.421221625059843063e-02,9.678078889846801758e-01,6.730694174766540527e-01,7.370406296104192734e-03,3.453965997323393822e-03,-2.416690113022923470e-03,1.523086219094693661e-03,-1.157729886472225189e-03
-1.076209824532270432e-03,-3.464525798335671425e-03,-4.267533309757709503e-03,6.208579987287521362e-03,-1.083209179341793060e-02,-6.588625721633434296e-03,-2.643672283738851547e-03,1.164004672318696976e-03,1.506059081293642521e-03,7.223968859761953354e-03,9.546841979026794434e-01,6.899603009223937988e-01,6.888971328735351562e-01,9.846668839454650879e-01,5.969203710556030273e-01,-3.264967817813158035e-03,-2.799449721351265907e-03,6.013227701187133789e-01,5.533375777304172516e-03,9.957637786865234375e-01
1.565137878060340881e-03,-6.231621373444795609e-03,-1.073190011084079742e-02,-2.307872474193572998e-02,-3.300854237750172615e-03,-6.738894619047641754e-03,-2.934762975201010704e-03,-2.522695623338222504e-02,2.321877254871651530e-04,5.111744627356529236e-02,9.514210224151611328e-01,1.406942121684551239e-02,8.475903272628784180e-01,9.658861160278320312e-01,5.832469090819358826e-03,-1.001103664748370647e-03,-4.559759981930255890e-03,5.925224348902702332e-02,-2.129165921360254288e-03,7.369937957264482975e-04
3.458620340097695589e-04,2.630271762609481812e-02,9.143191273324191570e-04,-6.177935749292373657e-03,5.993960425257682800e-03,1.088365539908409119e-02,1.068042009137570858e-03,1.466053538024425507e-02,1.405488140881061554e-02,9.005134925246238708e-03,9.903395175933837891e-01,2.910919953137636185e-03,7.230936884880065918e-01,-5.462662782520055771e-03,5.048739910125732422e-01,1.001256227493286133e+00,9.761580228805541992e-01,7.411498576402664185e-03,9.969525337219238281e-01,8.860465288162231445e-01
-1.890161423943936825e-03,-3.970249556005001068e-03,-1.217234041541814804e-02,-1.860730536282062531e-02,-8.679240010678768158e-03,-7.602107361890375614e-04,1.410108816344290972e-04,-1.905431970953941345e-02,-3.799133701249957085e-03,-8.954207412898540497e-03,9.883821606636047363e-01,7.043783664703369141e-01,9.859935641288757324e-01,1.955286227166652679e-02,7.212082147598266602e-01,1.012355566024780273e+00,1.022392511367797852e+00,2.916386425495147705e-01,1.016251206398010254e+00,9.959394335746765137e-01
-2.060762839391827583e-03,-5.372226238250732422e-03,4.663417041301727295e-01,6.814326625317335129e-03,7.125095725059509277e-01,3.515339456498622894e-03,-8.931258926168084145e-04,1.150705441832542419e-01,-1.454694662243127823e-03,6.629542112350463867e-01,2.640155144035816193e-04,-2.414965070784091949e-02,-2.464119344949722290e-02,-2.508623898029327393e-02,1.008215267211198807e-02,1.052686292678117752e-02,2.394236437976360321e-02,-7.943117059767246246e-03,4.436480812728404999e-03,-3.317017108201980591e-03
9.166876971721649170e-02,8.802683949470520020e-01,7.792004346847534180e-01,8.719969987869262695e-01,7.977438569068908691e-01,4.798985421657562256e-01,4.883830845355987549e-01,2.801849246025085449e-01,4.811397492885589600e-01,6.907104849815368652e-01,1.279007922857999802e-02,-6.858065724372863770e-03,-4.351287148892879486e-03,-1.898506283760070801e-02,2.639398677274584770e-03,8.673099800944328308e-03,8.808973245322704315e-03,5.655557033605873585e-04,-6.147034000605344772e-04,6.919796112924814224e-03
-1.427025708835572004e-04,7.937855124473571777e-01,7.019883394241333008e-01,7.969697117805480957e-01,3.909945189952850342e-01,9.850279092788696289e-01,1.985787153244018555e-01,3.035580180585384369e-02,1.149441022425889969e-02,5.052677989006042480e-01,9.598219767212867737e-04,-7.709651254117488861e-03,-9.151015430688858032e-03,-1.288228202611207962e-03,-4.877752158790826797e-03,3.607323393225669861e-03,3.970857243984937668e-03,2.582961926236748695e-03,-1.938476227223873138e-03,-1.395778846926987171e-03
-5.075351509731262922e-06,1.920333504676818848e-02,3.903966024518013000e-02,3.757242113351821899e-02,3.350610658526420593e-02,-4.560525063425302505e-03,1.634899876080453396e-03,3.934868425130844116e-02,2.207107143476605415e-03,6.594168394804000854e-02,7.846255302429199219e-01,7.439763844013214111e-02,5.856789648532867432e-02,1.378547996282577515e-01,7.650813460350036621e-02,4.595811963081359863e-01,4.565729796886444092e-01,2.917895019054412842e-01,2.638939619064331055e-01,-2.675652969628572464e-03
-1.594881759956479073e-03,7.919968962669372559e-01,6.998785734176635742e-01,6.886022686958312988e-01,5.873533487319946289e-01,4.931025207042694092e-01,3.981762528419494629e-01,9.962153434753417969e-01,7.010739445686340332e-01,7.918852567672729492e-01,9.861405007541179657e-03,-2.640468440949916840e-02,-7.848655804991722107e-03,-2.749416511505842209e-03,-1.653738669119775295e-03,1.224595005623996258e-03,1.077163498848676682e-02,7.725705509074032307e-04,2.432805253192782402e-03,9.912129025906324387e-04
4.273133352398872375e-03,1.170566957443952560e-02,8.637329563498497009e-03,3.333447128534317017e-02,1.752030849456787109e-02,8.741796948015689850e-03,3.792272647842764854e-03,2.292630029842257500e-03,1.055268687196075916e-03,3.041658550500869751e-02,8.647085428237915039e-01,5.728517770767211914e-01,7.720590829849243164e-01,7.820533588528633118e-03,2.745422422885894775e-01,2.282678848132491112e-03,9.184203110635280609e-03,6.885532736778259277e-01,3.819031640887260437e-03,-3.328480757772922516e-03
-1.374290790408849716e-03,8.107591867446899414e-01,8.872440457344055176e-01,8.700382113456726074e-01,7.148394584655761719e-01,1.000901341438293457e+00,-7.567205931991338730e-03,2.728092074394226074e-01,4.645013511180877686e-01,8.360255360603332520e-01,-8.378393948078155518e-03,-4.228206817060709000e-04,-1.276410371065139771e-02,-4.221617244184017181e-03,-4.460059572011232376e-03,4.093187395483255386e-03,3.567321691662073135e-03,-2.030628733336925507e-03,4.940065089613199234e-03,-1.214593721670098603e-04
1.248435303568840027e-02,1.523346174508333206e-02,1.806391216814517975e-02,-1.190177979879081249e-03,6.278567947447299957e-03,9.642845951020717621e-03,3.584983758628368378e-03,3.832308575510978699e-02,2.129241079092025757e-02,5.918323993682861328e-02,8.529133796691894531e-01,6.543561220169067383e-01,9.516504406929016113e-01,9.649975895881652832e-01,5.863282680511474609e-01,9.438889622688293457e-01,9.599521160125732422e-01,1.030935049057006836e-01,2.935138642787933350e-01,-4.955097567290067673e-03
7.863634265959262848e-03,2.092888951301574707e-02,1.671982929110527039e-02,4.112881422042846680e-02,3.216425329446792603e-02,6.171540822833776474e-03,3.989214077591896057e-03,3.579625859856605530e-02,5.471208132803440094e-03,7.769706845283508301e-02,8.245372772216796875e-01,8.461842313408851624e-03,-2.082347637042403221e-03,1.397436019033193588e-03,-4.573734011501073837e-03,-3.280096687376499176e-03,-3.150747623294591904e-03,-5.960639566183090210e-03,-8.578991401009261608e-04,1.749904360622167587e-03
-4.351181560195982456e-04,8.105159997940063477e-01,7.157959342002868652e-01,7.310302257537841797e-01,6.223510503768920898e-01,2.319447137415409088e-02,1.429849024862051010e-02,8.185952305793762207e-01,1.061610318720340729e-02,7.176127433776855469e-01,4.859086591750383377e-03,6.964485626667737961e-03,4.904430359601974487e-03,-1.041671785060316324e-04,2.611267147585749626e-03,8.253669948317110538e-04,-2.957909367978572845e-03,-8.919557440094649792e-04,1.919792732223868370e-03,2.875252394005656242e-04
-1.205118838697671890e-03,-2.544226357713341713e-03,-2.765964716672897339e-03,6.103514460846781731e-04,-2.019765786826610565e-03,-3.728660987690091133e-03,-2.670572372153401375e-03,9.846313856542110443e-03,-4.861222987528890371e-04,1.234216894954442978e-02,9.062953591346740723e-01,9.239264726638793945e-01,9.379317164421081543e-01,9.528267979621887207e-01,9.346017241477966309e-01,-2.306616632267832756e-03,-2.259617857635021210e-02,3.281500935554504395e-02,7.623466197401285172e-03,7.905186414718627930e-01
5.969961785012856126e-05,7.166486978530883789e-01,5.996173620223999023e-01,6.839400529861450195e-01,3.759416639804840088e-01,4.769407808780670166e-01,2.897352576255798340e-01,6.665262579917907715e-01,4.886277914047241211e-01,5.750568509101867676e-01,4.303725063800811768e-02,9.699893184006214142e-03,3.679216140881180763e-03,4.823719151318073273e-03,1.174813974648714066e-02,1.243050675839185715e-02,1.376017183065414429e-02,3.137322841212153435e-03,-4.307901021093130112e-03,-1.052504056133329868e-03
8.258555899374186993e-04,-4.349971422925591469e-04,7.042452692985534668e-01,9.869721531867980957e-01,8.791533708572387695e-01,8.977545499801635742e-01,-3.931371495127677917e-03,7.887811064720153809e-01,-1.625122851692140102e-03,6.931722760200500488e-01,1.833336986601352692e-02,-5.654201377183198929e-03,2.642729785293340683e-03,-8.478888310492038727e-03,-8.134334348142147064e-03,-7.303131278604269028e-03,1.104261912405490875e-02,-4.640264902263879776e-03,7.605596911162137985e-03,-1.052993116900324821e-03
-3.073404543101787567e-03,-1.510633155703544617e-04,-3.430054755881428719e-03,-8.531039580702781677e-03,-6.719072349369525909e-03,-6.613009143620729446e-03,-3.282933263108134270e-03,7.438122034072875977e-01,7.099126279354095459e-02,6.443966627120971680e-01,9.014620631933212280e-02,4.708532989025115967e-02,3.678634762763977051e-02,6.525339186191558838e-02,4.796852171421051025e-02,3.141574561595916748e-02,4.471783339977264404e-02,7.264203857630491257e-03,3.036347776651382446e-02,3.976636566221714020e-03
3.574613248929381371e-03,8.886839747428894043e-01,-4.437979776412248611e-03,9.860869050025939941e-01,9.746659994125366211e-01,9.796848893165588379e-01,-1.174306846223771572e-03,8.989205360412597656e-01,6.867170333862304688e-01,8.813218474388122559e-01,1.199511997401714325e-02,-7.857238873839378357e-03,-2.708450192585587502e-03,-6.086330860853195190e-03,-5.739080719649791718e-03,-1.508316840045154095e-03,-9.546580724418163300e-03,4.025620582979172468e-04,-2.520819194614887238e-03,8.422242826782166958e-04
-6.805580924265086651e-04,-7.818774320185184479e-03,-8.429951965808868408e-03,4.824697971343994141e-03,-2.399479271844029427e-03,1.096116658300161362e-02,-5.338836344890296459e-04,9.808404371142387390e-03,-7.703534211032092571e-04,3.206813009455800056e-03,9.824023246765136719e-01,9.880306124687194824e-01,9.846099615097045898e-01,-1.130012050271034241e-02,9.862323999404907227e-01,9.866644740104675293e-01,9.778635501861572266e-01,-7.244530133903026581e-03,9.871689081192016602e-01,8.956071138381958008e-01
1.620184979401528835e-03,7.614552974700927734e-03,4.852362442761659622e-03,-4.800306487595662475e-05,2.524399198591709137e-03,-1.445067464374005795e-03,3.108881646767258644e-04,6.054126191884279251e-03,-4.433663561940193176e-03,3.525225212797522545e-03,1.000503659248352051e+00,9.970406293869018555e-01,9.866648316383361816e-01,9.665384292602539062e-01,9.930298328399658203e-01,1.002856492996215820e+00,1.002633452415466309e+00,6.998253464698791504e-01,9.996756911277770996e-01,9.957150220870971680e-01
2.436867682263255119e-03,1.165873929858207703e-02,1.344361808151006699e-02,1.307103689759969711e-02,1.814249902963638306e-02,3.343985881656408310e-03,1.925438060425221920e-03,2.320579439401626587e-02,1.606140285730361938e-02,1.275119185447692871e-02,2.445064601488411427e-04,-1.483704400015994906e-04,-2.983366837725043297e-03,1.512253470718860626e-02,4.904859699308872223e-03,9.758703708648681641e-01,9.793363809585571289e-01,4.538748878985643387e-03,9.773643612861633301e-01,7.843649387359619141e-01
-2.550758363213390112e-04,7.912475466728210449e-01,8.846926689147949219e-01,8.957304954528808594e-01,6.080974936485290527e-01,3.082060515880584717e-01,3.040359020233154297e-01,7.082341313362121582e-01,6.026658415794372559e-01,8.112721443176269531e-01,-3.498415229842066765e-03,-1.084242016077041626e-02,-1.015976909548044205e-02,-3.109158249571919441e-03,4.269593395292758942e-03,9.251962415874004364e-03,-8.085592417046427727e-04,-5.506151355803012848e-03,2.398658776655793190e-03,-8.734119473956525326e-04
-2.830765442922711372e-04,8.990778587758541107e-05,2.861825516447424889e-03,-9.959571063518524170e-03,2.875053323805332184e-03,-4.966732114553451538e-03,-6.313357152976095676e-04,1.925132982432842255e-02,2.561486558988690376e-03,3.128058044239878654e-03,8.662299513816833496e-01,7.800044417381286621e-01,6.882850527763366699e-01,1.924358308315277100e-01,7.126317620277404785e-01,9.791977405548095703e-01,9.881348609924316406e-01,2.976710200309753418e-01,9.903874397277832031e-01,8.973667621612548828e-01
6.662850501015782356e-04,-5.013241316191852093e-04,-6.934550125151872635e-03,-7.054655812680721283e-03,5.959160625934600830e-03,7.935704663395881653e-03,1.273779850453138351e-02,1.069940254092216492e-02,8.162966929376125336e-03,6.013633683323860168e-03,2.850661752745509148e-03,1.341914385557174683e-01,7.777988910675048828e-01,8.653057813644409180e-01,8.824980258941650391e-02,9.993301500799134374e-05,1.093515194952487946e-02,2.939739264547824860e-03,-3.166669281199574471e-03,3.995803296566009521e-01
-3.767461021197959781e-05,8.971769809722900391e-01,7.936542034149169922e-01,7.977399230003356934e-01,7.110773921012878418e-01,9.049580097198486328e-01,3.929665088653564453e-01,6.937141418457031250e-01,4.954409003257751465e-01,7.986199855804443359e-01,1.448730658739805222e-02,3.791031194850802422e-03,-6.413195515051484108e-04,4.967959597706794739e-03,-1.194710494019091129e-03,8.319277549162507057e-04,5.477528553456068039e-03,1.058938942151144147e-04,-1.057225628755986691e-03,2.278459724038839340e-03
3.107370343059301376e-03,3.649406367912888527e-03,6.011683028191328049e-03,3.007824707310646772e-04,2.001629211008548737e-02,-2.062036190181970596e-03,-8.486428996548056602e-04,2.389594539999961853e-02,7.979981601238250732e-03,4.901151638478040695e-03,9.962777495384216309e-01,8.169155716896057129e-01,9.915835857391357422e-01,1.006767392158508301e+00,1.115579009056091309e-01,8.630395866930484772e-03,4.509074613451957703e-03,5.855215787887573242e-01,4.684477113187313080e-03,1.562589895911514759e-03
2.009737771004438400e-03,1.218270696699619293e-02,7.529078284278512001e-04,4.758947342634201050e-02,1.234879158437252045e-02,1.092499587684869766e-02,9.582276688888669014e-04,1.716543734073638916e-02,2.830670587718486786e-02,8.115780539810657501e-03,8.083401322364807129e-01,4.757501780986785889e-01,6.756258010864257812e-01,8.083767443895339966e-02,6.942778229713439941e-01,9.391501545906066895e-02,6.638382673263549805e-01,8.847070485353469849e-02,8.953562378883361816e-01,9.991085244109854102e-05
-1.698201289400458336e-03,5.785038322210311890e-02,1.396699901670217514e-02,-9.656239300966262817e-03,2.191141434013843536e-02,1.785506866872310638e-02,1.041381154209375381e-02,4.428588598966598511e-02,1.484898477792739868e-02,6.630039960145950317e-02,9.130894541740417480e-01,2.862620400264859200e-03,1.814240356907248497e-03,9.078006744384765625e-01,9.326989650726318359e-01,1.196991745382547379e-02,9.118297137320041656e-03,-2.982271369546651840e-03,2.032842254266142845e-03,2.851792087312787771e-04
8.668941259384155273e-02,9.517224133014678955e-02,6.854935884475708008e-01,1.437927875667810440e-02,6.757346987724304199e-01,-2.967451233416795731e-03,-5.472828634083271027e-03,1.621451228857040405e-02,-2.032498456537723541e-02,6.046345233917236328e-01,6.402467843145132065e-03,1.095142215490341187e-02,3.518256125971674919e-03,4.347117152065038681e-03,-1.698588370345532894e-03,4.730806685984134674e-03,-4.430374130606651306e-03,1.216899952851235867e-03,-9.108743630349636078e-03,2.606868278235197067e-03
-1.421529334038496017e-03,7.497148122638463974e-03,1.409017015248537064e-03,1.029353309422731400e-02,6.403420120477676392e-03,5.692189093679189682e-03,1.573807909153401852e-03,1.790986210107803345e-02,-1.632935716770589352e-03,2.059935219585895538e-02,8.712034821510314941e-01,6.963613629341125488e-01,7.855363488197326660e-01,9.055154919624328613e-01,8.024219870567321777e-01,-1.128024607896804810e-02,-1.695441640913486481e-02,-1.874257286544889212e-04,-4.341689869761466980e-03,1.022822340019047260e-03
7.452683057636022568e-04,7.960438728332519531e-01,7.036784887313842773e-01,5.906026959419250488e-01,8.974735140800476074e-01,6.882265210151672363e-01,5.927143692970275879e-01,9.895662069320678711e-01,6.955592632293701172e-01,6.916983127593994141e-01,2.642286196351051331e-02,-1.870304346084594727e-03,1.979922410100698471e-03,1.532248966395854950e-02,8.600600063800811768e-03,-3.728801675606518984e-04,-4.658066201955080032e-03,4.178899107500910759e-04,-7.754353573545813560e-04,-2.395522460574284196e-04
-3.216098048142157495e-05,1.223587081767618656e-03,5.946594290435314178e-03,1.213085278868675232e-02,2.372018760070204735e-03,2.746438793838024139e-02,-5.889718158869072795e-05,6.770637631416320801e-01,-7.757169194519519806e-03,4.636370837688446045e-01,6.658311188220977783e-02,4.263227805495262146e-02,3.309081122279167175e-02,2.825879864394664764e-02,3.918309137225151062e-02,1.566130854189395905e-02,2.359693311154842377e-02,2.000353997573256493e-03,4.567591531667858362e-04,-2.605148765724152327e-04
4.530469421297311783e-03,7.013382911682128906e-01,7.112654447555541992e-01,6.018050312995910645e-01,4.861461520195007324e-01,1.000804543495178223e+00,1.796323060989379883e-02,3.000047802925109863e-01,1.848479360342025757e-02,4.170199632644653320e-01,1.019490137696266174e-02,-7.960545830428600311e-03,3.890612279064953327e-04,6.999867968261241913e-03,-2.976170275360345840e-03,5.392652470618486404e-03,3.963446710258722305e-03,7.812038529664278030e-03,1.130109000951051712e-02,5.405980162322521210e-03
-2.380708610871806741e-04,8.204635977745056152e-01,9.127924442291259766e-01,1.022744774818420410e+00,7.340418696403503418e-01,1.001185774803161621e+00,6.839246749877929688e-01,7.034177780151367188e-01,9.108174443244934082e-01,8.332726359367370605e-01,-2.570423670113086700e-02,7.095040200510993600e-05,-4.880446940660476685e-03,-2.320726402103900909e-03,-4.196172580122947693e-03,-1.203165203332901001e-02,-1.364776771515607834e-02,-2.984645543619990349e-03,-1.253964658826589584e-02,-1.267145853489637375e-03
-4.016721621155738831e-03,-4.610530566424131393e-03,5.345987621694803238e-03,2.627093810588121414e-03,1.853143051266670227e-02,4.693832248449325562e-03,-3.195909317582845688e-03,1.871855743229389191e-02,2.461289521306753159e-03,4.610337316989898682e-02,9.788625836372375488e-01,9.513651132583618164e-01,9.662908315658569336e-01,9.824270606040954590e-01,1.595449261367321014e-02,4.227520548738539219e-04,-7.317506708204746246e-03,3.043889105319976807e-01,2.047962043434381485e-03,1.624921523034572601e-02
-4.516827466432005167e-04,2.763177035376429558e-03,6.820547580718994141e-01,7.799235582351684570e-01,3.054262399673461914e-01,8.985700011253356934e-01,1.759392209351062775e-03,5.868423581123352051e-01,7.420410402119159698e-03,7.094587087631225586e-01,1.200741995126008987e-02,-6.194544024765491486e-03,1.436888054013252258e-02,3.202275838702917099e-03,3.946829820051789284e-04,2.142984187230467796e-03,5.237256642431020737e-03,1.567045110277831554e-03,4.124249971937388182e-04,3.524096915498375893e-03
-2.631132956594228745e-03,-1.300501055084168911e-03,-9.436263702809810638e-03,-1.243439503014087677e-02,-2.987121697515249252e-03,-5.815336946398019791e-03,-1.318340771831572056e-03,-1.397075224667787552e-02,-3.691458608955144882e-03,-1.861827261745929718e-02,9.914338588714599609e-01,1.006995916366577148e+00,1.017641663551330566e+00,1.008448481559753418e+00,1.004441499710083008e+00,9.966303706169128418e-01,1.013707399368286133e+00,2.351102605462074280e-02,1.017949104309082031e+00,4.791116807609796524e-03
9.310933528468012810e-04,8.045449852943420410e-01,8.053520917892456055e-01,9.925040602684020996e-01,6.965624690055847168e-01,5.008938908576965332e-01,4.992331266403198242e-01,9.954148530960083008e-01,5.987945199012756348e-01,8.067311644554138184e-01,-4.376152064651250839e-03,-1.595263835042715073e-03,-5.390805192291736603e-03,-1.047229580581188202e-02,-1.106547471135854721e-02,-6.562706548720598221e-03,-7.164428010582923889e-03,-1.633989508263766766e-03,6.358257029205560684e-03,-1.774323056451976299e-03
-1.290847430936992168e-03,-1.415187492966651917e-02,6.618261337280273438e-01,7.434973120689392090e-01,8.721461892127990723e-01,1.413496956229209900e-02,6.543976254761219025e-03,6.892634034156799316e-01,9.097889997065067291e-03,6.783939599990844727e-01,-1.016246806830167770e-02,7.392488885670900345e-03,-6.193808745592832565e-03,7.917105220258235931e-03,-5.037621594965457916e-03,-3.348763333633542061e-03,4.975674208253622055e-03,-4.470737185329198837e-04,-5.769846029579639435e-03,3.731461707502603531e-03
-6.149797118268907070e-04,-7.427204865962266922e-03,4.895794391632080078e-01,6.846517920494079590e-01,7.918735742568969727e-01,9.834513068199157715e-01,3.527109744027256966e-03,2.945615351200103760e-01,5.089870095252990723e-01,7.761046290397644043e-01,4.571450129151344299e-02,-1.007894243230111897e-04,1.038097217679023743e-02,8.705032989382743835e-03,1.374239218421280384e-03,-1.011649961583316326e-03,1.705338992178440094e-02,-1.224428997375071049e-04,7.313822861760854721e-03,1.520581281511113048e-04
1.458062906749546528e-04,-4.134504590183496475e-03,1.027487963438034058e-02,8.126783184707164764e-03,3.289166837930679321e-03,-2.446223516017198563e-04,-8.699928293935954571e-04,-1.724884845316410065e-03,-1.606348319910466671e-03,4.881487693637609482e-03,8.777099251747131348e-01,7.987315654754638672e-01,8.068155646324157715e-01,8.989645242691040039e-01,6.953821778297424316e-01,1.077583357691764832e-01,7.987081408500671387e-01,9.432404488325119019e-02,6.891341209411621094e-01,-1.763657201081514359e-03
-2.182283205911517143e-03,9.815735816955566406e-01,7.708709836006164551e-01,1.961836814880371094e-01,2.142510861158370972e-01,9.946721196174621582e-01,7.894097827374935150e-03,8.753736615180969238e-01,8.182714693248271942e-03,7.775850296020507812e-01,3.897561505436897278e-02,1.144068408757448196e-02,1.097413804382085800e-02,2.136821672320365906e-02,1.103785913437604904e-02,1.982390647754073143e-03,1.237222645431756973e-02,3.020923119038343430e-03,1.223684102296829224e-02,2.751201856881380081e-03
-2.117470838129520416e-03,1.907645463943481445e-01,6.757157444953918457e-01,8.715906143188476562e-01,7.974275350570678711e-01,1.004428029060363770e+00,2.044469565153121948e-01,7.832453846931457520e-01,8.957469463348388672e-01,2.991472780704498291e-01,1.784580573439598083e-02,7.632488268427550793e-04,1.688400469720363617e-02,-3.194779623299837112e-03,6.923076580278575420e-04,2.020574919879436493e-02,8.249822072684764862e-03,1.126470044255256653e-03,1.022136770188808441e-02,1.011595781892538071e-02
-1.875131856650114059e-04,6.809928417205810547e-01,5.833153128623962402e-01,6.877395510673522949e-01,4.873362481594085693e-01,2.891142070293426514e-01,1.889217197895050049e-01,5.931038260459899902e-01,3.776022493839263916e-01,1.899469494819641113e-01,1.057634688913822174e-02,3.743012202903628349e-03,1.315344125032424927e-03,2.135505666956305504e-03,3.058952279388904572e-03,2.241724869236350060e-03,2.966636326164007187e-03,1.425021328032016754e-04,3.391023026779294014e-03,2.750019310042262077e-03
1.250262022949755192e-03,-3.140295855700969696e-03,-1.603846321813762188e-03,-1.110321842133998871e-02,-2.077412791550159454e-03,-6.954637821763753891e-03,-5.012201727367937565e-04,3.136851638555526733e-02,-1.679001026786863804e-03,1.458299253135919571e-02,9.675632715225219727e-01,9.850679636001586914e-01,9.898515939712524414e-01,9.569257497787475586e-01,9.895303845405578613e-01,4.397433102130889893e-01,4.309510290622711182e-01,2.859351933002471924e-01,4.379425346851348877e-01,7.752910256385803223e-03
3.941934108734130859e-01,7.922436594963073730e-01,6.795101165771484375e-01,6.798134446144104004e-01,9.846428632736206055e-01,9.875729084014892578e-01,7.921597361564636230e-01,9.046540260314941406e-01,9.969983696937561035e-01,8.786164522171020508e-01,9.604700841009616852e-03,-7.587036583572626114e-03,8.047370240092277527e-03,1.103265304118394852e-02,-3.440253203734755516e-03,-5.851788446307182312e-03,2.143470384180545807e-02,8.746941457502543926e-04,-3.549631452187895775e-03,-2.113952301442623138e-03
5.594948888756334782e-04,1.293765660375356674e-02,2.390749007463455200e-02,4.714495688676834106e-02,3.507179021835327148e-02,1.151681412011384964e-02,7.159944158047437668e-03,8.279327303171157837e-03,1.425559259951114655e-02,4.973105713725090027e-02,9.399845004081726074e-01,5.846504936926066875e-04,1.952059715986251831e-01,-4.388432018458843231e-03,2.033299679169431329e-04,-2.602256368845701218e-03,-7.214888930320739746e-03,9.877069592475891113e-01,2.512058475986123085e-03,-2.136411785613745451e-04
-1.694935956038534641e-03,-1.946335774846374989e-03,-1.885873498395085335e-03,-2.318076789379119873e-03,-4.645208362489938736e-03,-5.089808721095323563e-03,-9.857318364083766937e-04,1.968581927940249443e-04,-2.772783860564231873e-03,-9.915998205542564392e-03,9.277145862579345703e-01,8.090305328369140625e-01,1.002518296241760254e+00,1.003624916076660156e+00,1.017458438873291016e+00,9.736863374710083008e-01,9.841275811195373535e-01,7.038456797599792480e-01,1.008222460746765137e+00,1.003390431404113770e+00
-1.924457610584795475e-03,8.030259013175964355e-01,7.118828892707824707e-01,9.149236679077148438e-01,6.971420049667358398e-01,8.157564401626586914e-01,4.814303815364837646e-01,6.973466277122497559e-01,5.929189324378967285e-01,7.956138849258422852e-01,1.838135160505771637e-02,7.147056516259908676e-03,6.133261136710643768e-03,1.219313405454158783e-02,2.484289929270744324e-03,-6.151469424366950989e-03,-6.144616287201642990e-03,5.048575694672763348e-04,-4.553026519715785980e-03,2.145136677427217364e-04
1.308679231442511082e-03,6.316771265119314194e-03,3.145160153508186340e-02,7.928123474121093750e-01,2.392274141311645508e-02,2.236217260360717773e-02,-3.384684096090495586e-04,6.861156821250915527e-01,4.862599372863769531e-01,7.116780281066894531e-01,3.312697634100914001e-02,1.225328817963600159e-02,1.629380136728286743e-02,8.810355793684720993e-04,5.670795682817697525e-03,1.257798913866281509e-02,1.606786437332630157e-02,-1.134799560531973839e-03,8.651115000247955322e-03,-1.490062102675437927e-03
-6.319305393844842911e-03,6.564874202013015747e-03,-7.560375612229108810e-03,-2.266710437834262848e-02,-2.198808593675494194e-03,-1.495958305895328522e-03,-1.196613884530961514e-04,-1.751833595335483551e-02,-1.692754565738141537e-03,-1.756359823048114777e-02,8.495799899101257324e-01,7.117134332656860352e-01,8.249891400337219238e-01,9.886218309402465820e-01,5.867632031440734863e-01,7.674705237150192261e-03,1.872529648244380951e-02,4.019441306591033936e-01,8.827490732073783875e-03,-1.280188327655196190e-03
-7.715896936133503914e-04,6.797330379486083984e-01,6.937206387519836426e-01,6.350916624069213867e-01,5.892584323883056641e-01,8.926017880439758301e-01,1.780277192592620850e-01,2.178528606891632080e-01,1.585881225764751434e-02,7.724161744117736816e-01,1.144209410995244980e-02,4.017682280391454697e-03,1.432757265865802765e-02,1.154655963182449341e-02,-1.149015733972191811e-03,-5.601394921541213989e-03,-3.957970766350626945e-04,2.032068744301795959e-02,1.603833772242069244e-02,-7.540379301644861698e-04
5.951856970787048340e-01,4.785410761833190918e-01,6.848037838935852051e-01,6.975889205932617188e-01,6.072515249252319336e-01,2.753140926361083984e-01,1.856261342763900757e-01,5.893474817276000977e-01,3.701156377792358398e-01,7.729980349540710449e-01,1.026055775582790375e-02,4.096673801541328430e-03,1.567063154652714729e-03,4.532852210104465485e-03,2.183986827731132507e-03,9.069420397281646729e-03,8.815369219519197941e-04,3.303701756522059441e-03,1.175696845166385174e-03,1.112002501031383872e-04
3.571330336853861809e-03,8.626147173345088959e-03,1.343808602541685104e-02,7.277105934917926788e-03,1.533199846744537354e-02,1.876142108812928200e-03,5.950862541794776917e-04,1.823571883141994476e-02,5.339621566236019135e-03,1.620390266180038452e-02,8.714146018028259277e-01,9.295106865465641022e-03,5.505783949047327042e-03,6.361814681440591812e-03,2.468083985149860382e-03,1.871020719408988953e-02,3.617737442255020142e-03,3.011004067957401276e-03,6.951414048671722412e-03,8.510033949278295040e-04
-8.525574812665581703e-04,-6.426691077649593353e-03,1.047907397150993347e-03,-1.793317147530615330e-03,-2.272714395076036453e-03,-2.906712470576167107e-03,-1.164786168374121189e-03,-8.287805248983204365e-04,-2.023384877247735858e-04,-6.765861529856920242e-03,9.719138741493225098e-01,9.752799272537231445e-01,9.934136867523193359e-01,1.001918315887451172e+00,9.973189830780029297e-01,9.922533631324768066e-01,9.947135448455810547e-01,9.819559454917907715e-01,9.814425706863403320e-01,5.939765833318233490e-03
2.019248204305768013e-03,6.884840130805969238e-01,2.956762313842773438e-01,5.887723565101623535e-01,4.976997673511505127e-01,1.997364759445190430e-01,1.967902034521102905e-01,7.087860107421875000e-01,3.854394555091857910e-01,2.891195416450500488e-01,4.130714014172554016e-02,-4.020244348794221878e-03,-1.114691421389579773e-02,4.436425864696502686e-03,3.920394461601972580e-03,1.004913914948701859e-02,1.333655882626771927e-02,-1.418146304786205292e-03,2.209259429946541786e-03,-3.650609636679291725e-03
-8.455259958282113075e-04,-2.657957607880234718e-03,6.126283407211303711e-01,7.139427661895751953e-01,8.924176692962646484e-01,1.000546216964721680e+00,1.977325975894927979e-01,7.991484403610229492e-01,7.032818198204040527e-01,7.990514636039733887e-01,2.988718217238783836e-03,-5.839020013809204102e-03,4.666260443627834320e-03,-1.624739496037364006e-03,2.703286241739988327e-03,1.974646293092519045e-04,-1.105928141623735428e-02,3.365341108292341232e-04,1.916703768074512482e-03,-7.413457497023046017e-04
2.090575981128495187e-05,6.940360069274902344e-01,2.469745650887489319e-02,8.026475906372070312e-01,9.017781019210815430e-01,1.765990443527698517e-02,1.665996387600898743e-02,9.032264947891235352e-01,3.062955476343631744e-02,8.045302629470825195e-01,8.470281958580017090e-03,5.250849644653499126e-04,1.003572437912225723e-02,1.144425198435783386e-02,2.840401139110326767e-03,-2.394097624346613884e-03,1.770616858266294003e-03,-1.400825451128184795e-03,5.126948235556483269e-04,-9.858383564278483391e-04
-3.227512061130255461e-04,4.240388225298374891e-04,1.463469467125833035e-03,-6.432452239096164703e-03,2.249765209853649139e-03,-5.073739681392908096e-03,-1.990512391785159707e-04,-5.975177977234125137e-03,-2.230004756711423397e-04,-6.647261790931224823e-03,9.600473046302795410e-01,4.775341749191284180e-01,6.807979345321655273e-01,9.490096569061279297e-02,4.867688715457916260e-01,3.899086033925414085e-03,1.157637801952660084e-03,2.268418669700622559e-03,1.539321802556514740e-02,6.956004500389099121e-01
7.515960838645696640e-03,6.573177524842321873e-04,-3.026758204214274883e-04,1.839363365434110165e-03,-5.930090788751840591e-03,3.140380606055259705e-03,2.208601072197780013e-04,-8.172327652573585510e-04,-6.975470460020005703e-04,3.298669308423995972e-02,7.966459989547729492e-01,6.790021657943725586e-01,9.665851593017578125e-01,9.781653285026550293e-01,6.973142623901367188e-01,1.973128877580165863e-03,4.109275992959737778e-03,4.827316734008491039e-04,-1.882588607259094715e-03,-3.901441232301294804e-04
5.376729648560285568e-03,1.662394218146800995e-02,9.257325902581214905e-03,3.570491448044776917e-02,-2.657921053469181061e-03,-6.863839807920157909e-04,4.720698052551597357e-04,1.897733844816684723e-02,5.362765397876501083e-03,1.307302527129650116e-02,3.816281631588935852e-02,-5.440525244921445847e-03,2.262187562882900238e-02,2.063893247395753860e-03,3.129597520455718040e-03,-2.973591443151235580e-03,-2.849491545930504799e-03,-1.009749807417392731e-02,-1.233889372088015079e-03,8.561780559830367565e-04
4.898884799331426620e-04,9.968340396881103516e-01,9.900868535041809082e-01,1.003408193588256836e+00,1.006140470504760742e+00,1.045954041182994843e-02,2.106525935232639313e-03,1.011114239692687988e+00,5.844518076628446579e-03,7.180353403091430664e-01,2.395720919594168663e-03,-7.261393329827114940e-05,-1.001363340765237808e-02,-6.289910990744829178e-03,-4.146498627960681915e-03,-2.884055254980921745e-03,-2.864759881049394608e-04,1.083050505258142948e-03,-1.015201793052256107e-03,1.982989924727007747e-04
-1.333439256995916367e-03,-1.353191095404326916e-03,-7.302562706172466278e-03,7.378067355602979660e-03,-1.806354965083301067e-03,-3.975183703005313873e-03,-1.426090719178318977e-03,1.126293651759624481e-02,2.858265652321279049e-04,8.174853399395942688e-03,9.894395470619201660e-01,1.000167012214660645e+00,9.964185953140258789e-01,9.914512634277343750e-01,9.796913862228393555e-01,9.789763689041137695e-01,9.814354777336120605e-01,6.800215840339660645e-01,9.834892153739929199e-01,1.933003813028335571e-01
-3.535355499479919672e-04,1.167275290936231613e-02,-5.066766403615474701e-03,8.761200122535228729e-03,2.239276887848973274e-03,6.920317187905311584e-03,-8.988301269710063934e-04,2.057793177664279938e-02,2.582168206572532654e-03,8.527534082531929016e-03,9.681751728057861328e-01,-5.168933887034654617e-03,9.723910093307495117e-01,9.771100878715515137e-01,5.815145969390869141e-01,9.673248529434204102e-01,9.635390043258666992e-01,-2.364145184401422739e-04,9.650832414627075195e-01,6.877525448799133301e-01
-8.721850463189184666e-04,7.893722057342529297e-01,3.530385904014110565e-03,8.917288780212402344e-01,2.964194118976593018e-01,4.129396751523017883e-03,3.024514298886060715e-03,7.873509526252746582e-01,8.965530395507812500e-01,8.977506160736083984e-01,2.921823970973491669e-02,2.960370155051350594e-03,1.855753175914287567e-02,1.016892347251996398e-04,2.733470872044563293e-03,8.568390272557735443e-03,3.538076998665928841e-03,1.794335199519991875e-03,5.609633401036262512e-03,1.488704234361648560e-03
-1.052758423611521721e-03,6.918442249298095703e-01,6.945677995681762695e-01,6.987439990043640137e-01,4.924617409706115723e-01,9.881729483604431152e-01,1.123435981571674347e-02,2.860638499259948730e-01,1.983279176056385040e-02,5.930215716361999512e-01,-1.089812256395816803e-02,3.011530265212059021e-03,-1.153262215666472912e-03,4.880976863205432892e-03,-1.153057091869413853e-03,-2.409124979749321938e-03,-7.000716403126716614e-03,-3.713100450113415718e-03,2.576127648353576660e-03,6.011549266986548901e-04
3.976618051528930664e-01,2.928781807422637939e-01,5.854768753051757812e-01,7.922390103340148926e-01,2.942665219306945801e-01,4.905258119106292725e-01,3.918986320495605469e-01,8.835045099258422852e-01,5.958924889564514160e-01,6.887436509132385254e-01,1.881090365350246429e-02,2.372616901993751526e-02,-2.832023892551660538e-03,6.246123462915420532e-03,3.464217297732830048e-03,1.230082660913467407e-02,6.577617488801479340e-03,9.132455452345311642e-04,9.470364078879356384e-03,-2.008314244449138641e-03
-3.938567824661731720e-03,-1.061572460457682610e-03,1.992021687328815460e-03,6.301251705735921860e-04,9.232140728272497654e-04,-1.773573691025376320e-03,-1.056152686942368746e-04,1.578311808407306671e-02,5.291780107654631138e-04,3.517514793202280998e-03,8.134387731552124023e-01,7.167726755142211914e-01,8.186927437782287598e-01,8.434162139892578125e-01,8.237096071243286133e-01,5.595920141786336899e-03,-1.862569712102413177e-02,-4.172942135483026505e-04,-2.208277117460966110e-03,-4.617237427737563848e-04
8.387241396121680737e-04,-4.433920141309499741e-03,5.916409492492675781e-01,6.975768208503723145e-01,3.967742621898651123e-01,1.940455753356218338e-03,-1.948647783137857914e-03,-7.953557185828685760e-03,-7.730867713689804077e-03,1.484509930014610291e-02,-1.291460357606410980e-03,4.647321067750453949e-03,7.542325183749198914e-03,7.217244245111942291e-03,-4.294726531952619553e-03,5.500718951225280762e-03,7.761097978800535202e-03,6.188009865581989288e-03,-3.988391719758510590e-03,2.551564248278737068e-03
1.022207643836736679e-02,6.641391199082136154e-03,-1.045406330376863480e-02,1.381155103445053101e-02,2.336187660694122314e-02,2.459205873310565948e-02,4.732348024845123291e-03,3.104320913553237915e-02,1.394526287913322449e-02,1.625558547675609589e-02,9.422818422317504883e-01,9.369040727615356445e-01,9.566925168037414551e-01,9.748323559761047363e-01,3.196488916873931885e-01,5.723329260945320129e-03,6.684464812278747559e-01,3.170084208250045776e-03,1.814608573913574219e-01,2.447509672492742538e-03
-4.997502546757459641e-04,7.919029593467712402e-01,6.997314691543579102e-01,7.006914615631103516e-01,6.110101938247680664e-01,4.983121752738952637e-01,3.954677879810333252e-01,8.116132616996765137e-01,5.991573333740234375e-01,8.793159127235412598e-01,-1.925577782094478607e-02,-1.904100179672241211e-03,-5.659871734678745270e-03,-8.905399008654057980e-04,4.336104728281497955e-03,-3.103767754510045052e-03,-8.025546558201313019e-03,-1.249921391718089581e-03,-1.274565700441598892e-03,-2.327697584405541420e-04
7.784345652908086777e-04,-1.496446901001036167e-03,5.615868140012025833e-04,-3.021765500307083130e-03,6.031780969351530075e-03,2.043564105406403542e-03,-4.719457123428583145e-03,-1.626363955438137054e-02,-5.001579411327838898e-03,-7.198724895715713501e-03,9.802443385124206543e-01,1.282082963734865189e-02,4.023772478103637695e-02,9.772933125495910645e-01,-3.609386505559086800e-03,2.680858597159385681e-03,6.019723135977983475e-03,9.585783481597900391e-01,-6.092075724154710770e-03,6.942686438560485840e-01
-3.673726459965109825e-04,3.848173888400197029e-03,6.570153869688510895e-03,1.465109293349087238e-03,1.608413876965641975e-03,1.150711718946695328e-02,3.101961221545934677e-03,2.510465495288372040e-02,4.707512911409139633e-03,9.492864832282066345e-03,9.659816026687622070e-01,9.850034713745117188e-01,9.937726855278015137e-01,9.915502667427062988e-01,9.918032884597778320e-01,5.858058575540781021e-03,9.859097599983215332e-01,-1.164831104688346386e-03,9.910123944282531738e-01,-4.770053055835887790e-05
-1.610394800081849098e-03,9.547031521797180176e-01,7.643374204635620117e-01,6.709975004196166992e-01,5.837942361831665039e-01,4.595103561878204346e-01,3.776882588863372803e-01,8.690400123596191406e-01,6.654514074325561523e-01,7.018086314201354980e-01,1.320170424878597260e-02,3.583333687856793404e-03,1.474507246166467667e-02,1.615920662879943848e-02,2.324912138283252716e-02,6.703827530145645142e-03,1.984122209250926971e-02,2.412808593362569809e-03,1.751007325947284698e-02,3.530513960868120193e-03
1.073986873961985111e-03,6.487278733402490616e-03,2.465860173106193542e-02,5.649410933256149292e-02,4.261134937405586243e-02,2.626525470986962318e-03,-4.122694488614797592e-03,1.664355024695396423e-02,2.109043300151824951e-03,1.189944334328174591e-02,9.366085529327392578e-01,1.227855868637561798e-02,1.315931696444749832e-02,2.262038737535476685e-02,3.277685493230819702e-03,-3.373626386746764183e-03,2.151675143977627158e-04,3.916764557361602783e-01,6.907529197633266449e-03,8.026496171951293945e-01
1.475708908401429653e-03,7.213614583015441895e-01,8.107891678810119629e-01,9.235571026802062988e-01,8.971040248870849609e-01,4.077264368534088135e-01,3.046073019504547119e-01,9.219991564750671387e-01,9.072781801223754883e-01,8.140792250633239746e-01,1.890032202936708927e-03,-6.353242788463830948e-03,-3.096499713137745857e-03,-2.157405018806457520e-03,-1.525760861113667488e-03,-8.562575094401836395e-03,-7.089963182806968689e-03,-4.031559801660478115e-04,-5.352875683456659317e-03,-6.398650584742426872e-04
5.403873696923255920e-02,7.474821805953979492e-01,8.394517302513122559e-01,8.387857079505920410e-01,9.925639629364013672e-01,4.937390983104705811e-01,4.955444931983947754e-01,7.465431094169616699e-01,5.914702415466308594e-01,8.370004892349243164e-01,1.087319850921630859e-02,-2.132920781150460243e-03,7.340899319387972355e-04,8.641035296022891998e-03,-9.687314741313457489e-05,1.103061018511652946e-03,-3.322792937979102135e-03,-7.492165314033627510e-04,-2.721450058743357658e-03,2.764158416539430618e-03
-1.234299736097455025e-03,7.866474986076354980e-01,7.478719353675842285e-01,6.551883816719055176e-01,6.735007762908935547e-01,4.638262391090393066e-01,3.832711875438690186e-01,8.628854751586914062e-01,5.650630593299865723e-01,6.796736121177673340e-01,1.303471624851226807e-02,8.190614171326160431e-03,1.346736680716276169e-02,1.081427093595266342e-02,1.128724776208400726e-02,1.279202103614807129e-02,1.226267404854297638e-02,5.150446668267250061e-03,1.195635553449392319e-02,1.420785207301378250e-03
-9.444265742786228657e-04,5.942360032349824905e-03,3.769839648157358170e-03,8.809871040284633636e-03,1.137857977300882339e-02,4.706360865384340286e-03,-2.795368665829300880e-03,2.015806548297405243e-02,1.957586267963051796e-03,7.951472885906696320e-03,9.734626412391662598e-01,4.914607270620763302e-04,2.324814908206462860e-03,1.052808016538619995e-02,8.995870302896946669e-05,9.738716483116149902e-01,9.686278700828552246e-01,5.935788154602050781e-01,9.796246290206909180e-01,1.058064168319106102e-03
-2.152906963601708412e-04,9.948262572288513184e-01,1.706280000507831573e-02,9.925767779350280762e-01,7.749629616737365723e-01,1.000191330909729004e+00,5.418253131210803986e-03,9.948371648788452148e-01,9.971035718917846680e-01,9.759103059768676758e-01,-1.125206588767468929e-03,-3.542606486007571220e-03,-1.702759182080626488e-03,-8.567652665078639984e-03,-4.081598483026027679e-03,-3.730929922312498093e-03,-4.101164813619107008e-05,-1.593551132827997208e-03,3.298149094916880131e-04,-2.528137294575572014e-03
-1.502882689237594604e-03,-1.448208000510931015e-03,3.705377224832773209e-03,-4.893349483609199524e-03,-9.949562139809131622e-03,-2.533924067392945290e-03,-1.251097302883863449e-03,-9.251045994460582733e-03,-2.002810593694448471e-03,-1.560404058545827866e-02,1.009202122688293457e+00,1.547978725284337997e-02,9.971073865890502930e-01,9.887198805809020996e-01,8.067252635955810547e-01,9.962814450263977051e-01,1.003447651863098145e+00,5.596708506345748901e-03,1.005726337432861328e+00,1.264714286662638187e-03
-6.995940348133444786e-04,8.012716770172119141e-01,8.862356543540954590e-01,8.091168403625488281e-01,7.013467550277709961e-01,4.563882946968078613e-01,3.770579397678375244e-01,5.723806619644165039e-01,5.524798631668090820e-01,9.090627431869506836e-01,-1.193252857774496078e-02,3.342357464134693146e-03,-2.583639696240425110e-03,-2.132484689354896545e-03,-1.310326508246362209e-03,-2.384137362241744995e-03,3.759388811886310577e-03,4.714298993349075317e-03,-1.688991615083068609e-04,-7.130015292204916477e-04
-2.513583240215666592e-05,8.011701703071594238e-01,7.171183228492736816e-01,7.033067345619201660e-01,6.026010513305664062e-01,8.991697430610656738e-01,2.879582345485687256e-03,6.975305080413818359e-01,1.226015854626893997e-02,6.040931344032287598e-01,1.464033126831054688e-02,-5.065739154815673828e-03,7.686705328524112701e-03,-5.036117974668741226e-03,2.532547514420002699e-04,5.586754530668258667e-03,1.705855689942836761e-02,-1.046935329213738441e-03,1.048997882753610611e-02,7.111350714694708586e-05
-5.015444010496139526e-03,-9.868148714303970337e-03,-1.948154158890247345e-02,-6.453981623053550720e-03,-3.718641400337219238e-02,4.657797398976981640e-05,-7.240637787617743015e-04,-5.592723190784454346e-02,-2.903369022533297539e-03,-5.969762429594993591e-02,1.060716271400451660e+00,7.655150890350341797e-01,7.699264287948608398e-01,1.024292945861816406e+00,1.096284389495849609e-01,1.756360195577144623e-02,2.754814922809600830e-02,3.604066669940948486e-01,1.172820851206779480e-02,7.845798134803771973e-01
2.240328583866357803e-03,4.294251557439565659e-03,1.033115852624177933e-02,1.718474086374044418e-03,-3.381789894774556160e-03,8.991586510092020035e-04,-4.786081553902477026e-04,-2.837127307429909706e-03,6.044369656592607498e-04,-1.935640349984169006e-02,7.157384157180786133e-01,1.065428927540779114e-02,1.599140092730522156e-02,1.212347205728292465e-02,3.107944969087839127e-03,5.218792706727981567e-03,2.312980778515338898e-02,3.862519981339573860e-03,1.400308776646852493e-02,4.365555359981954098e-04
-4.536567721515893936e-03,-6.042376626282930374e-03,-1.827904139645397663e-03,-9.766761213541030884e-03,-1.516281347721815109e-02,-1.150684710592031479e-02,1.390115590766072273e-03,-9.433017112314701080e-03,-4.511485807597637177e-03,-2.375680487602949142e-03,9.856348633766174316e-01,9.532625675201416016e-01,9.602808952331542969e-01,9.919940829277038574e-01,1.275056600570678711e-01,1.045746915042400360e-02,1.117978245019912720e-02,6.157701835036277771e-03,8.913148194551467896e-04,9.981187582015991211e-01
-1.358149806037545204e-03,9.740103781223297119e-02,9.927746653556823730e-01,9.998228549957275391e-01,9.988893270492553711e-01,9.978421926498413086e-01,7.950738668441772461e-01,6.991029381752014160e-01,8.982832431793212891e-01,2.956045269966125488e-01,8.978574536740779877e-03,-1.008389610797166824e-02,5.330783897079527378e-04,-1.081098569557070732e-03,-6.731370231136679649e-04,5.901905824430286884e-04,-1.430951524525880814e-03,1.365080592222511768e-03,4.559786058962345123e-03,-2.332209609448909760e-03
-5.449720774777233601e-04,-1.983217953238636255e-04,2.917211735621094704e-03,-5.863744299858808517e-03,-4.031658754684031010e-04,-8.166993036866188049e-03,-1.579754520207643509e-03,1.079728174954652786e-02,6.567204836755990982e-03,6.659221835434436798e-03,9.720873236656188965e-01,9.871610403060913086e-01,7.033822536468505859e-01,7.095833420753479004e-01,7.937677502632141113e-01,4.884794950485229492e-01,4.884969592094421387e-01,-1.048120902851223946e-03,1.760957390069961548e-01,1.672257349127903581e-04
-5.443371992441825569e-05,8.882613778114318848e-01,7.822772264480590820e-01,8.182752728462219238e-01,9.753028154373168945e-01,8.316885679960250854e-03,4.552956204861402512e-03,6.901145577430725098e-01,7.808385416865348816e-03,5.952628850936889648e-01,1.674927026033401489e-02,5.351777188479900360e-03,5.265658255666494370e-04,4.521374590694904327e-03,5.326541140675544739e-04,6.780671421438455582e-03,4.906961228698492050e-03,3.758790669962763786e-03,3.737144637852907181e-03,2.081303624436259270e-03
1.046867575496435165e-03,-3.885891987010836601e-03,-1.291671418584883213e-03,1.073490548878908157e-02,1.167590450495481491e-02,5.443724803626537323e-03,-7.575578638352453709e-04,3.339426964521408081e-02,3.184403525665402412e-03,1.726908050477504730e-02,9.536331892013549805e-01,9.823361039161682129e-01,9.793817400932312012e-01,9.882993698120117188e-01,9.947597384452819824e-01,2.473167551215738058e-04,-1.430788263678550720e-02,1.344656455330550671e-03,3.926142817363142967e-04,5.648589227348566055e-03
-9.732867474667727947e-04,6.881124377250671387e-01,7.717548608779907227e-01,8.634469509124755859e-01,6.699937582015991211e-01,1.840983889997005463e-02,9.097674861550331116e-03,7.642996907234191895e-01,6.686611101031303406e-03,8.285921216011047363e-01,5.093608424067497253e-02,5.643947049975395203e-03,2.286007395014166832e-03,7.347299717366695404e-03,-4.830411169677972794e-03,-2.003406174480915070e-03,1.438844134099781513e-03,7.849324494600296021e-03,8.288083598017692566e-03,5.576083785854279995e-04
-6.118989549577236176e-03,-5.466058850288391113e-03,-9.376873262226581573e-03,-1.944630779325962067e-02,-8.426349610090255737e-03,-1.706786570139229298e-03,-1.843367703258991241e-03,-3.495705546811223030e-03,-5.674468353390693665e-03,-1.235173922032117844e-02,9.020463824272155762e-01,1.009133100509643555e+00,1.009487032890319824e+00,1.005225419998168945e+00,9.967952370643615723e-01,1.008494257926940918e+00,1.006428837776184082e+00,7.642198354005813599e-03,1.006883740425109863e+00,9.949011206626892090e-01
1.256809849292039871e-02,9.639816358685493469e-03,1.430186785000842065e-05,7.973518222570419312e-03,3.237340599298477173e-03,2.862262539565563202e-02,7.778240833431482315e-03,2.642606571316719055e-02,5.709498655050992966e-03,2.108976617455482483e-02,9.639819264411926270e-01,9.838426113128662109e-01,9.855036139488220215e-01,9.900152087211608887e-01,9.970393180847167969e-01,2.554391138255596161e-02,9.694461822509765625e-01,-1.019290066324174404e-03,9.849907159805297852e-01,-2.192759653553366661e-03
7.691136852372437716e-05,1.975147984921932220e-03,4.246449097990989685e-03,2.823699079453945160e-02,8.498267270624637604e-04,-1.112761383410543203e-04,2.790086728055030107e-04,-1.874137815320864320e-04,6.979640107601881027e-03,7.857488468289375305e-03,3.545693308115005493e-02,1.611811295151710510e-02,1.120468415319919586e-02,6.944063934497535229e-04,8.008094429969787598e-01,2.940603792667388916e-01,6.625553369522094727e-01,7.036240696907043457e-01,4.850859045982360840e-01,8.994132876396179199e-01
-1.115812570787966251e-03,7.078140974044799805e-01,7.069944739341735840e-01,6.228815317153930664e-01,5.190220475196838379e-01,8.004619479179382324e-01,2.806993722915649414e-01,1.114997491240501404e-01,3.657990396022796631e-01,4.081432819366455078e-01,1.460584811866283417e-02,-7.435947656631469727e-03,-6.178217474371194839e-03,-6.298668682575225830e-03,-7.836222648620605469e-03,-6.355952937155961990e-03,4.951545968651771545e-03,1.502459519542753696e-03,2.870540833100676537e-03,-1.215447438880801201e-03
2.770466962829232216e-03,3.176074940711259842e-03,4.826148971915245056e-03,2.657392062246799469e-02,1.945533230900764465e-02,-8.125824388116598129e-04,4.760927520692348480e-03,9.047660045325756073e-03,2.490075072273612022e-03,1.829603686928749084e-02,9.793731570243835449e-01,-5.035733804106712341e-03,-1.321608945727348328e-02,4.863562993705272675e-03,7.236135657876729965e-03,-2.654400421306490898e-03,-6.228475365787744522e-03,1.774455653503537178e-03,3.034240566194057465e-03,9.149766992777585983e-04
-4.410909023135900497e-04,-2.769165905192494392e-03,-1.788700115866959095e-03,4.970666021108627319e-03,1.033450942486524582e-02,2.613590797409415245e-03,2.832138270605355501e-04,-3.268116561230272055e-04,1.146860886365175247e-03,1.041573379188776016e-02,9.814198613166809082e-01,5.780349373817443848e-01,3.719227015972137451e-01,6.823942065238952637e-01,3.842284083366394043e-01,9.861086606979370117e-01,9.853941798210144043e-01,7.934653759002685547e-01,1.002575516700744629e+00,7.961632609367370605e-01
-2.540319459512829781e-03,-3.859489457681775093e-03,-7.163384463638067245e-03,-1.619072631001472473e-02,-8.784811012446880341e-03,-3.633156418800354004e-03,5.698368186131119728e-04,-1.459667365998029709e-02,-2.556794788688421249e-03,7.105673663318157196e-03,1.022842288017272949e+00,1.003556132316589355e+00,9.957959055900573730e-01,1.015820741653442383e+00,1.006102681159973145e+00,1.014153599739074707e+00,1.019147038459777832e+00,9.852876514196395874e-02,6.689096242189407349e-02,5.279984325170516968e-03
1.654443703591823578e-02,3.146148473024368286e-02,6.720291972160339355e-01,7.849595546722412109e-01,2.756605669856071472e-02,6.266571581363677979e-03,-5.393875180743634701e-04,6.697098612785339355e-01,2.882842533290386200e-02,8.432357311248779297e-01,1.983343623578548431e-02,-3.324679331853985786e-03,2.009831136092543602e-03,2.593834185972809792e-03,-3.151461249217391014e-03,-3.059235401451587677e-03,-5.343518219888210297e-03,-1.306971069425344467e-02,-2.856783568859100342e-03,1.423977897502481937e-03
-4.674218944273889065e-04,8.069174289703369141e-01,7.176944613456726074e-01,8.201237320899963379e-01,6.059915423393249512e-01,4.965668618679046631e-01,3.942640423774719238e-01,1.005704402923583984e+00,6.951189041137695312e-01,8.062033057212829590e-01,-1.078012492507696152e-02,5.493913777172565460e-03,4.703623708337545395e-03,-3.346696728840470314e-03,-8.104419335722923279e-03,-1.371353166177868843e-03,8.915804792195558548e-04,-1.275805407203733921e-03,-2.956353826448321342e-03,-8.868403383530676365e-04
3.254885086789727211e-04,7.179698348045349121e-01,8.237405419349670410e-01,7.470461726188659668e-01,6.394029855728149414e-01,9.094806909561157227e-01,2.987460792064666748e-01,5.018680095672607422e-01,4.027560353279113770e-01,7.044570446014404297e-01,-2.268861979246139526e-02,-4.830671474337577820e-03,-4.703705781139433384e-04,-2.991096815094351768e-03,-5.289493128657341003e-03,-1.606534118764102459e-03,-3.338697715662419796e-04,1.931943465024232864e-03,4.453507252037525177e-03,3.990370314568281174e-04
-8.397509809583425522e-04,-4.743742756545543671e-03,1.627621799707412720e-02,-1.747468113899230957e-02,1.567790284752845764e-02,-7.838748395442962646e-03,-5.261297919787466526e-04,4.784659482538700104e-03,-6.863516755402088165e-03,2.830857038497924805e-01,8.280687779188156128e-02,2.336086332798004150e-02,2.236648090183734894e-02,5.953677464276552200e-03,4.330208525061607361e-03,6.726085208356380463e-03,1.566323568113148212e-03,8.236178196966648102e-03,-6.450745277106761932e-03,1.167820766568183899e-03
-2.210153266787528992e-03,5.991757847368717194e-03,3.645854070782661438e-03,6.819153670221567154e-03,4.484348755795508623e-04,4.475648514926433563e-03,1.850544009357690811e-03,2.197529189288616180e-02,-8.642186003271490335e-05,1.785182207822799683e-02,9.889190793037414551e-01,9.570201039314270020e-01,9.726176261901855469e-01,9.664933681488037109e-01,7.528395392000675201e-03,-6.167813553474843502e-04,-7.366357836872339249e-03,1.353974366793408990e-04,-4.843767266720533371e-03,-1.533895963802933693e-03
1.506168977357447147e-03,4.344169981777667999e-03,3.226814093068242073e-03,9.410076141357421875e-01,9.388715028762817383e-01,-2.609848510473966599e-03,-9.927346836775541306e-04,6.770424246788024902e-01,3.478899365290999413e-03,7.669976353645324707e-01,6.550488620996475220e-02,6.643191725015640259e-02,2.859148569405078888e-02,1.056138891726732254e-02,1.127548329532146454e-02,4.596249200403690338e-03,2.702001016587018967e-03,3.173298668116331100e-03,-1.184766413643956184e-03,-2.106923377141356468e-03
-4.575874481815844774e-04,9.368875026702880859e-01,-9.119627065956592560e-03,-7.125690113753080368e-03,2.594401128590106964e-02,2.282170811668038368e-03,-2.316318452358245850e-03,3.433580696582794189e-01,6.652874872088432312e-03,7.090016007423400879e-01,4.757284745573997498e-02,-1.223173108883202076e-03,5.124885588884353638e-03,1.754420623183250427e-02,2.047335729002952576e-02,1.454719062894582748e-02,7.917601615190505981e-04,5.244432017207145691e-03,2.335618250072002411e-03,-8.345007663592696190e-04
3.827388631179928780e-03,7.152890611905604601e-05,2.476607263088226318e-02,2.369885332882404327e-02,-5.941418465226888657e-03,-4.469288978725671768e-03,-3.870155429467558861e-03,6.835603713989257812e-02,-2.077935787383466959e-04,4.283589124679565430e-02,7.528352737426757812e-01,7.462075911462306976e-03,8.376666158437728882e-02,9.984961748123168945e-01,1.769802882336080074e-03,-7.327623898163437843e-04,-1.776913763023912907e-03,-9.939962066709995270e-03,-7.091730833053588867e-03,-7.885956438258290291e-05
8.870486021041870117e-01,1.820734292268753052e-01,7.892944216728210449e-01,6.795482635498046875e-01,6.039014458656311035e-01,1.916066110134124756e-01,9.175606071949005127e-02,6.811231374740600586e-01,7.903475761413574219e-01,7.886859774589538574e-01,8.033604361116886139e-03,-6.737768184393644333e-03,1.220070291310548782e-02,1.839510723948478699e-02,1.632045768201351166e-02,1.370870880782604218e-02,3.192421793937683105e-02,1.124088652431964874e-03,6.287313532084226608e-03,3.510094946250319481e-03
-3.485475026536732912e-04,7.986236214637756348e-01,7.147434949874877930e-01,7.067105770111083984e-01,6.199040412902832031e-01,4.942630827426910400e-01,3.976976573467254639e-01,9.921120405197143555e-01,6.910737156867980957e-01,7.756088972091674805e-01,-6.337844301015138626e-03,4.579370375722646713e-03,1.205945387482643127e-03,8.881442481651902199e-04,-6.134322844445705414e-03,1.337855588644742966e-03,-8.062825072556734085e-04,-2.228968660347163677e-04,-5.946598830632865429e-04,3.302938537672162056e-03
-5.901572876609861851e-04,6.863751411437988281e-01,6.774722337722778320e-01,6.748937368392944336e-01,4.865006804466247559e-01,4.532897472381591797e-01,3.494747281074523926e-01,7.495400309562683105e-01,5.343870520591735840e-01,6.592850685119628906e-01,5.688253790140151978e-02,7.248635403811931610e-03,-3.771633142605423927e-03,1.097988337278366089e-02,1.484874729067087173e-02,1.433373428881168365e-02,8.383123204112052917e-03,1.373270642943680286e-03,6.298447493463754654e-03,1.038118847645819187e-03
1.044084667228162289e-03,7.820715308189392090e-01,6.688949465751647949e-01,6.233981847763061523e-01,9.015737175941467285e-01,1.004015922546386719e+00,1.163369510322809219e-02,7.856463193893432617e-01,4.775165915489196777e-01,8.708333969116210938e-01,-1.697896979749202728e-02,-8.917316794395446777e-03,-5.297984462231397629e-03,-5.528945475816726685e-03,-2.703029429540038109e-03,-5.143473390489816666e-03,-1.808491651900112629e-04,-1.212299452163279057e-03,-2.503497526049613953e-03,-4.269372439011931419e-04
2.121079480275511742e-03,3.276120871305465698e-03,7.855584621429443359e-01,9.804366230964660645e-01,6.967905759811401367e-01,9.876418113708496094e-01,6.890469193458557129e-01,8.327627182006835938e-01,9.847567081451416016e-01,8.037486076354980469e-01,1.342425029724836349e-02,-4.673421848565340042e-03,4.528084304183721542e-03,7.479149382561445236e-03,-2.806443080771714449e-04,3.424200927838683128e-03,1.538832858204841614e-02,3.718379419296979904e-03,-7.558903191238641739e-03,-8.852093596942722797e-04
-1.901255891425535083e-04,8.085552453994750977e-01,8.800028562545776367e-01,8.704858422279357910e-01,6.908583641052246094e-01,5.789216756820678711e-01,4.923181235790252686e-01,8.666578531265258789e-01,6.725826859474182129e-01,7.660849690437316895e-01,1.149587798863649368e-02,5.423845723271369934e-03,1.293544773943722248e-03,-3.177646314725279808e-03,-9.861206635832786560e-04,3.262755693867802620e-03,-2.448528539389371872e-03,-1.835161005146801472e-03,1.931148348376154900e-03,4.305121547076851130e-05
-9.280622180085629225e-05,2.792602777481079102e-01,6.691998839378356934e-01,7.722961902618408203e-01,5.978563427925109863e-01,7.557212375104427338e-03,7.647173944860696793e-03,6.739924550056457520e-01,1.070848852396011353e-02,6.746584773063659668e-01,4.166267812252044678e-02,3.294670209288597107e-02,3.005051054060459137e-02,2.172928862273693085e-02,2.044387534260749817e-02,2.825124422088265419e-03,-4.138322547078132629e-03,-5.901019088923931122e-03,1.469648093916475773e-03,1.809135894291102886e-03
-6.719718803651630878e-04,2.052113786339759827e-02,9.362485259771347046e-03,1.974468305706977844e-02,1.942841149866580963e-02,1.400855928659439087e-02,6.795537658035755157e-03,1.721246354281902313e-02,1.707315444946289062e-02,7.812709547579288483e-03,7.627015113830566406e-01,5.534426774829626083e-03,9.238151833415031433e-03,1.068946532905101776e-02,-9.619526099413633347e-04,3.656373592093586922e-03,8.442950434982776642e-03,1.984628150239586830e-03,1.116296555846929550e-02,2.993481159210205078e-01
1.964547554962337017e-04,9.926700592041015625e-01,9.983824491500854492e-01,2.621717378497123718e-02,9.942713379859924316e-01,3.250951319932937622e-02,2.060246653854846954e-02,4.272157326340675354e-02,1.453037466853857040e-02,9.734813570976257324e-01,-3.168437397107481956e-03,-6.990026682615280151e-03,8.247660589404404163e-04,-7.584490813314914703e-04,4.718550015240907669e-03,-8.868823759257793427e-03,-7.606059312820434570e-03,1.188873080536723137e-03,-7.374746724963188171e-03,-1.350070815533399582e-03
7.609627209603786469e-04,2.669774927198886871e-03,5.355374813079833984e-01,5.451985597610473633e-01,7.265175580978393555e-01,1.505458634346723557e-02,3.958756569772958755e-03,7.893471717834472656e-01,1.274926122277975082e-02,7.146177887916564941e-01,-1.117753516882658005e-02,3.642847994342446327e-03,-8.249884471297264099e-03,-1.076369080692529678e-02,1.564962207339704037e-03,7.716348860412836075e-03,8.532817475497722626e-03,1.233267970383167267e-02,1.205296628177165985e-02,3.778729820623993874e-03
-4.298658459447324276e-04,1.494239433668553829e-03,1.150947902351617813e-02,9.292032336816191673e-04,1.349471323192119598e-02,-8.999949204735457897e-05,3.047403879463672638e-03,5.580133292824029922e-03,2.392600290477275848e-02,2.105555869638919830e-02,7.928447127342224121e-01,1.085047572851181030e-01,2.084267139434814453e-01,8.894386887550354004e-02,5.148182511329650879e-01,9.844053387641906738e-01,9.897816181182861328e-01,1.204388565383851528e-03,3.952210247516632080e-01,6.096033379435539246e-03
7.966227829456329346e-03,1.569245941936969757e-03,3.851923625916242599e-03,2.330659329891204834e-02,5.047154612839221954e-03,3.337114583700895309e-03,3.169914474710822105e-03,8.317869156599044800e-03,1.393240992911159992e-03,8.926618844270706177e-03,1.615812443196773529e-02,1.065209787338972092e-02,1.995888203382492065e-01,2.066242843866348267e-01,1.041726619005203247e-01,1.688401028513908386e-02,1.096504274755716324e-02,1.952770864591002464e-03,8.339183405041694641e-03,4.961369335651397705e-01
-2.069872280117124319e-04,7.662170529365539551e-01,6.799526214599609375e-01,6.661680340766906738e-01,8.764663338661193848e-01,4.816510975360870361e-01,3.909379541873931885e-01,6.661793589591979980e-01,4.789437055587768555e-01,2.838870882987976074e-01,4.157665744423866272e-02,6.399944424629211426e-03,7.941941730678081512e-03,1.288420241326093674e-02,5.646390840411186218e-03,2.056004665791988373e-02,4.117663204669952393e-02,9.640287607908248901e-03,1.175363734364509583e-02,5.213552154600620270e-03
5.114145460538566113e-04,-4.865680821239948273e-03,1.273366436362266541e-02,-1.174131175503134727e-03,3.464142326265573502e-03,3.049473743885755539e-04,3.636891487985849380e-04,4.757453203201293945e-01,-2.166391350328922272e-03,7.403585314750671387e-01,2.470380812883377075e-02,1.142804743722081184e-03,3.781750425696372986e-02,3.356730937957763672e-02,3.094366518780589104e-03,3.188217291608452797e-03,-3.997613675892353058e-03,6.221571005880832672e-03,-2.845244249328970909e-03,-7.007031235843896866e-04
-8.350458811037242413e-04,7.216866016387939453e-01,6.462687849998474121e-01,8.762115836143493652e-01,6.298207044601440430e-01,2.444305568933486938e-01,1.891784369945526123e-01,7.347210645675659180e-01,4.093158841133117676e-01,8.234553933143615723e-01,2.463021688163280487e-02,2.143563935533165932e-03,1.113292574882507324e-02,8.871462196111679077e-03,1.459066476672887802e-02,4.625932779163122177e-03,6.116179283708333969e-03,7.010981789790093899e-04,3.324208548292517662e-03,9.118141606450080872e-04
1.461769104935228825e-03,3.944349288940429688e-02,4.518065229058265686e-02,6.318049877882003784e-02,4.457557573914527893e-02,5.150381475687026978e-02,7.526087574660778046e-03,7.501041144132614136e-02,1.517397817224264145e-02,4.236293584108352661e-02,3.439087271690368652e-01,8.450111746788024902e-02,7.858022302389144897e-02,2.402284145355224609e-01,1.689168512821197510e-01,9.941744618117809296e-03,2.687988281250000000e-01,6.850035861134529114e-04,1.783494800329208374e-01,-3.570365253835916519e-03
3.470755880698561668e-03,9.099905379116535187e-03,9.059063158929347992e-03,2.586979418992996216e-02,1.121316198259592056e-02,5.823052022606134415e-03,7.249859627336263657e-03,2.159804292023181915e-02,-1.073325329343788326e-04,1.025608275085687637e-02,-4.892527067568153143e-05,4.945226907730102539e-01,9.670899510383605957e-01,-6.228605052456259727e-04,6.970392465591430664e-01,9.841316342353820801e-01,9.673480987548828125e-01,-6.592692807316780090e-04,7.977024912834167480e-01,6.933973431587219238e-01
-1.573692657984793186e-03,-2.570006530731916428e-03,8.256316184997558594e-03,-2.559280255809426308e-03,-1.731563126668334007e-03,-2.433148911222815514e-03,2.019122708588838577e-03,-9.832040406763553619e-03,6.203942932188510895e-03,-1.692245341837406158e-02,9.933967590332031250e-01,1.573138497769832611e-02,1.071557626128196716e-01,1.792293414473533630e-02,7.062377333641052246e-01,4.456163151189684868e-04,-3.908301587216556072e-04,-1.224295236170291901e-03,1.181272207759320736e-03,2.886209585994947702e-05
-3.217227058485150337e-03,3.255030838772654533e-03,2.237141598016023636e-03,-9.502917528152465820e-03,1.600635470822453499e-03,-4.756018519401550293e-03,-4.515574779361486435e-03,-5.793282296508550644e-03,-4.901496693491935730e-03,-8.391819894313812256e-03,9.243730306625366211e-01,2.590313740074634552e-02,2.942437306046485901e-02,1.893447712063789368e-02,8.005973696708679199e-01,6.284040398895740509e-03,7.364193908870220184e-03,-2.084745559841394424e-03,7.578070741146802902e-03,6.051436662673950195e-01
-3.515549469739198685e-03,5.134211387485265732e-03,-3.070019185543060303e-03,8.736874908208847046e-03,5.864006001502275467e-03,9.735436469782143831e-05,-1.065771677531301975e-03,-4.679093603044748306e-03,-8.699047379195690155e-03,7.249694317579269409e-03,8.081624507904052734e-01,7.051880359649658203e-01,9.851387739181518555e-01,9.968751072883605957e-01,7.900694608688354492e-01,1.757972175255417824e-03,3.273541852831840515e-02,3.027109503746032715e-01,9.822846651077270508e-01,-1.832369482144713402e-03
3.291640430688858032e-03,2.704919781535863876e-03,-1.565421465784311295e-03,3.872862318530678749e-03,1.556817162781953812e-02,1.240974385291337967e-02,3.921052906662225723e-03,2.680072560906410217e-02,4.220567177981138229e-03,8.241778239607810974e-03,8.623752593994140625e-01,7.650181651115417480e-01,7.750115394592285156e-01,1.726605594158172607e-01,4.867367446422576904e-01,7.193618416786193848e-01,6.922534704208374023e-01,7.141552865505218506e-02,2.874292135238647461e-01,5.945533514022827148e-01
-1.178172882646322250e-03,8.095919489860534668e-01,9.924621582031250000e-01,8.918088078498840332e-01,8.987137079238891602e-01,1.007098197937011719e+00,6.986779570579528809e-01,8.943328857421875000e-01,9.978834986686706543e-01,8.082492947578430176e-01,2.956562908366322517e-03,1.821764861233532429e-03,-3.383994800969958305e-03,-9.117510169744491577e-03,-4.673433490097522736e-03,1.782876066863536835e-02,-7.792991586029529572e-03,-2.158224349841475487e-03,-7.413033396005630493e-03,-2.013402525335550308e-03
1.857641036622226238e-03,4.613913595676422119e-02,6.837365031242370605e-02,6.122418120503425598e-02,6.996525079011917114e-02,2.003604546189308167e-02,2.855110540986061096e-02,2.922395430505275726e-02,5.235551297664642334e-02,5.087316781282424927e-02,9.044448733329772949e-01,8.984270971268415451e-04,-1.556845265440642834e-03,-8.730976842343807220e-03,1.762376129627227783e-01,7.968336343765258789e-01,6.993727684020996094e-01,4.228548612445592880e-03,4.103305637836456299e-01,7.644963916391134262e-04
2.440124517306685448e-03,8.016888499259948730e-01,8.972394466400146484e-01,8.017210364341735840e-01,7.024571299552917480e-01,5.775942206382751465e-01,4.842709302902221680e-01,9.074591994285583496e-01,6.895482540130615234e-01,8.987215161323547363e-01,-3.729080082848668098e-03,4.080674552824348211e-04,1.007331069558858871e-03,8.513324894011020660e-03,-1.986894756555557251e-03,-3.647152101621031761e-03,7.778560277074575424e-03,-7.210212643258273602e-04,7.064894307404756546e-04,1.586192636750638485e-03
-7.630063919350504875e-04,3.647035360336303711e-02,5.085705593228340149e-02,5.606168136000633240e-02,4.333541914820671082e-02,2.502602152526378632e-02,2.004675939679145813e-02,5.275162681937217712e-02,2.065658010542392731e-02,1.309836283326148987e-02,3.621192872524261475e-01,8.149100840091705322e-02,1.667894572019577026e-01,2.626134455204010010e-01,2.526260614395141602e-01,2.850033938884735107e-01,3.801288306713104248e-01,8.889506012201309204e-02,1.893775463104248047e-01,4.866358041763305664e-01
-2.365874097449705005e-04,7.955089807510375977e-01,7.152833938598632812e-01,7.157639265060424805e-01,5.960803031921386719e-01,4.910804331302642822e-01,3.935143351554870605e-01,7.091643810272216797e-01,5.029793977737426758e-01,6.841591596603393555e-01,-5.529746413230895996e-03,-8.870366029441356659e-03,-8.668851223774254322e-04,-6.546081509441137314e-03,-3.103205235674977303e-03,-1.045750104822218418e-03,-1.743114320561289787e-03,8.507365128025412560e-04,3.859072690829634666e-03,4.936888217343948781e-05
-3.664720861706882715e-04,1.288170460611581802e-03,1.021120348013937473e-03,-4.344978369772434235e-03,-7.929859566502273083e-04,-1.371552352793514729e-03,7.458630716428160667e-05,-9.920662268996238708e-03,4.336303099989891052e-04,-2.010276913642883301e-02,8.399509787559509277e-01,6.437582373619079590e-01,8.379592895507812500e-01,7.445327639579772949e-01,5.230703353881835938e-01,6.619580388069152832e-01,6.680909395217895508e-01,-7.643159478902816772e-04,2.610193192958831787e-01,3.034340450540184975e-03
8.230995386838912964e-03,7.435411214828491211e-03,9.046839550137519836e-03,7.118451409041881561e-03,5.708280019462108612e-03,5.688353907316923141e-03,7.726784679107367992e-04,5.220388993620872498e-04,5.574806709773838520e-04,1.873245462775230408e-02,1.011730670928955078e+00,9.989709258079528809e-01,1.019062757492065430e+00,1.005738496780395508e+00,8.119252920150756836e-01,9.963911958038806915e-03,5.394690087996423244e-04,9.308250620961189270e-03,8.724365383386611938e-03,-1.933763269335031509e-04
6.198108894750475883e-04,5.112518556416034698e-03,-5.801258375868201256e-04,-1.246959529817104340e-02,-4.699542187154293060e-03,8.276974782347679138e-03,-4.932050942443311214e-04,-1.526096952147781849e-03,-1.804241095669567585e-03,-4.203941207379102707e-03,9.770072102546691895e-01,7.893515229225158691e-01,8.914844989776611328e-01,9.871511459350585938e-01,9.846526980400085449e-01,2.407938800752162933e-02,2.850162796676158905e-02,7.910588383674621582e-01,1.252368558198213577e-02,9.907881617546081543e-01
-1.131554527091793716e-04,7.079078555107116699e-01,7.876020669937133789e-01,6.961980462074279785e-01,6.094684004783630371e-01,4.787436425685882568e-01,3.953844308853149414e-01,2.910980582237243652e-01,6.890814304351806641e-01,7.912349700927734375e-01,2.764906967058777809e-04,-1.024145167320966721e-02,-2.486496046185493469e-02,-1.522268983535468578e-03,-2.505512442439794540e-03,-2.023638039827346802e-02,-7.992922328412532806e-03,3.567666513845324516e-03,2.064455766230821609e-03,-1.869549741968512535e-03
3.785279113799333572e-04,9.618204087018966675e-03,1.263757329434156418e-02,4.271025955677032471e-02,3.399277105927467346e-02,1.323687005788087845e-02,3.063781652599573135e-03,2.304531447589397430e-02,1.007355400361120701e-03,5.879305675625801086e-02,9.421803355216979980e-01,6.755683422088623047e-01,3.037542104721069336e-01,1.012483052909374237e-02,6.774364113807678223e-01,5.679348483681678772e-03,9.568613171577453613e-01,5.171110387891530991e-03,9.656429290771484375e-01,-1.324520562775433064e-03
1.204932777909561992e-04,7.150580286979675293e-01,3.639862686395645142e-02,3.714941814541816711e-02,1.001661539077758789e+00,9.982621669769287109e-01,-5.192903336137533188e-04,6.078447699546813965e-01,2.699502930045127869e-02,8.132897615432739258e-01,7.752736564725637436e-03,1.446657348424196243e-03,1.540018990635871887e-02,-3.260572208091616631e-03,6.621025502681732178e-03,-5.332241416908800602e-04,-2.684494713321328163e-03,-1.306166057474911213e-03,8.352570002898573875e-04,-2.578810672275722027e-04
-7.910055574029684067e-04,6.186643242835998535e-01,2.123369872570037842e-01,7.919755578041076660e-01,9.919515848159790039e-01,4.933891892433166504e-01,3.731121122837066650e-01,6.940963268280029297e-01,4.711695015430450439e-01,9.250878095626831055e-01,-2.184086292982101440e-02,-1.482553966343402863e-02,-2.708743885159492493e-02,-1.373358443379402161e-02,-5.856531672179698944e-03,5.537245888262987137e-03,-3.864477854222059250e-03,-1.308472361415624619e-03,-1.330384984612464905e-03,-9.581957710906863213e-04
4.568997246678918600e-04,-2.122716279700398445e-03,-5.180269945412874222e-04,1.996078714728355408e-02,9.294829331338405609e-03,4.082922358065843582e-03,-3.535335650667548180e-03,2.478145621716976166e-02,-6.803072523325681686e-03,3.114460594952106476e-02,9.861898422241210938e-01,9.830914139747619629e-01,9.750127792358398438e-01,-5.217035766690969467e-03,9.865270256996154785e-01,9.917857050895690918e-01,9.926685690879821777e-01,1.513422350399196148e-03,9.936841726303100586e-01,-2.140340948244556785e-04
-3.946010954678058624e-03,-3.946966957300901413e-03,-5.571593064814805984e-03,-4.833719227463006973e-03,1.464716065675020218e-02,-2.707600127905607224e-03,-3.511072427500039339e-04,3.416718915104866028e-03,-3.561473684385418892e-03,6.135683041065931320e-03,8.099917173385620117e-01,7.210735678672790527e-01,8.935391902923583984e-01,9.092779159545898438e-01,5.939575433731079102e-01,-1.999904168769717216e-03,3.173474222421646118e-03,-9.479863801971077919e-04,2.156882692361250520e-04,-3.793857758864760399e-03
-2.570154378190636635e-03,-1.235822867602109909e-02,-5.604548379778862000e-03,-5.429669283330440521e-03,2.098489785566926003e-03,5.833079107105731964e-03,3.399155335500836372e-03,8.662492968142032623e-03,-3.591170301660895348e-03,-2.532368060201406479e-03,9.999819397926330566e-01,9.810218214988708496e-01,9.788812398910522461e-01,1.746290014125406742e-03,6.662149447947740555e-03,3.175213187932968140e-02,1.338041666895151138e-02,1.009584125131368637e-02,9.900361895561218262e-01,7.989420294761657715e-01
1.649275887757539749e-03,1.296910829842090607e-02,4.670303314924240112e-04,2.605437673628330231e-02,2.350782603025436401e-02,9.058749303221702576e-03,3.931447863578796387e-03,1.908145379275083542e-03,1.666997931897640228e-02,2.047182619571685791e-02,7.994124293327331543e-01,2.930394709110260010e-01,1.964162886142730713e-01,8.558181673288345337e-02,1.928902119398117065e-01,2.788152098655700684e-01,3.805964589118957520e-01,4.152748733758926392e-03,2.849524915218353271e-01,7.507427362725138664e-04
1.512089977040886879e-03,-2.531738020479679108e-03,-2.166159247281029820e-04,6.862413603812456131e-03,-5.277336575090885162e-03,6.617800332605838776e-03,5.573997623287141323e-04,-7.324475329369306564e-03,6.152176647447049618e-04,3.106807358562946320e-03,9.011145830154418945e-01,7.954107522964477539e-01,7.931504249572753906e-01,9.834157824516296387e-01,6.950482130050659180e-01,-1.232337951660156250e-02,-1.995898596942424774e-02,-6.112339440733194351e-03,-1.023950893431901932e-02,9.965370297431945801e-01
1.536946045234799385e-03,-2.437981776893138885e-03,-9.785293601453304291e-03,6.447040941566228867e-03,-2.999966265633702278e-03,1.436180155724287033e-02,-3.201007610186934471e-03,2.912179529666900635e-01,3.125848770141601562e-01,6.512965559959411621e-01,5.853812396526336670e-02,4.660455510020256042e-02,4.382116347551345825e-02,3.242898732423782349e-02,4.954971745610237122e-02,3.392000496387481689e-02,3.582026809453964233e-02,1.040139887481927872e-02,1.665632613003253937e-02,8.527535013854503632e-03
1.555444614496082067e-04,7.024856284260749817e-03,-6.787516642361879349e-03,1.169642992317676544e-02,3.199956938624382019e-02,6.240411312319338322e-04,-2.142352284863591194e-03,2.943519316613674164e-02,7.355208974331617355e-03,2.850789763033390045e-02,9.851074218750000000e-01,5.174352526664733887e-01,5.243174433708190918e-01,8.299718610942363739e-03,2.006954401731491089e-01,2.050465717911720276e-02,1.540696434676647186e-02,1.429368928074836731e-02,4.158324003219604492e-01,3.807462286204099655e-03
-2.630398057590355165e-06,5.875735660083591938e-04,8.024371266365051270e-01,9.996247887611389160e-01,9.885818362236022949e-01,9.947720170021057129e-01,6.957674622535705566e-01,9.915195107460021973e-01,9.963236451148986816e-01,1.995360553264617920e-01,3.366707358509302139e-03,8.738521486520767212e-03,-1.960475230589509010e-03,1.421214314177632332e-03,6.442124955356121063e-03,1.078309956938028336e-03,3.793258219957351685e-03,-9.942138567566871643e-04,4.683349281549453735e-03,8.974494412541389465e-04
5.916032940149307251e-03,7.677278015762567520e-03,3.229379188269376755e-03,6.462477613240480423e-03,4.294969141483306885e-02,6.093815434724092484e-03,3.295804606750607491e-03,-2.066899323835968971e-03,7.144086062908172607e-03,3.385911509394645691e-02,9.502344131469726562e-01,9.672686457633972168e-01,9.587596654891967773e-01,9.564306735992431641e-01,6.647582054138183594e-01,4.523360431194305420e-01,4.588153958320617676e-01,7.842665910720825195e-01,4.654675424098968506e-01,5.513404030352830887e-04
7.717396132647991180e-03,-1.546763931401073933e-03,2.613290911540389061e-03,4.798587178811430931e-05,-1.198027003556489944e-02,-1.201724167913198471e-02,-3.918738104403018951e-03,-1.644806563854217529e-02,-1.018480211496353149e-02,-6.516604684293270111e-03,1.358674615621566772e-01,8.377747982740402222e-02,8.625664561986923218e-02,8.847489953041076660e-02,2.832426130771636963e-01,8.934600949287414551e-01,8.913303017616271973e-01,2.018454968929290771e-01,7.102734446525573730e-01,9.118075668811798096e-02
9.406800568103790283e-02,8.120566606521606445e-01,2.634679712355136871e-02,1.654615998268127441e-02,9.213443398475646973e-01,1.009543418884277344e+00,2.784932553768157959e-01,7.157267928123474121e-01,4.867638647556304932e-01,8.956683874130249023e-01,-1.181771699339151382e-02,-5.335286725312471390e-03,-7.345741614699363708e-03,1.334185339510440826e-02,-3.027919912710785866e-03,-3.815013915300369263e-03,-4.411675967276096344e-03,-5.316570168361067772e-04,5.919852294027805328e-03,1.372613478451967239e-03
-5.964424344711005688e-04,8.831992000341415405e-02,9.666705131530761719e-02,3.991806209087371826e-01,1.998487412929534912e-01,8.922103047370910645e-01,2.870690822601318359e-01,7.991593480110168457e-01,6.951503157615661621e-01,7.883094549179077148e-01,3.173564560711383820e-03,1.385203655809164047e-02,1.050741132348775864e-02,9.941918542608618736e-04,3.509588539600372314e-03,1.403850270435214043e-03,-2.770787104964256287e-03,2.724114572629332542e-03,-7.038015872240066528e-03,6.682854727841913700e-04
-7.060510106384754181e-04,6.798796057701110840e-01,1.022158097475767136e-02,5.194823257625102997e-03,1.268150284886360168e-02,9.910747408866882324e-01,1.357506262138485909e-03,5.821843743324279785e-01,6.825580000877380371e-01,7.808179855346679688e-01,3.197798505425453186e-02,5.746286828070878983e-03,8.117875084280967712e-03,1.422827038913965225e-02,1.007566973567008972e-02,6.495132576674222946e-03,1.078162249177694321e-02,-1.420975429937243462e-03,8.609685115516185760e-03,2.039417158812284470e-03
-7.356084533967077732e-04,7.886402606964111328e-01,6.822637915611267090e-01,9.664838314056396484e-01,5.926848053932189941e-01,9.902650117874145508e-01,4.971259832382202148e-01,6.949362158775329590e-01,6.153722405433654785e-01,7.945439815521240234e-01,1.253151800483465195e-02,1.992975827306509018e-03,9.174210019409656525e-03,-2.824707189574837685e-03,-3.480782499536871910e-03,-4.957450553774833679e-03,9.699905291199684143e-03,-3.685310948640108109e-04,3.151475975755602121e-04,1.945902113220654428e-06
-3.185122332070022821e-04,2.100889012217521667e-02,2.446163445711135864e-02,3.616283461451530457e-02,2.547799423336982727e-02,1.811854913830757141e-02,3.998459782451391220e-03,4.008359462022781372e-02,1.508268248289823532e-02,3.474120050668716431e-02,6.382638216018676758e-01,2.811073092743754387e-03,3.323086770251393318e-03,5.537995602935552597e-03,1.675234586000442505e-01,1.490925205871462822e-03,4.681811332702636719e-01,5.515694152563810349e-03,7.970463484525680542e-02,2.983192680403590202e-04
7.061520591378211975e-03,4.680158570408821106e-02,6.418888270854949951e-02,6.278920918703079224e-02,3.993184491991996765e-02,2.746513113379478455e-02,1.889112405478954315e-02,4.512815922498703003e-02,2.225898392498493195e-02,3.136828914284706116e-02,7.627047300338745117e-01,5.136084556579589844e-02,1.290210336446762085e-01,2.489715367555618286e-01,1.644965857267379761e-01,2.663619518280029297e-01,4.684051871299743652e-01,7.459450513124465942e-02,1.755819171667098999e-01,5.914603471755981445e-01
4.005651280749589205e-04,-7.164043840020895004e-03,-3.053118998650461435e-04,4.982826113700866699e-02,5.171138793230056763e-03,7.984930649399757385e-03,-2.715802518650889397e-03,3.281598910689353943e-02,3.293436020612716675e-02,1.222565490752458572e-02,9.502748847007751465e-01,9.630638360977172852e-01,9.577097296714782715e-01,-6.017730571329593658e-03,8.589324355125427246e-01,9.796660542488098145e-01,9.780685901641845703e-01,-2.250470453873276711e-03,-3.058610018342733383e-03,7.963380217552185059e-01
-3.768480615690350533e-03,-2.512868493795394897e-03,4.221315495669841766e-03,-5.891493055969476700e-03,-1.149127143435180187e-03,1.522258389741182327e-03,2.255304862046614289e-04,6.944248452782630920e-03,1.127185765653848648e-03,-6.606822833418846130e-03,9.072426557540893555e-01,8.111504912376403809e-01,9.220991134643554688e-01,9.978460073471069336e-01,9.071126580238342285e-01,1.010375142097473145e+00,1.003265380859375000e+00,8.825108408927917480e-02,8.979912996292114258e-01,9.076054394245147705e-02
-1.478235353715717793e-03,7.325681447982788086e-01,7.293588519096374512e-01,1.005089163780212402e+00,8.046463131904602051e-01,9.956803321838378906e-01,4.905433058738708496e-01,9.951145052909851074e-01,7.988206744194030762e-01,3.154960274696350098e-01,-2.922681393101811409e-03,3.805561689659953117e-03,5.542213097214698792e-03,-2.473475411534309387e-03,-8.681921288371086121e-03,2.879572799429297447e-03,-1.481837593019008636e-03,-1.141760381869971752e-03,2.849702024832367897e-03,-8.572230581194162369e-04
3.268082509748637676e-04,9.935665130615234375e-01,9.952207803726196289e-01,9.992616772651672363e-01,9.942699670791625977e-01,9.981232881546020508e-01,7.980789542198181152e-01,9.960979819297790527e-01,9.986370205879211426e-01,9.037930965423583984e-01,2.760085277259349823e-03,-4.493737127631902695e-03,1.777593977749347687e-03,-2.429918386042118073e-04,-4.147703293710947037e-03,3.666801494546234608e-04,-2.367994282394647598e-03,1.004430698230862617e-03,1.598292612470686436e-03,2.694504219107329845e-04
-1.776042510755360126e-03,-5.528882145881652832e-03,-2.030573785305023193e-03,-7.004668004810810089e-03,-9.766151197254657745e-03,-2.511344151571393013e-03,-4.536102933343499899e-04,-7.456052582710981369e-03,-1.533307367935776711e-03,-8.514026179909706116e-03,9.632224440574645996e-01,9.753210544586181641e-01,1.000059366226196289e+00,1.002259731292724609e+00,9.889778494834899902e-01,1.017619490623474121e+00,1.025471925735473633e+00,3.057095706462860107e-01,1.009551167488098145e+00,9.959615468978881836e-01
-1.153649191110162064e-05,8.044577836990356445e-01,9.012024402618408203e-01,9.959170818328857422e-01,9.942114949226379395e-01,9.923578500747680664e-01,4.998989105224609375e-01,9.925283193588256836e-01,7.966877818107604980e-01,7.312880158424377441e-01,5.064892116934061050e-03,1.789821893908083439e-03,5.303324665874242783e-03,-6.656208541244268417e-03,2.314763696631416678e-04,-1.805283827707171440e-03,3.550375578925013542e-03,-3.676774213090538979e-04,1.360589056275784969e-03,4.546840791590511799e-04
1.135215535759925842e-02,1.811992935836315155e-02,3.680374473333358765e-02,3.739367127418518066e-01,2.758682966232299805e-01,-3.780392871703952551e-04,3.166537964716553688e-03,5.963228344917297363e-01,1.402123947627842426e-03,6.394839286804199219e-01,1.633537374436855316e-02,-4.999385681003332138e-03,-1.029575988650321960e-02,1.879398711025714874e-03,-2.072651404887437820e-03,6.832477636635303497e-03,-5.361265502870082855e-03,-6.728670094162225723e-03,-3.666387405246496201e-03,6.579103646799921989e-04
-2.386282896623015404e-03,-2.957268850877881050e-03,-1.220064586959779263e-03,-1.258456148207187653e-03,-1.337785040959715843e-03,3.688035212690010667e-05,-7.342414464801549911e-04,-1.742126769386231899e-03,-1.398229505866765976e-03,-4.409282933920621872e-03,2.029444463551044464e-02,9.953345656394958496e-01,1.012246131896972656e+00,1.001534104347229004e+00,1.017264127731323242e+00,1.009669303894042969e+00,1.009313225746154785e+00,6.986775398254394531e-01,1.008193850517272949e+00,1.000545740127563477e+00
7.876818563090637326e-05,8.163625001907348633e-01,8.153693079948425293e-01,1.000115990638732910e+00,9.142317175865173340e-01,1.006763458251953125e+00,1.866947486996650696e-02,1.002693653106689453e+00,7.107585668563842773e-01,8.899608850479125977e-01,9.920686716213822365e-04,4.596173821482807398e-04,-3.825678257271647453e-03,1.635663560591638088e-03,-1.204921863973140717e-03,1.144124427810311317e-03,2.202953677624464035e-03,-3.060381277464330196e-04,2.207546494901180267e-04,1.515031763119623065e-04
2.733543813228607178e-01,1.417713612318038940e-01,1.372831165790557861e-01,7.227319758385419846e-03,6.722375005483627319e-02,-7.738296408206224442e-03,-8.907101000659167767e-04,5.102339386940002441e-01,-2.536324318498373032e-03,5.399162694811820984e-02,1.465637832880020142e-01,8.340266346931457520e-02,9.913396090269088745e-02,9.130190312862396240e-02,6.061452999711036682e-02,6.658288091421127319e-02,7.419932633638381958e-02,2.166206482797861099e-03,4.043944925069808960e-02,2.185302600264549255e-02
1.951528638601303101e-01,7.081887722015380859e-01,7.920001149177551270e-01,9.855272769927978516e-01,6.872391104698181152e-01,1.009254932403564453e+00,2.987113893032073975e-01,8.075776696205139160e-01,6.986232399940490723e-01,7.813841700553894043e-01,1.376910787075757980e-02,-4.612825345247983932e-03,4.323437169659882784e-04,1.308739883825182915e-03,1.028206665068864822e-02,1.003182306885719299e-02,1.474669948220252991e-02,1.418976346030831337e-03,-9.419736452400684357e-03,-1.260415418073534966e-03
3.438923740759491920e-03,1.299505122005939484e-02,2.154011093080043793e-02,6.708335131406784058e-03,1.505141705274581909e-02,2.697819145396351814e-03,-7.847811211831867695e-04,2.542817592620849609e-02,3.519361838698387146e-03,5.069931969046592712e-02,9.424895048141479492e-01,8.032465577125549316e-01,9.716038107872009277e-01,9.669489860534667969e-01,7.820223569869995117e-01,9.732815027236938477e-01,9.677978754043579102e-01,9.884237498044967651e-02,9.434766769409179688e-01,4.934910684823989868e-04
-3.378693654667586088e-04,8.138788938522338867e-01,8.219501376152038574e-01,1.000370860099792480e+00,9.110097289085388184e-01,1.004575967788696289e+00,7.020487785339355469e-01,9.973165392875671387e-01,9.086802005767822266e-01,9.879941940307617188e-01,-1.415487611666321754e-03,2.065474167466163635e-03,9.582954808138310909e-04,1.002542558126151562e-03,8.718782919459044933e-05,4.020647145807743073e-03,5.345598794519901276e-03,7.098732021404430270e-05,2.250686753541231155e-03,-1.227636530529707670e-04
3.281664685346186161e-04,-1.193377247545868158e-04,-5.488182068802416325e-04,2.068548463284969330e-03,2.862766385078430176e-03,1.489790040068328381e-03,1.294941175729036331e-03,-3.854744718410074711e-04,-7.372898980975151062e-04,1.191449258476495743e-02,9.141216874122619629e-01,8.918343782424926758e-01,9.719742536544799805e-01,9.903658032417297363e-01,8.337348699569702148e-01,9.960802197456359863e-01,1.004367709159851074e+00,5.014503598213195801e-01,9.913089871406555176e-01,9.070627689361572266e-01
4.920656327158212662e-03,1.968398541212081909e-01,5.997521281242370605e-01,8.199152350425720215e-01,3.935037851333618164e-01,9.892826676368713379e-01,2.859044075012207031e-01,8.015574812889099121e-01,6.897816658020019531e-01,7.089165449142456055e-01,2.555090934038162231e-02,1.152805890887975693e-02,7.536222226917743683e-03,7.063325028866529465e-03,-9.297335054725408554e-05,1.126738847233355045e-03,6.334622856229543686e-03,-3.202081890776753426e-03,9.129012934863567352e-03,-2.583703026175498962e-03
-7.409225800074636936e-04,9.843984842300415039e-01,9.876996874809265137e-01,9.952000379562377930e-01,9.797244071960449219e-01,9.952109456062316895e-01,5.006380081176757812e-01,9.964498281478881836e-01,8.019770383834838867e-01,3.887384533882141113e-01,1.298601157031953335e-03,-1.798571320250630379e-03,-2.282304456457495689e-03,-2.591446973383426666e-03,-6.621943786740303040e-03,-7.311646826565265656e-03,-7.597075309604406357e-03,-6.755072390660643578e-04,-4.300546366721391678e-03,-5.527754314243793488e-03
4.198611713945865631e-03,9.320115670561790466e-03,1.337912282906472683e-03,-4.815152846276760101e-03,-6.267321296036243439e-04,-1.421584311174228787e-04,1.788681489415466785e-03,-1.252627372741699219e-02,6.442111451178789139e-03,-1.199322473257780075e-02,2.789273858070373535e-02,8.016068339347839355e-01,9.317921996116638184e-01,1.006306409835815430e+00,8.347106575965881348e-01,1.003143906593322754e+00,1.007401108741760254e+00,4.252731334418058395e-03,6.398234367370605469e-01,4.668972920626401901e-03
-4.803772608283907175e-04,8.169836401939392090e-01,9.189272522926330566e-01,1.000869512557983398e+00,9.028555750846862793e-01,9.988997578620910645e-01,7.050654292106628418e-01,9.954489469528198242e-01,8.746244311332702637e-01,7.716562747955322266e-01,4.637899983208626509e-04,6.634831661358475685e-04,5.273732822388410568e-04,-4.973991890437901020e-04,2.866330556571483612e-03,1.620097085833549500e-03,2.862306544557213783e-03,-2.345147731830365956e-05,-1.396884326823055744e-03,-8.904711285140365362e-05
2.712659537792205811e-03,2.110119909048080444e-02,1.023605614900588989e-01,2.247029095888137817e-01,1.868872344493865967e-01,4.679648671299219131e-03,3.717713290825486183e-03,5.778260827064514160e-01,5.202570464462041855e-03,9.645814448595046997e-02,2.938900701701641083e-02,3.678327798843383789e-02,2.060384117066860199e-02,2.011483721435070038e-02,1.462529506534337997e-02,1.448868587613105774e-02,6.783677730709314346e-03,3.613955574110150337e-03,9.259971790015697479e-03,1.747627742588520050e-03
5.041054100729525089e-04,8.144494891166687012e-01,8.895433545112609863e-01,1.002066969871520996e+00,9.018143415451049805e-01,1.001664519309997559e+00,6.914083361625671387e-01,9.952694773674011230e-01,8.161880970001220703e-01,9.208450913429260254e-01,-1.181461103260517120e-02,2.575437829364091158e-04,-1.867478480562567711e-03,-7.489737472496926785e-04,-7.130978628993034363e-04,-5.587331950664520264e-03,-7.357916794717311859e-03,-2.832538157235831022e-04,-1.301272958517074585e-02,4.752022796310484409e-04
3.345679491758346558e-03,7.812411058694124222e-04,-6.404601735994219780e-04,-5.968046374619007111e-03,6.566602736711502075e-03,-4.215492866933345795e-03,-1.616107649169862270e-03,8.779041469097137451e-03,6.013800157234072685e-04,1.241723308339715004e-03,8.212598562240600586e-01,7.837730050086975098e-01,8.751841783523559570e-01,9.902055263519287109e-01,7.132881283760070801e-01,9.707381129264831543e-01,9.649638533592224121e-01,2.526360563933849335e-03,9.704148769378662109e-01,7.012982368469238281e-01
2.050109505653381348e-01,7.969693541526794434e-01,7.091584205627441406e-01,6.040424704551696777e-01,6.808345913887023926e-01,9.977678060531616211e-01,4.920790791511535645e-01,7.909319996833801270e-01,7.893317937850952148e-01,6.995030641555786133e-01,3.667175397276878357e-02,-4.314080812036991119e-03,-2.390103647485375404e-03,5.618509836494922638e-03,-6.193318404257297516e-03,-6.842083763331174850e-03,-7.523085922002792358e-03,-1.301807933486998081e-03,-2.721436976571567357e-05,-1.207198947668075562e-03
3.926222678273916245e-03,7.651286199688911438e-03,1.104590389877557755e-02,3.846554085612297058e-03,-1.617454341612756252e-03,2.795642474666237831e-03,4.332269018050283194e-04,1.719607599079608917e-02,2.282870002090930939e-03,2.325603552162647247e-02,2.021849341690540314e-02,9.537976384162902832e-01,9.726873040199279785e-01,9.951826333999633789e-01,9.736368060111999512e-01,9.894795417785644531e-01,9.974767565727233887e-01,6.664577722549438477e-01,9.915478229522705078e-01,9.935871958732604980e-01
6.267522257985547185e-05,8.180851340293884277e-01,8.939120769500732422e-01,1.001832723617553711e+00,9.978847503662109375e-01,9.993141889572143555e-01,6.988981962203979492e-01,9.946046471595764160e-01,8.899641036987304688e-01,8.289214968681335449e-01,-4.009158816188573837e-03,-1.658745342865586281e-03,-1.581756863743066788e-03,7.631744665559381247e-05,-1.723689725622534752e-03,-3.221774240955710411e-03,-4.477723501622676849e-03,-7.591591565869748592e-04,-7.452181540429592133e-03,2.441160759190097451e-04
7.069253828376531601e-03,5.950051825493574142e-03,2.518252432346343994e-01,3.121914267539978027e-01,2.046145498752593994e-01,3.699654713273048401e-03,8.496861904859542847e-03,7.014220356941223145e-01,1.010235585272312164e-02,1.091468110680580139e-01,2.424952341243624687e-03,-1.094155665487051010e-02,-3.587803803384304047e-03,-1.887471973896026611e-02,-1.483421213924884796e-02,-1.190558262169361115e-02,-8.370198309421539307e-03,5.620704498142004013e-03,-1.186698768287897110e-02,-5.278448108583688736e-03
4.701084399130195379e-04,8.842496275901794434e-01,8.074958920478820801e-01,1.001892924308776855e+00,8.846496939659118652e-01,1.003886818885803223e+00,5.056352019309997559e-01,1.001142740249633789e+00,7.261781692504882812e-01,8.912746310234069824e-01,-3.651532111689448357e-03,-1.018417824525386095e-04,-1.285069301957264543e-04,-1.323467236943542957e-03,-4.071546718478202820e-03,-1.698986627161502838e-03,-6.294992752373218536e-03,-3.085686767008155584e-04,-2.260203473269939423e-03,2.934361109510064125e-04
8.852466940879821777e-02,7.442293316125869751e-02,2.308113127946853638e-01,4.366674125194549561e-01,2.717113494873046875e-01,-2.921660430729389191e-03,2.955125179141759872e-03,6.716541647911071777e-01,3.822137136012315750e-03,6.548967957496643066e-01,4.835525527596473694e-03,5.398774053901433945e-03,-1.428300049155950546e-03,3.880203934386372566e-03,6.039700470864772797e-03,2.596145309507846832e-02,1.405958831310272217e-02,-2.473778324201703072e-03,2.440775977447628975e-03,1.960573019459843636e-03
6.514933193102478981e-04,9.039095640182495117e-01,9.998584985733032227e-01,1.003230571746826172e+00,9.080690145492553711e-01,1.000014305114746094e+00,7.992821931838989258e-01,9.991072416305541992e-01,9.902846217155456543e-01,9.923709630966186523e-01,-6.312265992164611816e-03,-1.890968880616128445e-03,-2.540350658819079399e-03,-9.844501037150621414e-04,3.416546096559613943e-04,-7.441482157446444035e-04,-4.625672008842229843e-03,3.915021370630711317e-04,5.476870108395814896e-03,-1.999930478632450104e-03
1.561819226481020451e-03,-3.952282015234231949e-03,-5.152798723429441452e-03,-1.358091831207275391e-03,-2.708283485844731331e-03,-5.959527916274964809e-04,-1.335488050244748592e-03,-8.996304124593734741e-03,-2.573886420577764511e-03,-8.790981024503707886e-03,8.912913799285888672e-01,8.346450328826904297e-01,1.008136630058288574e+00,1.020840883255004883e+00,1.005841135978698730e+00,1.002011179924011230e+00,1.003610253334045410e+00,6.908959746360778809e-01,1.007402896881103516e+00,9.964118003845214844e-01
2.002644119784235954e-03,1.940006911754608154e-01,6.032274961471557617e-01,9.014810323715209961e-01,5.028088688850402832e-01,9.018114805221557617e-01,3.030440211296081543e-01,8.857003450393676758e-01,7.048691511154174805e-01,7.158176898956298828e-01,8.506336249411106110e-03,6.930112722329795361e-04,1.297500170767307281e-02,3.820563899353146553e-03,-6.230759317986667156e-04,1.095287734642624855e-03,5.393792409449815750e-03,1.260848133824765682e-03,-3.410458739381283522e-04,1.798706129193305969e-03
7.953016320243477821e-04,7.924740910530090332e-01,9.613329768180847168e-01,9.971005916595458984e-01,8.807566165924072266e-01,9.873038530349731445e-01,6.037155389785766602e-01,9.888337254524230957e-01,8.086239695549011230e-01,3.027205467224121094e-01,1.358519680798053741e-02,-2.366209868341684341e-03,3.171451855450868607e-03,-2.604593290016055107e-03,-3.954961895942687988e-03,-2.170498017221689224e-03,-3.178899642080068588e-04,-1.008459134027361870e-03,-1.387582742609083652e-03,2.001418033614754677e-03
5.323941819369792938e-03,8.057411760091781616e-02,1.865295022726058960e-01,3.001288771629333496e-01,1.937916725873947144e-01,5.388216231949627399e-04,2.909742761403322220e-03,6.792234778404235840e-01,5.869298428297042847e-02,5.922319293022155762e-01,2.628964371979236603e-02,-9.835954755544662476e-03,-2.073922008275985718e-02,-1.084892358630895615e-02,1.990166259929537773e-03,8.303518407046794891e-03,-9.751815232448279858e-04,5.690997000783681870e-03,1.557227317243814468e-02,-6.039092317223548889e-03
-2.638944191858172417e-03,-3.044520271942019463e-03,4.133347829338163137e-04,1.825383398681879044e-03,-1.457764068618416786e-03,-3.057631663978099823e-03,-1.076832762919366360e-03,-2.775592729449272156e-03,-1.452763215638697147e-03,-9.774349629878997803e-03,1.595205813646316528e-02,6.455021500587463379e-01,9.890539646148681641e-01,9.992895126342773438e-01,9.891187548637390137e-01,9.936321973800659180e-01,9.959795475006103516e-01,7.071949243545532227e-01,9.952282905578613281e-01,9.979580044746398926e-01
-1.960377703653648496e-04,8.202736377716064453e-01,8.928617835044860840e-01,1.001497387886047363e+00,9.069446921348571777e-01,1.000201582908630371e+00,6.849665641784667969e-01,9.980382919311523438e-01,8.794775009155273438e-01,8.378800749778747559e-01,-1.932248473167419434e-03,4.117615462746471167e-04,2.527902601286768913e-03,-1.325770281255245209e-03,5.682053742930293083e-04,6.688334979116916656e-04,1.967113697901368141e-03,-6.192694127094000578e-05,1.134520607593003660e-05,-1.105478168028639629e-05
9.979858249425888062e-02,9.869467467069625854e-02,2.756980657577514648e-01,3.972133398056030273e-01,2.075114101171493530e-01,1.557433046400547028e-02,1.421210728585720062e-02,7.196967601776123047e-01,1.593188382685184479e-02,6.204295754432678223e-01,-5.165158957242965698e-02,-2.835981734097003937e-02,-1.697649247944355011e-02,-1.218104036524891853e-03,-1.035207509994506836e-02,-1.933736540377140045e-02,-1.632070355117321014e-02,-8.018958615139126778e-04,-4.128215089440345764e-02,-4.366796463727951050e-03
-6.977851735427975655e-04,8.185315728187561035e-01,9.075236320495605469e-01,1.000972390174865723e+00,8.998661637306213379e-01,1.000356435775756836e+00,6.999264359474182129e-01,9.978692531585693359e-01,9.052864909172058105e-01,9.767409563064575195e-01,-6.054593250155448914e-03,-8.814055036054924130e-05,-9.417582186870276928e-04,6.625695386901497841e-04,2.849493641406297684e-03,4.302864894270896912e-03,-5.836104974150657654e-03,7.049177074804902077e-04,-3.862152108922600746e-03,-2.765601966530084610e-04
-3.084600204601883888e-03,-2.491443883627653122e-03,-1.207461860030889511e-02,-7.482101209461688995e-03,-2.076909644529223442e-03,-4.338814876973628998e-03,6.097774603404104710e-04,-1.024989061988890171e-03,-2.153213834390044212e-03,-1.106380205601453781e-02,9.714111089706420898e-01,9.725894927978515625e-01,9.847720861434936523e-01,1.008428335189819336e+00,9.906921982765197754e-01,9.934222698211669922e-01,9.979979395866394043e-01,7.063819095492362976e-03,1.004953861236572266e+00,9.872437119483947754e-01
-2.485137083567678928e-04,9.751470088958740234e-01,9.793781638145446777e-01,9.958195686340332031e-01,9.718688130378723145e-01,9.959628582000732422e-01,7.740185260772705078e-01,9.934312105178833008e-01,8.725339174270629883e-01,9.314045906066894531e-01,-3.423828165978193283e-03,-1.403267029672861099e-03,-1.816021744161844254e-03,8.610662189312279224e-04,1.084055751562118530e-03,-8.245470235124230385e-04,1.969474833458662033e-04,-3.187736438121646643e-04,-1.838394906371831894e-03,-1.675577368587255478e-03
6.863033398985862732e-03,1.550897490233182907e-02,2.134879492223262787e-02,5.788817405700683594e-01,2.955746650695800781e-01,1.059627160429954529e-03,1.483778178226202726e-04,7.912579774856567383e-01,9.887783788144588470e-03,1.083235144615173340e-01,2.906415611505508423e-03,-2.496179891750216484e-03,8.736072923056781292e-04,-7.634694688022136688e-03,-2.316959667950868607e-03,-9.589712135493755341e-03,-3.903353121131658554e-03,3.517946694046258926e-03,-4.913617391139268875e-03,-2.825490431860089302e-03
-2.592763048596680164e-04,8.044689893722534180e-01,7.302182912826538086e-01,1.002231955528259277e+00,8.098520040512084961e-01,9.911584258079528809e-01,5.065932869911193848e-01,9.950071573257446289e-01,7.951586246490478516e-01,9.144662618637084961e-01,-5.227401386946439743e-03,-1.762786181643605232e-03,-4.149348751525394619e-05,1.665673800744116306e-03,-3.360881004482507706e-03,-4.800735507160425186e-03,-1.258910540491342545e-02,7.108146091923117638e-04,-7.562863640487194061e-03,7.784633635310456157e-05
-2.627480309456586838e-03,-1.298062154091894627e-03,-8.546908502466976643e-04,5.210331641137599945e-03,-2.541557187214493752e-03,-2.099543344229459763e-03,-9.562824852764606476e-04,4.364453256130218506e-03,-6.111284601502120495e-04,4.458812065422534943e-03,3.040783666074275970e-02,7.451789975166320801e-01,9.873607754707336426e-01,9.985674619674682617e-01,1.004576325416564941e+00,9.880830049514770508e-01,9.965204000473022461e-01,6.973909139633178711e-01,9.883237481117248535e-01,8.147457242012023926e-01
3.984291106462478638e-04,8.988646864891052246e-01,9.799396991729736328e-01,1.000018119812011719e+00,9.871757030487060547e-01,9.988615512847900391e-01,6.981100440025329590e-01,9.995816946029663086e-01,9.885608553886413574e-01,8.105735182762145996e-01,5.477503873407840729e-03,-1.745233195833861828e-03,-1.797956414520740509e-03,1.990822376683354378e-03,2.121512079611420631e-03,9.891109948512166739e-05,1.313056680373847485e-03,1.571681932546198368e-03,1.238084165379405022e-03,-5.905655780225060880e-05
8.993408083915710449e-02,8.090984821319580078e-02,1.576922647655010223e-02,2.870624363422393799e-01,1.999758780002593994e-01,6.162214558571577072e-03,8.161108708009123802e-04,6.728149652481079102e-01,3.104795236140489578e-03,9.847220033407211304e-02,3.011208400130271912e-02,2.822678163647651672e-02,1.158813945949077606e-02,1.858100108802318573e-02,2.903811633586883545e-02,6.606964860111474991e-03,1.047548092901706696e-02,-5.893904599361121655e-04,1.647842489182949066e-02,6.649660877883434296e-03
7.142886985093355179e-03,9.864236712455749512e-01,7.867420315742492676e-01,7.191382050514221191e-01,6.911867260932922363e-01,9.884636402130126953e-01,4.919885098934173584e-01,7.914581298828125000e-01,8.761345148086547852e-01,7.801220417022705078e-01,-1.321986597031354904e-02,1.010217238217592239e-03,1.707037561573088169e-03,-5.947477649897336960e-03,-9.438611567020416260e-03,-1.750387600623071194e-03,-7.371968240477144718e-04,-2.826343406923115253e-04,-1.277786097489297390e-03,-3.286006627604365349e-03
-5.043189157731831074e-04,8.261494040489196777e-01,8.647809028625488281e-01,1.005167484283447266e+00,9.096323847770690918e-01,9.989722371101379395e-01,6.828777790069580078e-01,9.978400468826293945e-01,8.855720758438110352e-01,8.768779635429382324e-01,-3.606829792261123657e-03,-1.014095032587647438e-03,-2.790761354845017195e-04,1.038974151015281677e-03,-2.337155863642692566e-03,8.302251808345317841e-04,5.560135468840599060e-04,-1.287574996240437031e-04,1.698349486105144024e-03,5.470715041155926883e-05
9.496998973190784454e-04,3.943616990000009537e-03,-5.434130434878170490e-04,2.400081371888518333e-03,8.324459195137023926e-03,1.564864767715334892e-03,1.728390925563871861e-03,2.593190292827785015e-04,-5.158985732123255730e-04,9.539965540170669556e-03,8.086147904396057129e-01,7.141751646995544434e-01,8.249806761741638184e-01,1.004935860633850098e+00,8.179404139518737793e-01,9.852380752563476562e-01,9.763534069061279297e-01,3.029053807258605957e-01,9.892212152481079102e-01,9.933037161827087402e-01
2.232888364233076572e-04,8.012389540672302246e-01,7.896971702575683594e-01,9.963274002075195312e-01,9.887689352035522461e-01,9.928891062736511230e-01,6.146249175071716309e-01,9.982551336288452148e-01,8.126752376556396484e-01,9.044636487960815430e-01,-3.238235600292682648e-03,-1.129494863562285900e-03,-5.973517545498907566e-04,5.029340391047298908e-04,-2.041019033640623093e-03,-4.369027446955442429e-04,2.596826991066336632e-03,-7.169799646362662315e-04,3.615209832787513733e-03,1.016071066260337830e-03
-2.458125120028853416e-03,2.047291770577430725e-02,2.050993777811527252e-02,2.155055999755859375e-01,2.603394389152526855e-01,-3.048445505555719137e-04,1.379268011078238487e-03,5.919427275657653809e-01,1.623841584660112858e-03,6.570729613304138184e-01,2.602082863450050354e-02,4.999369382858276367e-02,1.484065782278776169e-02,2.068993076682090759e-02,1.753011159598827362e-02,1.194775104522705078e-02,3.336559981107711792e-02,2.059604413807392120e-02,3.570926934480667114e-02,1.639601076021790504e-03
3.056472341995686293e-04,8.175373077392578125e-01,7.153179049491882324e-01,9.987053871154785156e-01,6.158576011657714844e-01,9.947958588600158691e-01,2.991024553775787354e-01,9.049916267395019531e-01,7.930402159690856934e-01,2.271968126296997070e-01,-1.500569400377571583e-03,-4.402941092848777771e-03,-5.809378810226917267e-03,-7.219826336950063705e-03,6.624670349992811680e-04,3.338362788781523705e-03,1.880350336432456970e-02,1.368930446915328503e-03,8.212855085730552673e-03,-6.171240005642175674e-03
6.140068173408508301e-03,1.274230144917964935e-02,1.904771849513053894e-02,1.492765452712774277e-02,2.285345271229743958e-02,7.181267254054546356e-03,1.434705569408833981e-03,3.533525392413139343e-02,5.368268117308616638e-03,9.895429015159606934e-02,8.797953128814697266e-01,7.750308513641357422e-01,8.161913156509399414e-01,9.865464568138122559e-01,7.041144371032714844e-01,9.623784422874450684e-01,9.615393280982971191e-01,1.636906713247299194e-01,9.835342764854431152e-01,-3.668292425572872162e-03
-6.134656723588705063e-04,8.958814144134521484e-01,9.071199297904968262e-01,1.003777503967285156e+00,8.136582970619201660e-01,1.002301335334777832e+00,6.958658099174499512e-01,1.002461314201354980e+00,9.009878039360046387e-01,8.889808654785156250e-01,9.387008612975478172e-04,4.380874743219465017e-04,5.969493067823350430e-04,-9.816179517656564713e-04,3.829608671367168427e-03,-1.507400302216410637e-03,4.590472206473350525e-03,4.264272865839302540e-04,-4.210052138660103083e-04,5.050490653957240283e-05
-1.538840238936245441e-03,-3.728037991095334291e-04,-1.901634735986590385e-03,-2.922384534031152725e-03,5.277931340970098972e-04,-1.598569331690669060e-03,-1.220870413817465305e-03,-2.211858751252293587e-03,-3.389717603567987680e-04,1.934588886797428131e-03,1.271869707852602005e-02,9.981752038002014160e-01,1.016019821166992188e+00,9.957045316696166992e-01,1.003198385238647461e+00,1.009138107299804688e+00,1.014861226081848145e+00,7.006840109825134277e-01,1.012674450874328613e+00,1.005620479583740234e+00
2.398625249043107033e-03,9.682934731245040894e-03,5.067906975746154785e-01,7.043064832687377930e-01,3.098456859588623047e-01,8.974718451499938965e-01,2.018475681543350220e-01,8.127137422561645508e-01,6.969888210296630859e-01,6.084793806076049805e-01,1.822395250201225281e-03,2.613599412143230438e-03,-1.272097812034189701e-03,3.713933518156409264e-03,8.271900005638599396e-03,-2.650799229741096497e-03,1.682275533676147461e-02,4.485050681978464127e-03,1.365718990564346313e-02,-4.536161199212074280e-03
2.872349286917597055e-04,9.788547158241271973e-01,9.710465073585510254e-01,9.988684058189392090e-01,9.759427905082702637e-01,1.004696726799011230e+00,5.049194097518920898e-01,1.000670194625854492e+00,9.878309965133666992e-01,9.585625529289245605e-01,-8.581257425248622894e-03,-2.141986275091767311e-03,-5.126789677888154984e-03,-1.008983585052192211e-03,-4.243480507284402847e-03,-2.750782994553446770e-03,-6.113944109529256821e-03,-6.230294238775968552e-04,-3.198534715920686722e-03,-3.026142949238419533e-03
1.224549370817840099e-03,5.029708612710237503e-03,-1.152017037384212017e-03,4.113977774977684021e-03,-1.445070258341729641e-03,1.708119525574147701e-03,6.021094741299748421e-04,8.406870998442173004e-03,5.270171677693724632e-04,-4.209226462990045547e-03,7.676876783370971680e-01,7.148414254188537598e-01,9.083804488182067871e-01,9.940736889839172363e-01,8.322002291679382324e-01,9.872804284095764160e-01,9.807528257369995117e-01,1.585129648447036743e-02,9.786970615386962891e-01,8.280563354492187500e-01
2.098793775076046586e-04,8.985681533813476562e-01,8.198793530464172363e-01,9.970066547393798828e-01,9.381793141365051270e-01,1.004085540771484375e+00,6.967338919639587402e-01,1.001337647438049316e+00,9.111658334732055664e-01,9.760997891426086426e-01,-6.598365958780050278e-03,-2.300848485901951790e-03,-3.853557864204049110e-03,4.924655077047646046e-04,-2.809949219226837158e-03,-2.616081153973937035e-03,-6.309836637228727341e-03,-2.440234820824116468e-04,-7.825812324881553650e-03,4.294632235541939735e-04
3.987328615039587021e-03,1.959424465894699097e-02,1.786598004400730133e-02,4.451529085636138916e-01,2.666637897491455078e-01,-5.633256398141384125e-03,-2.355860313400626183e-03,6.900052428245544434e-01,3.482881875243037939e-04,1.083930581808090210e-01,2.080858685076236725e-02,1.195721235126256943e-02,6.409830413758754730e-03,-8.260218310169875622e-04,7.844052277505397797e-03,3.208674606867134571e-04,1.076593156903982162e-02,3.291868604719638824e-03,-1.840803190134465694e-03,4.877497907727956772e-03
1.153676839749095961e-05,9.703686833381652832e-01,9.750437140464782715e-01,1.000888943672180176e+00,9.120929241180419922e-01,9.940378665924072266e-01,5.118641257286071777e-01,9.982836842536926270e-01,8.959987759590148926e-01,8.106446266174316406e-01,-5.119275301694869995e-04,-1.287768594920635223e-03,-2.332899457542225718e-04,-7.065241807140409946e-04,-1.385648793075233698e-04,5.439587985165417194e-04,2.970294095575809479e-03,7.509796705562621355e-05,9.240236831828951836e-04,2.443222329020500183e-04
3.644056851044297218e-03,4.858256434090435505e-04,4.346959758549928665e-03,-6.485676392912864685e-03,-4.180485848337411880e-03,1.494065043516457081e-03,-3.467819478828459978e-04,3.989203833043575287e-03,-1.174658769741654396e-03,3.817282151430845261e-03,2.799198590219020844e-02,9.039919376373291016e-01,1.001936078071594238e+00,1.002065062522888184e+00,9.838389754295349121e-01,1.008221983909606934e+00,1.003292798995971680e+00,7.105923295021057129e-01,1.003630280494689941e+00,9.920122027397155762e-01
-9.199132327921688557e-04,8.098748326301574707e-01,1.000712871551513672e+00,1.001370191574096680e+00,9.915117025375366211e-01,9.968041181564331055e-01,7.012451291084289551e-01,9.991890788078308105e-01,9.909644126892089844e-01,9.731482863426208496e-01,1.539974473416805267e-03,-1.525363069958984852e-03,-1.674878643825650215e-03,4.455758607946336269e-04,1.432955497875809669e-03,-1.723841123748570681e-04,-6.068714894354343414e-03,-3.527127319102874026e-06,8.435112424194812775e-03,8.857806824380531907e-05
1.084202807396650314e-02,1.372450776398181915e-02,2.751320004463195801e-01,2.891452312469482422e-01,1.798008382320404053e-01,6.638543214648962021e-03,-7.104824180714786053e-04,5.746450424194335938e-01,6.004337221384048462e-03,1.793655902147293091e-01,4.243188723921775818e-02,1.214946899563074112e-02,1.366037037223577499e-02,7.190930191427469254e-03,7.860814221203327179e-03,2.328111976385116577e-02,2.427922189235687256e-02,7.321658078581094742e-03,1.793231442570686340e-02,3.448678762651979923e-04
8.182130753993988037e-02,8.429750055074691772e-02,5.757901072502136230e-01,6.799112558364868164e-01,3.213509917259216309e-01,9.334440231323242188e-01,2.114343196153640747e-01,8.246107697486877441e-01,5.442174077033996582e-01,7.135456800460815430e-01,-9.226683527231216431e-03,1.000568503513932228e-03,-4.402769729495048523e-03,5.234480486251413822e-04,-4.038830287754535675e-03,2.430938882753252983e-03,1.825678278692066669e-03,-4.889614414423704147e-03,-2.814264153130352497e-04,-4.484116507228463888e-04
2.234922139905393124e-04,7.980521321296691895e-01,7.325788140296936035e-01,9.935983419418334961e-01,9.841595888137817383e-01,9.893789887428283691e-01,5.862762331962585449e-01,9.872035384178161621e-01,8.934628367424011230e-01,8.960399627685546875e-01,-1.781671773642301559e-03,-7.245186716318130493e-04,4.382292099762707949e-04,5.029340391047298908e-04,-2.680665813386440277e-03,-6.349025061354041100e-04,1.549949083710089326e-04,-4.982335958629846573e-04,-7.672121282666921616e-04,8.525814628228545189e-04
-2.220779657363891602e-03,-2.588310046121478081e-03,-2.526067662984132767e-03,-1.089935423806309700e-03,-9.204112924635410309e-03,-1.683681737631559372e-03,-2.567135088611394167e-04,-6.163953221403062344e-04,-8.553665247745811939e-04,-1.468324335291981697e-03,9.034511446952819824e-01,9.153168797492980957e-01,9.298728108406066895e-01,1.009862422943115234e+00,9.178883433341979980e-01,1.014060616493225098e+00,1.012807965278625488e+00,4.975415766239166260e-01,1.004178166389465332e+00,1.009032130241394043e+00
-3.437547420617192984e-04,8.161547183990478516e-01,7.857742905616760254e-01,1.003143310546875000e+00,8.930316567420959473e-01,1.004145979881286621e+00,5.980943441390991211e-01,1.003775954246520996e+00,8.742361068725585938e-01,9.089255928993225098e-01,-1.057986728847026825e-02,-7.525037508457899094e-04,-7.896382012404501438e-04,1.575041678734123707e-04,-3.266073297709226608e-03,2.926250454038381577e-04,-1.602653297595679760e-03,-5.191431846469640732e-04,1.331598963588476181e-03,1.571763641550205648e-05
2.918113470077514648e-01,8.139421343803405762e-01,7.157043814659118652e-01,7.822816371917724609e-01,6.111844778060913086e-01,9.193540811538696289e-01,4.002257287502288818e-01,7.121310234069824219e-01,5.117731094360351562e-01,7.245200872421264648e-01,-2.169357426464557648e-02,-4.370481241494417191e-03,1.898327260278165340e-03,-3.794858697801828384e-03,-1.162226777523756027e-02,1.270735636353492737e-03,-2.239430090412497520e-03,1.401613699272274971e-03,-5.877824965864419937e-03,1.191375777125358582e-03
9.810996800661087036e-02,8.339699357748031616e-02,1.892287433147430420e-01,3.946824073791503906e-01,2.833209037780761719e-01,6.308736745268106461e-03,2.060904400423169136e-03,6.197578310966491699e-01,7.360025495290756226e-02,1.027058884501457214e-01,-4.009067779406905174e-04,7.179694715887308121e-03,1.185072353109717369e-03,3.387801116332411766e-03,7.598268333822488785e-03,-2.655100775882601738e-03,-5.666798911988735199e-03,4.652852949220687151e-04,3.497854107990860939e-03,-4.319096449762582779e-03
-5.718412649002857506e-05,9.727306962013244629e-01,9.913156032562255859e-01,1.001548647880554199e+00,9.814918041229248047e-01,9.992421865463256836e-01,7.943936586380004883e-01,1.000586986541748047e+00,1.000392794609069824e+00,9.864769577980041504e-01,1.548391766846179962e-03,-1.510514412075281143e-03,-4.296142142266035080e-03,1.414918806403875351e-03,-8.385224500671029091e-04,-1.031600171700119972e-03,-2.966041676700115204e-03,-4.211944178678095341e-04,5.643353331834077835e-03,-1.134468009695410728e-03
-1.696568797342479229e-03,-2.412703586742281914e-03,-1.960002351552248001e-03,-1.966327661648392677e-03,8.129179477691650391e-04,-7.465457892976701260e-04,-8.867835276760160923e-04,-4.766310099512338638e-03,-1.271216548047959805e-03,-6.326301489025354385e-03,-2.098204381763935089e-02,9.602951407432556152e-01,9.974243044853210449e-01,1.002947926521301270e+00,9.898608326911926270e-01,9.906327724456787109e-01,9.888885617256164551e-01,6.974445581436157227e-01,9.873402714729309082e-01,9.963521957397460938e-01
9.945637546479701996e-03,1.276868861168622971e-02,5.121468901634216309e-01,6.925873756408691406e-01,3.814296126365661621e-01,9.828048348426818848e-01,1.976700872182846069e-01,8.725376725196838379e-01,6.848402619361877441e-01,7.727926373481750488e-01,-6.658670026808977127e-04,-7.786525879055261612e-03,1.828627777285873890e-03,4.707574378699064255e-03,3.782130079343914986e-04,3.186023794114589691e-03,7.600047625601291656e-03,-1.174960169009864330e-03,2.983747282996773720e-03,2.815360436215996742e-03
-2.197757421527057886e-04,8.126791119575500488e-01,9.034028053283691406e-01,9.841614961624145508e-01,8.926576972007751465e-01,9.319452643394470215e-01,5.144060254096984863e-01,9.474754929542541504e-01,8.578740954399108887e-01,8.231548666954040527e-01,-1.399392029270529747e-03,-2.544113900512456894e-03,3.125462681055068970e-04,6.472141831181943417e-04,8.292343409266322851e-05,-3.540663514286279678e-03,-3.985200542956590652e-03,-3.614372399169951677e-04,-7.846825756132602692e-03,-1.373725594021379948e-03
4.290946235414594412e-04,-5.674564279615879059e-03,-3.959643654525279999e-03,-5.011754110455513000e-03,-1.225174753926694393e-03,-2.444556914269924164e-03,3.886875347234308720e-04,-1.845474541187286377e-02,-1.275740563869476318e-03,-5.135696846991777420e-03,8.603169322013854980e-01,8.215636610984802246e-01,9.805366992950439453e-01,1.004042863845825195e+00,9.760511517524719238e-01,1.023526191711425781e+00,1.030157446861267090e+00,-8.374071680009365082e-03,1.009748697280883789e+00,9.783082604408264160e-01
1.797559525584802032e-04,9.060356020927429199e-01,8.128486275672912598e-01,1.004028081893920898e+00,9.158440232276916504e-01,1.000202894210815430e+00,5.983310937881469727e-01,1.000914931297302246e+00,7.238218784332275391e-01,8.591541051864624023e-01,1.676440660958178341e-05,-5.131568759679794312e-04,-3.164812223985791206e-03,6.870414945296943188e-04,-8.381291409023106098e-04,-9.015863179229199886e-05,2.562742680311203003e-03,-5.379602662287652493e-04,4.278087057173252106e-03,1.616507215658202767e-04
9.210533648729324341e-02,7.077655941247940063e-02,1.643805392086505890e-02,3.156838715076446533e-01,2.159512788057327271e-01,3.500724444165825844e-03,5.353405140340328217e-04,6.129259467124938965e-01,1.498122117482125759e-03,1.983927041292190552e-01,-8.459695614874362946e-03,-1.861622743308544159e-02,1.200167741626501083e-02,1.079877186566591263e-02,-4.864871036261320114e-03,6.395336706191301346e-03,2.229332458227872849e-03,1.918741874396800995e-02,-3.378901397809386253e-03,-4.477686714380979538e-03
9.999184840125963092e-05,7.989234328269958496e-01,8.018326759338378906e-01,1.001247882843017578e+00,9.018096327781677246e-01,9.991142153739929199e-01,6.073248386383056641e-01,1.002036213874816895e+00,8.296351432800292969e-01,8.812487721443176270e-01,1.028212020173668861e-03,-1.603901037015020847e-03,-6.496699643321335316e-04,3.658408997580409050e-03,-9.514743578620254993e-05,5.676476284861564636e-04,-1.848744112066924572e-03,-3.202426596544682980e-04,-2.156191621907055378e-04,-9.545777720632031560e-05
9.032765775918960571e-02,6.148581951856613159e-02,2.030247449874877930e-01,2.658036649227142334e-01,1.543037891387939453e-01,4.521551355719566345e-02,5.614329874515533447e-02,5.561441183090209961e-01,6.109146401286125183e-02,6.369920372962951660e-01,8.243819326162338257e-02,2.639183588325977325e-02,1.130571495741605759e-02,2.551176585257053375e-02,1.033652666956186295e-02,4.533361643552780151e-02,5.345145985484123230e-02,6.345021538436412811e-03,4.951579123735427856e-02,7.484748959541320801e-03
-4.186342994216829538e-04,8.791439533233642578e-01,9.847059249877929688e-01,9.978898763656616211e-01,8.980633616447448730e-01,1.001235008239746094e+00,6.997774839401245117e-01,9.958158731460571289e-01,8.996912837028503418e-01,9.155727028846740723e-01,-3.305906138848513365e-04,1.720135478535667062e-04,-3.712635661941021681e-04,6.062845932319760323e-04,2.344313543289899826e-03,8.615701226517558098e-04,4.953770898282527924e-03,6.066319183446466923e-04,1.440301886759698391e-03,1.263171434402465820e-04
4.207274469081312418e-04,7.037147879600524902e-01,8.029925823211669922e-01,1.000860333442687988e+00,6.113752722740173340e-01,1.000376701354980469e+00,3.019568026065826416e-01,9.070872664451599121e-01,6.963999867439270020e-01,2.903689742088317871e-01,6.746291648596525192e-03,1.965844538062810898e-03,2.390989568084478378e-03,-1.940439688041806221e-03,5.282073281705379486e-03,7.808024063706398010e-03,1.445759902708232403e-03,3.033146494999527931e-03,2.764902543276548386e-03,6.484880577772855759e-04
1.902572461403906345e-03,4.677949473261833191e-03,1.471962500363588333e-02,-2.887844748329371214e-04,1.860156469047069550e-02,2.217911183834075928e-03,1.754924654960632324e-03,1.681241951882839203e-02,3.237898228690028191e-03,2.054732106626033783e-02,8.847069740295410156e-01,7.927343845367431641e-01,8.817355632781982422e-01,9.671454429626464844e-01,7.891030907630920410e-01,9.637760519981384277e-01,9.640531539916992188e-01,8.058504201471805573e-03,6.975326538085937500e-01,-1.550987246446311474e-03
3.968988656997680664e-01,2.825509309768676758e-01,4.959459006786346436e-01,9.911203980445861816e-01,3.019020557403564453e-01,9.895925521850585938e-01,1.826524138450622559e-01,5.980507731437683105e-01,1.694735139608383179e-02,6.909004449844360352e-01,1.071081729605793953e-03,-5.819870159029960632e-03,-6.487167440354824066e-03,-1.688310760073363781e-03,-6.005705799907445908e-03,1.613031723536550999e-03,5.078859394416213036e-04,1.560516655445098877e-03,-1.100086257793009281e-03,-1.995931379497051239e-04
-5.288103129714727402e-04,9.824443459510803223e-01,9.889845252037048340e-01,9.968981146812438965e-01,9.807071089744567871e-01,9.965609312057495117e-01,7.004781961441040039e-01,9.940706491470336914e-01,9.866641759872436523e-01,9.687099456787109375e-01,-3.663764800876379013e-03,-1.357332337647676468e-03,1.450003939680755138e-03,-1.361700356937944889e-03,6.252957391552627087e-04,1.930067548528313637e-03,7.060774369165301323e-04,-7.158476510085165501e-04,4.733469802886247635e-03,-1.311104133492335677e-04
3.996436425950378180e-04,4.765841178596019745e-03,-9.401270188391208649e-03,-1.090198848396539688e-02,1.088385097682476044e-02,-2.646284876391291618e-03,1.884076045826077461e-03,-7.448934949934482574e-03,-4.259901586920022964e-03,7.356037385761737823e-03,9.395155310630798340e-01,8.204805850982666016e-01,9.161587357521057129e-01,9.933931827545166016e-01,7.287465929985046387e-01,1.027557849884033203e+00,1.038466811180114746e+00,1.609959453344345093e-01,9.187518954277038574e-01,8.031383752822875977e-01
1.554114045575261116e-03,4.503577947616577148e-04,2.633133204653859138e-03,-1.962231239303946495e-03,-2.114754635840654373e-03,-1.786184962838888168e-03,1.981800654903054237e-03,-1.595008536241948605e-03,-3.486437955871224403e-03,8.281865157186985016e-03,8.112838864326477051e-01,8.918336033821105957e-01,1.008300185203552246e+00,1.015105843544006348e+00,9.938633441925048828e-01,1.012584328651428223e+00,1.005614757537841797e+00,6.963383555412292480e-01,1.008480906486511230e+00,2.941805720329284668e-01
1.757976016961038113e-03,7.956248521804809570e-01,8.904490470886230469e-01,9.985623955726623535e-01,7.126678824424743652e-01,1.001082062721252441e+00,2.978746891021728516e-01,9.964196085929870605e-01,7.977334260940551758e-01,3.956212997436523438e-01,6.941027473658323288e-03,1.845452003180980682e-03,-2.025638474151492119e-03,-1.116473460569977760e-03,3.466012887656688690e-03,-4.115935007575899363e-04,-4.664763808250427246e-03,1.567094586789608002e-03,4.947762936353683472e-04,3.348402213305234909e-03
9.809882612898945808e-04,8.795325160026550293e-01,8.174671530723571777e-01,1.013862967491149902e+00,7.957729101181030273e-01,1.008488059043884277e+00,3.127867281436920166e-01,9.183982014656066895e-01,7.181832194328308105e-01,8.917422890663146973e-01,-3.009390458464622498e-02,-2.350404392927885056e-03,-5.993892438709735870e-03,-3.392313665244728327e-04,-5.354271735996007919e-03,-6.990399677306413651e-03,-1.038116123527288437e-02,-1.115719554945826530e-03,-3.753514960408210754e-03,-2.930496339104138315e-05
1.150911091826856136e-03,-5.250912508927285671e-04,-1.228053937666118145e-03,2.985639730468392372e-03,9.338968433439731598e-03,4.102120175957679749e-03,3.002394689247012138e-03,-1.497464370913803577e-03,3.511782269924879074e-04,1.941394759342074394e-03,8.656492233276367188e-01,7.797417640686035156e-01,9.105151891708374023e-01,1.003086566925048828e+00,9.538136124610900879e-01,9.230279922485351562e-01,1.007578253746032715e+00,2.919109165668487549e-01,9.169628620147705078e-01,9.906998872756958008e-01
1.133529562503099442e-02,9.294158220291137695e-02,3.032034635543823242e-01,6.645005941390991211e-01,2.350339740514755249e-01,3.302778676152229309e-02,6.930554751306772232e-03,7.029982209205627441e-01,3.033069372177124023e-01,7.021609544754028320e-01,-1.874523796141147614e-02,-1.247157249599695206e-02,4.372022114694118500e-03,-9.265331551432609558e-03,-4.471243824809789658e-03,-3.670084523037075996e-03,-8.340684697031974792e-03,-3.629839746281504631e-03,-5.631202366203069687e-03,-2.178181428462266922e-03
-7.887604297138750553e-04,8.999890685081481934e-01,9.874572753906250000e-01,9.962568283081054688e-01,9.164713621139526367e-01,9.961062669754028320e-01,7.033969163894653320e-01,9.192996621131896973e-01,8.108528256416320801e-01,8.338036537170410156e-01,4.480970092117786407e-03,-1.529488217784091830e-04,4.605355497915297747e-04,-2.123588230460882187e-03,9.242680971510708332e-05,-1.199323451146483421e-03,1.125627459259703755e-04,-5.960693670203909278e-05,-1.218218589201569557e-03,1.020403811708092690e-03
1.168634160421788692e-03,9.911243803799152374e-03,2.360835112631320953e-02,2.759070508182048798e-02,2.966674789786338806e-02,8.839910733513534069e-04,7.086425088346004486e-03,3.604045137763023376e-02,-1.874555251561105251e-03,1.839128136634826660e-02,9.368594288825988770e-01,6.695678830146789551e-01,5.715494155883789062e-01,5.494642257690429688e-01,5.815492868423461914e-01,9.695873856544494629e-01,9.631801843643188477e-01,1.656959357205778360e-04,9.237436652183532715e-01,7.970604300498962402e-01
3.438401327002793550e-04,9.943463802337646484e-01,9.941321015357971191e-01,1.004925608634948730e+00,1.004073858261108398e+00,1.004624009132385254e+00,6.938878893852233887e-01,1.003442525863647461e+00,1.005371809005737305e+00,9.929566383361816406e-01,-1.682492159307003021e-02,3.516686556395143270e-04,2.328866859897971153e-03,3.989350807387381792e-05,-2.254144521430134773e-03,-5.415427498519420624e-03,-4.222369752824306488e-03,-2.132653316948562860e-04,-1.227157656103372574e-03,-6.567827076651155949e-04
1.631927443668246269e-04,-1.435233745723962784e-03,-5.955477245151996613e-04,-7.481751032173633575e-03,-5.274238064885139465e-04,4.135348368436098099e-03,-1.724787871353328228e-03,-7.650008425116539001e-03,3.863090882077813148e-03,-1.365190465003252029e-02,2.158136479556560516e-02,7.282345890998840332e-01,9.795270562171936035e-01,1.005758404731750488e+00,9.920632839202880859e-01,9.952099919319152832e-01,9.931487441062927246e-01,8.458854630589485168e-03,9.754358530044555664e-01,9.985991120338439941e-01
1.913312971591949463e-01,9.618561714887619019e-02,6.816698908805847168e-01,8.959663510322570801e-01,5.894540548324584961e-01,9.801961183547973633e-01,2.978055775165557861e-01,8.932480812072753906e-01,7.947866320610046387e-01,7.727983593940734863e-01,1.392643433064222336e-03,-8.749553817324340343e-04,-5.067901220172643661e-04,-3.146518487483263016e-03,-4.793751053512096405e-03,-1.000593299977481365e-03,-7.328848354518413544e-03,1.563868136145174503e-03,-1.973429694771766663e-03,9.772222256287932396e-04
8.889508317224681377e-04,8.065690994262695312e-01,9.074917435646057129e-01,9.932230710983276367e-01,9.782081246376037598e-01,9.970681667327880859e-01,6.903035640716552734e-01,9.780006408691406250e-01,7.889122962951660156e-01,2.988741695880889893e-01,5.493639037013053894e-03,-7.323763566091656685e-04,7.266160566359758377e-03,-2.433470450341701508e-03,-2.634501084685325623e-03,7.177366875112056732e-03,1.151630561798810959e-02,-3.961274924222379923e-04,3.422565991058945656e-03,3.062545089051127434e-03
-3.088663797825574875e-04,-2.976391697302460670e-03,-4.072325536981225014e-04,-6.385373882949352264e-03,-5.336381494998931885e-03,-2.407683990895748138e-03,-7.866761879995465279e-04,6.612074095755815506e-03,-2.963724546134471893e-03,-8.826926350593566895e-03,9.688545465469360352e-01,9.040138721466064453e-01,9.968246817588806152e-01,9.963470101356506348e-01,9.935371875762939453e-01,1.000197052955627441e+00,1.000386953353881836e+00,6.987911462783813477e-01,9.828581809997558594e-01,2.011724561452865601e-01
-1.879466435639187694e-05,9.931048750877380371e-01,9.941802024841308594e-01,9.869156479835510254e-01,9.920554757118225098e-01,9.905155897140502930e-01,1.620267401449382305e-03,9.922414422035217285e-01,9.911664128303527832e-01,9.802353382110595703e-01,2.422023378312587738e-02,2.755802823230624199e-03,6.412965711206197739e-03,5.361272022128105164e-03,1.622295705601572990e-03,6.801303010433912277e-03,1.655832678079605103e-02,2.092655748128890991e-03,3.892902750521898270e-03,3.507738074404187500e-05
6.992501206696033478e-03,1.142380014061927795e-02,3.500091610476374626e-03,5.153642967343330383e-02,5.569245666265487671e-02,-3.531232941895723343e-03,-2.681968035176396370e-03,8.165474981069564819e-02,4.889096599072217941e-03,3.402348607778549194e-02,8.088164925575256348e-01,7.090475559234619141e-01,6.105858683586120605e-01,6.308955550193786621e-01,5.513011217117309570e-01,7.809216380119323730e-01,7.640454769134521484e-01,2.657160460948944092e-01,9.681072831153869629e-01,7.938715219497680664e-01
-1.120769768022000790e-03,5.114257801324129105e-03,1.181535515934228897e-02,-8.993399329483509064e-03,1.831163652241230011e-03,7.617603405378758907e-04,1.161712920293211937e-03,-6.560110487043857574e-03,-3.466138616204261780e-03,-1.635255850851535797e-02,8.088332414627075195e-01,7.026860117912292480e-01,9.795160889625549316e-01,1.005073428153991699e+00,7.923904657363891602e-01,1.000608086585998535e+00,1.000062465667724609e+00,2.985428273677825928e-01,1.003369927406311035e+00,4.541399888694286346e-03
-4.381319973617792130e-03,7.967288494110107422e-01,9.024384021759033203e-01,9.960009455680847168e-01,7.044275999069213867e-01,1.002121567726135254e+00,5.982709527015686035e-01,9.900035262107849121e-01,7.968112826347351074e-01,9.020771980285644531e-01,5.071351304650306702e-03,2.237671986222267151e-03,3.322330769151449203e-03,1.565732643939554691e-03,-2.458260394632816315e-03,1.974104961846023798e-04,3.623814089223742485e-03,-7.403587223961949348e-04,3.455593250691890717e-04,-1.892457657959312201e-04
1.029827282764017582e-03,3.253493458032608032e-03,1.785036362707614899e-02,2.909123199060559273e-03,-7.542315404862165451e-03,4.235860425978899002e-03,1.685639028437435627e-03,9.977969340980052948e-03,2.019705483689904213e-03,-1.914282329380512238e-02,9.501039385795593262e-01,9.679837822914123535e-01,9.587250947952270508e-01,9.828318357467651367e-01,9.539067149162292480e-01,1.005382895469665527e+00,9.975141882896423340e-01,1.737115718424320221e-02,9.754948019981384277e-01,9.855741858482360840e-01
7.478160114260390401e-05,9.776290059089660645e-01,9.732132554054260254e-01,1.008317947387695312e+00,9.744176268577575684e-01,1.007804393768310547e+00,1.107945665717124939e-02,1.004814386367797852e+00,9.861948490142822266e-01,9.841406941413879395e-01,-8.007418364286422729e-03,-1.206778921186923981e-03,-4.095558077096939087e-03,5.891360342502593994e-04,7.241700077429413795e-04,-3.233208553865551949e-03,-4.537496715784072876e-03,1.603733981028199196e-04,-6.036936771124601364e-03,5.721439447370357811e-05
-8.276617154479026794e-04,1.352266594767570496e-02,8.081587031483650208e-03,5.165449380874633789e-01,2.151940762996673584e-01,2.455675974488258362e-03,-4.885110538452863693e-04,7.101086974143981934e-01,6.322319619357585907e-03,1.171765103936195374e-01,-9.147902950644493103e-03,-2.026375848799943924e-03,4.433503840118646622e-03,-1.088785007596015930e-03,-4.504598677158355713e-03,3.355637425556778908e-03,8.728810586035251617e-03,1.134432750404812396e-04,-3.245148342102766037e-03,5.496001336723566055e-03
