1.465225941501557827e-04,8.067860603332519531e-01,9.081180691719055176e-01,8.923390507698059082e-01,9.976146817207336426e-01,4.937398135662078857e-01,4.964443147182464600e-01,6.741271018981933594e-01,4.927712976932525635e-01,8.045620322227478027e-01,1.291923399548977613e-04,1.417612540535628796e-03,8.255524444393813610e-04,-4.088395275175571442e-03,-6.505012046545743942e-03,2.085105516016483307e-03,7.163302972912788391e-03,1.395292929373681545e-05,8.683302439749240875e-05,-1.625649863854050636e-03
4.436999559402465820e-03,1.067687012255191803e-02,-1.104202214628458023e-02,-1.350655104033648968e-03,4.719088226556777954e-02,1.022475073114037514e-03,-3.417091676965355873e-03,4.657728597521781921e-02,-4.996539559215307236e-03,3.609062731266021729e-02,9.495746493339538574e-01,9.471436738967895508e-01,9.488966464996337891e-01,9.574492573738098145e-01,1.591424196958541870e-01,9.791405871510505676e-03,1.372632104903459549e-03,1.884476467967033386e-02,-4.694818519055843353e-03,5.345561075955629349e-03
-5.143680609762668610e-03,-5.887766368687152863e-03,-9.566287510097026825e-03,-3.734875703230500221e-03,-2.911527873948216438e-03,4.017134197056293488e-03,1.330791157670319080e-03,6.870811581611633301e-01,-8.800420910120010376e-03,4.815382957458496094e-01,2.504877373576164246e-02,4.274538659956306219e-04,-8.573370985686779022e-03,2.033708803355693817e-02,3.434944897890090942e-03,3.366713877767324448e-03,4.129840061068534851e-03,-2.975097624585032463e-03,-3.246812149882316589e-03,-5.808799687656573951e-05
-6.979926023632287979e-03,-3.902083728462457657e-03,1.239585783332586288e-02,1.070356927812099457e-02,-4.877781495451927185e-03,5.584775353781878948e-04,-9.448043070733547211e-03,9.697262197732925415e-03,3.360405564308166504e-03,2.099662320688366890e-03,9.152531027793884277e-01,6.772571802139282227e-01,3.309963643550872803e-01,6.563228368759155273e-01,5.932490825653076172e-01,9.966368675231933594e-01,9.943658709526062012e-01,5.904144048690795898e-01,9.927083849906921387e-01,8.048296570777893066e-01
-4.669724497944116592e-03,-9.057897143065929413e-03,-8.739084936678409576e-03,-1.398138795047998428e-02,-1.758125051856040955e-02,-1.950795645825564861e-03,-4.824107512831687927e-03,-2.581962011754512787e-02,-3.380632027983665466e-03,-9.346658363938331604e-03,8.333566188812255859e-01,9.122157096862792969e-01,9.958342909812927246e-01,9.835258126258850098e-01,1.012541294097900391e+00,9.926763772964477539e-01,9.906671047210693359e-01,1.718396507203578949e-02,9.966941475868225098e-01,-8.373467717319726944e-04
-3.854338312521576881e-03,1.351155713200569153e-02,2.669594809412956238e-02,5.901239439845085144e-02,4.290113598108291626e-02,5.477318167686462402e-02,7.017856463789939880e-03,5.919066816568374634e-02,4.821784794330596924e-03,8.051984012126922607e-02,9.373525381088256836e-01,7.668628096580505371e-01,6.536217331886291504e-01,4.744423925876617432e-01,5.629830956459045410e-01,1.779369264841079712e-02,7.152109742164611816e-01,2.846998572349548340e-01,8.280120491981506348e-01,9.259609133005142212e-02
-3.429806674830615520e-04,1.107483729720115662e-02,1.723609864711761475e-02,6.351966876536607742e-03,7.574495859444141388e-03,1.138865482062101364e-03,-2.770814346149563789e-03,4.628529027104377747e-02,4.221750423312187195e-03,1.449867617338895798e-02,9.771720170974731445e-01,9.445752501487731934e-01,9.476594328880310059e-01,9.390875101089477539e-01,7.926846146583557129e-01,4.990628957748413086e-01,4.840807616710662842e-01,-3.547383472323417664e-03,2.841468155384063721e-01,-6.963958032429218292e-03
-5.342075135558843613e-03,7.836465835571289062e-01,8.557413220405578613e-01,8.649483919143676758e-01,6.644243597984313965e-01,4.723936617374420166e-01,3.820672333240509033e-01,7.678842544555664062e-01,5.763934850692749023e-01,6.803789138793945312e-01,4.191212356090545654e-02,4.832635633647441864e-03,3.641324117779731750e-03,7.487770635634660721e-04,-2.398879267275333405e-03,2.035225927829742432e-02,2.234802022576332092e-02,-4.131303634494543076e-03,3.099919063970446587e-03,2.956722630187869072e-03
1.441986532881855965e-03,9.927455186843872070e-01,-4.153033252805471420e-03,-7.065382786095142365e-03,1.011459708213806152e+00,-3.322622505947947502e-03,8.987127803266048431e-03,2.425076998770236969e-02,-2.655668940860778093e-04,9.891182184219360352e-01,-1.865623518824577332e-02,-2.096858061850070953e-02,-1.875178515911102295e-02,-2.207022160291671753e-02,-1.356116589158773422e-02,-1.053821854293346405e-02,-7.664943695999681950e-04,-1.325510535389184952e-02,-1.119871437549591064e-02,6.127748638391494751e-04
3.914619330316781998e-03,8.154858946800231934e-01,7.179628610610961914e-01,7.191234827041625977e-01,6.278204321861267090e-01,5.136550068855285645e-01,4.026535451412200928e-01,1.004387021064758301e+00,6.059478521347045898e-01,8.019201159477233887e-01,-1.677638478577136993e-02,-1.237460877746343613e-02,-9.008506312966346741e-03,-2.678033895790576935e-02,-3.196702338755130768e-03,-7.082246243953704834e-03,-1.127842627465724945e-02,-2.246795454993844032e-03,-3.603522200137376785e-03,-7.615339476615190506e-03
-7.975344778969883919e-04,-4.406717605888843536e-03,-2.677493030205368996e-03,4.071789328008890152e-03,1.770714484155178070e-02,6.743253325112164021e-04,-6.871874793432652950e-04,2.706022001802921295e-02,-3.965807147324085236e-03,6.930912286043167114e-02,9.093557596206665039e-01,6.578258872032165527e-01,9.631749391555786133e-01,9.529095292091369629e-01,7.830787897109985352e-01,-1.064266823232173920e-02,-1.254442706704139709e-02,-1.975400140509009361e-03,1.281327218748629093e-03,3.799677593633532524e-03
-2.824620169121772051e-04,9.059156775474548340e-01,8.066070675849914551e-01,1.020448684692382812e+00,7.956383228302001953e-01,9.932813644409179688e-01,5.938038825988769531e-01,1.018409371376037598e+00,8.972589969635009766e-01,9.891350269317626953e-01,3.513841191306710243e-03,-5.554769188165664673e-03,8.191678673028945923e-03,-1.544482633471488953e-02,-2.138441195711493492e-03,-1.263681566342711449e-03,-7.525209221057593822e-04,-2.844441216439008713e-03,-6.112798582762479782e-04,-3.821759484708309174e-03
-6.904816254973411560e-03,1.680437941104173660e-03,-4.771363455802202225e-03,-4.444598220288753510e-03,-7.381835952401161194e-03,-2.752507105469703674e-03,-2.574757440015673637e-03,-1.622243411839008331e-02,2.843198599293828011e-04,-2.210558764636516571e-02,1.027565836906433105e+00,1.009884953498840332e+00,1.017366409301757812e+00,1.014322161674499512e+00,1.012520313262939453e+00,1.018863081932067871e+00,1.007124900817871094e+00,2.860828302800655365e-02,5.291694402694702148e-01,6.977512966841459274e-03
2.185774268582463264e-03,-1.914340682560577989e-04,-4.715308314189314842e-04,2.523903094697743654e-04,5.592525005340576172e-03,7.965383119881153107e-03,9.612939902581274509e-04,6.011248752474784851e-02,5.193925462663173676e-03,8.925167471170425415e-02,8.797446489334106445e-01,9.099611043930053711e-01,8.799228668212890625e-01,8.959450125694274902e-01,9.558920264244079590e-01,9.828631877899169922e-01,9.668825268745422363e-01,5.460944771766662598e-01,7.543876767158508301e-01,8.382140845060348511e-02
3.849832864943891764e-05,9.755023717880249023e-01,9.590762853622436523e-01,9.865706562995910645e-01,9.687761664390563965e-01,9.982215166091918945e-01,4.359182436019182205e-03,1.125238314270973206e-01,5.697796121239662170e-03,6.767894625663757324e-01,4.073216579854488373e-03,-7.780207786709070206e-03,-4.879863001406192780e-03,-5.182139109820127487e-03,-2.431345637887716293e-05,1.253799651749432087e-03,1.656652195379137993e-03,-7.278169505298137665e-04,-1.206919644027948380e-02,-2.046568552032113075e-03
-4.320871084928512573e-03,8.013016581535339355e-01,8.953905701637268066e-01,1.006532549858093262e+00,9.984109997749328613e-01,9.936187863349914551e-01,6.889096498489379883e-01,8.825588226318359375e-01,7.933869957923889160e-01,8.222703337669372559e-01,-1.388096529990434647e-02,3.669352270662784576e-03,3.730521537363529205e-03,7.882131263613700867e-03,-1.817872514948248863e-03,4.465357400476932526e-03,-7.254415657371282578e-03,-7.255604956299066544e-03,-7.495508529245853424e-03,6.813731160946190357e-04
-1.213542709592729807e-04,4.476949572563171387e-03,8.477304130792617798e-03,3.218555450439453125e-02,1.424212940037250519e-03,-3.836467221844941378e-04,-9.367899037897586823e-04,3.377493098378181458e-02,-7.341433316469192505e-03,4.520382732152938843e-02,9.402127861976623535e-01,5.873456597328186035e-03,2.696578390896320343e-03,-1.617860165424644947e-03,-1.395748113282024860e-04,-1.559134293347597122e-02,-3.450236516073346138e-03,1.678087282925844193e-04,-4.855810198932886124e-03,-3.794203803408890963e-04
-1.004433841444551945e-03,1.220696698874235153e-02,1.177013735286891460e-03,2.886826992034912109e-01,3.549287617206573486e-01,9.941916465759277344e-01,-5.874853814020752907e-04,2.288821339607238770e-01,-4.645355045795440674e-03,6.960433125495910645e-01,1.344597898423671722e-02,1.312437374144792557e-02,-5.070469342172145844e-05,-1.291316002607345581e-02,-2.949402667582035065e-03,1.352738030254840851e-02,7.849960587918758392e-03,1.192119065672159195e-02,1.202943455427885056e-02,-8.454304770566523075e-04
3.876067348755896091e-04,-8.413772098720073700e-03,2.985930144786834717e-01,5.917463898658752441e-01,1.889212280511856079e-01,7.139868102967739105e-03,2.358517609536647797e-03,8.174090646207332611e-03,5.971127189695835114e-03,6.872780919075012207e-01,1.010334119200706482e-02,2.078853780403733253e-03,-4.590171854943037033e-03,-1.019158773124217987e-02,2.782507799565792084e-03,-2.323347376659512520e-03,6.822114344686269760e-03,5.833529867231845856e-03,-1.517532626166939735e-03,1.977616047952324152e-04
-1.171577721834182739e-03,-1.490066200494766235e-02,-2.553503261879086494e-03,-4.415193572640419006e-03,-5.880812648683786392e-03,-1.668119058012962341e-02,-7.611976936459541321e-03,1.481313072144985199e-02,1.921149669215083122e-03,8.743903599679470062e-04,9.867870211601257324e-01,9.313087463378906250e-01,9.687324762344360352e-01,1.015680074691772461e+00,3.861708939075469971e-02,3.097563516348600388e-03,7.471733726561069489e-03,8.595499210059642792e-03,5.402138922363519669e-03,-5.481675616465508938e-04
1.719337888062000275e-02,2.215043269097805023e-02,1.334334071725606918e-02,2.867333218455314636e-02,2.652736194431781769e-02,5.366942379623651505e-03,1.295025181025266647e-02,3.408444672822952271e-02,2.589353919029235840e-02,4.195182770490646362e-02,-1.456379238516092300e-02,-5.201798630878329277e-04,7.864799350500106812e-02,-1.686010137200355530e-02,3.668986856937408447e-01,9.576271772384643555e-01,9.451611638069152832e-01,-4.024140071123838425e-03,-1.203016191720962524e-02,3.215902019292116165e-03
2.796885091811418533e-03,-2.064779167994856834e-03,7.326962891966104507e-03,1.213145535439252853e-02,-3.630883526057004929e-03,-4.391807597130537033e-03,5.762991029769182205e-03,4.461394157260656357e-03,1.212964579463005066e-02,5.957232322543859482e-03,9.206706881523132324e-01,1.631032675504684448e-02,2.781729772686958313e-02,1.017283834517002106e-02,1.704925857484340668e-02,-5.990650504827499390e-03,1.708852592855691910e-03,-1.077018911018967628e-03,-5.199027247726917267e-03,-6.848924793303012848e-03
7.146527525037527084e-03,1.131096016615629196e-02,-6.167913321405649185e-03,-5.637726280838251114e-03,9.955243207514286041e-03,-1.131168752908706665e-02,-5.205834750086069107e-03,-1.986168092116713524e-03,-5.484350491315126419e-03,9.089535102248191833e-03,9.924098253250122070e-01,7.868608236312866211e-01,5.204637646675109863e-01,7.476996630430221558e-02,6.025638580322265625e-01,9.988599419593811035e-01,1.034457206726074219e+00,1.315148919820785522e-02,1.029710292816162109e+00,7.870199084281921387e-01
-9.787550661712884903e-04,1.719216257333755493e-01,4.998417496681213379e-01,8.013682961463928223e-01,7.113083004951477051e-01,9.766240119934082031e-01,9.075232082977890968e-05,8.523694872856140137e-01,4.742670059204101562e-01,7.667670845985412598e-01,2.955633215606212616e-02,6.209136918187141418e-04,1.948417909443378448e-02,2.849319949746131897e-02,2.842115238308906555e-03,-1.138100214302539825e-02,4.463471937924623489e-03,-5.028888117522001266e-04,3.596690949052572250e-03,1.285757753066718578e-03
3.148143738508224487e-02,4.371744021773338318e-02,1.745801791548728943e-02,5.787608213722705841e-03,2.252769097685813904e-02,2.145273378118872643e-03,3.874138346873223782e-04,8.819220960140228271e-02,1.365214306861162186e-02,1.215396896004676819e-01,-3.118264861404895782e-02,6.343896985054016113e-01,7.580015063285827637e-01,6.572229862213134766e-01,6.640878319740295410e-01,-1.250367797911167145e-02,-2.160272747278213501e-02,-7.493441458791494370e-03,-4.197083041071891785e-02,-3.507700748741626740e-03
5.629171500913798809e-04,1.774267642758786678e-03,6.422858834266662598e-01,7.524112462997436523e-01,7.716588973999023438e-01,3.267021104693412781e-02,2.680473960936069489e-02,6.680095791816711426e-01,3.941560536623001099e-02,5.933671593666076660e-01,2.882404439151287079e-02,3.801388293504714966e-02,1.540459413081407547e-02,5.975237116217613220e-03,-3.434057813137769699e-03,1.430400880053639412e-03,-3.722614841535687447e-03,-6.058400496840476990e-03,-4.696807824075222015e-03,-3.105268348008394241e-03
-6.562967319041490555e-04,5.442393012344837189e-03,5.057425238192081451e-03,8.709530229680240154e-04,1.593880355358123779e-02,1.341597642749547958e-03,6.275347550399601460e-05,4.918915629386901855e-01,1.121033821254968643e-02,5.607058405876159668e-01,1.714875698089599609e-01,1.053432524204254150e-01,1.043085679411888123e-01,9.306287765502929688e-02,9.189283847808837891e-02,4.142577946186065674e-02,4.325084760785102844e-02,5.478575360029935837e-03,1.639590039849281311e-02,9.921506280079483986e-04
3.627978498116135597e-03,-1.450012903660535812e-03,8.632730692625045776e-03,-1.005205418914556503e-02,9.920580387115478516e-01,4.110242240130901337e-03,-1.616655266843736172e-03,7.908978462219238281e-01,4.841415286064147949e-01,8.808021545410156250e-01,7.394430227577686310e-03,3.277299925684928894e-02,3.796153888106346130e-02,1.978174969553947449e-02,1.984327659010887146e-02,-9.396616369485855103e-04,4.661587066948413849e-03,7.363236974924802780e-03,-1.300059445202350616e-02,-4.242897033691406250e-03
1.303256489336490631e-03,1.557775586843490601e-02,4.226954653859138489e-03,1.168002653867006302e-02,-5.035787820816040039e-03,7.954459637403488159e-02,-2.149052917957305908e-03,4.695072025060653687e-02,-1.153733115643262863e-03,1.278776973485946655e-01,8.585805296897888184e-01,9.162133932113647461e-01,9.264755845069885254e-01,8.941617012023925781e-01,9.460567831993103027e-01,-8.085945155471563339e-04,9.377499818801879883e-01,6.701992750167846680e-01,9.576506018638610840e-01,1.060817958205007017e-04
8.877635598182678223e-01,7.903721928596496582e-01,9.009911417961120605e-01,8.863126039505004883e-01,6.936559677124023438e-01,9.921439886093139648e-01,2.020808458328247070e-01,5.967853069305419922e-01,4.877191483974456787e-01,5.823064446449279785e-01,-1.251731719821691513e-02,-5.037056747823953629e-03,-8.298012427985668182e-03,-9.666098281741142273e-03,3.401667345315217972e-04,9.695137268863618374e-04,7.648097816854715347e-03,2.105375519022345543e-03,1.532267406582832336e-02,-5.403123795986175537e-04
-1.496586715802550316e-03,8.863942027091979980e-01,9.909135103225708008e-01,8.886571526527404785e-01,9.813858866691589355e-01,4.972563087940216064e-01,4.919733405113220215e-01,8.046671152114868164e-01,6.023523807525634766e-01,7.953107357025146484e-01,3.024533018469810486e-02,-3.053574764635413885e-04,-7.300200872123241425e-03,5.908014252781867981e-03,-1.039070077240467072e-03,6.122424267232418060e-03,1.251189410686492920e-02,-7.592612411826848984e-03,1.584098860621452332e-02,1.049465732648968697e-03
3.273371374234557152e-03,1.023205090314149857e-02,1.157784238457679749e-01,3.156469762325286865e-01,2.396151125431060791e-01,6.880857795476913452e-02,6.165540590882301331e-02,7.156665623188018799e-02,6.610444746911525726e-03,6.327756047248840332e-01,6.201427802443504333e-02,1.896010152995586395e-02,2.153503149747848511e-02,2.965276874601840973e-02,1.375580020248889923e-02,2.356151305139064789e-02,2.459855983033776283e-03,-1.019525341689586639e-03,6.733741611242294312e-03,2.631259150803089142e-03
8.808123469352722168e-01,6.624403595924377441e-01,5.723642110824584961e-01,6.796118617057800293e-01,7.558593153953552246e-01,9.839197993278503418e-01,2.693110704421997070e-01,5.814054012298583984e-01,1.728751957416534424e-01,5.743796825408935547e-01,3.075045347213745117e-02,3.822143003344535828e-02,2.554332651197910309e-02,1.651050895452499390e-02,1.924992911517620087e-02,1.106115337461233139e-02,2.772821113467216492e-02,1.739369146525859833e-02,3.357298672199249268e-02,-6.978995224926620722e-05
-3.669465659186244011e-03,-1.409755437634885311e-03,7.490788586437702179e-03,-2.308494597673416138e-02,4.654509015381336212e-03,7.897382602095603943e-06,-3.710795426741242409e-03,-1.207633875310420990e-02,-3.410494653508067131e-03,-3.488330636173486710e-03,2.100002206861972809e-02,1.203274354338645935e-02,2.927139587700366974e-02,7.935267873108386993e-03,2.760182321071624756e-02,1.834724657237529755e-02,3.472245484590530396e-02,6.653058342635631561e-03,2.554770745337009430e-02,-1.162647968158125877e-04
2.325678477063775063e-03,7.212943434715270996e-01,7.311244606971740723e-01,7.626999616622924805e-01,5.954040288925170898e-01,4.436089992523193359e-01,3.595985770225524902e-01,8.884668350219726562e-01,5.678910613059997559e-01,7.954991459846496582e-01,1.228459551930427551e-02,1.038294518366456032e-03,2.658590674400329590e-03,9.367004036903381348e-03,1.452933251857757568e-02,1.590509200468659401e-03,2.349009038880467415e-03,1.240924000740051270e-03,4.088051151484251022e-03,-1.061568502336740494e-03
2.588182315230369568e-02,2.027791924774646759e-02,5.867939442396163940e-02,7.414936274290084839e-02,4.753319919109344482e-02,8.168997243046760559e-03,5.609625484794378281e-03,2.377627603709697723e-02,3.137190127745270729e-03,4.983612895011901855e-02,8.677814006805419922e-01,5.505344867706298828e-01,3.506436049938201904e-01,2.445585429668426514e-01,5.524836778640747070e-01,3.153023496270179749e-02,3.093161247670650482e-02,4.869572520256042480e-01,6.334830075502395630e-03,2.549778902903199196e-03
1.022549867630004883e-01,3.852398097515106201e-01,6.962155699729919434e-01,7.852115035057067871e-01,8.687071204185485840e-01,4.660960752516984940e-03,-1.426667207852005959e-03,6.801186800003051758e-01,1.053245272487401962e-02,8.667454719543457031e-01,5.013304576277732849e-02,9.098423644900321960e-03,8.277696557343006134e-03,-9.096925496123731136e-04,5.590704269707202911e-03,2.235245145857334137e-02,3.369500115513801575e-02,1.845355145633220673e-02,1.984857209026813507e-02,3.516448661684989929e-03
1.350014097988605499e-02,1.929159089922904968e-02,2.824369966983795166e-01,5.967255234718322754e-01,-9.957678848877549171e-04,-5.869938060641288757e-03,-3.426709445193409920e-03,5.369352698326110840e-01,-5.447329487651586533e-03,4.841164052486419678e-01,1.497238427400588989e-01,1.196141541004180908e-02,-6.485147867351770401e-03,9.013295173645019531e-03,3.462211228907108307e-03,7.717363536357879639e-03,-6.672038580290973186e-04,-8.120841346681118011e-03,5.921237636357545853e-03,-2.689890796318650246e-03
-5.407457239925861359e-03,-4.444910213351249695e-03,-4.194478970021009445e-03,-1.863887533545494080e-02,1.180583238601684570e-02,-1.373419072479009628e-03,1.441295375116169453e-03,9.622443467378616333e-03,-1.469325157813727856e-03,3.076842613518238068e-02,9.341506361961364746e-01,9.695947766304016113e-01,9.927068352699279785e-01,9.719825387001037598e-01,9.739989042282104492e-01,9.740881919860839844e-01,9.751214981079101562e-01,-9.170117788016796112e-03,9.552742838859558105e-01,-6.742041092365980148e-03
-2.284322399646043777e-03,9.886340498924255371e-01,9.819767475128173828e-01,9.893741011619567871e-01,9.858553409576416016e-01,1.113477163016796112e-02,1.034651137888431549e-02,3.149499893188476562e-01,8.202440105378627777e-03,8.031543493270874023e-01,9.537701494991779327e-03,3.923574928194284439e-03,-4.923273809254169464e-03,2.195966662839055061e-03,1.661983667872846127e-03,-5.685809068381786346e-03,5.378447007387876511e-03,1.577690709382295609e-03,3.202130319550633430e-03,-1.090517733246088028e-03
-1.477027777582406998e-03,-3.788223024457693100e-03,-4.118313081562519073e-03,3.735850623343139887e-04,3.096112608909606934e-02,5.448788870126008987e-03,-5.143895279616117477e-03,7.285417616367340088e-02,-4.643453285098075867e-03,8.701740950345993042e-02,9.145451188087463379e-01,9.001082181930541992e-01,8.709036707878112793e-01,9.421078562736511230e-01,3.629526495933532715e-02,3.046602942049503326e-04,-3.441085107624530792e-03,8.026981726288795471e-03,-8.746886625885963440e-03,-1.482680556364357471e-03
2.322995662689208984e-02,1.983969472348690033e-02,1.970642618834972382e-02,3.722740337252616882e-02,5.275289341807365417e-02,1.608297415077686310e-02,1.986895129084587097e-02,4.459030181169509888e-02,3.223532810807228088e-02,6.046090647578239441e-02,-1.377663295716047287e-02,-2.972185984253883362e-02,1.578182727098464966e-02,-6.817952264100313187e-03,1.749349236488342285e-01,9.324297308921813965e-01,9.384554028511047363e-01,-9.039080701768398285e-03,6.703922059386968613e-03,-4.069711721967905760e-04
2.362330444157123566e-03,2.306645363569259644e-01,5.401783585548400879e-01,7.143402695655822754e-01,3.486709892749786377e-01,2.728789672255516052e-02,1.545720919966697693e-02,4.318312928080558777e-02,2.351748943328857422e-02,6.821290850639343262e-01,1.931769214570522308e-02,-3.040715819224715233e-04,4.904585424810647964e-03,-9.401431307196617126e-03,-1.154193375259637833e-02,-1.097606495022773743e-02,-6.617167033255100250e-03,7.981228642165660858e-03,3.312590299174189568e-03,5.458999890834093094e-03
1.088810735382139683e-03,9.538550861179828644e-03,6.021443605422973633e-01,6.984530091285705566e-01,8.020241260528564453e-01,9.996930360794067383e-01,2.274024591315537691e-04,7.925817966461181641e-01,7.986230254173278809e-01,8.885644078254699707e-01,1.389729045331478119e-02,1.244003139436244965e-02,1.331255212426185608e-02,4.413140704855322838e-04,5.797485820949077606e-03,1.465126872062683105e-03,5.053306464105844498e-03,-4.622770007699728012e-03,1.083553023636341095e-02,-8.608828647993505001e-05
-5.354290478862822056e-04,2.133256569504737854e-02,3.261983394622802734e-02,2.453353255987167358e-02,3.545566648244857788e-02,4.388899542391300201e-03,-1.041306531988084316e-04,2.348691411316394806e-02,1.060779578983783722e-02,6.552597135305404663e-02,7.324934005737304688e-01,7.724360376596450806e-02,7.738067209720611572e-02,7.612718641757965088e-02,1.950703561305999756e-01,2.778609395027160645e-01,2.878968715667724609e-01,1.837162822484970093e-01,2.849312126636505127e-01,8.576044440269470215e-02
2.889147996902465820e-01,-5.129686556756496429e-03,-6.103337276726961136e-03,8.504652380943298340e-01,4.356249570846557617e-01,1.147037255577743053e-03,-5.619570612907409668e-03,7.536596655845642090e-01,6.753861308097839355e-01,1.547946827486157417e-03,5.397816374897956848e-02,4.713517427444458008e-02,4.716314002871513367e-02,-2.616080921143293381e-03,1.419890485703945160e-02,2.450078353285789490e-02,1.960732042789459229e-02,9.441711939871311188e-03,1.206841133534908295e-02,1.633621752262115479e-02
2.887424780055880547e-03,3.830837011337280273e-01,7.034847140312194824e-01,9.222365617752075195e-01,9.288420677185058594e-01,9.989678263664245605e-01,2.011591494083404541e-01,7.236450314521789551e-01,3.759431838989257812e-01,8.078297972679138184e-01,-1.632467098534107208e-02,-1.637674868106842041e-02,7.963749580085277557e-03,-4.651871859095990658e-04,-1.175230601802468300e-03,1.919580041430890560e-03,-1.128460280597209930e-03,1.703551737591624260e-03,-5.653948755934834480e-04,1.137577462941408157e-03
-1.161683583632111549e-03,7.855612635612487793e-01,7.209987044334411621e-01,7.369741797447204590e-01,6.064675450325012207e-01,6.106720492243766785e-02,4.998430237174034119e-02,6.829782128334045410e-01,7.917233556509017944e-02,7.685889005661010742e-01,2.622911520302295685e-02,3.293059999123215675e-03,1.013600453734397888e-02,7.766520604491233826e-03,5.381875671446323395e-03,6.289626071520615369e-06,-5.701053887605667114e-04,1.964727975428104401e-02,1.150020118802785873e-02,1.252602902241051197e-03
4.513136809691786766e-04,7.803326938301324844e-03,1.538944151252508163e-02,-5.994612351059913635e-03,-4.548859782516956329e-03,-3.525606123730540276e-03,4.659009166061878204e-03,1.181502081453800201e-02,-1.031144638545811176e-03,-1.980593951884657145e-04,9.170911908149719238e-01,3.058727085590362549e-01,9.941715598106384277e-01,9.908659458160400391e-01,7.896099686622619629e-01,9.950469732284545898e-01,9.967014789581298828e-01,1.390951313078403473e-02,9.977625608444213867e-01,7.077097296714782715e-01
-5.527486209757626057e-04,8.600614219903945923e-02,1.037738025188446045e-01,7.724776864051818848e-02,9.473829716444015503e-02,6.130630895495414734e-02,1.523839030414819717e-02,5.438290163874626160e-02,2.218597754836082458e-02,1.480588763952255249e-01,8.606584072113037109e-01,1.576967351138591766e-02,3.924401476979255676e-02,1.561696641147136688e-02,1.556743308901786804e-02,1.155740395188331604e-02,4.533417150378227234e-02,6.480914354324340820e-01,8.948394060134887695e-01,2.426216378808021545e-03
-1.592654851265251637e-03,9.169834107160568237e-02,7.977350354194641113e-01,9.871098399162292480e-01,9.016292691230773926e-01,2.013082355260848999e-01,1.043412908911705017e-01,8.876865506172180176e-01,9.052436351776123047e-01,8.882285356521606445e-01,4.026480950415134430e-03,7.800056133419275284e-03,1.279814168810844421e-02,5.604602396488189697e-03,-6.379748228937387466e-03,1.812007627449929714e-03,-5.149162374436855316e-03,-4.785056691616773605e-03,-2.832852536812424660e-03,-7.582682301290333271e-04
-8.789797720964998007e-05,2.001304412260651588e-03,1.005240529775619507e-02,3.943536430597305298e-03,-1.636485802009701729e-03,-2.497583394870162010e-03,1.424369751475751400e-03,-9.611606597900390625e-03,5.649708211421966553e-03,-1.394198369234800339e-02,9.597676992416381836e-01,6.526426225900650024e-02,6.681778281927108765e-02,3.546523675322532654e-02,9.238709211349487305e-01,3.572325408458709717e-02,6.352107971906661987e-02,-1.799003803171217442e-03,4.412647709250450134e-02,9.774134159088134766e-01
-6.157313007861375809e-03,-1.799252629280090332e-02,-2.657343074679374695e-02,-3.077089227735996246e-02,-4.164513200521469116e-02,-1.268808078020811081e-02,-9.586264379322528839e-03,-3.340160101652145386e-02,-1.874858886003494263e-02,-1.423103362321853638e-02,8.958854675292968750e-01,6.764106750488281250e-01,7.081905603408813477e-01,7.707700729370117188e-01,5.052946135401725769e-02,2.399447187781333923e-02,1.467051077634096146e-02,-7.761579763609915972e-05,1.150769647210836411e-02,6.256317496299743652e-01
1.045763026922941208e-02,7.446632254868745804e-03,-3.775305114686489105e-03,2.394765801727771759e-02,9.643380530178546906e-03,-1.531171728856861591e-04,-3.049462102353572845e-03,-3.772472264245152473e-03,1.791542978025972843e-03,1.428081886842846870e-03,-3.353294450789690018e-03,9.581840038299560547e-01,9.727297425270080566e-01,3.123522968962788582e-03,9.903864860534667969e-01,1.008603334426879883e+00,1.002414822578430176e+00,7.795965671539306641e-01,9.850871562957763672e-01,5.027622580528259277e-01
9.743688106536865234e-01,4.347793459892272949e-01,-1.268634479492902756e-02,9.352697134017944336e-01,7.304878234863281250e-01,-9.973519481718540192e-03,4.758446011692285538e-03,8.302423954010009766e-01,7.877596653997898102e-03,6.237259507179260254e-01,4.012063890695571899e-02,4.975095763802528381e-02,3.836346045136451721e-02,-4.297778476029634476e-03,1.387893315404653549e-02,6.070075556635856628e-02,6.494767218828201294e-02,-1.417141640558838844e-03,4.236483946442604065e-02,3.219561884179711342e-03
4.496715962886810303e-03,1.001662611961364746e+00,5.410470068454742432e-02,8.680891245603561401e-03,9.477591514587402344e-01,-1.578039117157459259e-02,-9.036663919687271118e-03,1.764509081840515137e-02,-1.382259838283061981e-02,7.435649037361145020e-01,3.912293538451194763e-02,2.616890147328376770e-02,5.110920593142509460e-02,7.746508717536926270e-02,2.173731289803981781e-02,3.872110322117805481e-02,3.154346719384193420e-02,2.953220531344413757e-02,1.029149536043405533e-02,3.397907828912138939e-03
7.573405164293944836e-04,1.616407418623566628e-03,4.763139411807060242e-03,-1.365203759633004665e-03,-8.415935561060905457e-03,-4.016747698187828064e-03,-1.147642731666564941e-03,-1.457378640770912170e-02,2.966646105051040649e-03,-2.192381210625171661e-02,4.800552129745483398e-02,1.005071401596069336e+00,1.009544491767883301e+00,1.023202300071716309e+00,9.750526547431945801e-01,9.326945059001445770e-03,2.782075293362140656e-02,3.447628393769264221e-02,3.865544684231281281e-03,9.849607944488525391e-01
8.308121468871831894e-04,-5.563460290431976318e-03,-1.394285005517303944e-03,1.323598995804786682e-02,2.599888294935226440e-02,-1.164453849196434021e-02,7.421233225613832474e-03,3.957855701446533203e-02,-3.064011456444859505e-03,-8.715305477380752563e-03,9.877384901046752930e-01,9.834104776382446289e-01,9.759761095046997070e-01,1.033634901046752930e+00,8.229125738143920898e-01,6.483293324708938599e-02,6.249162554740905762e-02,1.297855842858552933e-02,1.093875896185636520e-02,3.781081642955541611e-03
7.022442296147346497e-03,9.865348935127258301e-01,5.032872557640075684e-01,6.797040104866027832e-01,6.111972332000732422e-01,9.993394613265991211e-01,-4.570791497826576233e-03,9.164845198392868042e-02,-2.166701480746269226e-03,3.049834966659545898e-01,2.720882371068000793e-02,2.082480816170573235e-03,1.748070493340492249e-02,7.336601149290800095e-03,6.156016606837511063e-03,-7.216568337753415108e-04,-1.904520031530410051e-04,-1.603211974725127220e-03,2.456294023431837559e-04,-1.149262534454464912e-03
-2.517338143661618233e-04,-5.986891337670385838e-04,1.846779836341738701e-03,-8.506872691214084625e-03,9.504460729658603668e-03,1.654567755758762360e-02,3.909161314368247986e-03,3.112048096954822540e-02,5.041048396378755569e-03,3.412253037095069885e-02,9.249248504638671875e-01,9.540197253227233887e-01,9.627299904823303223e-01,9.601522088050842285e-01,9.449213743209838867e-01,5.927505716681480408e-02,3.994018584489822388e-02,7.166295312345027924e-03,2.723139151930809021e-02,1.764698177576065063e-01
-8.892218582332134247e-03,-7.920134812593460083e-03,1.157579012215137482e-03,1.084434613585472107e-02,-6.185536272823810577e-03,6.344702560454607010e-04,9.716202039271593094e-04,2.725395746529102325e-02,4.108794033527374268e-03,4.232570528984069824e-02,9.622212052345275879e-01,9.592300057411193848e-01,9.467266798019409180e-01,9.289880990982055664e-01,9.167857170104980469e-01,3.583697080612182617e-01,3.533310592174530029e-01,3.725655376911163330e-01,1.063898764550685883e-02,3.590602427721023560e-03
1.937182736583054066e-03,9.176670312881469727e-01,-1.475141849368810654e-02,-1.063552685081958771e-02,4.696509614586830139e-02,2.809337340295314789e-02,1.881136931478977203e-02,3.652100265026092529e-01,1.547952089458703995e-02,5.653342008590698242e-01,9.937629848718643188e-02,-7.188510149717330933e-03,1.121666748076677322e-03,3.215464204549789429e-02,2.882327325642108917e-02,1.018216274678707123e-02,1.975880749523639679e-02,1.617245189845561981e-02,3.061699680984020233e-02,1.033849912346340716e-05
-1.151692471466958523e-03,5.841193720698356628e-03,2.674140851013362408e-04,-4.686838947236537933e-03,-3.707624273374676704e-03,-2.285409718751907349e-04,-2.397918840870261192e-03,1.176571752876043320e-02,1.178717426955699921e-02,-5.768493865616619587e-04,8.187587857246398926e-01,7.104403972625732422e-01,7.945337295532226562e-01,7.942575812339782715e-01,4.086780920624732971e-02,1.377291418612003326e-02,2.978159114718437195e-02,5.377283785492181778e-03,1.632256805896759033e-02,5.443819332867860794e-03
2.771334489807486534e-03,8.046105504035949707e-01,8.103287816047668457e-01,9.965239763259887695e-01,7.144423127174377441e-01,9.910296797752380371e-01,2.867298200726509094e-03,6.078006029129028320e-01,9.059699177742004395e-01,9.884983897209167480e-01,1.425814256072044373e-02,-5.593141075223684311e-03,-1.252800459042191505e-03,4.542554728686809540e-03,-1.266740611754357815e-03,8.231827057898044586e-03,-5.015455186367034912e-03,-2.489174483343958855e-03,-5.009124055504798889e-03,-1.919499598443508148e-03
1.813073868106584996e-05,6.008942145854234695e-03,-5.171682219952344894e-03,-4.109013359993696213e-03,-1.339431572705507278e-02,-3.001155797392129898e-03,-7.776501588523387909e-04,1.353403478860855103e-01,-1.641483628191053867e-03,4.319435656070709229e-01,2.027341872453689575e-01,1.574083119630813599e-01,1.914265453815460205e-01,1.153917089104652405e-01,1.224421486258506775e-01,5.767988413572311401e-02,5.870379880070686340e-02,9.607470035552978516e-02,7.996477931737899780e-02,1.721290126442909241e-02
2.913994714617729187e-03,7.885873317718505859e-01,6.960447430610656738e-01,8.887821435928344727e-01,4.963577985763549805e-01,4.904941022396087646e-01,3.923816382884979248e-01,9.837763905525207520e-01,6.931411027908325195e-01,8.955312967300415039e-01,1.938666217029094696e-02,-3.212229115888476372e-03,5.442487075924873352e-03,4.142068326473236084e-03,2.283113775774836540e-03,-5.326618906110525131e-03,1.614941575098782778e-04,-1.415506820194423199e-03,-6.879568565636873245e-03,-2.424640348181128502e-03
-1.598023460246622562e-03,7.804646492004394531e-01,9.795742630958557129e-01,8.774238228797912598e-01,6.734144091606140137e-01,9.807462096214294434e-01,5.830846428871154785e-01,3.536157310009002686e-01,4.853405058383941650e-01,6.585525274276733398e-01,3.759576380252838135e-02,-5.614757537841796875e-03,9.892898611724376678e-03,3.441020846366882324e-02,1.017215475440025330e-02,2.377889351919293404e-03,4.655912518501281738e-03,2.309286594390869141e-02,3.697811812162399292e-02,-1.745313056744635105e-03
-5.417178035713732243e-04,-3.863713704049587250e-03,4.002059809863567352e-03,1.288905739784240723e-03,8.498152717947959900e-03,-4.534173756837844849e-03,-1.730440068058669567e-03,4.241325333714485168e-02,-1.001918688416481018e-02,3.923361748456954956e-02,9.374933838844299316e-01,9.158768653869628906e-01,8.892368078231811523e-01,9.158795475959777832e-01,9.458228945732116699e-01,4.726540744304656982e-01,4.678499996662139893e-01,1.308219740167260170e-03,7.307269144803285599e-03,-1.202654209919273853e-03
-1.436592312529683113e-03,-2.525324816815555096e-04,5.856237411499023438e-01,1.003245115280151367e+00,3.022847771644592285e-01,1.010699629783630371e+00,1.106529403477907181e-02,8.195273876190185547e-01,9.994445443153381348e-01,8.005658388137817383e-01,-6.333879195153713226e-03,-6.361322011798620224e-03,-1.560914143919944763e-02,-1.906545832753181458e-02,-1.493186131119728088e-02,-3.702618414536118507e-03,-3.429669141769409180e-02,-4.278379492461681366e-03,-1.286803162656724453e-03,-5.827796412631869316e-04
1.896235859021544456e-03,4.851223435252904892e-03,2.576662460342049599e-03,9.608167223632335663e-03,5.806277506053447723e-03,9.816681146621704102e-01,3.080889582633972168e-03,5.012385249137878418e-01,-3.587858984246850014e-03,2.908468842506408691e-01,1.922275498509407043e-02,5.506026744842529297e-02,3.398231416940689087e-02,4.215138778090476990e-02,-2.712017297744750977e-02,1.074145268648862839e-02,3.626008331775665283e-02,-5.936847068369388580e-03,9.633567184209823608e-03,1.465699286200106144e-03
-3.498323727399110794e-03,1.880179643630981445e-01,6.975568532943725586e-01,7.965512275695800781e-01,-3.176338272169232368e-03,2.288955496624112129e-03,5.247812950983643532e-04,9.042387008666992188e-01,2.589663863182067871e-01,8.000704050064086914e-01,-3.750989679247140884e-03,-2.398692443966865540e-02,-1.456369552761316299e-02,-7.452446967363357544e-03,-6.345170550048351288e-03,-9.100222960114479065e-03,-1.177113736048340797e-03,-1.293756533414125443e-03,-2.896361518651247025e-03,-4.194799810647964478e-03
1.945410817861557007e-01,8.001061677932739258e-01,8.971162438392639160e-01,8.998638391494750977e-01,7.983098626136779785e-01,9.930540919303894043e-01,1.155740860849618912e-02,1.124724745750427246e-01,1.016819383949041367e-03,6.966131925582885742e-01,7.657053647562861443e-04,-6.505867000669240952e-03,-1.879377476871013641e-02,-7.271878421306610107e-03,-3.399326698854565620e-03,5.231867544353008270e-04,-2.561197616159915924e-03,-1.751524396240711212e-03,-4.334925324656069279e-04,-1.788123976439237595e-03
1.027726475149393082e-02,1.152644306421279907e-02,1.158696599304676056e-02,4.027584102004766464e-03,1.087581505998969078e-03,3.245398169383406639e-03,5.724714719690382481e-05,8.277763845399022102e-05,2.088020183145999908e-02,2.024752274155616760e-02,8.804603219032287598e-01,7.751772403717041016e-01,9.511542916297912598e-01,9.634376168251037598e-01,9.345857501029968262e-01,1.921883970499038696e-02,-6.659695645794272423e-04,7.074148952960968018e-02,3.789907554164528847e-03,-8.243598043918609619e-03
8.964872104115784168e-04,8.027613162994384766e-01,7.082284688949584961e-01,8.196582794189453125e-01,9.238663911819458008e-01,-6.355712655931711197e-03,-7.075345143675804138e-03,6.821514964103698730e-01,-3.430895972996950150e-03,8.788837790489196777e-01,-1.871827617287635803e-02,7.775078061968088150e-03,6.065278314054012299e-03,3.995676990598440170e-03,1.416748110204935074e-02,-6.967802066355943680e-03,-1.119338814169168472e-02,1.886098994873464108e-03,-3.476328216493129730e-03,3.316833404824137688e-03
-2.724993508309125900e-03,7.563464809209108353e-03,-3.933314699679613113e-03,-3.299685427919030190e-03,6.927556991577148438e-01,1.780095510184764862e-02,1.094145048409700394e-02,4.672486186027526855e-01,1.270967535674571991e-02,5.424541831016540527e-01,1.570342779159545898e-01,1.364143043756484985e-01,1.323712766170501709e-01,1.186033710837364197e-01,5.414554849267005920e-02,2.567919669672846794e-03,-1.245513325557112694e-03,6.497029680758714676e-03,1.359373051673173904e-02,3.548294072970747948e-03
-3.633569460362195969e-03,2.763706957921385765e-03,-4.107124172151088715e-03,-3.148549003526568413e-03,-1.167232450097799301e-02,-1.270980108529329300e-03,-3.210528288036584854e-03,-1.282620709389448166e-02,-4.626988898962736130e-03,-7.890312932431697845e-03,8.504319787025451660e-01,7.426522374153137207e-01,8.209245800971984863e-01,9.208185672760009766e-01,6.541171073913574219e-01,2.291150949895381927e-02,2.476366609334945679e-02,3.223180770874023438e-01,1.539886929094791412e-02,6.203849911689758301e-01
4.827627271879464388e-04,2.105298265814781189e-02,1.541729667223989964e-03,6.139759905636310577e-03,1.598712429404258728e-02,-5.938058020547032356e-04,4.655633238144218922e-04,2.307113073766231537e-02,1.407453906722366810e-03,3.022636659443378448e-02,9.509657621383666992e-01,7.299821823835372925e-02,3.600575774908065796e-02,2.626057527959346771e-02,-9.416806511580944061e-03,2.172290906310081482e-02,2.567417733371257782e-02,4.737994372844696045e-01,4.294190928339958191e-02,9.776011705398559570e-01
1.919811358675360680e-03,8.978368639945983887e-01,6.569225788116455078e-01,7.790389657020568848e-01,9.906780123710632324e-01,9.120317697525024414e-01,-1.031290506944060326e-03,1.541496533900499344e-02,-6.642345106229186058e-04,8.648436665534973145e-01,-1.145145110785961151e-02,-1.107857748866081238e-02,-9.798949584364891052e-03,-7.381124887615442276e-03,2.926725428551435471e-04,-7.232212461531162262e-03,-3.888105973601341248e-03,-9.768432937562465668e-03,-5.526258610188961029e-03,1.271531567908823490e-03
-8.808685233816504478e-04,1.533249299973249435e-02,7.510681450366973877e-02,4.000674933195114136e-02,-1.925468211993575096e-03,-8.194042369723320007e-03,-3.712560748681426048e-03,5.909867212176322937e-02,2.318958565592765808e-02,6.318337470293045044e-02,9.100670218467712402e-01,1.246518362313508987e-02,7.676287554204463959e-03,8.405968546867370605e-03,2.215290628373622894e-02,2.859820798039436340e-02,2.582677081227302551e-02,7.801540195941925049e-03,2.790135145187377930e-02,2.484170254319906235e-04
1.644164789468050003e-03,7.133088707923889160e-01,7.942851185798645020e-01,8.869656324386596680e-01,8.867831230163574219e-01,9.958126544952392578e-01,4.489567875862121582e-01,4.526166617870330811e-01,5.049796700477600098e-01,7.850804328918457031e-01,2.495557442307472229e-02,-5.242625717073678970e-03,-4.011587705463171005e-03,-5.113511579111218452e-04,5.991996731609106064e-03,4.141990561038255692e-03,-3.945413045585155487e-03,-1.230659894645214081e-02,-1.570064574480056763e-03,1.825841958634555340e-03
2.524485113099217415e-03,-4.530133213847875595e-03,1.010976824909448624e-02,-1.229984313249588013e-02,7.612594962120056152e-01,-8.309752680361270905e-03,-9.884110651910305023e-03,1.150577664375305176e-01,5.000637769699096680e-01,6.861408948898315430e-01,1.411321386694908142e-02,5.663505755364894867e-03,1.948599517345428467e-02,-1.293044653721153736e-03,-8.145625703036785126e-03,1.534372940659523010e-02,1.636744360439479351e-03,-1.166513655334711075e-02,6.568503100425004959e-03,3.601337550207972527e-03
2.843384630978107452e-03,4.800607566721737385e-04,3.428237885236740112e-02,4.885501787066459656e-02,1.421924028545618057e-02,7.840665057301521301e-03,1.031580753624439240e-02,2.218853496015071869e-02,1.061452273279428482e-02,2.824436500668525696e-02,9.566530585289001465e-01,1.235995255410671234e-02,3.189514577388763428e-02,-4.692096263170242310e-04,6.788236498832702637e-01,1.001798033714294434e+00,9.890389442443847656e-01,1.489662216044962406e-03,9.583491683006286621e-01,1.892345608212053776e-03
-4.264486487954854965e-03,6.937823295593261719e-01,3.179942369461059570e-01,8.719909787178039551e-01,7.836349606513977051e-01,8.775946497917175293e-01,3.044977188110351562e-01,8.752316236495971680e-01,5.667546987533569336e-01,7.475358843803405762e-01,5.438538268208503723e-02,-6.553800776600837708e-03,4.431294277310371399e-02,1.052384823560714722e-02,5.101286806166172028e-03,1.019211485981941223e-03,3.473879769444465637e-02,2.682485617697238922e-03,3.265152126550674438e-02,-1.101462752558290958e-03
8.010267280042171478e-03,3.283633617684245110e-03,-7.385666831396520138e-04,2.571628615260124207e-02,-7.316484698094427586e-05,2.725353464484214783e-03,-1.825202256441116333e-03,3.940640483051538467e-03,1.540924538858234882e-03,1.180894859135150909e-02,9.623628854751586914e-01,9.874020814895629883e-01,9.965083003044128418e-01,2.388655766844749451e-02,9.949244260787963867e-01,9.861875772476196289e-01,1.006791353225708008e+00,1.328359241597354412e-03,9.829519987106323242e-01,3.115205094218254089e-03
-1.166288042441010475e-03,1.812057755887508392e-02,3.749867156147956848e-02,8.959145098924636841e-02,6.439908593893051147e-02,1.371190510690212250e-02,1.109170448035001755e-02,8.828273415565490723e-02,3.372642770409584045e-02,1.231442615389823914e-01,7.742548584938049316e-01,3.147797584533691406e-01,1.535626947879791260e-01,1.507151871919631958e-01,2.441032975912094116e-01,1.235675625503063202e-02,4.274942912161350250e-03,5.800566170364618301e-03,1.310145249590277672e-03,6.242102477699518204e-03
5.399359855800867081e-03,2.829207479953765869e-02,-4.071359988301992416e-03,1.110663451254367828e-02,2.352659963071346283e-02,-1.398060703650116920e-03,-2.033440396189689636e-03,1.438906975090503693e-02,1.433273032307624817e-02,3.896902874112129211e-02,-2.009279467165470123e-02,-8.112875744700431824e-03,8.936431407928466797e-01,9.437660574913024902e-01,-1.101540867239236832e-02,-1.294091343879699707e-02,-1.453572884202003479e-02,1.309983665123581886e-03,-1.293118391185998917e-02,3.955904394388198853e-04
-2.270576660521328449e-04,-1.120803412050008774e-03,3.904207143932580948e-03,-1.040958147495985031e-02,1.784478873014450073e-02,-9.739303961396217346e-03,-8.119329810142517090e-03,3.131911531090736389e-02,-9.862314909696578979e-03,2.268793247640132904e-02,8.944433927536010742e-01,5.085471272468566895e-01,3.574353456497192383e-01,2.620288133621215820e-01,1.866623908281326294e-01,3.116432428359985352e-01,3.696533739566802979e-01,1.635055094957351685e-01,3.023552000522613525e-01,7.170041799545288086e-01
-2.006420399993658066e-03,1.322032045572996140e-02,-7.439549081027507782e-03,6.392668467015028000e-03,1.328061427921056747e-02,6.042167544364929199e-03,3.327333135530352592e-03,2.241651713848114014e-02,3.856272902339696884e-03,-4.180927935522049665e-04,8.098008036613464355e-01,1.868566721677780151e-01,2.887058556079864502e-01,2.615210711956024170e-01,4.533153474330902100e-01,3.188492953777313232e-01,4.240677654743194580e-01,4.824848473072052002e-02,2.287045866250991821e-01,5.968782901763916016e-01
-5.876137409359216690e-03,-6.889150477945804596e-03,-3.643635660409927368e-03,-1.479169912636280060e-02,-1.570590212941169739e-02,4.536568012554198503e-04,1.434691599570214748e-03,-1.777979359030723572e-02,-1.535055460408329964e-03,3.023627446964383125e-03,1.012439966201782227e+00,1.007341861724853516e+00,1.011755347251892090e+00,1.004749417304992676e+00,4.671516120433807373e-01,2.170236082747578621e-03,1.397165562957525253e-02,8.789439797401428223e-01,-8.536348119378089905e-03,9.857846498489379883e-01
-1.905136276036500931e-03,3.603173047304153442e-02,5.781470797955989838e-03,-4.806402139365673065e-03,4.689082503318786621e-03,2.713561058044433594e-03,1.352540962398052216e-02,-5.919367074966430664e-03,6.638708524405956268e-03,1.752019859850406647e-02,1.012416362762451172e+00,2.947447076439857483e-02,1.002121686935424805e+00,-3.034474793821573257e-03,9.977845549583435059e-01,9.969437718391418457e-01,1.001511931419372559e+00,-7.376262918114662170e-03,9.846048355102539062e-01,-4.213111475110054016e-03
1.840361021459102631e-02,1.405616849660873413e-02,2.014984935522079468e-02,-8.560158312320709229e-03,8.178827352821826935e-03,1.355219259858131409e-02,1.745718531310558319e-02,3.177052736282348633e-02,1.400612853467464447e-02,9.355832822620868683e-03,8.816396594047546387e-01,7.322573065757751465e-01,8.498751521110534668e-01,9.382979869842529297e-01,6.535807251930236816e-01,1.109001040458679199e-02,1.635581627488136292e-02,1.084046438336372375e-03,2.612742185592651367e-01,-8.524126373231410980e-03
8.948242068290710449e-01,4.751116335391998291e-01,5.612438917160034180e-01,6.707419753074645996e-01,5.697110891342163086e-01,3.570553064346313477e-01,2.658223211765289307e-01,7.721654176712036133e-01,4.610374271869659424e-01,5.835858583450317383e-01,2.123843319714069366e-02,1.028546411544084549e-02,1.650143601000308990e-02,2.009926550090312958e-02,7.328887935727834702e-03,-5.291934125125408173e-03,-6.540684960782527924e-03,6.836688262410461903e-04,2.704150276258587837e-03,-3.496029530651867390e-04
-3.047665813937783241e-03,4.125284613110125065e-04,-6.551333237439393997e-03,-1.152586750686168671e-02,-1.318802870810031891e-02,-7.946980185806751251e-03,-1.496209646575152874e-03,-6.550813559442758560e-03,-1.897698384709656239e-03,-1.319873495958745480e-03,9.338589906692504883e-01,8.373671174049377441e-01,8.511760830879211426e-01,9.393028616905212402e-01,8.457201719284057617e-01,2.998918667435646057e-02,3.130668401718139648e-02,6.594264507293701172e-01,4.394699633121490479e-02,8.273001909255981445e-01
6.674596574157476425e-03,-8.927915245294570923e-03,2.351849805563688278e-03,5.675210151821374893e-03,7.990964688360691071e-03,2.132768742740154266e-03,-2.825315459631383419e-04,1.541220769286155701e-02,6.450510118156671524e-04,-4.942855332046747208e-03,8.655547499656677246e-01,4.172503948211669922e-01,3.754658252000808716e-02,2.792746722698211670e-01,2.501848638057708740e-01,2.315485030412673950e-01,5.577542781829833984e-01,3.974260091781616211e-01,1.855565793812274933e-02,6.789087057113647461e-01
-1.064313459210097790e-03,2.052028924226760864e-01,6.429147720336914062e-01,7.688293457031250000e-01,9.748378396034240723e-01,8.867266178131103516e-01,3.295068163424730301e-03,9.181576222181320190e-02,-1.597386552020907402e-03,7.086417675018310547e-01,8.832607418298721313e-03,3.156962990760803223e-02,8.232525549829006195e-03,1.332527771592140198e-02,1.759646926075220108e-03,-1.598066184669733047e-03,1.316702272742986679e-02,-5.076812114566564560e-03,1.936327083967626095e-03,-1.002790639176964760e-03
3.230239497497677803e-03,5.361812189221382141e-02,4.701640829443931580e-02,7.634914666414260864e-02,6.890770792961120605e-02,2.652819827198982239e-02,1.917721517384052277e-02,8.638674765825271606e-02,4.031465947628021240e-02,1.165607124567031860e-01,7.677112221717834473e-01,7.983107864856719971e-02,1.440485268831253052e-01,1.721583753824234009e-01,2.775438129901885986e-01,7.287548184394836426e-01,7.456929087638854980e-01,5.028526857495307922e-02,2.722954154014587402e-01,8.740340173244476318e-02
2.277857391163706779e-03,3.783043473958969116e-03,-4.940363578498363495e-03,2.104810439050197601e-02,1.570346020162105560e-02,6.425187457352876663e-04,8.077077218331396580e-04,3.326696343719959259e-03,3.730932017788290977e-03,-8.096940815448760986e-03,9.988531470298767090e-01,8.370832800865173340e-01,7.306183576583862305e-01,3.915582224726676941e-02,6.985242962837219238e-01,1.341944094747304916e-02,1.570853218436241150e-02,3.972074687480926514e-01,-1.678686239756643772e-03,8.918226957321166992e-01
2.370916772633790970e-03,4.449746571481227875e-03,7.044010562822222710e-04,-1.443131919950246811e-02,7.012942805886268616e-03,8.522328920662403107e-03,4.872303456068038940e-03,8.011261932551860809e-03,1.110175810754299164e-02,3.114386345259845257e-04,7.642561197280883789e-01,-1.329948846250772476e-02,9.440511465072631836e-01,9.827527403831481934e-01,2.702683268580585718e-04,6.855002604424953461e-03,-4.953332245349884033e-05,4.288352211005985737e-04,1.448987633921205997e-03,5.895617604255676270e-01
1.136242295615375042e-03,9.264821186661720276e-03,4.059048891067504883e-01,5.264494102448225021e-03,5.616399925202131271e-03,-3.453206503763794899e-03,-5.546834785491228104e-03,2.992132911458611488e-03,-2.639193087816238403e-03,-1.634095213375985622e-03,4.867705050855875015e-03,6.643337197601795197e-03,-4.755629692226648331e-03,-1.222974271513521671e-03,7.723577320575714111e-03,-7.361601572483778000e-03,-9.540455415844917297e-03,-4.824286443181335926e-04,-5.551706533879041672e-03,7.802411448210477829e-03
4.642875399440526962e-03,8.166269659996032715e-01,6.230778694152832031e-01,9.352731704711914062e-01,7.177045941352844238e-01,5.017820000648498535e-01,4.113661348819732666e-01,9.279501438140869141e-01,7.057114243507385254e-01,8.278220891952514648e-01,-1.624524407088756561e-02,-5.713614518754184246e-04,1.619959063827991486e-02,-1.937192864716053009e-02,-8.584551513195037842e-03,-6.106276530772447586e-03,-7.335064001381397247e-03,-2.605985617265105247e-03,-3.894964698702096939e-03,1.873194123618304729e-03
-5.871459143236279488e-04,7.828274369239807129e-01,1.865088194608688354e-02,3.967751860618591309e-01,5.872849225997924805e-01,6.766011472791433334e-03,-3.405693278182297945e-04,8.660810589790344238e-01,1.389355026185512543e-02,1.899051219224929810e-01,7.670412957668304443e-02,2.076962403953075409e-02,2.264471724629402161e-02,6.358741223812103271e-02,3.944412246346473694e-02,4.280619323253631592e-02,4.398850724101066589e-02,9.500267915427684784e-03,3.658581152558326721e-02,1.074867323040962219e-02
-1.946614589542150497e-03,2.744919620454311371e-04,1.922692521475255489e-03,-5.610692314803600311e-03,1.835201680660247803e-02,1.076189894229173660e-02,3.003507619723677635e-03,1.637630350887775421e-02,-2.371585927903652191e-03,1.560353767126798630e-02,8.115959167480468750e-01,7.000067234039306641e-01,7.625908851623535156e-01,8.255605101585388184e-01,7.872971892356872559e-01,3.497890383005142212e-02,3.105402179062366486e-02,1.305198064073920250e-03,2.323802746832370758e-02,-8.428258821368217468e-03
1.721934531815350056e-03,6.236456334590911865e-03,6.663500666618347168e-01,7.565703392028808594e-01,-5.648951046168804169e-03,-7.241974584758281708e-03,-9.230996482074260712e-03,8.215869069099426270e-01,3.777178935706615448e-03,6.960963010787963867e-01,9.412473440170288086e-02,1.116731297224760056e-02,2.895998302847146988e-03,2.297316491603851318e-02,3.934734966605901718e-03,2.536816895008087158e-02,2.786925993859767914e-02,1.388360979035496712e-04,2.171028032898902893e-02,-1.507982495240867138e-03
-5.447486764751374722e-04,-2.107154019176959991e-02,-2.188272215425968170e-02,-1.758404634892940521e-02,-5.807382054626941681e-03,-9.128376841545104980e-03,-3.368574660271406174e-03,4.399311840534210205e-01,-1.469225902110338211e-02,6.329314708709716797e-01,8.634433150291442871e-02,7.422847673296928406e-03,1.155499741435050964e-02,1.913237385451793671e-02,1.350105041638016701e-03,-3.347694873809814453e-03,6.255408748984336853e-03,-2.498981775715947151e-03,4.027289804071187973e-03,1.915354368975386024e-04
5.038639646954834461e-04,7.912065386772155762e-01,6.898205280303955078e-01,6.927368640899658203e-01,8.374598026275634766e-01,2.196687972173094749e-03,1.377539709210395813e-02,2.434444427490234375e-01,2.186932973563671112e-02,7.627347111701965332e-01,-1.981594134122133255e-03,8.940482512116432190e-04,-3.481753170490264893e-03,2.836575265973806381e-03,3.392723621800541878e-03,-3.434809390455484390e-03,-7.797999773174524307e-03,-4.306182730942964554e-03,-2.503725932911038399e-03,4.213080101180821657e-04
-1.340228365734219551e-03,6.211131345480680466e-03,1.388844382017850876e-02,1.194511912763118744e-02,3.116702660918235779e-03,-1.205607969313859940e-02,-2.675760071724653244e-03,2.174285426735877991e-02,-7.928694249130785465e-04,6.534967571496963501e-02,9.576326608657836914e-01,6.830399036407470703e-01,6.819159984588623047e-01,9.163779206573963165e-03,5.057401657104492188e-01,9.852671027183532715e-01,9.885666966438293457e-01,-1.357826113235205412e-04,9.726181030273437500e-01,1.021047215908765793e-02
8.215387165546417236e-02,1.583439409732818604e-01,7.722157239913940430e-01,8.864752054214477539e-01,5.072942003607749939e-03,2.857738872990012169e-03,-7.203802815638482571e-04,7.671853303909301758e-01,-8.232079446315765381e-03,6.904571056365966797e-01,1.910477317869663239e-02,-1.448448933660984039e-02,-2.044213190674781799e-02,-1.604487001895904541e-02,-8.454320952296257019e-03,-5.409036763012409210e-03,-1.102546788752079010e-02,6.089700618758797646e-04,-6.472491193562746048e-03,-2.947362372651696205e-03
2.985526574775576591e-03,9.832354784011840820e-01,9.834561347961425781e-01,9.986236691474914551e-01,6.974121332168579102e-01,1.005255937576293945e+00,4.936586916446685791e-01,9.118388295173645020e-01,8.140823245048522949e-01,3.030985295772552490e-01,-4.489042796194553375e-03,-1.081018708646297455e-02,-3.462006337940692902e-03,-1.591576449573040009e-02,-3.485797438770532608e-03,-4.379739053547382355e-03,1.201186445541679859e-03,7.797868922352790833e-03,-5.403163842856884003e-03,-1.056801644153892994e-03
6.699521909467875957e-04,-2.521337941288948059e-03,-2.779166912660002708e-03,-3.919822629541158676e-03,-6.043067667633295059e-03,5.236095748841762543e-04,-3.374850144609808922e-03,1.710018068552017212e-01,-9.467802941799163818e-03,2.829593420028686523e-01,9.262592345476150513e-02,6.084067001938819885e-02,6.208803877234458923e-02,7.532940059900283813e-02,-3.154097590595483780e-03,1.137413922697305679e-02,1.268532965332269669e-02,4.179892316460609436e-02,1.355798263102769852e-02,3.746532835066318512e-03
8.774650096893310547e-02,-5.168353207409381866e-03,8.785336278378963470e-03,-1.023324439302086830e-03,6.745550036430358887e-01,9.880929589271545410e-01,3.671601880341768265e-03,7.740392088890075684e-01,5.173540674149990082e-03,8.695085048675537109e-01,2.597364038228988647e-02,2.828498184680938721e-02,4.942931607365608215e-02,5.764544382691383362e-02,1.662817411124706268e-02,3.421906614676117897e-03,4.435478523373603821e-02,1.768065732903778553e-03,9.990369901061058044e-03,-4.830915015190839767e-03
9.605777449905872345e-03,4.810775630176067352e-03,7.703189849853515625e-01,6.606351137161254883e-01,6.705983281135559082e-01,3.529469482600688934e-03,-1.843084814026951790e-03,7.573577165603637695e-01,5.930470302700996399e-03,5.660746693611145020e-01,3.831990435719490051e-02,1.417737361043691635e-02,1.226591691374778748e-02,1.882216334342956543e-02,1.004344969987869263e-02,3.620207682251930237e-02,3.209964931011199951e-02,-2.038410893874242902e-04,3.017298318445682526e-02,1.195643376559019089e-02
7.724649272859096527e-03,2.643929794430732727e-03,-9.168917313218116760e-03,-1.072861254215240479e-02,-5.534688942134380341e-03,-4.938814323395490646e-03,-7.998779183253645897e-04,2.099010627716779709e-03,-3.988516051322221756e-03,-4.779492970556020737e-03,8.095471858978271484e-01,7.066958546638488770e-01,8.255171775817871094e-01,9.975900650024414062e-01,7.030307650566101074e-01,1.005739331245422363e+00,9.984533786773681641e-01,3.882694523781538010e-03,1.013556003570556641e+00,7.003589272499084473e-01
2.311598742380738258e-03,-6.767886225134134293e-04,1.027028076350688934e-02,1.490965834818780422e-03,-1.654451480135321617e-04,-5.286501254886388779e-03,1.674595871008932590e-03,1.617725193500518799e-02,-8.553916122764348984e-04,1.429689582437276840e-02,8.829066753387451172e-01,8.981682360172271729e-02,1.071652173995971680e-01,8.754799365997314453e-01,6.863688230514526367e-01,-8.579350542277097702e-04,6.895465850830078125e-01,9.191961586475372314e-02,9.207730740308761597e-02,-8.286141091957688332e-04
-5.852026864886283875e-03,-3.826908068731427193e-03,2.449844731017947197e-03,1.131653320044279099e-03,-2.760422416031360626e-03,-6.631384138017892838e-03,-2.218963112682104111e-03,-2.484674006700515747e-02,-2.769257873296737671e-03,-2.411243319511413574e-02,8.806645274162292480e-01,7.872776985168457031e-01,9.568681120872497559e-01,9.282772541046142578e-01,8.809729814529418945e-01,5.858300998806953430e-02,6.255759298801422119e-02,-6.349944975227117538e-03,7.281935540959239006e-04,8.027859330177307129e-01
7.086796686053276062e-04,5.922932028770446777e-01,6.726813912391662598e-01,5.966650247573852539e-01,3.039384484291076660e-01,1.000260829925537109e+00,1.986608654260635376e-01,8.928384184837341309e-01,4.885449409484863281e-01,5.865173339843750000e-01,1.539874821901321411e-02,6.932142423465847969e-04,-9.146481752395629883e-03,1.134363003075122833e-02,5.742302164435386658e-03,3.192616160959005356e-03,6.816350854933261871e-03,5.983930546790361404e-03,2.984541235491633415e-03,-2.164110046578571200e-04
6.632526870816946030e-03,4.157415591180324554e-03,1.640680059790611267e-02,2.112980373203754425e-02,3.441691026091575623e-02,-8.240224793553352356e-03,-3.888314589858055115e-03,2.420859038829803467e-02,-5.332781001925468445e-03,2.790177240967750549e-02,8.474172353744506836e-01,1.488238666206598282e-02,2.898670034483075142e-03,-4.169027321040630341e-03,3.607472777366638184e-01,9.166188240051269531e-01,9.079127311706542969e-01,1.638507656753063202e-02,9.778268933296203613e-01,6.066552400588989258e-01
2.852707402780652046e-04,-1.415017992258071899e-03,4.409212619066238403e-03,4.602324683219194412e-03,1.013368181884288788e-02,8.897369727492332458e-03,7.753188721835613251e-03,3.799929469823837280e-02,1.444184337742626667e-03,5.515083298087120056e-02,8.887137770652770996e-01,9.738833904266357422e-01,9.880246520042419434e-01,9.653782248497009277e-01,9.829317927360534668e-01,9.801699519157409668e-01,9.883588552474975586e-01,2.256127336295321584e-04,2.896464429795742035e-03,-2.551550045609474182e-03
4.077569465152919292e-04,9.795277379453182220e-03,3.683770075440406799e-02,1.373951416462659836e-02,1.039674412459135056e-02,3.693367820233106613e-03,-4.229154437780380249e-03,5.512004345655441284e-02,-1.488635037094354630e-02,3.670135885477066040e-02,9.186076521873474121e-01,9.899868965148925781e-01,9.922537207603454590e-01,9.817305803298950195e-01,8.114421367645263672e-01,9.877246618270874023e-01,9.783256053924560547e-01,4.399501718580722809e-03,9.854064583778381348e-01,9.082661708816885948e-04
-4.584921523928642273e-03,-9.590529836714267731e-03,2.343132160604000092e-03,2.796911401674151421e-03,1.509889867156744003e-02,-6.867571733891963959e-03,-6.141040008515119553e-03,6.240886449813842773e-01,-7.873021066188812256e-03,4.975363314151763916e-01,1.141851916909217834e-01,1.300324350595474243e-01,7.972442358732223511e-02,9.990821778774261475e-02,5.531039088964462280e-02,1.184961944818496704e-02,2.482093870639801025e-02,-5.774917546659708023e-03,-2.318775659659877419e-04,-6.667328998446464539e-04
1.098332868423312902e-04,5.178666673600673676e-03,6.982806324958801270e-01,6.019462347030639648e-01,8.163745403289794922e-01,5.848729982972145081e-03,-6.950642564333975315e-04,8.962147831916809082e-01,9.935228228569030762e-01,2.110870033502578735e-01,1.919089071452617645e-02,2.175310999155044556e-02,1.001275028102099895e-03,1.866826415061950684e-02,6.759396288543939590e-03,9.303647093474864960e-03,6.855280138552188873e-03,2.181620657211169600e-04,7.207580842077732086e-03,5.118982866406440735e-03
9.162195026874542236e-03,3.891849424690008163e-03,5.789651535451412201e-03,-5.038839299231767654e-03,-2.384510077536106110e-02,-5.685860756784677505e-03,-4.066764377057552338e-03,3.002461977303028107e-02,-5.859711207449436188e-03,5.051088985055685043e-03,7.833341956138610840e-01,7.072831392288208008e-01,6.278344392776489258e-01,8.190332651138305664e-01,6.658888459205627441e-01,-2.367389202117919922e-02,-9.626172482967376709e-03,-4.079650097992271185e-04,-8.106674067676067352e-03,9.830667376518249512e-01
3.858099458739161491e-03,5.907796621322631836e-01,-8.582124486565589905e-03,-5.690461490303277969e-03,7.543508410453796387e-01,-1.995917409658432007e-02,-3.262167098000645638e-03,4.576034247875213623e-01,-1.317773759365081787e-02,6.388232707977294922e-01,1.492903288453817368e-02,1.830403879284858704e-02,1.547599676996469498e-02,2.762186340987682343e-02,2.466180920600891113e-02,3.430223837494850159e-02,1.908116415143013000e-02,1.678114349488168955e-04,2.736192196607589722e-02,-1.335735316388309002e-03
5.280486075207591057e-04,-4.491863306611776352e-03,-1.570877060294151306e-02,-1.611182279884815216e-02,-1.144878566265106201e-02,-1.453600241802632809e-03,-1.818857504986226559e-03,-3.019769117236137390e-02,9.554856456816196442e-03,-3.120332211256027222e-02,9.374503493309020996e-01,8.527005314826965332e-01,9.132171273231506348e-01,9.054306149482727051e-01,7.147842645645141602e-01,1.004010319709777832e+00,1.004270792007446289e+00,7.125723958015441895e-01,1.009613037109375000e+00,9.998480677604675293e-01
2.502303570508956909e-03,1.934178918600082397e-01,8.844929933547973633e-02,9.137303829193115234e-01,1.849383860826492310e-01,8.949065208435058594e-01,9.935181587934494019e-03,6.679638624191284180e-01,4.747654497623443604e-01,7.713084220886230469e-01,1.881304755806922913e-02,-1.930469833314418793e-02,7.682429160922765732e-03,3.167006885632872581e-03,1.882963627576828003e-02,1.381606608629226685e-02,9.350080974400043488e-03,-3.574385074898600578e-03,3.045622492209076881e-03,1.037525129504501820e-03
1.659671403467655182e-02,1.510064117610454559e-02,-1.745618693530559540e-02,-2.738534472882747650e-02,-8.041735272854566574e-04,-1.970628043636679649e-03,-7.626574486494064331e-03,1.591232605278491974e-02,2.468585781753063202e-02,3.908385336399078369e-02,1.011650800704956055e+00,3.968294709920883179e-02,9.520008563995361328e-01,9.691962003707885742e-01,9.713680148124694824e-01,9.599941372871398926e-01,9.562754034996032715e-01,1.438205502927303314e-02,9.599851369857788086e-01,6.197095848619937897e-03
-4.272007849067449570e-03,-1.007498335093259811e-02,4.135325551033020020e-03,2.575446665287017822e-02,-6.042374297976493835e-03,-1.232199277728796005e-02,-6.326553877443075180e-03,1.542302127927541733e-02,-1.287190360017120838e-03,-1.242983434349298477e-02,1.001497507095336914e+00,6.818376779556274414e-01,1.984846889972686768e-01,4.446138627827167511e-03,2.940347194671630859e-01,9.904037714004516602e-01,9.927073121070861816e-01,-5.099817644804716110e-03,9.842892289161682129e-01,5.991503596305847168e-01
1.948841963894665241e-04,3.092046128585934639e-03,9.873962402343750000e-01,9.959961175918579102e-01,7.014666199684143066e-01,6.818203255534172058e-03,6.616570055484771729e-03,7.837520241737365723e-01,8.025455474853515625e-01,1.841524541378021240e-01,1.560299471020698547e-02,2.024534158408641815e-02,1.129533848143182695e-04,6.068985909223556519e-03,1.144210901111364365e-02,6.130433641374111176e-03,7.018292788416147232e-03,-1.499027246609330177e-03,-6.883826572448015213e-03,1.384704257361590862e-03
1.485911547206342220e-03,8.119994997978210449e-01,7.965664863586425781e-01,7.338441610336303711e-01,6.067155003547668457e-01,4.685875773429870605e-02,6.333055347204208374e-02,8.281794190406799316e-01,7.822439074516296387e-02,6.986786127090454102e-01,3.595509752631187439e-02,6.280090892687439919e-04,1.312860008329153061e-02,5.874054972082376480e-03,7.585862185806035995e-03,1.351938117295503616e-02,-1.267792284488677979e-02,2.870993921533226967e-03,2.951622009277343750e-02,3.359883325174450874e-03
6.302553694695234299e-03,2.896954072639346123e-03,2.800158923491835594e-03,6.045775488018989563e-02,4.289625212550163269e-02,7.682426366955041885e-03,8.454415365122258663e-04,2.748646587133407593e-02,4.638392478227615356e-03,3.842945396900177002e-02,9.823988080024719238e-01,4.464675486087799072e-01,5.276212096214294434e-01,1.550449151545763016e-02,2.240949124097824097e-01,8.542237803339958191e-03,1.556612178683280945e-02,-4.098740871995687485e-03,4.020061343908309937e-02,-6.346985232084989548e-03
-9.361184493172913790e-05,9.317303448915481567e-02,1.818744093179702759e-01,8.034684062004089355e-01,1.803655922412872314e-01,8.949075341224670410e-01,9.629392623901367188e-02,6.899945139884948730e-01,6.115236878395080566e-01,7.861700654029846191e-01,-1.791758928447961807e-03,3.075679531320929527e-03,8.067119866609573364e-03,-1.733362860977649689e-02,-7.789918687194585800e-03,-1.291266991756856441e-03,-8.258927613496780396e-03,-7.370667066425085068e-03,3.148025600239634514e-03,-1.718189450912177563e-03
2.074993215501308441e-03,2.434321492910385132e-02,2.247222140431404114e-02,2.552192211151123047e-01,8.187008500099182129e-01,3.361755050718784332e-03,-1.265687984414398670e-03,2.204567044973373413e-01,1.109907636418938637e-03,6.100159883499145508e-01,2.036852296441793442e-03,2.751403301954269409e-02,1.303272694349288940e-02,2.157271467149257660e-02,2.608262002468109131e-02,1.121309492737054825e-02,-1.088862027972936630e-02,8.462204597890377045e-03,7.492540869861841202e-03,-5.917804315686225891e-03
-1.547952997498214245e-03,8.044785857200622559e-01,8.901467323303222656e-01,8.426864743232727051e-01,7.025105953216552734e-01,5.850875973701477051e-01,4.896421134471893311e-01,8.446280360221862793e-01,6.327599883079528809e-01,7.929992079734802246e-01,3.120503621175885201e-03,1.807076111435890198e-02,-1.793852192349731922e-03,-4.189703613519668579e-03,-3.403595415875315666e-03,2.426239196211099625e-03,5.353217013180255890e-03,6.313238991424441338e-04,5.071257706731557846e-03,1.451944932341575623e-03
7.481059292331337929e-04,7.017944455146789551e-01,8.002708554267883301e-01,7.052594423294067383e-01,8.956608176231384277e-01,5.937414765357971191e-01,5.003758668899536133e-01,8.069594502449035645e-01,5.016891360282897949e-01,7.002372145652770996e-01,-8.231771178543567657e-03,2.446088939905166626e-02,1.301252190023660660e-02,5.699358414858579636e-03,2.958932891488075256e-03,1.906696590594947338e-03,1.124361995607614517e-02,6.390787311829626560e-04,-3.587338607758283615e-03,1.164530403912067413e-03
-3.096856817137449980e-04,-5.715300329029560089e-03,-1.953040948137640953e-03,-3.965517506003379822e-03,1.156446039676666260e-01,-6.361761596053838730e-03,4.796850043931044638e-05,4.180347919464111328e-01,-1.449813484214246273e-03,4.254055023193359375e-01,1.893658488988876343e-01,1.551139950752258301e-01,1.651900559663772583e-01,1.575810164213180542e-01,1.294489502906799316e-01,9.154503047466278076e-02,9.300149232149124146e-02,2.426531538367271423e-02,1.039748266339302063e-01,1.292295474559068680e-02
2.397882519289851189e-03,1.736394246108829975e-03,-1.016307249665260315e-02,1.633448526263237000e-02,1.518646604381501675e-03,-8.083053398877382278e-05,-1.005377434194087982e-02,2.904752828180789948e-02,-1.107352040708065033e-02,7.075977977365255356e-03,9.013409614562988281e-01,8.955655694007873535e-01,9.987492561340332031e-01,9.858272075653076172e-01,7.882817983627319336e-01,9.682242870330810547e-01,9.803184270858764648e-01,9.816301614046096802e-02,2.901187539100646973e-01,7.910993099212646484e-01
1.083573442883789539e-05,-3.864680184051394463e-03,-3.068530233576893806e-03,-4.849595483392477036e-03,-1.529128849506378174e-02,2.619439270347356796e-03,-2.360631478950381279e-03,1.033698022365570068e-02,-2.813091035932302475e-03,2.075094264000654221e-03,9.087756276130676270e-01,1.000248193740844727e-01,1.010666131973266602e+00,-8.910637116059660912e-04,9.927145242691040039e-01,9.949241876602172852e-01,1.009434819221496582e+00,-7.311468943953514099e-03,1.005128979682922363e+00,7.985619902610778809e-01
-1.387655967846512794e-03,7.911198735237121582e-01,9.038513898849487305e-01,8.119117617607116699e-01,6.152094006538391113e-01,4.610940068960189819e-02,1.975803822278976440e-02,6.147691607475280762e-01,4.895089268684387207e-01,8.530818223953247070e-01,-1.240276498720049858e-03,1.127395953517407179e-04,5.761224310845136642e-03,4.826521500945091248e-03,-3.003928344696760178e-03,-1.305057760328054428e-02,-7.279073819518089294e-03,4.047517199069261551e-03,-7.676559500396251678e-03,-2.374324249103665352e-03
7.581781130284070969e-03,-2.054281346499919891e-02,1.898799836635589600e-01,1.781610026955604553e-02,7.627158761024475098e-01,6.678407080471515656e-03,6.329624913632869720e-03,5.887060761451721191e-01,2.472986839711666107e-02,7.950215935707092285e-01,4.074735566973686218e-02,1.718893647193908691e-02,2.595440484583377838e-02,3.328811377286911011e-02,1.379464939236640930e-02,1.879781921161338687e-04,-5.525163374841213226e-03,6.555136758834123611e-03,-2.837484353221952915e-04,-3.381485352292656898e-03
2.718668896704912186e-03,-4.925318527966737747e-03,-3.032911103218793869e-03,-1.818878762423992157e-02,2.119594439864158630e-02,7.530080154538154602e-03,-7.792795076966285706e-04,1.278744917362928391e-02,6.560861365869641304e-04,-8.053072728216648102e-03,9.795462489128112793e-01,9.786819815635681152e-01,9.930055141448974609e-01,-3.037364454939961433e-03,9.887257218360900879e-01,9.969335198402404785e-01,1.002370238304138184e+00,1.190926972776651382e-02,9.829803109169006348e-01,1.021768711507320404e-02
1.246181037276983261e-02,4.935749806463718414e-03,-2.929084002971649170e-04,1.233158726245164871e-02,4.276752879377454519e-04,-6.345057045109570026e-04,1.586088910698890686e-05,2.324687130749225616e-02,1.621783897280693054e-02,2.881058678030967712e-02,8.411129117012023926e-01,6.566132903099060059e-01,7.362453341484069824e-01,7.965360283851623535e-01,5.752742290496826172e-01,5.061565898358821869e-03,2.811673097312450409e-02,-4.659294208977371454e-04,1.247201953083276749e-02,-1.067259465344250202e-03
-2.540587447583675385e-03,-7.174088153988122940e-03,-7.178468164056539536e-03,-2.447327598929405212e-03,2.570231072604656219e-02,-2.580906497314572334e-03,8.563852868974208832e-03,8.453098684549331665e-02,6.056127138435840607e-03,1.547751426696777344e-01,8.092175722122192383e-01,8.570649027824401855e-01,8.605819940567016602e-01,8.587148785591125488e-01,8.567070960998535156e-01,8.501477837562561035e-01,8.350640535354614258e-01,7.183633446693420410e-01,6.691666245460510254e-01,-3.765689907595515251e-03
7.058212999254465103e-03,8.450623718090355396e-04,2.506077522411942482e-03,1.739101856946945190e-02,9.760717861354351044e-03,1.113523915410041809e-02,1.838069409132003784e-03,3.414309024810791016e-02,1.767045259475708008e-02,2.455631643533706665e-02,8.510277271270751953e-01,7.855004668235778809e-01,8.877433538436889648e-01,9.840663075447082520e-01,6.981157660484313965e-01,9.697473645210266113e-01,9.869452118873596191e-01,1.227014884352684021e-02,2.423056168481707573e-03,7.018792629241943359e-01
9.947665035724639893e-03,3.322396427392959595e-02,9.269058704376220703e-03,1.021372992545366287e-02,8.956817910075187683e-03,2.256461977958679199e-02,-8.914302103221416473e-03,2.749180793762207031e-02,-1.516257412731647491e-02,3.324531391263008118e-02,-5.998193519189953804e-04,-5.529813468456268311e-03,1.100745517760515213e-02,7.813422679901123047e-01,6.999028325080871582e-01,4.349856637418270111e-03,7.836747765541076660e-01,2.906363904476165771e-01,9.756534099578857422e-01,-1.158630708232522011e-03
-4.150601744186133146e-04,8.006442785263061523e-01,9.067195653915405273e-01,9.113001823425292969e-01,7.193476557731628418e-01,5.015401840209960938e-01,4.989659488201141357e-01,9.129379391670227051e-01,7.006536722183227539e-01,8.167490363121032715e-01,-1.381736434996128082e-02,-3.615654306486248970e-03,-3.149459604173898697e-03,-5.206231027841567993e-03,-2.176044043153524399e-03,1.140559907071292400e-03,3.928656806237995625e-04,-1.059223199263215065e-03,3.282814286649227142e-03,2.710863249376416206e-03
-9.096382418647408485e-04,8.098438382148742676e-01,9.101073741912841797e-01,9.107567071914672852e-01,7.301778793334960938e-01,9.899311661720275879e-01,4.940226674079895020e-01,7.813511490821838379e-01,7.051628232002258301e-01,8.037797212600708008e-01,3.800374688580632210e-03,-3.726775292307138443e-03,-9.888372384011745453e-03,5.274449358694255352e-04,1.415769103914499283e-03,-1.867222785949707031e-02,-6.584637798368930817e-03,3.502860665321350098e-03,-8.351072669029235840e-03,-2.926322631537914276e-04
-9.323464473709464073e-05,-1.563676632940769196e-02,-2.366334199905395508e-03,5.106435157358646393e-03,6.240229588001966476e-03,-7.694649975746870041e-03,-7.637347094714641571e-03,1.864013969898223877e-01,-7.150395773351192474e-03,3.523634374141693115e-01,2.514547407627105713e-01,2.138683497905731201e-01,2.264802157878875732e-01,2.236850261688232422e-01,2.013394832611083984e-01,1.253053396940231323e-01,8.871093392372131348e-02,3.794442862272262573e-02,3.691743314266204834e-02,6.152233108878135681e-03
8.894769847393035889e-02,1.906097121536731720e-02,3.022448718547821045e-01,4.125608801841735840e-01,1.969887763261795044e-01,7.869824171066284180e-01,1.087202876806259155e-02,6.836229562759399414e-01,5.833938717842102051e-01,6.727597117424011230e-01,2.347966423258185387e-03,-3.734015161171555519e-03,1.482156012207269669e-02,2.435585483908653259e-02,1.551567576825618744e-03,-8.725119754672050476e-03,-4.406052175909280777e-03,1.897316239774227142e-02,-1.709654927253723145e-02,-5.500599276274442673e-03
-2.505850512534379959e-03,6.770135760307312012e-01,5.452187061309814453e-01,9.199422597885131836e-01,6.798414587974548340e-01,1.658878326416015625e-01,1.230897828936576843e-01,7.361832261085510254e-01,4.034662246704101562e-01,8.573586940765380859e-01,1.328948419541120529e-02,1.728556677699089050e-02,1.433977298438549042e-02,1.099225878715515137e-02,1.188597362488508224e-02,3.636723558884114027e-04,3.902263240888714790e-03,7.235476514324545860e-04,2.949001966044306755e-03,2.227947348728775978e-03
-6.241826340556144714e-04,7.309936881065368652e-01,8.267032504081726074e-01,9.040817618370056152e-01,8.283814191818237305e-01,5.034157037734985352e-01,4.131535887718200684e-01,9.457533955574035645e-01,6.157877445220947266e-01,7.124869823455810547e-01,-3.864543978124856949e-03,-1.006327662616968155e-02,-1.660793274641036987e-02,-3.564783139154314995e-03,-4.780103452503681183e-03,6.687324494123458862e-03,-5.499836057424545288e-03,1.194338779896497726e-03,-3.968240693211555481e-03,-2.212127903476357460e-03
9.375890716910362244e-03,8.686129149282351136e-05,1.971625024452805519e-03,-2.102428115904331207e-03,3.873152600135654211e-04,-6.004232447594404221e-03,-3.964861854910850525e-03,9.923845529556274414e-01,4.304990172386169434e-03,6.834235787391662598e-01,1.460168324410915375e-02,3.082174225710332394e-05,-4.301770124584436417e-03,-5.716073326766490936e-03,-3.918817266821861267e-03,5.994414445012807846e-03,7.160996552556753159e-03,4.913993179798126221e-03,9.034858085215091705e-03,5.881029646843671799e-04
1.097034430131316185e-03,9.694591164588928223e-01,9.721801280975341797e-01,9.975998401641845703e-01,9.732127785682678223e-01,9.974797964096069336e-01,1.623725518584251404e-02,6.885327696800231934e-01,9.673600792884826660e-01,9.770215749740600586e-01,-1.967941876500844955e-03,-1.184334699064493179e-02,-2.024619653820991516e-02,-9.462318383157253265e-03,-1.668044598773121834e-03,3.325026482343673706e-03,-9.101944160647690296e-04,-4.242529161274433136e-03,-1.024558581411838531e-02,-1.251466164831072092e-04
8.943527354858815670e-04,3.570381319150328636e-03,-3.744828980416059494e-03,-1.287881634198129177e-03,2.005928661674261093e-03,-8.460003882646560669e-03,1.672064885497093201e-03,-1.608907431364059448e-02,-6.876928266137838364e-03,-1.405537780374288559e-02,1.004274129867553711e+00,9.971587657928466797e-01,9.797739982604980469e-01,9.804434180259704590e-01,9.875074028968811035e-01,9.804788231849670410e-01,9.773028492927551270e-01,6.019090302288532257e-03,1.372206583619117737e-02,9.876284003257751465e-01
-1.557456911541521549e-03,9.560583566781133413e-05,-5.978318396955728531e-03,-1.651438325643539429e-02,1.478992123156785965e-02,-1.472778711467981339e-02,-6.170092616230249405e-03,3.139791637659072876e-02,5.551890353672206402e-04,2.666072733700275421e-02,9.434046149253845215e-01,8.541877865791320801e-01,9.368793964385986328e-01,9.417604207992553711e-01,1.405392736196517944e-01,2.337932400405406952e-02,3.453795239329338074e-02,1.942534558475017548e-02,2.799979411065578461e-02,-6.203264463692903519e-03
-3.711725817993283272e-03,7.661489844322204590e-01,7.744677662849426270e-01,8.727300167083740234e-01,6.829884648323059082e-01,5.591072440147399902e-01,4.607957899570465088e-01,8.605864644050598145e-01,6.491073369979858398e-01,8.374239206314086914e-01,5.822680518031120300e-02,6.810277700424194336e-03,-4.676200624089688063e-04,1.014597807079553604e-02,1.509839762002229691e-02,1.982239633798599243e-02,4.711128398776054382e-02,-1.174907898530364037e-03,2.044432424008846283e-02,9.377059759572148323e-04
-2.282031113281846046e-03,-7.362408097833395004e-03,-1.665035448968410492e-02,-1.266358699649572372e-02,-1.755702681839466095e-02,1.420639269053936005e-02,-4.690492525696754456e-03,-1.351766847074031830e-02,-8.183365687727928162e-03,2.593259885907173157e-02,9.929031729698181152e-01,9.044405221939086914e-01,9.754238724708557129e-01,9.847885370254516602e-01,7.751626968383789062e-01,9.044555015861988068e-03,7.823157310485839844e-01,6.034113764762878418e-01,9.730489850044250488e-01,1.469405600801110268e-03
-3.627378493547439575e-03,1.005609259009361267e-01,1.029748693108558655e-01,9.704630821943283081e-02,6.848758459091186523e-02,3.427568450570106506e-02,2.528572455048561096e-02,9.671393781900405884e-02,1.223237533122301102e-02,3.449469804763793945e-02,6.654077172279357910e-01,1.783750951290130615e-02,2.737912535667419434e-02,3.839493542909622192e-02,1.699277162551879883e-01,1.597450859844684601e-02,2.582378387451171875e-01,2.901436015963554382e-02,2.435229271650314331e-01,5.923439264297485352e-01
6.741037359461188316e-04,3.378712572157382965e-04,-4.202875308692455292e-03,1.058311387896537781e-01,4.047860577702522278e-02,-1.283137779682874680e-02,2.080192556604743004e-03,4.025546461343765259e-02,-4.594067111611366272e-03,1.099109649658203125e-01,8.815015554428100586e-01,8.953334093093872070e-01,8.595768809318542480e-01,8.021525107324123383e-03,-6.489551160484552383e-03,-9.126320481300354004e-03,-1.026158872991800308e-02,6.238847374916076660e-01,-7.251877803355455399e-03,2.158587565645575523e-03
6.138376425951719284e-03,8.702284097671508789e-01,7.959066629409790039e-01,7.242195606231689453e-01,6.041678786277770996e-01,4.724462926387786865e-01,3.688621520996093750e-01,8.916472196578979492e-01,6.492833495140075684e-01,7.785081267356872559e-01,-1.371659897267818451e-02,5.097997374832630157e-03,1.143581117503345013e-03,-1.458656787872314453e-02,-8.602344430983066559e-03,-1.239424571394920349e-03,-8.999790996313095093e-03,-1.085083567886613309e-04,-6.226664874702692032e-03,-2.159411786124110222e-03
1.010725740343332291e-02,8.001822233200073242e-01,7.387498617172241211e-01,1.001937270164489746e+00,9.973776340484619141e-01,2.774902433156967163e-02,1.695678383111953735e-02,5.522229671478271484e-01,5.356559753417968750e-01,8.454414606094360352e-01,-2.214073203504085541e-02,5.383320618420839310e-03,-7.317492854781448841e-04,-3.756275167688727379e-03,6.547464523464441299e-03,2.834798581898212433e-02,1.538532413542270660e-02,-2.627663314342498779e-03,-1.494456641376018524e-02,-2.677566604688763618e-03
1.946768611669540405e-01,7.854757308959960938e-01,8.677877783775329590e-01,7.868896722793579102e-01,8.647305369377136230e-01,-8.813925087451934814e-03,2.057749079540371895e-03,1.062116324901580811e-01,1.372668333351612091e-02,6.988092660903930664e-01,-7.421513553708791733e-03,-6.644563749432563782e-03,-5.725584924221038818e-03,-6.823905277997255325e-03,-9.476339444518089294e-03,1.814144290983676910e-02,8.143470622599124908e-03,-9.507020935416221619e-03,8.378518745303153992e-03,3.380648326128721237e-03
7.752849720418453217e-03,1.627129688858985901e-02,8.175002411007881165e-03,3.208166733384132385e-02,3.362656384706497192e-02,1.092526712454855442e-03,1.276825438253581524e-03,2.552853710949420929e-02,7.018968928605318069e-03,2.897679619491100311e-02,8.325926065444946289e-01,7.314716279506683350e-02,1.643772274255752563e-01,8.831869065761566162e-02,7.757114619016647339e-02,3.553306162357330322e-01,3.450463116168975830e-01,8.323402702808380127e-02,1.599359214305877686e-01,8.071254938840866089e-02
-3.769912989810109138e-03,-4.226867109537124634e-03,-3.796468954533338547e-03,-2.650192007422447205e-03,-7.150874938815832138e-03,-5.637495778501033783e-03,-1.396183739416301250e-03,-7.531704846769571304e-03,-1.359636895358562469e-03,-1.260870136320590973e-02,8.074696660041809082e-01,6.800919771194458008e-01,7.905704975128173828e-01,9.193940758705139160e-01,6.282560229301452637e-01,-6.550706457346677780e-04,3.248460125178098679e-03,1.649979501962661743e-02,7.844334468245506287e-03,-1.514964154921472073e-03
-8.859296794980764389e-04,2.838708758354187012e-01,6.603199243545532227e-01,7.846862673759460449e-01,5.699846744537353516e-01,9.190469980239868164e-01,4.774825274944305420e-01,6.925820112228393555e-01,5.963889956474304199e-01,8.751292824745178223e-01,2.984122000634670258e-02,1.261780411005020142e-02,1.559119671583175659e-02,1.444471441209316254e-02,2.289540879428386688e-02,4.897287581115961075e-03,1.067754346877336502e-02,1.235378906130790710e-02,6.078956648707389832e-03,-6.081295432522892952e-04
-3.070768900215625763e-03,1.296183560043573380e-02,-1.038479618728160858e-03,-1.733326585963368416e-03,-7.940524257719516754e-03,-4.883855581283569336e-03,-2.334847114980220795e-03,-1.320959534496068954e-02,-9.883180027827620506e-04,-6.075179670006036758e-03,9.795997738838195801e-01,1.008085131645202637e+00,9.954021573066711426e-01,1.007005691528320312e+00,7.980174422264099121e-01,1.000087141990661621e+00,1.001842498779296875e+00,1.924473233520984650e-02,9.812040328979492188e-01,8.034243583679199219e-01
-1.663877861574292183e-03,8.791396021842956543e-01,8.061565160751342773e-01,7.912538051605224609e-01,9.007118940353393555e-01,9.929885268211364746e-01,1.298268605023622513e-02,6.899839043617248535e-01,1.180150825530290604e-02,7.382470369338989258e-01,-2.870332635939121246e-02,-9.716796688735485077e-03,-5.973730701953172684e-03,-2.722928533330559731e-03,-5.373554304242134094e-03,-1.297082938253879547e-02,-1.166625693440437317e-02,-1.641672663390636444e-02,-5.868203006684780121e-03,7.523845415562391281e-04
5.692865848541259766e-01,8.588909506797790527e-01,7.364352345466613770e-01,8.784595727920532227e-01,6.426522731781005859e-01,4.556562602519989014e-01,3.766649663448333740e-01,7.757138609886169434e-01,5.483318567276000977e-01,6.426488161087036133e-01,2.275330573320388794e-02,-1.577632315456867218e-02,-4.266843199729919434e-03,-8.321802131831645966e-03,1.172879058867692947e-02,-3.185635898262262344e-03,4.176144953817129135e-03,1.576134818606078625e-03,1.376996003091335297e-02,-2.291877288371324539e-03
1.393431448377668858e-04,8.056990057229995728e-02,3.354077041149139404e-01,6.981047987937927246e-01,7.850980758666992188e-01,1.581856235861778259e-02,1.108179800212383270e-02,1.029217615723609924e-02,2.126232348382472992e-02,4.992117285728454590e-01,-3.372375387698411942e-03,-2.651383401826024055e-03,6.479084026068449020e-03,-7.460034452378749847e-03,-6.683199666440486908e-03,8.003019727766513824e-03,-2.571850491221994162e-04,4.479330964386463165e-03,3.389316145330667496e-03,-3.831105306744575500e-03
-2.248087432235479355e-03,9.778301119804382324e-01,9.759840369224548340e-01,9.745017886161804199e-01,7.726143002510070801e-01,9.867247939109802246e-01,5.642867647111415863e-03,9.635683894157409668e-01,7.529609836637973785e-03,9.515422582626342773e-01,2.001307718455791473e-02,1.088566053658723831e-02,1.794500835239887238e-02,1.365051139146089554e-03,1.005032379180192947e-02,9.083180688321590424e-03,1.170492265373468399e-02,1.459751947550103068e-04,1.885026693344116211e-02,3.174473065882921219e-03
-4.824579693377017975e-03,4.168112296611070633e-03,-3.655318869277834892e-03,2.004421548917889595e-03,2.515204949304461479e-03,-1.128263771533966064e-02,-5.363633390516042709e-03,1.012777723371982574e-02,-5.156217608600854874e-03,-3.121533198282122612e-03,8.916237354278564453e-01,-4.163452424108982086e-03,3.449012991040945053e-03,-2.730284351855516434e-03,5.857843160629272461e-01,1.012521266937255859e+00,1.006548166275024414e+00,5.428715376183390617e-04,1.001284122467041016e+00,8.042126297950744629e-01
1.458069426007568836e-03,8.064067959785461426e-01,7.228227257728576660e-01,7.560350298881530762e-01,7.070614099502563477e-01,1.014468908309936523e+00,4.975859522819519043e-01,9.102013707160949707e-01,8.150810003280639648e-01,7.331609129905700684e-01,-2.577072009444236755e-03,-8.544362150132656097e-03,-2.002097852528095245e-02,-1.597384922206401825e-02,-3.672517836093902588e-03,-7.087634876370429993e-04,-1.464397367089986801e-02,3.386750468052923679e-04,-1.806198433041572571e-02,2.900732215493917465e-05
-2.141036966349929571e-04,6.984287500381469727e-01,1.007309436798095703e+00,1.001717686653137207e+00,9.058611989021301270e-01,9.972440004348754883e-01,7.966944575309753418e-01,6.991299390792846680e-01,9.007369279861450195e-01,7.972987294197082520e-01,5.482214037328958511e-03,7.688161917030811310e-03,1.490369066596031189e-02,-3.977401647716760635e-04,8.087042719125747681e-03,9.015075862407684326e-03,1.306185382418334484e-03,4.643223248422145844e-03,7.181586697697639465e-03,-2.490497427061200142e-03
-3.089677542448043823e-03,6.749894022941589355e-01,6.297658681869506836e-01,7.043306827545166016e-01,5.394482612609863281e-01,4.530528485774993896e-01,3.643538057804107666e-01,6.489595770835876465e-01,3.778510689735412598e-01,5.508806705474853516e-01,8.913364261388778687e-02,-6.857882253825664520e-03,-5.658426787704229355e-03,-3.139102598652243614e-03,1.224309788085520267e-03,2.405695058405399323e-02,2.791296318173408508e-02,-2.902478154283016920e-04,4.284417256712913513e-03,-2.114110859110951424e-03
6.386489840224385262e-04,7.339652180671691895e-01,9.851878285408020020e-01,9.981356263160705566e-01,9.162995815277099609e-01,6.786316633224487305e-01,4.991132020950317383e-01,9.070686697959899902e-01,6.097211837768554688e-01,8.410986065864562988e-01,-3.403023630380630493e-02,-1.197044830769300461e-02,-1.921811955980956554e-03,-3.399012610316276550e-03,-9.003155864775180817e-03,-5.269342102110385895e-03,-1.147268339991569519e-02,-1.903111813589930534e-03,-4.578578751534223557e-03,-1.126198330894112587e-03
-1.938423491083085537e-03,-4.475638736039400101e-03,2.878972887992858887e-02,1.413059383630752563e-01,1.164074093103408813e-01,5.546612199395895004e-03,8.240591851063072681e-04,4.678926416090689600e-05,-2.154249697923660278e-03,6.306000351905822754e-01,-1.752585754729807377e-03,-4.944943822920322418e-03,-2.001704834401607513e-02,-2.892160788178443909e-02,-1.497159339487552643e-02,5.371654988266527653e-04,-1.225288119167089462e-02,-2.174845896661281586e-02,-1.558760274201631546e-02,-8.672400377690792084e-03
9.080170840024948120e-02,8.640187978744506836e-01,7.573389410972595215e-01,9.586194753646850586e-01,5.901888608932495117e-01,9.671399593353271484e-01,4.816610217094421387e-01,8.714021444320678711e-01,7.711063027381896973e-01,7.436729669570922852e-01,4.489396885037422180e-02,1.292118802666664124e-02,2.906095050275325775e-02,4.240629263222217560e-03,3.956865519285202026e-02,1.580443605780601501e-02,2.374103479087352753e-02,2.084049396216869354e-03,8.927441202104091644e-03,-1.467419555410742760e-03
4.052780568599700928e-03,9.979544207453727722e-03,-6.601830013096332550e-03,8.109812624752521515e-03,3.542456077411770821e-03,2.252013888210058212e-03,5.122328177094459534e-03,1.113590318709611893e-03,4.974597133696079254e-03,1.358012668788433075e-02,7.579703815281391144e-03,4.895912110805511475e-01,6.856272816658020020e-01,2.060675770044326782e-01,7.996478080749511719e-01,9.844501614570617676e-01,9.791086912155151367e-01,5.366604775190353394e-03,1.354849059134721756e-02,5.384745076298713684e-03
-1.536409981781616807e-04,-1.330487546510994434e-03,1.254770625382661819e-02,3.558499505743384361e-03,7.669914513826370239e-03,1.936259795911610126e-03,3.763868939131498337e-03,1.044591050595045090e-02,5.901549942791461945e-03,-4.807255230844020844e-03,9.009025692939758301e-01,7.154853940010070801e-01,7.323457598686218262e-01,8.250235915184020996e-01,7.397207021713256836e-01,-2.148980088531970978e-02,-1.019360311329364777e-02,6.330544352531433105e-01,2.975606918334960938e-02,7.959420680999755859e-01
-1.621656236238777637e-03,7.795669436454772949e-01,7.905670404434204102e-01,9.848551154136657715e-01,6.943337321281433105e-01,1.002744197845458984e+00,2.906934916973114014e-01,6.507846117019653320e-01,5.824849605560302734e-01,8.025664687156677246e-01,1.134285423904657364e-02,6.355032790452241898e-03,7.476759608834981918e-03,2.408124273642897606e-03,-2.054880606010556221e-03,3.451569704338908195e-03,3.580102464184165001e-03,4.514507018029689789e-03,1.423187926411628723e-02,-2.277410589158535004e-03
9.562416817061603069e-04,8.033514618873596191e-01,7.222778797149658203e-01,7.969153523445129395e-01,6.068984270095825195e-01,9.035738706588745117e-01,6.906358003616333008e-01,7.096306085586547852e-01,7.998651266098022461e-01,7.951436638832092285e-01,-1.212340127676725388e-02,-7.494817022234201431e-03,-2.070235088467597961e-03,-1.482870522886514664e-02,-1.677399035543203354e-03,-1.058848202228546143e-02,-6.960592698305845261e-03,-2.643896499648690224e-03,-5.628121085464954376e-03,-4.565630806609988213e-04
-2.425064798444509506e-03,4.273300059139728546e-03,-1.979249343276023865e-02,-4.461310803890228271e-02,7.806208133697509766e-01,4.327325820922851562e-01,4.264771640300750732e-01,6.746719479560852051e-01,3.033438324928283691e-01,5.749596357345581055e-01,1.791273504495620728e-01,9.747807681560516357e-02,9.021155536174774170e-02,6.124208867549896240e-02,2.190899662673473358e-02,6.683018058538436890e-03,-3.469968214631080627e-03,-1.544750854372978210e-02,5.981032270938158035e-03,8.374522440135478973e-03
2.791146049275994301e-03,7.743995785713195801e-01,7.029797434806823730e-01,8.893216252326965332e-01,6.760159730911254883e-01,9.823123812675476074e-01,2.032474242150783539e-02,3.510944843292236328e-01,4.771277308464050293e-02,7.019689083099365234e-01,5.766771733760833740e-03,-4.706277046352624893e-03,8.383885025978088379e-03,9.067541919648647308e-03,-3.257180796936154366e-03,1.407203543931245804e-02,3.751718252897262573e-02,3.801145590841770172e-03,1.401740033179521561e-02,1.917422341648489237e-04
2.112156245857477188e-03,1.461015082895755768e-02,1.573971100151538849e-02,3.543179482221603394e-02,5.873298738151788712e-03,5.411880556493997574e-03,1.804801984690129757e-03,-5.514099262654781342e-03,-1.753830001689493656e-03,6.837398745119571686e-03,9.646551609039306641e-01,2.958005294203758240e-03,4.044135566800832748e-03,4.218642413616180420e-02,4.194331355392932892e-03,-4.693942144513130188e-03,-5.899817682802677155e-03,2.340111695230007172e-02,-3.151125740259885788e-03,8.167930878698825836e-03
-1.603414420969784260e-03,1.073891855776309967e-02,-1.377224572934210300e-03,-1.612734282389283180e-03,3.856110945343971252e-02,6.790886819362640381e-02,-3.025434445589780807e-03,4.686956107616424561e-02,7.673450745642185211e-03,6.757302582263946533e-02,9.282817244529724121e-01,9.528936147689819336e-01,9.651516675949096680e-01,9.424941539764404297e-01,2.260679751634597778e-02,2.634604461491107941e-02,3.254534676671028137e-02,2.270928770303726196e-02,3.429033979773521423e-02,3.063982585445046425e-03
2.593437209725379944e-03,8.072373867034912109e-01,9.060865044593811035e-01,9.161708950996398926e-01,6.055368781089782715e-01,3.037357032299041748e-01,2.046725600957870483e-01,8.121311664581298828e-01,4.984394013881683350e-01,7.041103243827819824e-01,-2.758572809398174286e-02,-1.164984889328479767e-02,-1.265553664416074753e-02,-7.338384632021188736e-03,1.274522277526557446e-03,3.288382431492209435e-03,7.415603031404316425e-04,-6.913438439369201660e-03,-2.422366524115204811e-03,-5.016908049583435059e-03
7.470072014257311821e-04,8.947964310646057129e-01,8.858730792999267578e-01,9.875410199165344238e-01,9.910960197448730469e-01,5.019045472145080566e-01,4.963009357452392578e-01,7.857690453529357910e-01,6.036462187767028809e-01,8.941481113433837891e-01,4.826991353183984756e-03,-4.342106636613607407e-03,-7.646417245268821716e-03,-2.302542561665177345e-03,-5.030655767768621445e-03,-3.662037852336652577e-05,-6.211401778273284435e-04,4.168036859482526779e-03,1.726254820823669434e-03,-2.890647156164050102e-04
2.312923315912485123e-04,8.299958892166614532e-03,-8.858074434101581573e-03,-4.830989986658096313e-03,1.252204366028308868e-02,1.433157268911600113e-02,-1.487785717472434044e-03,1.686031743884086609e-02,1.084260363131761551e-02,4.421506077051162720e-02,9.323204159736633301e-01,9.328545331954956055e-01,9.438102841377258301e-01,9.484531879425048828e-01,9.573668837547302246e-01,-5.969270598143339157e-03,1.433024997822940350e-03,9.147438686341047287e-04,-9.528653463348746300e-04,-6.412022281438112259e-03
1.831437461078166962e-03,8.819003105163574219e-01,9.934388995170593262e-01,9.953734278678894043e-01,9.745165109634399414e-01,5.214152932167053223e-01,5.146240592002868652e-01,1.003887772560119629e+00,7.051572203636169434e-01,9.420666694641113281e-01,-9.005564264953136444e-03,8.285734802484512329e-03,-7.044027093797922134e-03,4.222860734444111586e-04,-2.460364019498229027e-03,3.126861294731497765e-03,-5.351133178919553757e-03,-1.999465515837073326e-03,2.317467442480847239e-04,-7.327315979637205601e-04
1.099718618206679821e-03,8.683174103498458862e-02,8.533146232366561890e-02,1.123846918344497681e-01,5.109259113669395447e-02,4.223679751157760620e-02,3.611320629715919495e-02,9.051341563463211060e-02,6.510347872972488403e-02,1.054754406213760376e-01,6.016308665275573730e-01,4.736041184514760971e-03,7.863111048936843872e-02,1.704072356224060059e-01,3.334492743015289307e-01,1.323808878660202026e-01,1.660641729831695557e-01,-4.855255130678415298e-03,1.593795716762542725e-01,-2.140614436939358711e-03
1.711412370204925537e-01,-8.599867112934589386e-03,-6.609321106225252151e-03,-7.732918951660394669e-03,-7.299128454178571701e-03,-4.940584301948547363e-03,8.007892174646258354e-04,4.835242927074432373e-01,-1.145568490028381348e-02,2.034726142883300781e-01,1.309642940759658813e-01,9.053773432970046997e-02,1.010668277740478516e-01,9.803095459938049316e-02,5.267663672566413879e-02,1.716039888560771942e-02,2.664049342274665833e-02,1.047515310347080231e-03,1.348284259438514709e-02,4.536202643066644669e-03
-1.401174580678343773e-03,1.118947006762027740e-02,9.804801084101200104e-03,3.042462468147277832e-02,2.544604614377021790e-02,7.794939447194337845e-04,2.222917508333921432e-03,3.184098005294799805e-02,3.957896027714014053e-03,1.511670090258121490e-02,9.415436983108520508e-01,6.336734890937805176e-01,2.617546617984771729e-01,-8.621702902019023895e-03,1.110167242586612701e-02,9.606209397315979004e-01,9.535561800003051758e-01,-3.811644390225410461e-03,9.656254053115844727e-01,7.857567667961120605e-01
6.713239010423421860e-03,8.032353594899177551e-03,5.725925788283348083e-02,3.810494020581245422e-02,2.952322363853454590e-02,9.943245053291320801e-01,7.811994291841983795e-04,3.299052417278289795e-01,6.883258223533630371e-01,7.930912971496582031e-01,2.519004046916961670e-03,1.178940408863127232e-03,-1.519337529316544533e-04,2.628638036549091339e-02,-5.947681609541177750e-03,-1.017019618302583694e-02,-4.739650525152683258e-03,1.183133758604526520e-02,-6.820285692811012268e-03,-6.368292495608329773e-03
2.709484659135341644e-03,4.291336983442306519e-03,5.233956035226583481e-04,-5.380047019571065903e-03,-1.438626088201999664e-03,-6.065336987376213074e-03,-4.625151923391968012e-04,7.517554163932800293e-01,1.465883385390043259e-02,4.474872350692749023e-01,6.621725857257843018e-02,5.124635994434356689e-02,6.016605719923973083e-02,5.126204714179039001e-02,1.973269507288932800e-02,6.265944335609674454e-03,1.463366672396659851e-02,-4.515558830462396145e-04,-3.189362585544586182e-03,5.681803915649652481e-03
-2.240792127849999815e-05,1.370392832905054092e-02,-6.798871792852878571e-03,1.224903506226837635e-03,1.918345317244529724e-02,2.759215887635946274e-03,-8.771793916821479797e-03,4.389004316180944443e-03,7.845588959753513336e-03,2.892661839723587036e-03,9.961766600608825684e-01,8.335276506841182709e-03,9.889536499977111816e-01,9.866532683372497559e-01,-3.560065058991312981e-03,2.053427509963512421e-03,7.522611413151025772e-03,-1.015172689221799374e-03,-5.859252065420150757e-03,2.289307303726673126e-03
2.825199626386165619e-04,-3.706976713147014380e-04,1.342967967502772808e-03,-3.496595600154250860e-04,-3.544780425727367401e-03,3.595151938498020172e-03,-1.180467152153141797e-04,2.272689947858452797e-03,3.380818292498588562e-03,1.085621421225368977e-03,8.996458649635314941e-01,7.801331877708435059e-01,8.025725483894348145e-01,8.102804422378540039e-01,7.975836992263793945e-01,4.113014787435531616e-03,5.374810192734003067e-03,2.329352544620633125e-03,-1.435424387454986572e-02,5.081658363342285156e-01
4.679682024288922548e-04,3.544011618942022324e-03,-1.011777017265558243e-02,8.392956256866455078e-01,6.552757322788238525e-02,4.367472603917121887e-03,-1.890984829515218735e-03,2.892372310161590576e-01,2.138786613941192627e-01,3.887544274330139160e-01,1.542055886238813400e-02,2.118452452123165131e-02,2.215708792209625244e-02,-8.229287923313677311e-04,2.751835621893405914e-02,3.260802477598190308e-02,2.646469883620738983e-02,1.830648980103433132e-03,6.375087890774011612e-03,-1.546238898299634457e-03
7.288953056558966637e-04,9.965059757232666016e-01,9.918329715728759766e-01,9.870809912681579590e-01,9.991706013679504395e-01,1.000681757926940918e+00,5.064928438514471054e-03,1.004382848739624023e+00,-3.165609959978610277e-04,1.698688603937625885e-02,1.465923804789781570e-02,6.815022206865251064e-04,-1.136441947892308235e-03,1.505188993178308010e-03,-3.692830214276909828e-04,-3.058419330045580864e-03,-8.124329033307731152e-04,-4.141692072153091431e-03,-9.032384841702878475e-04,4.572078119963407516e-03
5.529769230633974075e-03,7.637058943510055542e-02,3.189199045300483704e-02,6.795557737350463867e-01,5.508643984794616699e-01,7.989939451217651367e-01,3.858215175569057465e-03,4.527573585510253906e-01,7.206676993519067764e-03,5.103485584259033203e-01,2.093376815319061279e-01,6.154907867312431335e-02,6.927901506423950195e-02,4.526789486408233643e-02,4.806634783744812012e-02,5.672755651175975800e-03,8.389514684677124023e-02,1.060326024889945984e-02,3.680702671408653259e-02,-5.753930890932679176e-04
2.763440134003758430e-04,1.845138263888657093e-03,4.898537416011095047e-03,1.126801245845854282e-03,2.524503041058778763e-03,-5.226197186857461929e-03,9.858419653028249741e-04,4.777421653270721436e-01,2.613732358440756798e-03,4.256642162799835205e-01,1.652980893850326538e-01,1.177033111453056335e-01,8.780619502067565918e-02,1.109814420342445374e-01,5.087360739707946777e-02,1.521713566035032272e-04,-1.189904753118753433e-03,1.807551085948944092e-02,-7.919724099338054657e-03,5.694080144166946411e-03
2.683953847736120224e-03,9.054639935493469238e-02,6.753008365631103516e-01,7.863026857376098633e-01,5.870093703269958496e-01,9.963423013687133789e-01,1.252458896487951279e-03,2.896569371223449707e-01,9.771013259887695312e-01,7.637618780136108398e-01,3.681363165378570557e-02,-6.473643705248832703e-03,7.759511470794677734e-03,2.703381329774856567e-02,2.206014841794967651e-02,-2.559337532147765160e-03,-2.395885530859231949e-04,1.268712151795625687e-02,-4.862526431679725647e-03,-4.793592728674411774e-03
9.345134347677230835e-02,4.158009961247444153e-02,5.608326792716979980e-01,6.772376894950866699e-01,8.743146657943725586e-01,9.659874439239501953e-01,3.806223273277282715e-01,5.663831233978271484e-01,4.828987717628479004e-01,1.803504973649978638e-01,2.427175454795360565e-02,-1.628695521503686905e-03,2.284901961684226990e-02,3.474701568484306335e-02,2.743247337639331818e-02,-8.169726934283971786e-04,1.421292312443256378e-02,4.452624358236789703e-03,1.583526469767093658e-02,8.925857022404670715e-03
8.101474493741989136e-02,1.745693236589431763e-01,4.388823509216308594e-01,8.068830966949462891e-01,6.663660984486341476e-03,1.349293626844882965e-03,2.541265916079282761e-03,6.691658496856689453e-01,1.227851305156946182e-02,6.957611441612243652e-01,5.144056631252169609e-04,1.835111156105995178e-02,6.715260446071624756e-03,1.459988020360469818e-02,-5.398169625550508499e-03,-1.045683026313781738e-02,-4.209126811474561691e-03,-4.617814440280199051e-03,-3.677250817418098450e-03,-2.861892280634492636e-04
6.717569660395383835e-03,1.777866482734680176e-02,7.361719757318496704e-02,7.335855811834335327e-02,5.683089047670364380e-02,5.310207977890968323e-02,2.398355305194854736e-02,1.029014736413955688e-01,5.087889358401298523e-02,8.764836192131042480e-02,8.827446699142456055e-01,8.432650938630104065e-03,1.636698693037033081e-01,2.508990168571472168e-01,1.726884841918945312e-01,-1.181771326810121536e-02,7.191928625106811523e-01,5.547164473682641983e-03,-1.783512160181999207e-02,-2.986659528687596321e-04
-3.747849492356181145e-03,7.982469797134399414e-01,8.517872691154479980e-01,7.293990254402160645e-01,6.475522518157958984e-01,4.667621254920959473e-01,3.390616774559020996e-01,7.275896072387695312e-01,4.589236080646514893e-01,7.256951332092285156e-01,-7.131225429475307465e-03,3.953434061259031296e-03,-4.690579953603446484e-04,6.946886423975229263e-04,5.090567748993635178e-03,1.736526936292648315e-02,1.890724524855613708e-02,-1.674104481935501099e-03,1.489770971238613129e-02,-2.044690074399113655e-03
-3.720159176737070084e-03,-9.074324741959571838e-03,-4.389359150081872940e-03,-3.240969777107238770e-02,6.766221486032009125e-03,-3.260490251705050468e-03,-2.177830087020993233e-03,-1.285359729081392288e-03,-1.186809875071048737e-02,-2.733052941039204597e-03,9.790176153182983398e-01,9.509761929512023926e-01,9.861994981765747070e-01,-4.429855849593877792e-03,7.685010433197021484e-01,9.895175099372863770e-01,9.886596798896789551e-01,3.723177593201398849e-03,9.950956106185913086e-01,7.864673137664794922e-01
3.846034815069288015e-04,9.182101115584373474e-03,-6.197736947797238827e-04,5.887118633836507797e-03,-6.166332866996526718e-03,-2.157495357096195221e-03,-4.860636545345187187e-04,5.389243364334106445e-03,-4.421349149197340012e-03,-1.140993088483810425e-02,9.208405613899230957e-01,7.409465909004211426e-01,8.349421024322509766e-01,9.733512997627258301e-01,4.509245455265045166e-01,1.002671848982572556e-02,3.046428598463535309e-02,4.114964604377746582e-01,1.406971737742424011e-02,-2.131961984559893608e-03
1.842175377532839775e-03,7.770557403564453125e-01,8.726310729980468750e-01,7.739726901054382324e-01,6.597216725349426270e-01,4.927171170711517334e-01,3.944034576416015625e-01,8.718268871307373047e-01,6.935467123985290527e-01,8.276138305664062500e-01,3.614182770252227783e-02,-3.971274942159652710e-03,9.058523573912680149e-04,4.133939743041992188e-03,2.628513425588607788e-02,6.222040392458438873e-03,2.144205197691917419e-02,1.167417038232088089e-03,1.587225869297981262e-02,-4.949934082105755806e-04
8.488337695598602295e-02,2.193747609853744507e-01,4.951865077018737793e-01,7.360966801643371582e-01,1.112165972590446472e-01,8.199739386327564716e-04,2.656606375239789486e-04,5.483940243721008301e-01,-2.756685251370072365e-03,6.480904221534729004e-01,3.140122443437576294e-02,1.650041900575160980e-02,3.089374676346778870e-02,7.025362923741340637e-03,-5.769245792180299759e-03,-6.272309459745883942e-03,-1.899298978969454765e-03,-2.262596273794770241e-03,-6.839301437139511108e-03,-1.844791229814291000e-03
1.938643679022789001e-02,1.492019370198249817e-02,-1.233608927577733994e-02,3.993313759565353394e-02,-2.300825202837586403e-03,-2.348510606680065393e-04,1.483269268646836281e-03,3.629930689930915833e-02,2.657973673194646835e-04,1.922339946031570435e-02,9.537751078605651855e-01,9.826856851577758789e-01,9.838092923164367676e-01,2.040219120681285858e-02,-3.282370744273066521e-03,-4.070417955517768860e-03,-6.741238292306661606e-03,-3.389554563909769058e-03,3.049947135150432587e-02,-6.123288534581661224e-03
3.077570814639329910e-03,8.217650055885314941e-01,7.447737455368041992e-01,7.328599095344543457e-01,8.016106486320495605e-01,4.967444837093353271e-01,4.059922695159912109e-01,8.995984792709350586e-01,6.119258999824523926e-01,7.193451523780822754e-01,-2.552778273820877075e-02,-8.357808925211429596e-03,-2.945277374237775803e-03,1.052463334053754807e-02,4.086314700543880463e-03,-8.283447474241256714e-03,-2.617670223116874695e-03,-1.329282647930085659e-03,-1.032726559787988663e-02,-1.975580584257841110e-03
-1.932885264977812767e-03,6.325063109397888184e-01,-2.637850120663642883e-03,1.825869269669055939e-02,9.063236117362976074e-01,2.077885344624519348e-02,1.383961085230112076e-02,5.316869616508483887e-01,-2.412942238152027130e-03,6.881539225578308105e-01,1.548462957143783569e-01,6.115292385220527649e-02,1.143656522035598755e-01,6.114155799150466919e-02,3.519899025559425354e-02,8.455330505967140198e-03,5.567621905356645584e-03,-7.372818421572446823e-03,5.337771493941545486e-03,-2.568963915109634399e-03
-1.133496291004121304e-03,8.651610016822814941e-01,9.855518341064453125e-01,8.135697245597839355e-01,8.814430832862854004e-01,5.002440810203552246e-01,4.956121146678924561e-01,6.815198063850402832e-01,5.027762055397033691e-01,7.168683409690856934e-01,2.817375026643276215e-02,-2.626393979880958796e-04,-8.544558077119290829e-04,1.189423352479934692e-02,-4.311187658458948135e-04,-4.452353343367576599e-03,3.462775843217968941e-03,-4.672348499298095703e-03,-2.429764717817306519e-03,-1.892120344564318657e-03
-1.556204049848020077e-03,-5.351350177079439163e-03,-5.380969494581222534e-03,7.057528709992766380e-04,-2.050142502412199974e-03,6.982186343520879745e-03,-2.048188354820013046e-03,-4.502061754465103149e-03,5.064363125711679459e-03,5.746839102357625961e-03,8.994204998016357422e-01,8.124083876609802246e-01,9.184315204620361328e-01,1.056665703654289246e-01,8.143380284309387207e-01,8.981970548629760742e-01,9.067980647087097168e-01,9.916452318429946899e-02,8.993638753890991211e-01,7.004121541976928711e-01
7.354504428803920746e-03,4.817661363631486893e-03,2.831448614597320557e-02,7.109763566404581070e-03,2.805835567414760590e-02,-1.431184355169534683e-02,-3.005036152899265289e-03,5.957387038506567478e-04,3.585872473195195198e-03,-3.408212214708328247e-03,9.463778734207153320e-01,4.305984452366828918e-02,3.752656653523445129e-02,-4.081629449501633644e-04,1.922739297151565552e-01,9.929125308990478516e-01,1.002370119094848633e+00,2.877734601497650146e-03,9.871988296508789062e-01,6.921103000640869141e-01
1.981615787371993065e-03,8.931405842304229736e-03,8.340823464095592499e-03,3.782921703532338142e-03,1.359319407492876053e-02,2.533416496589779854e-03,2.006768947467207909e-03,-6.501631345599889755e-03,-1.151457335799932480e-02,-4.777285270392894745e-03,9.671708941459655762e-01,9.932933449745178223e-01,9.740830063819885254e-01,9.827840924263000488e-01,8.188419789075851440e-02,-1.039710175246000290e-02,4.282237030565738678e-03,7.703687548637390137e-01,-5.142567679286003113e-03,9.911167025566101074e-01
1.721057225950062275e-03,2.001618733629584312e-03,6.607921794056892395e-03,5.049349069595336914e-01,3.369124233722686768e-01,9.960030317306518555e-01,1.561912801116704941e-02,3.983592391014099121e-01,1.401200331747531891e-02,8.155916333198547363e-01,7.279169512912631035e-04,1.593742147088050842e-02,-2.650269772857427597e-03,-4.671291913837194443e-03,1.137221045792102814e-02,-3.217825433239340782e-03,9.062346071004867554e-04,-1.649832585826516151e-03,-4.778249189257621765e-03,-2.915661316365003586e-03
-8.648981340229511261e-03,-4.762622062116861343e-03,1.581059768795967102e-02,-3.435508115217089653e-03,-5.329144652932882309e-03,1.393178012222051620e-02,1.205204986035823822e-02,1.558557152748107910e-02,-7.123672869056463242e-03,-1.061941683292388916e-02,9.699679017066955566e-01,9.572283625602722168e-01,9.854667186737060547e-01,9.740495681762695312e-01,7.782459259033203125e-01,9.837843179702758789e-01,9.789555072784423828e-01,7.723746821284294128e-03,9.748455882072448730e-01,-1.996726728975772858e-03
1.962442416697740555e-03,1.257556374184787273e-03,8.506184443831443787e-03,1.274761185050010681e-02,7.498229853808879852e-03,5.855784285813570023e-03,5.229881964623928070e-03,1.729767024517059326e-02,1.213656831532716751e-02,-1.059915870428085327e-03,7.806885242462158203e-01,6.899030804634094238e-01,7.935158610343933105e-01,9.802960157394409180e-01,6.858059167861938477e-01,9.855755567550659180e-01,9.899412393569946289e-01,4.863425157964229584e-03,3.915746230632066727e-03,3.987916409969329834e-01
-1.268141553737223148e-03,2.370704431086778641e-03,1.635560998693108559e-03,-2.217622241005301476e-04,2.559442073106765747e-03,3.015473717823624611e-03,5.042525008320808411e-03,1.176485791802406311e-02,-1.823745202273130417e-03,4.551861435174942017e-02,9.416911005973815918e-01,9.773303270339965820e-01,9.998300671577453613e-01,9.685515761375427246e-01,6.991530060768127441e-01,6.714661717414855957e-01,6.820338964462280273e-01,-3.062750620301812887e-04,3.334577777422964573e-04,4.441372584551572800e-03
6.843344308435916901e-03,8.403186686336994171e-03,1.197256892919540405e-02,1.382689829915761948e-02,1.459898706525564194e-02,2.629768801853060722e-03,2.933306153863668442e-03,2.068969234824180603e-02,1.796100661158561707e-02,-6.125418003648519516e-04,7.965518832206726074e-01,7.075822446495294571e-03,1.000950813293457031e+00,1.810449175536632538e-03,6.062849164009094238e-01,9.060321450233459473e-01,9.165602326393127441e-01,-2.890154952183365822e-03,-5.877956282347440720e-03,3.090676963329315186e-01
1.891932217404246330e-03,7.048556804656982422e-01,7.744372487068176270e-01,7.218524813652038574e-01,4.933096468448638916e-01,6.643268465995788574e-02,3.975195065140724182e-02,8.446646928787231445e-01,5.825532674789428711e-01,8.102276325225830078e-01,3.325324878096580505e-02,2.722259797155857086e-02,1.107867900282144547e-02,9.596433490514755249e-03,1.500379946082830429e-02,-5.913425702601671219e-04,1.599815115332603455e-02,-2.339646220207214355e-03,7.281675469130277634e-03,-1.957339845830574632e-04
1.122408779338002205e-03,9.690179228782653809e-01,9.693153500556945801e-01,9.856579899787902832e-01,9.767335057258605957e-01,4.831186234951019287e-01,4.836656749248504639e-01,9.763162136077880859e-01,6.731314063072204590e-01,8.165572881698608398e-01,-1.872281171381473541e-02,-3.712779609486460686e-03,-5.173522047698497772e-03,-5.412867292761802673e-03,-4.438780015334486961e-04,-4.984868224710226059e-03,-5.192739889025688171e-03,-2.962958824355155230e-04,-5.050176288932561874e-03,-1.722218294162303209e-04
-3.068197984248399734e-04,7.167201638221740723e-01,3.484788909554481506e-02,5.388568043708801270e-01,1.017738699913024902e+00,-8.594853803515434265e-03,-1.232616696506738663e-02,5.802259780466556549e-03,2.325621992349624634e-02,7.342429757118225098e-01,-2.325155213475227356e-02,-7.341035525314509869e-04,4.188342019915580750e-03,-9.303123690187931061e-03,1.564152073115110397e-03,4.305493552237749100e-03,-1.019809627905488014e-03,-3.479610197246074677e-03,-2.355812466703355312e-04,-1.125258626416325569e-03
-4.220955015625804663e-04,-6.136632058769464493e-03,-1.197613682597875595e-02,3.094211034476757050e-02,7.351555861532688141e-03,5.674231215380132198e-04,-2.240176079794764519e-03,2.047575265169143677e-02,-8.617653511464595795e-03,1.446522213518619537e-02,9.741659164428710938e-01,9.850812554359436035e-01,9.734535217285156250e-01,-1.808646507561206818e-02,9.877870082855224609e-01,9.839162230491638184e-01,9.985749125480651855e-01,-3.665967378765344620e-03,1.005020499229431152e+00,-7.900901837274432182e-04
3.213537624105811119e-03,7.208439987152814865e-03,4.992449190467596054e-03,3.406272502616047859e-03,9.539025835692882538e-03,1.075843349099159241e-02,8.150557987391948700e-03,4.707375541329383850e-03,1.153053343296051025e-02,1.862243562936782837e-02,1.019721746444702148e+00,9.803920388221740723e-01,9.830095171928405762e-01,9.893073439598083496e-01,6.957634091377258301e-01,9.957578182220458984e-01,1.001831889152526855e+00,-6.189378327690064907e-04,4.019938111305236816e-01,5.959869362413883209e-03
8.848685026168823242e-01,3.790955245494842529e-01,2.786937057971954346e-01,9.910533204674720764e-03,8.650675415992736816e-01,4.758348464965820312e-01,7.522050756961107254e-03,2.909233793616294861e-03,7.691869046539068222e-03,2.825434207916259766e-01,-1.687184907495975494e-02,1.095310505479574203e-02,2.229699399322271347e-03,2.532677538692951202e-02,7.326180581003427505e-03,-2.609918126836419106e-03,2.951079513877630234e-03,1.404198631644248962e-02,8.483925834298133850e-03,-3.342822659760713577e-03
-2.589781070128083229e-04,8.176698684692382812e-01,9.138933420181274414e-01,8.964988589286804199e-01,7.993963956832885742e-01,7.112936377525329590e-01,6.068493723869323730e-01,8.974848389625549316e-01,7.173842191696166992e-01,9.014725685119628906e-01,-1.002151705324649811e-02,-2.808771678246557713e-04,-1.961624948307871819e-03,8.082169224508106709e-04,3.255588002502918243e-03,5.415902007371187210e-03,2.816895488649606705e-03,-2.253548707813024521e-03,1.180641702376306057e-03,-2.106139669194817543e-03
-2.801353577524423599e-03,-4.303999710828065872e-03,-2.143717184662818909e-02,-2.618873678147792816e-02,4.827253986150026321e-03,-5.353019805625081062e-04,-5.845576524734497070e-04,2.752245664596557617e-01,2.277496038004755974e-03,5.365588068962097168e-01,7.616496086120605469e-02,6.671848893165588379e-02,6.423453986644744873e-02,8.791835606098175049e-02,-6.420265883207321167e-03,3.623366937972605228e-04,1.587684964761137962e-03,2.077874913811683655e-02,-7.428884971886873245e-03,-1.178581733256578445e-04
-9.339309763163328171e-04,8.986153602600097656e-01,8.152697682380676270e-01,9.089925885200500488e-01,7.216172218322753906e-01,9.878386259078979492e-01,6.916013360023498535e-01,6.042498350143432617e-01,8.103215098381042480e-01,8.012020587921142578e-01,4.229289479553699493e-03,1.581694371998310089e-02,-1.250647706910967827e-03,-9.423303417861461639e-04,-8.605528622865676880e-03,-1.123675704002380371e-02,-6.067928392440080643e-03,4.333941265940666199e-03,1.649156585335731506e-02,5.965016316622495651e-04
-2.020114799961447716e-03,1.768356561660766602e-02,3.841816447675228119e-03,1.125902216881513596e-02,3.976523876190185547e-02,-9.168133139610290527e-03,-4.046412068419158459e-04,6.113316118717193604e-02,1.578124053776264191e-02,1.268510818481445312e-01,8.385630249977111816e-01,8.781819939613342285e-01,8.657014966011047363e-01,9.155518412590026855e-01,8.327416181564331055e-01,-1.171757187694311142e-02,1.522849500179290771e-02,1.790251582860946655e-02,7.600171957165002823e-03,6.496917922049760818e-03
5.617736023850739002e-04,1.362506393343210220e-02,1.893086917698383331e-02,-7.639165502041578293e-03,2.156351506710052490e-01,6.719658151268959045e-03,3.344506840221583843e-04,6.705592274665832520e-01,-3.182630054652690887e-03,8.748488873243331909e-02,-1.477494649589061737e-02,2.757979370653629303e-02,4.561467561870813370e-03,2.905116230249404907e-02,1.142264064401388168e-02,2.966272644698619843e-02,1.948332414031028748e-02,1.957086659967899323e-02,9.277011267840862274e-03,6.383799482136964798e-03
-2.178313210606575012e-03,1.352741196751594543e-02,2.868016250431537628e-02,3.648221865296363831e-02,2.824402041733264923e-02,1.438905578106641769e-02,6.000034976750612259e-03,2.986440062522888184e-02,8.433519862592220306e-03,3.517340123653411865e-02,9.575336575508117676e-01,1.065172776579856873e-01,1.907157152891159058e-01,1.696630269289016724e-01,3.587592244148254395e-01,1.775793917477130890e-02,2.351040020585060120e-03,5.891698598861694336e-01,2.537846192717552185e-02,-6.359520833939313889e-03
-3.729728632606565952e-04,1.665585860610008240e-02,1.003366895020008087e-02,-8.451506495475769043e-03,1.662356033921241760e-02,2.730384469032287598e-03,9.810904972255229950e-03,1.408253312110900879e-01,7.398429792374372482e-03,5.815340876579284668e-01,4.623175784945487976e-02,3.120918385684490204e-02,1.743949204683303833e-02,2.364655397832393646e-02,3.074684366583824158e-02,9.546506218612194061e-03,8.666274137794971466e-03,1.082616392523050308e-03,2.238252945244312286e-02,-1.626437529921531677e-03
2.477322006598114967e-03,8.190578781068325043e-03,1.829508878290653229e-02,1.435351744294166565e-02,1.428654999472200871e-03,6.379990372806787491e-04,1.737544778734445572e-03,5.017639324069023132e-02,-2.528611803427338600e-04,9.564532339572906494e-02,8.775942325592041016e-01,9.370837211608886719e-01,9.073006510734558105e-01,8.711870908737182617e-01,8.934427499771118164e-01,1.106529962271451950e-02,6.162774749100208282e-03,1.406008936464786530e-02,2.483091503381729126e-02,1.681630499660968781e-03
5.245839245617389679e-03,1.530959736555814743e-02,1.470873039215803146e-02,1.462857704609632492e-02,1.102800108492374420e-02,7.889794185757637024e-03,4.457722883671522141e-03,3.075676038861274719e-03,3.030301071703433990e-03,2.755966736003756523e-03,8.969835042953491211e-01,1.941536366939544678e-01,1.990462094545364380e-01,1.970517635345458984e-01,9.252535551786422729e-02,8.277214765548706055e-01,8.305901288986206055e-01,2.969206571578979492e-01,8.253526091575622559e-01,7.020696997642517090e-01
-1.262729405425488949e-03,9.928616881370544434e-01,9.945747256278991699e-01,1.009181022644042969e+00,9.853321909904479980e-01,1.002778649330139160e+00,2.096806280314922333e-02,4.979884251952171326e-02,4.521761089563369751e-02,9.438889026641845703e-01,1.987821189686655998e-03,-7.363729644566774368e-03,1.140298903919756413e-03,2.933552255854010582e-03,4.324971232563257217e-03,2.522866474464535713e-03,2.073192270472645760e-03,1.613360713236033916e-03,-5.147761665284633636e-03,1.948698190972208977e-04
1.234909053891897202e-02,3.799798712134361267e-02,7.333167642354965210e-02,7.418382912874221802e-02,5.522473901510238647e-02,3.089619986712932587e-02,1.561202574521303177e-02,5.412190780043601990e-02,3.361273556947708130e-02,5.210265144705772400e-02,8.380843400955200195e-01,9.478497086092829704e-04,-2.383954823017120361e-03,9.708828479051589966e-02,5.972236394882202148e-01,4.351322054862976074e-01,5.238655209541320801e-01,4.989344179630279541e-01,3.748267889022827148e-01,8.634869009256362915e-02
3.997464373242110014e-04,8.798479102551937103e-03,5.982842445373535156e-01,6.585788726806640625e-01,8.932284116744995117e-01,1.611469686031341553e-01,-1.159488782286643982e-02,1.379053741693496704e-01,-4.325557034462690353e-03,7.400480508804321289e-01,1.191524043679237366e-02,-5.381979979574680328e-03,1.243033818900585175e-02,9.556379169225692749e-03,2.932282397523522377e-03,1.531125977635383606e-03,-4.235594067722558975e-03,-4.049086011946201324e-03,2.521666232496500015e-03,-2.527893055230379105e-03
-4.611034237314015627e-04,2.067051129415631294e-03,6.454984657466411591e-03,-8.042098022997379303e-03,1.130966283380985260e-02,-8.455014787614345551e-03,-4.233713261783123016e-03,-1.493811700493097305e-02,2.489970065653324127e-03,2.018381841480731964e-02,9.123328328132629395e-01,8.299974203109741211e-01,9.982568621635437012e-01,1.012950897216796875e+00,7.131743431091308594e-01,9.927861094474792480e-01,1.005319118499755859e+00,1.078856661915779114e-01,9.125977754592895508e-01,2.056515077129006386e-03
2.926363842561841011e-03,5.439123138785362244e-03,1.359266042709350586e-02,1.314622629433870316e-02,1.575417816638946533e-02,5.179010797291994095e-03,9.231145959347486496e-04,1.116884499788284302e-02,9.755590930581092834e-03,1.271056383848190308e-02,9.993163943290710449e-01,3.828961169347167015e-03,3.915827721357345581e-03,1.347612403333187103e-02,3.454707330092787743e-03,9.906703233718872070e-01,9.930062294006347656e-01,-2.293294062837958336e-03,9.929643869400024414e-01,7.220992702059447765e-04
4.404012113809585571e-03,7.351590786129236221e-03,4.274540394544601440e-02,2.763268165290355682e-02,3.026306396350264549e-03,2.989595057442784309e-03,2.887445501983165741e-03,4.451834037899971008e-02,1.446285098791122437e-02,2.160839922726154327e-02,8.485373258590698242e-01,2.843005657196044922e-01,9.623204171657562256e-02,7.652398198843002319e-02,5.960661172866821289e-01,1.095525454729795456e-02,8.943278342485427856e-03,7.617051899433135986e-02,7.440896332263946533e-02,-2.350051188841462135e-03
-8.299683686345815659e-04,5.801019258797168732e-03,3.909640479832887650e-03,-1.457073609344661236e-03,1.138991676270961761e-02,6.907497532665729523e-03,5.379342008382081985e-03,-7.282505066541489214e-06,5.836190655827522278e-03,1.419278327375650406e-02,9.963082075119018555e-01,7.880603075027465820e-01,9.006097912788391113e-01,1.000972628593444824e+00,7.071516513824462891e-01,9.766799807548522949e-01,9.753238558769226074e-01,1.145405694842338562e-01,3.010994493961334229e-01,8.947182893753051758e-01
4.670596681535243988e-03,-6.945824716240167618e-03,9.090434759855270386e-04,2.864367701113224030e-02,9.579008445143699646e-03,4.587282426655292511e-03,-1.222376828081905842e-03,1.856795139610767365e-02,1.663940609432756901e-03,4.667995870113372803e-02,9.297243952751159668e-01,7.665739059448242188e-01,8.742380142211914062e-01,9.864777326583862305e-01,1.706729382276535034e-01,9.676220826804637909e-03,1.448666490614414215e-02,-5.008459556847810745e-03,7.315285969525575638e-03,-5.439528264105319977e-03
-1.220924314111471176e-03,7.892469293437898159e-04,1.328382175415754318e-02,8.769498206675052643e-03,1.029197126626968384e-03,9.902436137199401855e-01,6.276048254221677780e-03,7.133880853652954102e-01,1.301710493862628937e-02,5.784994363784790039e-01,9.655226953327655792e-03,5.008125677704811096e-03,5.274378694593906403e-03,2.122505754232406616e-02,4.133293405175209045e-03,-5.520781967788934708e-03,3.583657555282115936e-03,2.720511751249432564e-03,3.183586522936820984e-03,-9.610860142856836319e-04
-4.998747725039720535e-03,-5.112770944833755493e-03,-1.105009391903877258e-02,-1.821658574044704437e-02,-2.128450945019721985e-02,-9.738575667142868042e-03,-5.524147301912307739e-03,-1.612428203225135803e-02,-7.624580059200525284e-03,-1.665880903601646423e-02,1.047909855842590332e+00,9.898144602775573730e-01,8.052771091461181641e-01,9.916783571243286133e-01,9.398588538169860840e-01,1.956822350621223450e-02,2.027534134685993195e-02,1.384442392736673355e-02,1.200347859412431717e-02,6.152397394180297852e-01
-1.003804267384111881e-03,-4.608701448887586594e-03,4.194570239633321762e-03,2.835667924955487251e-03,8.380085928365588188e-04,1.029652357101440430e-02,8.876703679561614990e-03,1.406030030921101570e-03,1.777188037522137165e-03,8.995968848466873169e-03,8.866202831268310547e-01,1.153837144374847412e-02,3.019065596163272858e-03,-1.596908899955451488e-03,2.516684867441654205e-02,4.360244143754243851e-03,2.875699400901794434e-01,1.646192930638790131e-02,5.797823891043663025e-03,7.015285491943359375e-01
-1.214876887388527393e-03,-4.871063400059938431e-03,-2.834840212017297745e-03,6.409375462681055069e-03,9.983291849493980408e-03,4.743838217109441757e-03,-1.755910780047997832e-04,-6.173003464937210083e-03,-3.548027714714407921e-03,-4.598504863679409027e-03,1.004960656166076660e+00,1.003743171691894531e+00,1.006147384643554688e+00,1.019741892814636230e+00,1.010475516319274902e+00,1.009393930435180664e+00,1.006760358810424805e+00,8.006533980369567871e-01,1.007929921150207520e+00,1.005113005638122559e+00
5.989786237478256226e-03,2.078488469123840332e-02,5.948826670646667480e-03,1.692650467157363892e-02,1.430961396545171738e-02,-1.774635352194309235e-02,1.911649247631430626e-03,2.680777572095394135e-03,7.189458701759576797e-03,-3.859441960230469704e-03,9.956510663032531738e-01,8.002207279205322266e-01,8.725194931030273438e-01,1.125471200793981552e-02,9.813484549522399902e-01,9.822562932968139648e-01,9.836989641189575195e-01,6.676048971712589264e-03,7.533486932516098022e-03,3.214814700186252594e-03
-1.428649702575057745e-04,-2.076724776998162270e-03,-9.445703588426113129e-03,-4.346472211182117462e-03,-1.220169384032487869e-02,5.575096700340509415e-03,-3.268355270847678185e-03,3.108217567205429077e-02,-1.357154338620603085e-03,2.797229215502738953e-02,9.144150018692016602e-01,8.710618019104003906e-01,8.367007970809936523e-01,8.438751697540283203e-01,7.452255487442016602e-01,6.703538298606872559e-01,6.625716090202331543e-01,2.729091346263885498e-01,6.778780817985534668e-01,4.919409751892089844e-03
-1.313494285568594933e-03,-4.892116412520408630e-03,-1.050127856433391571e-02,-3.355185734108090401e-03,1.714627433102577925e-04,-7.226963993161916733e-03,-4.863041685894131660e-04,3.877526149153709412e-02,2.442296827211976051e-04,9.006390720605850220e-02,8.933665156364440918e-01,8.856767416000366211e-01,8.929310441017150879e-01,8.642104268074035645e-01,8.766287565231323242e-01,4.469607770442962646e-01,4.354323148727416992e-01,4.086059518158435822e-03,6.019887980073690414e-03,8.625393733382225037e-03
-2.138586249202489853e-03,-3.805092535912990570e-03,-1.448319759219884872e-03,3.541123587638139725e-03,1.737339305691421032e-03,1.699400134384632111e-03,-4.639344289898872375e-03,-5.560483317822217941e-03,-4.497059155255556107e-03,-4.990871995687484741e-03,9.930944442749023438e-01,1.022684454917907715e+00,1.016858577728271484e+00,1.012460112571716309e+00,9.001117348670959473e-01,-1.133743859827518463e-02,-8.863950148224830627e-03,2.023890428245067596e-02,-1.203094236552715302e-02,8.110675811767578125e-01
8.134945482015609741e-02,7.965004444122314453e-01,6.614504456520080566e-01,5.529378652572631836e-01,3.599892854690551758e-01,8.743190169334411621e-01,2.680973410606384277e-01,5.617936253547668457e-01,4.483976364135742188e-01,6.213254332542419434e-01,7.175253331661224365e-02,3.617284446954727173e-02,3.574835136532783508e-02,7.450305670499801636e-02,5.033333227038383484e-02,1.237834338098764420e-02,4.832001030445098877e-02,1.619156822562217712e-02,1.195357087999582291e-02,3.208186477422714233e-03
-1.048543257638812065e-03,9.904445409774780273e-01,9.950924515724182129e-01,9.868203401565551758e-01,7.922749519348144531e-01,9.963931441307067871e-01,-2.101458812830969691e-04,6.906743645668029785e-01,-1.298467279411852360e-03,6.906566023826599121e-01,2.683378988876938820e-03,2.136512473225593567e-02,7.062697783112525940e-03,1.076528057456016541e-02,2.349638193845748901e-02,1.822746358811855316e-02,2.778910472989082336e-02,1.346757076680660248e-02,2.049385197460651398e-02,8.695890195667743683e-03
5.297670606523752213e-03,-1.915135188028216362e-03,-3.057010704651474953e-03,3.434427082538604736e-02,2.006768435239791870e-02,4.654695512726902962e-04,-4.413139075040817261e-03,2.630900964140892029e-02,1.068313699215650558e-02,2.294325269758701324e-02,8.110339045524597168e-01,9.871084690093994141e-01,1.019357919692993164e+00,1.366061158478260040e-02,2.313390821218490601e-01,9.370636940002441406e-01,9.858720898628234863e-01,1.463271584361791611e-02,1.013127446174621582e+00,1.040511066094040871e-03
3.901865780353546143e-01,1.797923147678375244e-01,6.281485557556152344e-01,8.315187096595764160e-01,2.832216024398803711e-01,1.395479543134570122e-03,1.352397492155432701e-03,5.716806054115295410e-01,-8.351814001798629761e-03,6.799575686454772949e-01,9.340026974678039551e-02,9.440562687814235687e-03,7.746727671474218369e-03,-6.864084396511316299e-03,4.110373184084892273e-02,6.446442008018493652e-02,6.970018893480300903e-02,-6.208884995430707932e-03,8.847371488809585571e-02,-1.935569685883820057e-03
-6.019220687448978424e-03,1.657545362832024693e-04,6.182758137583732605e-03,3.305854042991995811e-04,-9.461214765906333923e-03,-4.573118407279253006e-03,-2.771250365185551345e-05,2.232868922874331474e-03,-4.879053216427564621e-03,8.705388172529637814e-04,8.013831973075866699e-01,7.041484713554382324e-01,7.392666935920715332e-01,8.221662044525146484e-01,6.971554160118103027e-01,3.528709709644317627e-02,2.067082002758979797e-02,5.839580893516540527e-01,5.898147355765104294e-03,4.430874716490507126e-03
-3.769958857446908951e-03,-5.511198192834854126e-03,-9.000961668789386749e-03,-1.228629145771265030e-02,5.184686160646378994e-04,3.798163088504225016e-04,-9.004554594866931438e-04,-5.996229127049446106e-03,-5.280160810798406601e-03,-3.452326869592070580e-03,9.195739626884460449e-01,8.191818594932556152e-01,1.002172470092773438e+00,1.040759671013802290e-04,8.313047885894775391e-01,1.010053157806396484e+00,1.011675834655761719e+00,3.899419447407126427e-03,1.006374239921569824e+00,7.028509378433227539e-01
-3.846112405881285667e-03,1.841007173061370850e-01,3.766428530216217041e-01,6.865150928497314453e-01,5.964680314064025879e-01,-1.068698591552674770e-03,3.237237455323338509e-03,-2.513484284281730652e-02,-8.198357681976631284e-05,4.857715368270874023e-01,4.477481171488761902e-02,1.103454269468784332e-02,1.410057675093412399e-02,8.950493298470973969e-03,8.553424850106239319e-03,3.058333136141300201e-02,2.694588527083396912e-02,1.128913648426532745e-02,2.682797238230705261e-02,1.750464551150798798e-03
-5.096714594401419163e-04,1.004338450729846954e-02,3.721802681684494019e-02,1.302095968276262283e-02,-2.305647591128945351e-03,-1.745562418363988400e-03,4.828488454222679138e-03,1.771583408117294312e-02,2.045706287026405334e-02,2.773083373904228210e-02,7.851423621177673340e-01,8.746354840695858002e-03,1.249801483936607838e-03,-8.299203589558601379e-03,1.257758494466543198e-02,6.518420763313770294e-03,2.223815955221652985e-02,-3.430202603340148926e-03,5.983369890600442886e-03,1.210046466439962387e-03
3.137118415907025337e-03,-2.247378230094909668e-03,4.825427234172821045e-01,6.761913895606994629e-01,3.090286552906036377e-01,8.933371901512145996e-01,1.366815902292728424e-02,7.977294325828552246e-01,9.220731444656848907e-03,6.847193837165832520e-01,5.906965956091880798e-02,1.921013742685317993e-02,9.273821488022804260e-03,8.577671833336353302e-03,1.066414825618267059e-02,-5.423784721642732620e-03,-6.992782466113567352e-03,-3.969126846641302109e-03,-7.146763615310192108e-03,-2.165077952668070793e-03
-2.394100185483694077e-03,7.032621502876281738e-01,7.282262444496154785e-01,6.913791894912719727e-01,8.026238083839416504e-01,4.637331664562225342e-01,4.601633250713348389e-01,7.870522141456604004e-01,5.254826545715332031e-01,7.626946568489074707e-01,1.611778326332569122e-02,7.369259838014841080e-03,5.235947202891111374e-03,2.549251541495323181e-03,-2.129575441358610988e-04,-1.173443160951137543e-02,-2.637509070336818695e-02,-6.866459269076585770e-03,-6.741809193044900894e-03,5.373628227971494198e-04
-5.194146069698035717e-04,-4.670029971748590469e-03,1.061175111681222916e-02,7.667089812457561493e-03,-8.076308877207338810e-04,1.722474582493305206e-02,7.170066703110933304e-03,4.055770114064216614e-03,1.142681390047073364e-02,-1.772806863300502300e-04,9.926100373268127441e-01,9.911586046218872070e-01,9.950386881828308105e-01,9.916975498199462891e-01,9.777431488037109375e-01,2.167564444243907928e-02,5.061964038759469986e-03,7.543785497546195984e-03,1.932452805340290070e-02,-6.334007717669010162e-03
1.971338177099823952e-03,7.670264691114425659e-02,8.705265820026397705e-03,1.100472989492118359e-03,4.316680878400802612e-02,2.398153208196163177e-02,2.606473863124847412e-03,4.103093594312667847e-02,1.878530019894242287e-03,4.925075173377990723e-02,7.779034376144409180e-01,5.195779353380203247e-02,9.413126111030578613e-01,9.703136682510375977e-01,7.374635338783264160e-01,2.705539343878626823e-03,9.464082308113574982e-03,1.509732566773891449e-02,-6.557488813996315002e-04,2.185361227020621300e-03
-4.859927576035261154e-04,9.589967131614685059e-01,-2.039890736341476440e-03,1.554775051772594452e-03,9.885279536247253418e-01,9.922221899032592773e-01,3.012597444467246532e-04,5.009675025939941406e-01,8.105033077299594879e-03,9.607771635055541992e-01,1.730106212198734283e-02,-6.162363570183515549e-03,1.154730841517448425e-02,1.873282529413700104e-02,4.702660720795392990e-03,2.147854538634419441e-03,8.807516656816005707e-03,4.687466658651828766e-03,4.149856977164745331e-04,1.116035156883299351e-03
8.786517381668090820e-01,6.298696398735046387e-01,6.883856058120727539e-01,6.874240636825561523e-01,2.443592548370361328e-01,2.857200801372528076e-03,4.851779434829950333e-03,6.365142464637756348e-01,4.480202794075012207e-01,5.271369218826293945e-01,1.551725622266530991e-02,2.396171353757381439e-02,2.870753593742847443e-02,-1.125984173268079758e-02,4.195551946759223938e-02,1.885603740811347961e-02,1.587337814271450043e-02,5.774552002549171448e-03,1.078284159302711487e-02,1.128160278312861919e-03
9.642199147492647171e-04,-7.247540634125471115e-03,-7.892983034253120422e-03,-1.200038008391857147e-03,9.416916407644748688e-03,1.076371874660253525e-03,-7.284918683581054211e-04,1.767910085618495941e-02,1.414639555150642991e-04,1.310483738780021667e-02,8.650862574577331543e-01,6.882951855659484863e-01,7.769947052001953125e-01,8.699466586112976074e-01,6.768010258674621582e-01,1.052660197019577026e-01,6.900092363357543945e-01,8.529015630483627319e-02,7.007583379745483398e-01,6.015422940254211426e-01
3.728364780545234680e-02,2.582795731723308563e-02,5.070595815777778625e-02,9.463185817003250122e-02,9.116722643375396729e-02,-1.742450636811554432e-03,1.795670390129089355e-02,6.949963420629501343e-02,-7.372556719928979874e-04,7.572189904749393463e-03,6.783044338226318359e-01,2.680208384990692139e-01,3.251887857913970947e-01,3.399571180343627930e-01,4.591872990131378174e-01,1.786182262003421783e-02,2.693610265851020813e-02,6.699740141630172729e-02,1.305893994867801666e-02,6.609686613082885742e-01
-1.351720886304974556e-03,2.191587584093213081e-03,4.234885051846504211e-02,7.512055635452270508e-01,2.343760281801223755e-01,8.873288631439208984e-01,6.383300758898258209e-03,5.162806510925292969e-01,9.372470900416374207e-03,6.009837388992309570e-01,1.231027022004127502e-01,7.751180231571197510e-02,1.033310070633888245e-01,3.398105129599571228e-02,5.150658264756202698e-02,8.709044195711612701e-03,2.918868139386177063e-02,-9.404961951076984406e-03,3.873753175139427185e-02,1.995981903746724129e-03
3.353537991642951965e-03,4.864982111030258238e-05,8.482323028147220612e-03,9.505538269877433777e-03,7.457567844539880753e-03,3.192105097696185112e-03,7.949878345243632793e-04,1.286857388913631439e-02,4.900829400867223740e-03,1.806640997529029846e-02,9.894175529479980469e-01,9.841890335083007812e-01,8.028476238250732422e-01,5.009755492210388184e-01,9.883033633232116699e-01,9.913334250450134277e-01,9.785609841346740723e-01,8.949560523033142090e-01,9.858365058898925781e-01,1.003491401672363281e+00
3.286992723587900400e-04,-1.293249521404504776e-02,2.843155860900878906e-01,4.845267236232757568e-01,2.775875031948089600e-01,-1.689212769269943237e-02,-1.179727818816900253e-02,6.292684078216552734e-01,-6.531542632728815079e-03,1.897206306457519531e-01,7.482203841209411621e-02,4.930889979004859924e-02,1.082871854305267334e-02,2.094323188066482544e-02,2.116246894001960754e-02,1.283716503530740738e-02,1.457508653402328491e-02,1.512914057821035385e-02,1.260192040354013443e-02,1.032859273254871368e-02
3.389498917385935783e-03,2.014453709125518799e-02,-4.941071383655071259e-03,1.749376207590103149e-02,2.954722568392753601e-02,1.027489919215440750e-02,6.666633300483226776e-03,2.566658705472946167e-02,2.003816142678260803e-02,5.330663919448852539e-02,9.605278372764587402e-01,2.267847536131739616e-03,9.760516285896301270e-01,9.711704254150390625e-01,9.578769207000732422e-01,9.569686055183410645e-01,9.554004669189453125e-01,-5.670559476129710674e-04,1.103984005749225616e-02,2.809600555337965488e-04
-7.747222553007304668e-04,2.560708671808242798e-02,8.017653971910476685e-02,5.362203344702720642e-02,7.094876468181610107e-02,1.434243284165859222e-02,2.545305760577321053e-03,6.685851514339447021e-02,1.668271608650684357e-02,8.862750977277755737e-02,9.271935820579528809e-01,8.721245527267456055e-01,9.027014970779418945e-01,1.238495931029319763e-01,2.543423324823379517e-03,-3.292731125839054585e-04,-2.360955579206347466e-03,7.522553787566721439e-04,4.631377290934324265e-03,-5.341716110706329346e-03
2.807225799188017845e-03,7.022203411906957626e-03,-1.051533967256546021e-02,1.386642397847026587e-04,-1.646701595745980740e-03,9.926118254661560059e-01,4.098518751561641693e-03,6.913926005363464355e-01,5.138564109802246094e-01,8.018187880516052246e-01,2.373495325446128845e-02,1.807194203138351440e-02,3.229103749617934227e-03,9.926842525601387024e-03,4.033749457448720932e-03,5.626726895570755005e-03,1.061633694916963577e-02,-7.014538161456584930e-03,2.794865751639008522e-03,-2.296895720064640045e-03
-4.798524896614253521e-04,6.732268258929252625e-03,-7.643454708158969879e-03,7.317445278167724609e-01,1.151316519826650620e-02,8.966282475739717484e-04,-6.751653738319873810e-03,8.389130830764770508e-01,-1.321928389370441437e-02,-7.760484004393219948e-04,1.263916194438934326e-01,1.023734286427497864e-01,9.995681047439575195e-02,1.771645992994308472e-02,5.284878984093666077e-02,4.612278565764427185e-02,4.822008684277534485e-02,3.027549944818019867e-03,5.752424523234367371e-02,2.726833522319793701e-02
-1.696862018434330821e-04,9.727608412504196167e-02,7.170499116182327271e-02,9.435626864433288574e-02,1.146248951554298401e-01,6.416058540344238281e-02,1.316895522177219391e-02,1.544673293828964233e-01,4.745708778500556946e-02,1.720709353685379028e-01,3.431821167469024658e-01,-1.594919478520750999e-03,-2.464308869093656540e-03,-2.341659972444176674e-03,-6.341748870909214020e-03,-1.215387368574738503e-03,-2.286896575242280960e-03,1.300590485334396362e-02,-3.427830059081315994e-03,-2.078397083096206188e-04
-8.713835268281400204e-04,-3.869644133374094963e-03,-7.571562658995389938e-03,-1.043365150690078735e-02,1.082083582878112793e-02,1.231616246514022350e-03,-5.266535095870494843e-03,5.284430459141731262e-03,-4.069535061717033386e-03,7.587975356727838516e-03,9.117817282676696777e-01,6.076388359069824219e-01,7.055298686027526855e-01,9.646117091178894043e-01,1.264391392469406128e-01,-6.020177621394395828e-03,-5.346826510503888130e-04,6.741524673998355865e-03,-7.955729030072689056e-03,6.951318979263305664e-01
8.992450684309005737e-02,7.649134993553161621e-01,6.555123925209045410e-01,5.536292791366577148e-01,2.940636873245239258e-01,4.090224206447601318e-02,4.376719146966934204e-02,4.857321083545684814e-01,6.169692054390907288e-02,4.789895713329315186e-01,5.517155304551124573e-02,-1.043543685227632523e-02,5.626825615763664246e-03,5.252710077911615372e-03,8.976315148174762726e-03,-2.113156393170356750e-02,-2.700481936335563660e-02,1.248762011528015137e-02,-1.362797617912292480e-02,1.802208833396434784e-03
1.680601737461984158e-03,7.344618439674377441e-01,5.962623953819274902e-01,9.173429012298583984e-01,6.338703036308288574e-01,1.007082700729370117e+00,2.892005741596221924e-01,8.395047783851623535e-01,7.025429606437683105e-01,7.413337826728820801e-01,-4.101160541176795959e-02,-5.691951606422662735e-03,-2.196537330746650696e-02,-1.468055602163076401e-02,-8.817816153168678284e-03,-3.348086494952440262e-03,-2.403812855482101440e-02,2.341274404898285866e-03,-5.255912896245718002e-03,-2.123150508850812912e-03
-1.821891055442392826e-03,-4.348383285105228424e-03,-8.988688699901103973e-03,9.483775123953819275e-03,-1.373986434191465378e-02,-8.811385370790958405e-03,-5.367048084735870361e-03,1.701245200820267200e-04,-1.262140832841396332e-02,-4.155474249273538589e-03,9.933672547340393066e-01,9.771475195884704590e-01,1.002644419670104980e+00,-4.386527871247380972e-05,6.976349949836730957e-01,9.959189295768737793e-01,9.878010749816894531e-01,4.423298873007297516e-03,7.940473556518554688e-01,6.973302960395812988e-01
2.663659863173961639e-02,1.786320656538009644e-02,5.276040732860565186e-02,2.666644938290119171e-02,5.172771215438842773e-02,2.709768014028668404e-03,-3.699365304782986641e-03,1.753997802734375000e-02,1.086480566300451756e-03,7.183396071195602417e-02,8.473073132336139679e-03,3.176720142364501953e-01,5.676053464412689209e-02,9.231345057487487793e-01,5.818632245063781738e-01,3.159347549080848694e-02,2.579057961702346802e-02,7.730348110198974609e-01,2.509217942133545876e-03,5.540206984733231366e-06
1.627222867682576180e-03,7.430225610733032227e-01,6.473432779312133789e-01,7.217921018600463867e-01,8.056699037551879883e-01,9.094277620315551758e-01,1.108952052891254425e-02,3.531441688537597656e-01,6.372140347957611084e-02,7.281585931777954102e-01,-1.495977025479078293e-02,-3.057095222175121307e-03,-3.446046612225472927e-04,-6.612279918044805527e-03,5.077285226434469223e-03,-3.698255633935332298e-03,-8.320432156324386597e-03,1.820055651478469372e-03,-5.800127517431974411e-03,8.428681176155805588e-04
1.453406177461147308e-03,1.294747181236743927e-02,2.304711006581783295e-02,3.997280262410640717e-03,4.840520918369293213e-01,-1.096166018396615982e-02,-4.372939467430114746e-03,6.728509664535522461e-01,7.175376173108816147e-03,7.746771574020385742e-01,3.874911740422248840e-02,2.352755330502986908e-02,2.875133790075778961e-02,1.823167689144611359e-02,1.673432067036628723e-02,1.310575846582651138e-02,5.913251545280218124e-03,7.442655973136425018e-03,1.045560557395219803e-02,3.741831518709659576e-03
3.768581373151391745e-04,-2.404962666332721710e-03,-6.062326137907803059e-04,1.221720222383737564e-02,5.394878797233104706e-03,-1.055026310496032238e-03,1.163668232038617134e-03,1.215042546391487122e-02,2.187479753047227859e-03,8.348240517079830170e-03,9.925451874732971191e-01,9.940871596336364746e-01,9.172234535217285156e-01,8.028088808059692383e-01,8.083104491233825684e-01,9.937829971313476562e-01,9.980888366699218750e-01,2.907113432884216309e-01,9.963809251785278320e-01,9.997021555900573730e-01
-8.629992371425032616e-04,9.877699613571166992e-01,9.857531189918518066e-01,9.789370298385620117e-01,9.714976549148559570e-01,9.878536462783813477e-01,1.323707401752471924e-03,9.810684919357299805e-01,8.575803600251674652e-03,9.723441004753112793e-01,-4.779414273798465729e-03,-5.786258261650800705e-03,-5.982788745313882828e-03,-1.051023229956626892e-02,-3.769228700548410416e-03,-7.522205123677849770e-04,-4.034620942547917366e-04,-1.770735369063913822e-03,-2.756980829872190952e-04,1.827204483561217785e-03
2.496174536645412445e-03,1.899313554167747498e-02,1.805618964135646820e-02,-2.096706070005893707e-03,6.506114150397479534e-04,2.211340761277824640e-04,6.100981961935758591e-03,-1.712978444993495941e-02,9.987013414502143860e-03,-9.865880943834781647e-03,8.561341762542724609e-01,2.436114251613616943e-01,2.933327853679656982e-01,2.069455981254577637e-01,3.629239499568939209e-01,4.525526985526084900e-02,2.520360797643661499e-02,7.476672530174255371e-03,3.081877902150154114e-02,6.800686120986938477e-01
-2.452322049066424370e-03,4.075537901371717453e-03,-6.412730086594820023e-03,1.764223165810108185e-02,1.814502030611038208e-01,8.448303677141666412e-03,1.012608408927917480e-04,2.047978341579437256e-01,7.265768945217132568e-03,4.231894612312316895e-01,2.551995813846588135e-01,2.380731403827667236e-01,2.160736322402954102e-01,2.139944136142730713e-01,7.129129022359848022e-02,1.148607674986124039e-02,2.341188676655292511e-02,7.724090665578842163e-02,-1.635524677112698555e-03,7.346354424953460693e-03
3.956346213817596436e-01,2.549435710534453392e-03,1.581811811774969101e-03,9.864081144332885742e-01,2.921502888202667236e-01,9.935282468795776367e-01,4.089435096830129623e-03,9.989013671875000000e-01,7.934132218360900879e-01,9.842216968536376953e-01,1.979453023523092270e-03,-7.160682231187820435e-03,1.971069350838661194e-02,1.259191310964524746e-03,3.935724962502717972e-03,-1.100833993405103683e-03,1.084335148334503174e-02,6.837290711700916290e-03,-4.408727545524016023e-05,7.519216160289943218e-04
-7.221553474664688110e-03,3.275117138400673866e-03,5.814017262309789658e-03,4.016574099659919739e-02,2.306092157959938049e-02,2.686780318617820740e-02,2.057029400020837784e-03,3.018698841333389282e-02,3.209597663953900337e-03,3.313259035348892212e-02,9.315419793128967285e-01,1.501138694584369659e-02,9.271143078804016113e-01,-1.341420691460371017e-03,2.736900001764297485e-03,1.955184387043118477e-03,2.466869354248046875e-02,-2.219071844592690468e-03,9.673519730567932129e-01,-1.543259364552795887e-03
7.884445600211620331e-03,1.882655620574951172e-01,7.082326412200927734e-01,8.077634572982788086e-01,9.917112588882446289e-01,1.863134209997951984e-03,7.853331975638866425e-03,6.874694824218750000e-01,1.856667920947074890e-02,7.770942449569702148e-01,3.390641510486602783e-02,1.440775208175182343e-02,-1.151325646787881851e-03,4.366504959762096405e-03,5.458310479298233986e-04,1.238631550222635269e-03,-1.142936665564775467e-02,-5.186912138015031815e-03,-6.737621966749429703e-03,-1.122930902056396008e-03
-2.307493705302476883e-03,7.915583252906799316e-01,7.190775871276855469e-01,8.646831512451171875e-01,6.948242187500000000e-01,5.122389197349548340e-01,4.969829320907592773e-01,8.906997442245483398e-01,6.197133660316467285e-01,7.100372910499572754e-01,3.954035416245460510e-02,-2.540926681831479073e-03,6.081487983465194702e-03,-3.997787367552518845e-03,-4.509865771979093552e-03,6.550680845975875854e-03,-1.295553520321846008e-03,7.302760612219572067e-03,5.634435452520847321e-03,-1.708975294604897499e-03
-2.410430752206593752e-04,1.001314997673034668e+00,9.960339069366455078e-01,1.008005142211914062e+00,9.842863082885742188e-01,1.004325985908508301e+00,8.524433709681034088e-03,9.901302456855773926e-01,4.115821328014135361e-03,9.744796752929687500e-01,-4.123074468225240707e-03,8.541184943169355392e-04,-3.430298529565334320e-03,1.754739088937640190e-03,-3.100620582699775696e-03,-4.246622323989868164e-03,-1.552699785679578781e-02,-1.583128701895475388e-03,-3.343051997944712639e-03,-5.363752134144306183e-04
3.409045981243252754e-03,-8.513999171555042267e-03,-9.654864668846130371e-03,-2.934619970619678497e-02,-1.304397266358137131e-02,-9.016873314976692200e-03,-2.202216768637299538e-03,-2.617420628666877747e-02,5.439210217446088791e-03,-4.231180250644683838e-02,1.021559596061706543e+00,9.630413055419921875e-01,1.016359686851501465e+00,3.629799466580152512e-03,9.863056540489196777e-01,9.935714006423950195e-01,1.005570530891418457e+00,9.378360584378242493e-03,1.006870269775390625e+00,9.618266820907592773e-01
2.903101267293095589e-03,8.176192641258239746e-01,9.092183709144592285e-01,8.619033694267272949e-01,7.372838258743286133e-01,5.437616705894470215e-01,4.510887265205383301e-01,1.851674467325210571e-01,4.550962746143341064e-01,8.016670942306518555e-01,-2.842597896233201027e-03,4.748473409563302994e-03,5.418241955339908600e-03,-3.084370633587241173e-03,3.977390006184577942e-03,1.319678616710007191e-03,1.056301407516002655e-02,9.021732956171035767e-03,6.328988354653120041e-03,1.434375299140810966e-04
-2.518924418836832047e-03,-8.817248046398162842e-03,-1.865973230451345444e-03,-9.438775479793548584e-03,-1.667577959597110748e-02,4.290511365979909897e-03,6.025268696248531342e-03,-5.119823850691318512e-03,5.892668268643319607e-04,-6.710535380989313126e-03,1.011937975883483887e+00,1.011810779571533203e+00,9.839541316032409668e-01,1.001053690910339355e+00,7.952179908752441406e-01,1.003519177436828613e+00,1.001213073730468750e+00,5.969269275665283203e-01,9.965785741806030273e-01,1.000809073448181152e+00
1.147739682346582413e-02,-3.571369219571352005e-03,1.360657624900341034e-02,1.122447010129690170e-02,2.755023911595344543e-02,6.452244706451892853e-03,4.573604092001914978e-03,5.477531254291534424e-02,7.430078927427530289e-03,1.542819757014513016e-02,7.750955224037170410e-01,3.125749826431274414e-01,1.974016427993774414e-01,8.588690310716629028e-02,6.757926940917968750e-01,9.740508198738098145e-01,9.737338423728942871e-01,5.421628709882497787e-03,9.763280749320983887e-01,7.995826005935668945e-01
1.647497178055346012e-03,7.992403507232666016e-01,6.813251376152038574e-01,6.942070722579956055e-01,4.107931852340698242e-01,4.727866351604461670e-01,2.821528315544128418e-01,8.856828808784484863e-01,5.683315992355346680e-01,7.009280920028686523e-01,1.785481348633766174e-02,-2.345781773328781128e-03,5.948729347437620163e-03,3.097619861364364624e-03,-1.885575911728665233e-04,3.949603065848350525e-03,3.079864894971251488e-03,-4.163940902799367905e-03,2.842132467776536942e-03,-2.619490260258316994e-03
1.478215865790843964e-02,1.785774901509284973e-02,2.625762484967708588e-02,3.642199560999870300e-02,2.722007036209106445e-02,5.538130644708871841e-04,-3.671216312795877457e-03,3.923122584819793701e-02,3.190726507455110550e-03,2.639543823897838593e-02,9.036620855331420898e-01,9.347925186157226562e-01,3.720042109489440918e-02,3.752757608890533447e-02,8.568589091300964355e-01,9.662349820137023926e-01,9.581615924835205078e-01,-2.557920059189200401e-03,9.766384959220886230e-01,-9.656661190092563629e-03
1.656911685131490231e-03,1.424417365342378616e-02,1.563052833080291748e-02,1.754502765834331512e-02,2.382300049066543579e-02,5.565233994275331497e-03,4.631766118109226227e-03,2.398440241813659668e-02,6.728359032422304153e-03,2.172951959073543549e-02,7.741546630859375000e-01,8.938497900962829590e-01,8.036090135574340820e-01,6.825257539749145508e-01,8.790770769119262695e-01,9.453744292259216309e-01,9.398174285888671875e-01,1.604767292737960815e-01,9.649625420570373535e-01,8.801136016845703125e-01
4.128880333155393600e-03,-2.278555184602737427e-03,8.568236604332923889e-03,1.160560548305511475e-02,3.882512450218200684e-03,-2.619340666569769382e-04,4.718531854450702667e-04,2.048024907708168030e-02,6.703693885356187820e-03,4.260807111859321594e-02,1.817319914698600769e-02,4.215031396597623825e-03,5.111103877425193787e-03,-5.007977597415447235e-03,7.557057309895753860e-03,8.028726093471050262e-03,5.719151496887207031e-01,2.799791982397437096e-04,9.943637847900390625e-01,5.997719708830118179e-03
-4.303565219743177295e-05,-9.191553690470755100e-04,1.417777384631335735e-03,1.700799330137670040e-03,2.290833182632923126e-02,6.120775360614061356e-04,-1.575749367475509644e-03,1.067934744060039520e-02,4.063161090016365051e-03,2.754028188064694405e-03,9.884619116783142090e-01,4.826162159442901611e-01,9.634966254234313965e-01,1.781883416697382927e-03,4.670185036957263947e-03,1.310517545789480209e-02,6.150892935693264008e-03,2.582743531093001366e-03,4.258438479155302048e-03,5.962158441543579102e-01
2.044388204813003540e-01,1.110892891883850098e-01,5.903637409210205078e-01,6.652029156684875488e-01,5.692595839500427246e-01,1.243915781378746033e-02,7.495474535971879959e-03,6.803134679794311523e-01,-8.496635127812623978e-04,3.032140731811523438e-01,1.596382632851600647e-02,2.672028727829456329e-02,1.271147280931472778e-02,1.482503116130828857e-02,-4.680960904806852341e-03,-5.676826927810907364e-03,-4.596587677951902151e-04,3.717731917276978493e-03,-1.390026882290840149e-02,-7.505716057494282722e-04
-2.005238784477114677e-03,-8.439910598099231720e-04,5.781538784503936768e-03,9.187308140099048615e-03,9.271058253943920135e-03,1.686471841821912676e-05,3.921984694898128510e-03,1.171582378447055817e-02,3.183737630024552345e-03,1.296009495854377747e-02,9.823917150497436523e-01,-3.285234095528721809e-03,4.471444990485906601e-03,8.670358918607234955e-03,-6.975040771067142487e-03,5.692454986274242401e-03,4.675383679568767548e-03,9.711362072266638279e-04,-7.111561484634876251e-03,-1.189741073176264763e-03
-2.471589716151356697e-03,-2.088580513373017311e-03,8.151466958224773407e-03,-1.304959785193204880e-02,-2.397268824279308319e-02,-6.430315319448709488e-03,-6.399837788194417953e-03,1.333374762907624245e-03,-1.025721337646245956e-02,9.592551738023757935e-03,9.162366986274719238e-01,8.074927926063537598e-01,7.270643115043640137e-01,8.227077722549438477e-01,5.514558553695678711e-01,1.984274759888648987e-02,2.072787284851074219e-02,3.995351120829582214e-02,1.770570687949657440e-02,7.270218133926391602e-01
-7.281828438863158226e-04,7.091774344444274902e-01,6.074184179306030273e-01,7.048493623733520508e-01,6.082335114479064941e-01,4.555850476026535034e-02,1.719910092651844025e-02,7.767242789268493652e-01,4.943162202835083008e-02,6.765612959861755371e-01,2.281119860708713531e-02,2.356688026338815689e-03,6.482779048383235931e-03,1.733260229229927063e-02,5.701120011508464813e-03,3.514265874400734901e-03,-7.808214984834194183e-03,-3.253330476582050323e-03,5.022633122280240059e-04,-7.111247396096587181e-04
-1.018762588500976562e-03,9.956672191619873047e-01,9.953781962394714355e-01,1.000872254371643066e+00,8.073754310607910156e-01,1.006598949432373047e+00,6.992833614349365234e-01,9.990690350532531738e-01,8.002830743789672852e-01,2.051920592784881592e-01,-7.998963817954063416e-03,-9.934210218489170074e-03,-4.067328758537769318e-03,5.473630968481302261e-03,-1.947854063473641872e-03,-6.721569225192070007e-03,7.226469460874795914e-03,1.438296050764620304e-03,-1.499573467299342155e-03,-4.889642586931586266e-04
2.878564298152923584e-01,1.661896407604217529e-01,-4.759402654599398375e-04,7.583495378494262695e-01,9.463541954755783081e-02,4.320769570767879486e-03,4.149647895246744156e-03,7.596647143363952637e-01,6.719520688056945801e-01,6.251448988914489746e-01,2.911208011209964752e-02,3.139853477478027344e-02,6.648622453212738037e-02,-3.709016600623726845e-03,3.433367237448692322e-02,3.590821474790573120e-02,4.001389071345329285e-02,-5.209134425967931747e-03,1.394215878099203110e-02,-5.605478771030902863e-03
8.911393880844116211e-01,1.944715976715087891e-01,8.697240846231579781e-04,8.046925067901611328e-01,6.090555787086486816e-01,9.587399661540985107e-03,-2.311101881787180901e-03,6.807547807693481445e-01,5.364902317523956299e-03,8.188431859016418457e-01,-3.009458631277084351e-02,-1.775872148573398590e-02,-2.621411578729748726e-03,-1.782073453068733215e-02,-1.400185981765389442e-03,1.164141483604907990e-02,-1.953037572093307972e-04,-2.298755571246147156e-03,-1.381668727844953537e-03,4.329946823418140411e-03
4.615297541022300720e-03,6.324857007712125778e-03,-4.543007817119359970e-03,5.674186348915100098e-02,2.047921903431415558e-02,2.421021694317460060e-03,3.604444675147533417e-03,-1.023306744173169136e-03,1.362151838839054108e-02,2.760683558881282806e-02,9.568296670913696289e-01,9.588041305541992188e-01,9.773837924003601074e-01,1.385780703276395798e-02,9.634373784065246582e-01,9.989194869995117188e-01,9.962533712387084961e-01,3.906156867742538452e-03,9.639476537704467773e-01,-2.641531638801097870e-03
1.027769758366048336e-03,4.841870162636041641e-03,6.939304526895284653e-03,-3.500052262097597122e-03,-1.006006821990013123e-02,-1.509644556790590286e-02,-1.545149832963943481e-03,2.336569502949714661e-02,-1.124715991318225861e-02,9.549098461866378784e-02,8.612430095672607422e-01,9.067211747169494629e-01,9.164296984672546387e-01,9.022519588470458984e-01,9.489130973815917969e-01,1.450628880411386490e-02,3.580505028367042542e-02,7.340367436408996582e-01,2.723307721316814423e-02,-6.978343590162694454e-04
-1.222601043991744518e-03,5.894044637680053711e-01,1.122214016504585743e-03,7.844159007072448730e-01,8.786149024963378906e-01,-1.617774553596973419e-02,-1.588654122315347195e-03,4.772291183471679688e-01,7.818379998207092285e-01,6.693387031555175781e-01,3.722753375768661499e-02,7.829975802451372147e-04,1.537144836038351059e-02,8.387275156565010548e-04,-2.519009402021765709e-03,-1.736056990921497345e-02,2.114256843924522400e-02,1.281097345054149628e-02,9.726168587803840637e-03,-3.935953427571803331e-04
3.738417522981762886e-03,9.701292514801025391e-01,7.144770622253417969e-01,8.881807327270507812e-01,9.845635890960693359e-01,9.990514516830444336e-01,7.673893589526414871e-03,6.932281255722045898e-01,2.729389257729053497e-02,7.630624771118164062e-01,1.459071412682533264e-02,1.201003603637218475e-02,-7.383241318166255951e-03,5.348354578018188477e-03,1.406267285346984863e-02,1.640281639993190765e-03,-2.200451679527759552e-03,-1.214102492667734623e-03,6.926280912011861801e-04,-1.066598924808204174e-03
4.999645170755684376e-04,8.924142718315124512e-01,7.613540291786193848e-01,1.033897176384925842e-01,7.477297782897949219e-01,-4.216679837554693222e-03,-1.095366943627595901e-02,3.594034612178802490e-01,-4.826684948056936264e-03,7.512148618698120117e-01,-3.149759769439697266e-02,-1.332919485867023468e-02,-2.192401327192783356e-02,-3.104478307068347931e-02,-2.988567575812339783e-04,-8.017991669476032257e-03,3.681628033518791199e-03,-1.806115172803401947e-02,-6.580403074622154236e-03,-4.226146731525659561e-03
-8.159668650478124619e-04,9.514530748128890991e-02,1.096473541110754013e-02,7.925502657890319824e-01,1.964746601879596710e-02,9.744473099708557129e-01,7.967512123286724091e-03,1.123937889933586121e-01,9.498779661953449249e-03,5.524498820304870605e-01,5.307223647832870483e-02,4.422739893198013306e-02,5.083563923835754395e-02,2.692532353103160858e-02,3.970773890614509583e-02,4.590602125972509384e-03,2.842137403786182404e-02,2.136502787470817566e-02,5.021575465798377991e-02,5.516278324648737907e-04
1.312932348810136318e-03,6.232300996780395508e-01,6.773906350135803223e-01,7.828642129898071289e-01,4.659980237483978271e-01,2.902470156550407410e-02,3.276733309030532837e-02,2.110339850187301636e-01,3.650201112031936646e-02,3.702009618282318115e-01,-1.833243668079376221e-02,-2.268114499747753143e-02,-2.721300534904003143e-02,-2.011312916874885559e-02,-1.711276173591613770e-02,6.164041114971041679e-04,-2.616816200315952301e-03,-4.574798513203859329e-03,-2.091916836798191071e-02,-2.355258446186780930e-03
8.780372142791748047e-01,1.705664247274398804e-01,2.314422428607940674e-01,8.310484886169433594e-02,1.766232550144195557e-01,8.511673659086227417e-02,7.841710001230239868e-02,5.236216187477111816e-01,6.779204010963439941e-01,6.325361728668212891e-01,3.562343493103981018e-02,7.054264843463897705e-02,9.251826256513595581e-02,8.477395027875900269e-02,4.700009152293205261e-02,7.521671056747436523e-02,7.338137924671173096e-02,8.876406587660312653e-03,3.053561970591545105e-02,4.003470763564109802e-03
-2.229194622486829758e-03,-1.163355307653546333e-03,-1.778212608769536018e-03,-2.569758566096425056e-03,5.571419838815927505e-03,2.301256405189633369e-03,3.640309674665331841e-03,1.946792379021644592e-02,-1.961764646694064140e-03,4.179575294256210327e-02,9.545662999153137207e-01,7.608569264411926270e-01,7.495545744895935059e-01,9.720764756202697754e-01,8.918166160583496094e-01,-8.431650698184967041e-03,-5.845496896654367447e-03,-5.260385805740952492e-04,5.925067234784364700e-03,-2.984109800308942795e-03
3.045043908059597015e-03,8.122294545173645020e-01,6.872470378875732422e-01,7.156552672386169434e-01,5.377365946769714355e-01,9.175045490264892578e-01,-8.371695876121520996e-04,7.251562476158142090e-01,7.471926510334014893e-03,7.244309186935424805e-01,-3.302831575274467468e-02,-8.355887606739997864e-03,-1.202064193785190582e-02,-2.077438868582248688e-02,-3.476575715467333794e-03,-9.101430885493755341e-03,-2.333126589655876160e-02,-1.499224826693534851e-02,-1.186790224164724350e-02,-1.235810923390090466e-03
8.312173187732696533e-03,7.051902357488870621e-03,2.764131687581539154e-02,2.044549770653247833e-02,5.122768692672252655e-03,3.783687204122543335e-02,1.985263824462890625e-02,2.156434580683708191e-02,2.960706874728202820e-02,2.341026067733764648e-02,8.700811862945556641e-01,8.025062829256057739e-02,7.903449237346649170e-02,-1.627849973738193512e-02,1.836316138505935669e-01,1.126247923821210861e-03,2.977341413497924805e-01,1.002988219261169434e-02,6.969614028930664062e-01,2.337734214961528778e-03
-1.237020362168550491e-03,-1.678836648352444172e-03,1.074210088700056076e-02,4.856781065464019775e-01,9.995004534721374512e-01,1.001485705375671387e+00,-8.511657826602458954e-03,5.857914090156555176e-01,3.011362161487340927e-03,8.048706650733947754e-01,-1.008663047105073929e-02,-1.019857008941471577e-03,-8.264409261755645275e-04,-1.609034952707588673e-03,1.022980175912380219e-02,-1.685341587290167809e-03,5.511421710252761841e-03,-3.806850174441933632e-03,-3.929887432605028152e-03,9.378239046782255173e-04
3.054414689540863037e-01,7.854490280151367188e-01,6.979362964630126953e-01,7.803504467010498047e-01,6.055123209953308105e-01,4.854841530323028564e-01,3.064485490322113037e-01,8.991402983665466309e-01,5.952054858207702637e-01,6.871646642684936523e-01,2.973645180463790894e-02,5.464993882924318314e-04,1.313247135840356350e-03,1.947061973623931408e-03,7.995674386620521545e-03,-1.371891470625996590e-03,8.312182500958442688e-03,-3.000998694915324450e-04,1.022012904286384583e-02,8.887167088687419891e-03
-1.632631407119333744e-03,1.751659214496612549e-01,6.329975724220275879e-01,7.504003047943115234e-01,8.210702538490295410e-01,1.205193065106868744e-02,-1.080076326616108418e-03,5.887850522994995117e-01,2.409566193819046021e-02,6.715370416641235352e-01,6.017041206359863281e-02,3.762389346957206726e-02,3.860583901405334473e-02,-7.030648179352283478e-03,8.050563745200634003e-03,3.325048135593533516e-03,-4.175831854809075594e-04,1.325385645031929016e-02,-8.068348397500813007e-04,4.402848571771755815e-05
1.810789544833824039e-04,7.659565210342407227e-01,8.503572344779968262e-01,2.061305791139602661e-01,7.027820348739624023e-01,2.930102348327636719e-01,1.818097233772277832e-01,6.207198500633239746e-01,4.291282296180725098e-01,7.626509666442871094e-01,-3.753177076578140259e-02,-1.515947096049785614e-02,-3.698978945612907410e-02,-8.316141553223133087e-03,4.146294668316841125e-03,-4.654989112168550491e-03,-1.277874130755662918e-02,-4.542715847492218018e-03,-6.142670754343271255e-03,-1.728543313220143318e-03
-7.492632721550762653e-04,-4.739986732602119446e-03,2.660242142155766487e-03,-5.807697307318449020e-03,-2.038387581706047058e-02,-5.492145195603370667e-03,4.109895788133144379e-03,3.995166625827550888e-03,3.195102559402585030e-03,-2.552653476595878601e-02,9.470589160919189453e-01,8.028265237808227539e-01,7.574621438980102539e-01,8.564099073410034180e-01,7.442255318164825439e-02,-2.105656778439879417e-03,1.105458661913871765e-02,9.591462090611457825e-03,-6.418674252927303314e-03,-3.327878890559077263e-03
-1.683321781456470490e-03,-1.202640868723392487e-02,-7.629819214344024658e-03,-8.912387304008007050e-03,-7.573151029646396637e-03,9.666311740875244141e-01,-4.743024241179227829e-03,6.421280503273010254e-01,-3.491848241537809372e-03,6.253330707550048828e-01,5.966728553175926208e-02,4.772184416651725769e-02,5.033183097839355469e-02,5.881807953119277954e-02,1.900676824152469635e-02,-8.928994648158550262e-04,2.206799201667308807e-02,9.553122334182262421e-03,1.094415225088596344e-02,-9.913259418681263924e-04
3.541062027215957642e-02,3.431163728237152100e-02,3.208205848932266235e-02,4.503951221704483032e-02,4.640217125415802002e-02,2.343442849814891815e-02,6.177763920277357101e-03,2.350487001240253448e-02,1.314093079417943954e-02,6.030584126710891724e-02,7.135780453681945801e-01,2.937659621238708496e-03,-9.291174937970936298e-04,1.690074242651462555e-02,2.521225512027740479e-01,4.683987200260162354e-01,6.339959502220153809e-01,3.480136692523956299e-01,3.388198316097259521e-01,1.963889924809336662e-03
1.310493331402540207e-03,8.421511389315128326e-03,7.055904716253280640e-03,1.701582409441471100e-02,-2.674767281860113144e-03,1.530731376260519028e-02,9.487803326919674873e-04,1.207320950925350189e-02,4.595646634697914124e-03,5.615741945803165436e-03,8.830450773239135742e-01,1.828518360853195190e-01,2.842098772525787354e-01,1.828726530075073242e-01,5.876955389976501465e-01,4.581309854984283447e-01,5.439104437828063965e-01,3.995952308177947998e-01,3.756655454635620117e-01,8.044403195381164551e-01
-7.651234511286020279e-03,-1.483764965087175369e-03,1.887646038085222244e-03,3.128956770524382591e-03,-5.197112914174795151e-03,-8.775300346314907074e-03,-2.307763788849115372e-03,-1.842952147126197815e-02,-4.225418902933597565e-03,-2.834580838680267334e-02,9.808169603347778320e-01,7.017443180084228516e-01,9.611809253692626953e-01,9.875506758689880371e-01,7.927393913269042969e-01,6.415127962827682495e-02,6.174291297793388367e-02,5.030679702758789062e-01,2.325303666293621063e-02,1.358054857701063156e-02
1.377614401280879974e-02,1.678501255810260773e-02,5.933898966759443283e-03,2.069719880819320679e-02,8.565557189285755157e-03,4.935394972562789917e-03,-1.237304531969130039e-03,4.529386758804321289e-02,6.813901476562023163e-03,8.593172766268253326e-03,8.762304186820983887e-01,7.698625922203063965e-01,7.909703850746154785e-01,8.162061572074890137e-01,6.903869509696960449e-01,2.502405643463134766e-02,2.425150200724601746e-02,-4.074700176715850830e-03,-7.525420747697353363e-03,3.068418940529227257e-03
-1.620841212570667267e-03,-8.968542329967021942e-03,-1.155511010438203812e-02,-3.045162186026573181e-03,7.008006796240806580e-04,1.424128841608762741e-02,-3.002302022650837898e-03,5.643678829073905945e-02,-1.244965754449367523e-02,6.644766777753829956e-02,8.480749726295471191e-01,9.085314869880676270e-01,9.042289257049560547e-01,9.324164986610412598e-01,9.492377638816833496e-01,4.301876127719879150e-01,4.171623587608337402e-01,-5.744081572629511356e-04,-6.498163100332021713e-03,-5.910343024879693985e-03
4.100383725017309189e-03,5.261159036308526993e-03,2.208234043791890144e-03,-2.111551817506551743e-03,4.064279794692993164e-02,8.668324910104274750e-03,-1.634695683605968952e-03,-7.445622235536575317e-03,-1.110542938113212585e-02,1.104374695569276810e-02,9.721467494964599609e-01,9.666120409965515137e-01,9.716580510139465332e-01,9.891932010650634766e-01,2.198963612318038940e-01,9.452987313270568848e-01,9.637109041213989258e-01,6.935968399047851562e-01,9.664826393127441406e-01,1.811215281486511230e-02
-5.357740912586450577e-03,-6.317703053355216980e-03,-4.869053605943918228e-03,-8.382086642086505890e-03,-5.540677811950445175e-03,-6.490694067906588316e-05,-2.826358657330274582e-03,1.405249442905187607e-02,-5.189024843275547028e-03,6.338006933219730854e-04,9.036918282508850098e-01,7.776138782501220703e-01,8.046728968620300293e-01,8.943807482719421387e-01,8.102334141731262207e-01,4.304915368556976318e-01,4.407669901847839355e-01,6.989614963531494141e-01,8.417623117566108704e-03,9.045656323432922363e-01
2.973259252030402422e-04,6.918693780899047852e-01,6.813212037086486816e-01,8.766109943389892578e-01,7.895497679710388184e-01,1.162481587380170822e-02,1.076328189810737967e-04,6.991224288940429688e-01,8.152752518653869629e-01,8.779335618019104004e-01,3.735273703932762146e-02,1.530692353844642639e-02,7.639648858457803726e-03,4.321801476180553436e-03,6.038661114871501923e-03,1.917968876659870148e-02,1.598956622183322906e-02,2.001858782023191452e-03,1.691884733736515045e-02,1.258748467080295086e-03
3.750881254673004150e-01,7.851600050926208496e-01,-1.852713990956544876e-03,8.427588939666748047e-01,9.684517979621887207e-01,-1.563344523310661316e-02,1.288938568904995918e-03,6.285272240638732910e-01,-3.747028298676013947e-03,7.511584758758544922e-01,1.184268072247505188e-01,4.609224945306777954e-02,7.452777028083801270e-02,3.196944296360015869e-02,2.253162441775202751e-03,6.181463599205017090e-03,1.362426020205020905e-02,1.083938521333038807e-03,3.762575564906001091e-03,-2.656183671206235886e-03
5.400960071710869670e-05,7.861970663070678711e-01,7.000654935836791992e-01,7.794010043144226074e-01,5.872883796691894531e-01,2.791200578212738037e-01,2.856295704841613770e-01,5.811639428138732910e-01,4.741121828556060791e-01,8.031399250030517578e-01,-6.678926758468151093e-03,7.189546246081590652e-03,-4.733097157441079617e-04,6.474778056144714355e-03,-1.763655687682330608e-03,5.597656709142029285e-04,-2.409973880276083946e-03,-5.259738769382238388e-03,2.316487487405538559e-03,-5.007019353797659278e-06
-2.689254237338900566e-03,2.755999565124511719e-01,5.973005890846252441e-01,8.000757098197937012e-01,4.565240815281867981e-02,9.120129942893981934e-01,6.622310727834701538e-03,1.931955367326736450e-01,1.636627689003944397e-02,7.906934618949890137e-01,-7.964326068758964539e-03,-1.595528237521648407e-02,-1.062896847724914551e-02,-1.502556027844548225e-03,-1.081351889297366142e-03,-6.477562710642814636e-03,5.197014543227851391e-04,1.811578869819641113e-03,1.071102730929851532e-02,-1.172525575384497643e-03
-4.087865352630615234e-03,7.564308907603845000e-05,-4.624001681804656982e-03,6.942956242710351944e-03,-2.682038815692067146e-03,-3.083507064729928970e-03,2.441014294163323939e-05,-7.569850422441959381e-03,3.491391544230282307e-04,-1.744888909161090851e-02,1.038691997528076172e+00,1.065131068229675293e+00,1.018440365791320801e+00,1.049754738807678223e+00,1.021254301071166992e+00,9.900485277175903320e-01,1.003844141960144043e+00,2.838206104934215546e-02,9.667525291442871094e-01,1.616971939802169800e-02
-1.091468427330255508e-02,-1.883793994784355164e-02,-1.818614266812801361e-02,-1.673578098416328430e-02,-3.449439257383346558e-02,9.636233560740947723e-03,6.544707808643579483e-03,-1.096422411501407623e-02,-5.408342927694320679e-03,-3.645339980721473694e-02,8.858476281166076660e-01,6.910070180892944336e-01,7.674140334129333496e-01,8.990799784660339355e-01,5.920106768608093262e-01,3.627253696322441101e-02,7.161395251750946045e-02,2.954623699188232422e-01,4.072693362832069397e-02,7.032524347305297852e-01
5.896567599847912788e-04,1.723599992692470551e-02,3.113307990133762360e-02,4.665139913558959961e-01,8.836745619773864746e-01,9.824360013008117676e-01,8.205527439713478088e-03,7.763415575027465820e-03,1.199401728808879852e-02,6.846667528152465820e-01,-1.741563901305198669e-03,-5.491563584655523300e-03,9.653374552726745605e-03,1.176834455691277981e-03,3.691333695314824581e-04,-5.195601843297481537e-03,-1.644883304834365845e-03,-7.750539109110832214e-03,-1.936496119014918804e-03,-8.328928961418569088e-04
-1.408004085533320904e-03,8.720355108380317688e-03,1.290358835831284523e-03,9.693017229437828064e-03,4.251228179782629013e-03,4.667138215154409409e-03,6.862707086838781834e-04,6.897651590406894684e-03,2.068034373223781586e-03,-1.311482978053390980e-03,8.235628008842468262e-01,7.143227458000183105e-01,8.024026155471801758e-01,8.841821551322937012e-01,8.249225616455078125e-01,2.452981472015380859e-02,1.303752698004245758e-02,6.671141833066940308e-03,1.519872341305017471e-02,4.299202410038560629e-04
-4.975725896656513214e-03,5.138334352523088455e-03,-3.183335298672318459e-03,-8.125160820782184601e-03,5.070492159575223923e-03,1.574087329208850861e-02,-7.065330632030963898e-03,4.103909805417060852e-02,-2.550016855821013451e-03,3.327467665076255798e-02,9.545279145240783691e-01,9.329085350036621094e-01,8.157930970191955566e-01,9.558518528938293457e-01,3.361152112483978271e-02,1.370522938668727875e-02,5.911213345825672150e-03,-1.644218922592699528e-03,2.065412886440753937e-02,1.095014903694391251e-02
3.584520425647497177e-03,9.410816244781017303e-03,1.314738299697637558e-02,3.645854815840721130e-02,-2.158381743356585503e-03,-1.527380081824958324e-04,5.912471562623977661e-03,1.285345666110515594e-02,6.906914059072732925e-03,5.114697664976119995e-02,6.406784653663635254e-01,8.859531953930854797e-03,4.571558441966772079e-03,-5.909591563977301121e-04,4.835613537579774857e-03,-3.685875097289681435e-03,4.084378946572542191e-03,-8.250231621786952019e-04,-8.227424696087837219e-03,-1.918355352245271206e-03
1.793023315258324146e-03,-1.190433860756456852e-03,-1.233184337615966797e-02,2.928299130871891975e-03,-3.564799204468727112e-03,1.563067547976970673e-03,-6.725643179379403591e-04,6.734520196914672852e-03,-2.921876730397343636e-03,-1.131572574377059937e-02,9.716569781303405762e-01,9.925562739372253418e-01,9.876993894577026367e-01,9.985747933387756348e-01,9.839933514595031738e-01,9.857674241065979004e-01,9.926242232322692871e-01,1.845489139668643475e-03,6.816543340682983398e-01,7.913841009140014648e-01
8.913660645484924316e-01,1.950301378965377808e-01,6.767372488975524902e-01,8.769811391830444336e-01,2.811850011348724365e-01,9.736982733011245728e-02,9.279806911945343018e-02,7.796887159347534180e-01,6.889238953590393066e-01,7.891183495521545410e-01,8.999266661703586578e-03,-1.130564720369875431e-03,1.094285864382982254e-02,2.198857022449374199e-03,8.866026066243648529e-03,1.374817546457052231e-02,1.645410247147083282e-02,1.178886392153799534e-03,-8.014829829335212708e-03,2.459374256432056427e-03
2.112412825226783752e-03,7.840302586555480957e-01,8.769016265869140625e-01,6.928265094757080078e-01,5.809641480445861816e-01,4.701168239116668701e-01,3.870677649974822998e-01,6.564549207687377930e-01,5.777068734169006348e-01,6.941938996315002441e-01,3.378878533840179443e-02,-1.135831000283360481e-03,2.819090895354747772e-02,1.251770649105310440e-02,1.140360813587903976e-02,2.411566674709320068e-02,2.850359864532947540e-02,-3.355095861479640007e-03,1.173796504735946655e-02,-2.024374669417738914e-03
5.387334153056144714e-03,-1.425198861397802830e-03,-5.362681578844785690e-03,1.268800999969244003e-02,6.296813022345304489e-03,-1.745952875353395939e-03,-1.669912482611835003e-03,1.764678768813610077e-02,-6.810713093727827072e-03,-1.887448015622794628e-04,9.044753313064575195e-01,7.743016481399536133e-01,9.935286641120910645e-01,9.898786544799804688e-01,9.756901860237121582e-01,9.814425110816955566e-01,9.741514921188354492e-01,7.012791633605957031e-01,4.953313767910003662e-01,1.004023671150207520e+00
-8.152040652930736542e-03,3.627004334703087807e-03,-2.180690353270620108e-04,8.530469611287117004e-03,5.475450307130813599e-03,-9.175247978419065475e-04,2.331015188246965408e-03,-1.912007341161370277e-03,6.515295244753360748e-03,1.337840314954519272e-02,8.223515152931213379e-01,7.229037284851074219e-01,9.030472636222839355e-01,9.105058312416076660e-01,7.696276903152465820e-01,6.489082574844360352e-01,6.324160695075988770e-01,-5.768925882875919342e-03,8.956543169915676117e-03,2.327770460397005081e-03
8.667049556970596313e-02,1.900615990161895752e-01,4.786877930164337158e-01,7.672884464263916016e-01,2.046616934239864349e-02,8.952199816703796387e-01,1.466633100062608719e-02,6.870507597923278809e-01,3.723779916763305664e-01,6.614766120910644531e-01,2.825953438878059387e-02,6.235539447516202927e-03,2.974262088537216187e-02,1.997491717338562012e-02,1.844092272222042084e-02,-2.406351501122117043e-03,1.579335145652294159e-02,4.148311447352170944e-03,8.926469832658767700e-03,4.403258673846721649e-03
-6.131681147962808609e-03,-9.576437994837760925e-03,-1.139281410723924637e-02,-1.575068198144435883e-02,-1.265431568026542664e-02,-6.290468387305736542e-03,-2.358744386583566666e-03,-5.157417617738246918e-03,-1.334200613200664520e-02,-6.870430894196033478e-03,9.896235466003417969e-01,9.964354038238525391e-01,1.004703164100646973e+00,9.809111356735229492e-01,9.874567389488220215e-01,1.014968872070312500e+00,1.004541158676147461e+00,3.529887471813708544e-04,9.951620101928710938e-01,-2.472621854394674301e-03
-3.338637470733374357e-04,-7.172951474785804749e-03,-4.531937651336193085e-03,-2.009303309023380280e-02,-2.967021241784095764e-02,-2.489564567804336548e-02,-3.304390702396631241e-03,-3.604442998766899109e-02,-1.187654398381710052e-02,-7.811221480369567871e-02,1.040422320365905762e+00,1.013529181480407715e+00,1.037305235862731934e+00,1.072391867637634277e+00,6.075854599475860596e-02,9.765833616256713867e-03,2.081319317221641541e-02,3.971804082393646240e-01,-4.649206064641475677e-03,2.919774502515792847e-03
-1.351413899101316929e-03,5.814955011010169983e-02,9.871422499418258667e-02,1.059094071388244629e-01,4.927907511591911316e-02,5.223092436790466309e-02,3.826707601547241211e-02,7.906273007392883301e-02,4.666892439126968384e-02,4.276899620890617371e-02,6.301540136337280273e-01,1.372410636395215988e-02,1.244424143806099892e-03,1.745750904083251953e-01,2.197116147726774216e-03,4.001239240169525146e-01,4.163564741611480713e-01,-1.255530049093067646e-03,2.575991749763488770e-01,3.818193078041076660e-01
2.199450042098760605e-03,8.032132983207702637e-01,8.806498646736145020e-01,8.166816234588623047e-01,8.806258440017700195e-01,4.987642467021942139e-01,4.861187934875488281e-01,9.791206717491149902e-01,6.951135396957397461e-01,7.035722732543945312e-01,1.412892527878284454e-02,-1.489164656959474087e-03,-1.498071709647774696e-03,-3.002161858603358269e-03,-2.369109774008393288e-03,2.895407611504197121e-03,2.708199201151728630e-03,2.905911067500710487e-03,7.623580284416675568e-03,4.763080505654215813e-04
-2.870023483410477638e-03,3.840686695184558630e-04,-1.619451679289340973e-03,7.976511260494589806e-04,1.576061919331550598e-02,3.491422627121210098e-03,3.190386109054088593e-03,1.740039908327162266e-03,9.289247915148735046e-03,-1.469991169869899750e-03,8.942153453826904297e-01,7.948867082595825195e-01,6.961009502410888672e-01,5.901764631271362305e-01,6.943103075027465820e-01,8.096711039543151855e-01,8.049906492233276367e-01,9.431488066911697388e-02,3.031337857246398926e-01,1.978314667940139771e-01
5.250777117908000946e-03,8.590605109930038452e-03,2.909411489963531494e-02,1.565234921872615814e-02,1.375340204685926437e-02,2.900150604546070099e-03,4.683236591517925262e-03,1.243682671338319778e-02,-7.400418631732463837e-03,5.626611039042472839e-02,8.031200170516967773e-01,7.911528348922729492e-01,9.099800586700439453e-01,9.763857126235961914e-01,8.574593067169189453e-01,9.945212602615356445e-01,1.009089112281799316e+00,1.826571859419345856e-02,9.828892350196838379e-01,-1.853707944974303246e-03
1.798399753170087934e-04,2.820371687412261963e-01,6.842853426933288574e-01,7.589050531387329102e-01,3.805196583271026611e-01,-1.424587564542889595e-03,-7.490437710657715797e-04,1.862725764513015747e-01,2.515488304197788239e-03,6.581565737724304199e-01,4.709493368864059448e-02,5.715020466595888138e-03,4.789215046912431717e-03,-4.799975547939538956e-03,6.711024325340986252e-03,1.753309741616249084e-02,3.910091705620288849e-03,1.034067943692207336e-02,3.156988648697733879e-03,-6.830274360254406929e-04
1.003929451107978821e-01,1.947501897811889648e-01,6.944911479949951172e-01,8.909944295883178711e-01,7.944465875625610352e-01,-5.979629233479499817e-03,-1.605398720130324364e-03,1.897747218608856201e-01,-6.608830764889717102e-03,7.805782556533813477e-01,2.355245314538478851e-02,2.649058774113655090e-02,1.302782632410526276e-02,1.349454652518033981e-02,1.089748553931713104e-02,1.243910565972328186e-02,7.430490106344223022e-03,1.809462346136569977e-02,7.869634777307510376e-03,2.843706635758280754e-03
1.193391717970371246e-02,-7.773948833346366882e-03,-1.408122852444648743e-02,-2.198902890086174011e-03,8.210998959839344025e-03,1.174394786357879639e-02,3.742476692423224449e-03,5.077975615859031677e-02,1.598251052200794220e-02,1.078783199191093445e-01,8.934667110443115234e-01,5.957316160202026367e-01,6.146828532218933105e-01,8.994868993759155273e-01,-2.155093941837549210e-03,2.877197461202740669e-03,1.042199903167784214e-03,4.470406472682952881e-01,-4.627803806215524673e-03,-5.881937686353921890e-04
4.620672669261693954e-03,1.178169064223766327e-02,1.227055769413709641e-02,-1.630014157854020596e-04,-8.079830557107925415e-03,7.829051464796066284e-03,2.792909042909741402e-03,2.524484135210514069e-02,4.887536168098449707e-03,2.275692112743854523e-02,8.986908793449401855e-01,3.148504495620727539e-01,2.961297035217285156e-01,2.430424988269805908e-01,1.777295917272567749e-01,1.227157749235630035e-02,-1.127982628531754017e-03,1.778684705495834351e-01,1.457073632627725601e-02,7.026215791702270508e-01
-2.611852542031556368e-04,8.158369064331054688e-01,9.296677112579345703e-01,9.118333458900451660e-01,7.275816202163696289e-01,5.004252195358276367e-01,5.031789541244506836e-01,7.300592660903930664e-01,5.965036153793334961e-01,6.301031708717346191e-01,-1.998564042150974274e-02,-1.325733494013547897e-03,1.606210134923458099e-02,-6.419452372938394547e-03,-3.175520803779363632e-03,-1.268803700804710388e-02,-9.840899147093296051e-03,-1.061242166906595230e-02,-6.830161903053522110e-03,-3.907136619091033936e-03
6.494114641100168228e-04,7.966855764389038086e-01,6.645990610122680664e-01,2.157006785273551941e-02,8.658172488212585449e-01,9.969059824943542480e-01,9.701808914542198181e-03,7.799324989318847656e-01,3.542684391140937805e-02,6.047949194908142090e-01,6.476668640971183777e-03,-1.014119479805231094e-02,-5.908769089728593826e-04,2.374254912137985229e-02,-2.064668107777833939e-03,4.194491542875766754e-03,1.983198896050453186e-02,-7.658395916223526001e-04,8.720802725292742252e-04,-1.376917236484587193e-03
-9.833459043875336647e-04,8.086095452308654785e-01,6.944984793663024902e-01,6.880456209182739258e-01,6.041943430900573730e-01,9.127421975135803223e-01,3.887198567390441895e-01,8.832016587257385254e-01,7.834507226943969727e-01,7.263525128364562988e-01,1.063552778214216232e-02,2.391386311501264572e-03,9.639095515012741089e-04,2.271466329693794250e-02,1.226989831775426865e-02,5.480242893099784851e-03,3.665767610073089600e-03,-1.934375031851232052e-03,7.350152358412742615e-03,-1.645594165893271565e-04
1.587241771630942822e-03,8.158543705940246582e-01,7.929128408432006836e-01,6.886765360832214355e-01,7.085029482841491699e-01,9.868293404579162598e-01,1.879832521080970764e-02,9.011574387550354004e-01,7.877724766731262207e-01,7.757700085639953613e-01,-6.787771359086036682e-03,-6.457542069256305695e-03,-1.399030350148677826e-02,-8.596282452344894409e-03,4.770271945744752884e-03,-7.949950173497200012e-03,-2.776057831943035126e-02,2.246275776997208595e-03,-2.212618244811892509e-03,-2.455753274261951447e-03
5.818087956868112087e-04,-5.044537596404552460e-03,2.882851064205169678e-01,5.796195268630981445e-01,8.728462457656860352e-01,-1.632942585274577141e-04,-2.713814144954085350e-03,4.788632690906524658e-01,-7.686477038078010082e-04,6.742702126502990723e-01,4.907303676009178162e-02,4.221038892865180969e-02,1.358655281364917755e-02,1.460217591375112534e-02,4.402649123221635818e-03,3.524410352110862732e-02,4.640564695000648499e-02,1.877192221581935883e-02,4.144869744777679443e-02,1.181031018495559692e-02
1.103606307879090309e-03,2.984666824340820312e-01,7.064483761787414551e-01,8.033932447433471680e-01,8.850644826889038086e-01,9.957001805305480957e-01,2.834036052227020264e-01,7.999712824821472168e-01,4.908354878425598145e-01,8.929549455642700195e-01,-1.409505377523601055e-03,6.603749003261327744e-03,6.472204811871051788e-03,9.214738383889198303e-03,2.588640199974179268e-03,-6.397486431524157524e-04,1.538858748972415924e-03,-3.226503264158964157e-03,2.756283851340413094e-03,6.308449665084481239e-04
2.848579781129956245e-03,7.372636198997497559e-01,8.142731785774230957e-01,7.131917476654052734e-01,6.607057452201843262e-01,9.120623469352722168e-01,1.015209928154945374e-01,8.832107484340667725e-02,2.316616922616958618e-01,6.417307257652282715e-01,-2.689570188522338867e-02,-1.784527674317359924e-02,-1.719903014600276947e-02,-1.234341692179441452e-02,-1.554169412702322006e-02,-6.520221941173076630e-03,-2.172117494046688080e-02,-1.240522973239421844e-02,-3.626329358667135239e-03,-3.236499615013599396e-03
9.706034511327743530e-02,7.987930178642272949e-01,7.904583811759948730e-01,6.085157394409179688e-01,1.015660524368286133e+00,2.964414423331618309e-03,1.797010772861540318e-03,7.214182615280151367e-01,4.577143490314483643e-01,9.051277041435241699e-01,-1.809039898216724396e-02,-3.640234470367431641e-03,9.915584698319435120e-03,3.074300475418567657e-03,-1.089680846780538559e-02,3.259244840592145920e-03,6.465097423642873764e-03,-7.329785730689764023e-03,-6.710089277476072311e-03,5.852273199707269669e-03
4.442272707819938660e-03,7.994717359542846680e-01,7.099274992942810059e-01,9.172670841217041016e-01,8.891770243644714355e-01,9.982748031616210938e-01,3.030782639980316162e-01,2.779732346534729004e-01,4.960201084613800049e-01,9.063597917556762695e-01,-1.803433406166732311e-03,9.622843936085700989e-04,4.065789471496827900e-05,1.800619880668818951e-03,2.076994394883513451e-03,5.427397321909666061e-03,9.354600682854652405e-03,5.652950145304203033e-03,-7.486873073503375053e-04,-5.992330843582749367e-04
-9.756505023688077927e-04,8.784086108207702637e-01,8.881141543388366699e-01,9.047753810882568359e-01,9.454822540283203125e-01,-1.562485937029123306e-03,8.454786729998886585e-04,6.945170164108276367e-01,5.956649780273437500e-01,8.049232959747314453e-01,7.614850532263517380e-03,-5.962055642157793045e-03,8.534691296517848969e-03,5.235607735812664032e-03,-1.476563233882188797e-02,-3.348393365740776062e-03,3.584327176213264465e-03,-1.058500725775957108e-02,-7.201605476438999176e-03,-5.401934962719678879e-03
9.230252355337142944e-03,-2.659339457750320435e-03,-1.118286140263080597e-02,7.595550734549760818e-03,1.979456096887588501e-02,-3.950980026274919510e-03,2.275486942380666733e-03,-6.195638328790664673e-03,-1.342758303508162498e-03,8.094531949609518051e-06,8.668540716171264648e-01,3.817136585712432861e-01,4.314490854740142822e-01,3.840278089046478271e-01,5.172226428985595703e-01,7.859924435615539551e-02,5.656778812408447266e-01,1.614577770233154297e-01,4.366464614868164062e-01,-2.561877481639385223e-04
-3.685358678922057152e-03,2.832813858985900879e-01,5.817722082138061523e-01,7.505343556404113770e-01,4.892974197864532471e-01,9.342278540134429932e-02,8.579999953508377075e-02,3.710420727729797363e-01,1.541835218667984009e-01,4.746158719062805176e-01,4.908179491758346558e-02,1.303631998598575592e-02,1.619914197362959385e-03,4.403685685247182846e-03,1.829170063138008118e-02,-2.233936684206128120e-03,-1.772131654433906078e-03,5.659887567162513733e-03,9.292434900999069214e-03,-9.614474256522953510e-04
-3.449145471677184105e-03,6.214130669832229614e-03,3.214437142014503479e-02,5.156128667294979095e-03,1.901812665164470673e-02,-8.142379112541675568e-03,-2.398072974756360054e-03,3.489425405859947205e-02,-3.576830495148897171e-03,1.181862726807594299e-01,9.311276078224182129e-01,9.553111791610717773e-01,9.533874988555908203e-01,9.487749934196472168e-01,7.871465086936950684e-01,9.633317589759826660e-01,9.724251627922058105e-01,3.511398099362850189e-03,9.771161675453186035e-01,2.488021738827228546e-03
4.540573805570602417e-03,9.541102051734924316e-01,9.490097165107727051e-01,9.799835085868835449e-01,9.541983604431152344e-01,9.931735396385192871e-01,2.309646457433700562e-02,5.924924612045288086e-01,9.789806008338928223e-01,7.677792906761169434e-01,4.614357277750968933e-02,7.038911338895559311e-03,-2.872427459806203842e-03,-1.339765451848506927e-02,-3.548912005499005318e-03,3.496123012155294418e-03,-1.637531444430351257e-02,1.226757466793060303e-02,1.308890432119369507e-02,4.139176453463733196e-04
-2.649607136845588684e-03,-8.775259368121623993e-03,-2.643428044393658638e-03,-5.648495163768529892e-03,-8.790972642600536346e-03,-5.719278473407030106e-03,-2.671227790415287018e-03,-1.209777407348155975e-02,-4.998278804123401642e-03,-1.773011684417724609e-02,1.013845920562744141e+00,9.870000481605529785e-01,9.951797723770141602e-01,1.008642196655273438e+00,1.001597166061401367e+00,8.461252786219120026e-03,2.745227701961994171e-02,-3.791867522522807121e-03,-7.415295112878084183e-03,2.477263566106557846e-03
4.730126820504665375e-03,-9.207925759255886078e-03,-6.571386475116014481e-03,-4.731785971671342850e-03,3.644604003056883812e-03,-5.844102706760168076e-03,1.438892097212374210e-03,-6.157048977911472321e-03,-1.288980594836175442e-03,3.052582731470465660e-03,9.869027137756347656e-01,1.016497969627380371e+00,1.002357363700866699e+00,9.828573465347290039e-01,1.012467741966247559e+00,1.005444884300231934e+00,9.948231577873229980e-01,7.124903202056884766e-01,1.019327402114868164e+00,9.991408586502075195e-01
-1.463064923882484436e-03,9.756985306739807129e-01,2.098449505865573883e-02,7.868429645895957947e-03,9.635335803031921387e-01,-1.543855760246515274e-02,1.556978560984134674e-03,4.994237422943115234e-01,1.144263893365859985e-03,4.915030896663665771e-01,9.032488800585269928e-03,6.744684069417417049e-04,5.322892684489488602e-04,-3.175586462020874023e-04,9.883628226816654205e-03,-7.511053234338760376e-03,-6.185220088809728622e-03,-1.053013280034065247e-02,-1.199401682242751122e-03,-2.049028407782316208e-04
-5.747222166974097490e-05,6.853176355361938477e-01,5.981991887092590332e-01,1.238408219069242477e-02,4.700787365436553955e-01,-1.787323039025068283e-03,1.847697980701923370e-02,5.589082837104797363e-01,3.125187754631042480e-02,5.832226872444152832e-01,5.630104988813400269e-02,2.428933978080749512e-02,4.245206713676452637e-02,4.188320785760879517e-02,1.610165275633335114e-02,1.206545718014240265e-02,1.344020664691925049e-02,-7.983970572240650654e-04,3.685384523123502731e-03,3.957438282668590546e-03
-2.474725479260087013e-03,3.039625938981771469e-03,1.577221672050654888e-03,-8.031456731259822845e-03,3.657524706795811653e-03,-5.221058614552021027e-03,-4.748493083752691746e-04,1.261722948402166367e-02,3.199643222615122795e-03,2.917387150228023529e-02,9.541386961936950684e-01,9.998939633369445801e-01,1.003000736236572266e+00,1.008439302444458008e+00,9.904899597167968750e-01,9.900810122489929199e-01,9.959189295768737793e-01,6.816638112068176270e-01,9.829136133193969727e-01,1.661346852779388428e-02
1.805989444255828857e-02,2.435479313135147095e-02,1.974047534167766571e-02,4.013012349605560303e-02,3.946938738226890564e-02,2.993663027882575989e-02,1.797912875190377235e-03,1.863899081945419312e-02,4.185894969850778580e-03,3.970852494239807129e-02,9.516293406486511230e-01,9.534965753555297852e-01,9.563171267509460449e-01,3.012409433722496033e-02,9.536481499671936035e-01,1.175911910831928253e-02,9.645535349845886230e-01,1.408830285072326660e-02,9.575879573822021484e-01,1.752081094309687614e-03
-5.817656638100743294e-04,8.113954067230224609e-01,9.996274113655090332e-01,9.994249343872070312e-01,1.009370207786560059e+00,6.823350191116333008e-01,5.030385851860046387e-01,9.088599681854248047e-01,5.991899371147155762e-01,7.918890118598937988e-01,-1.068061031401157379e-02,-6.201167590916156769e-03,7.624737452715635300e-03,-5.337947979569435120e-03,-3.079938469454646111e-03,-9.620363824069499969e-03,-3.204595763236284256e-03,-2.455559733789414167e-04,-7.088805083185434341e-03,7.859731558710336685e-04
1.952335820533335209e-03,7.153506856411695480e-03,2.582243680953979492e-01,8.616849780082702637e-01,1.633222252130508423e-01,8.207551240921020508e-01,-1.044343691319227219e-03,6.557436585426330566e-01,1.720844185911118984e-03,5.775201916694641113e-01,3.322050720453262329e-02,2.932689711451530457e-02,6.407740293070673943e-04,5.437406245619058609e-03,2.001498639583587646e-02,2.583762397989630699e-03,2.096289955079555511e-02,-5.201069638133049011e-03,2.163908630609512329e-02,1.360596215818077326e-04
2.773534953594207764e-01,5.749298725277185440e-03,2.731594815850257874e-02,7.702328562736511230e-01,2.515423297882080078e-01,8.648359216749668121e-03,2.823798917233943939e-03,5.463327765464782715e-01,6.523694396018981934e-01,1.957421004772186279e-01,7.533887773752212524e-02,5.007477849721908569e-02,1.149729639291763306e-02,7.487748516723513603e-04,3.827335685491561890e-02,5.038820579648017883e-02,3.901939094066619873e-02,-6.048813927918672562e-03,8.387957699596881866e-03,1.864684000611305237e-02
-1.400058739818632603e-03,2.108577638864517212e-02,3.414015471935272217e-02,7.867608666419982910e-01,6.055449247360229492e-01,-3.834086703136563301e-03,-1.506590866483747959e-03,5.646119713783264160e-01,-2.593294018879532814e-03,7.716131806373596191e-01,1.003539189696311951e-02,6.023947894573211670e-02,2.949134074151515961e-02,2.435186505317687988e-02,4.790109116584062576e-03,5.248800851404666901e-03,-4.844618495553731918e-03,5.522443680092692375e-04,2.343440894037485123e-03,4.457131959497928619e-03
-4.175937210675328970e-04,2.774826586246490479e-01,2.037118561565876007e-02,6.774091124534606934e-01,9.921061396598815918e-01,9.071668609976768494e-03,-7.899845950305461884e-03,5.777820479124784470e-03,-2.040312252938747406e-02,6.991872191429138184e-01,2.087280526757240295e-02,1.672315970063209534e-02,2.444274909794330597e-02,-1.420524716377258301e-02,-5.294150905683636665e-04,-4.535900952760130167e-04,-7.728592958301305771e-03,-2.828320488333702087e-03,6.444080267101526260e-03,-3.270148008596152067e-04
-3.110239049419760704e-04,2.238111104816198349e-03,1.811677590012550354e-02,-3.827729262411594391e-03,2.849133014678955078e-01,-1.041439361870288849e-03,3.827257314696907997e-03,6.141941063106060028e-03,-1.822310034185647964e-03,6.270511150360107422e-01,5.773030221462249756e-02,4.240134358406066895e-02,5.644638463854789734e-02,6.762284040451049805e-02,5.974717810750007629e-02,-5.415997467935085297e-03,2.175361663103103638e-02,4.586204886436462402e-02,3.421304281800985336e-03,-2.228467725217342377e-03
1.007790851872414351e-04,4.418447017669677734e-01,5.516373515129089355e-01,6.850475072860717773e-01,2.327767461538314819e-01,8.991342186927795410e-01,1.529650539159774780e-01,3.491109609603881836e-01,2.561598420143127441e-01,6.910686492919921875e-01,2.743439748883247375e-02,-1.019655168056488037e-02,-1.265086419880390167e-02,-2.639065496623516083e-03,1.835642178775742650e-04,7.220671046525239944e-03,-8.696647360920906067e-03,6.711953785270452499e-03,-2.609966555610299110e-03,3.743046545423567295e-04
1.582611352205276489e-03,7.086610198020935059e-01,8.194515705108642578e-01,8.944030404090881348e-01,6.171440482139587402e-01,4.462021291255950928e-01,3.705520331859588623e-01,6.818327903747558594e-01,4.419389367103576660e-01,7.822446227073669434e-01,1.328463666141033173e-02,4.706107079982757568e-03,3.470325144007802010e-03,1.956584397703409195e-03,7.481463253498077393e-03,1.660936139523983002e-02,1.004990097135305405e-02,1.413418911397457123e-02,1.955229230225086212e-02,5.707195959985256195e-03
-2.275606384500861168e-03,6.865326166152954102e-01,5.803815126419067383e-01,6.724365353584289551e-01,4.793438017368316650e-01,3.183476999402046204e-02,6.648714188486337662e-03,8.867658376693725586e-01,1.916945353150367737e-02,1.911040842533111572e-01,-1.088729500770568848e-02,-2.443972043693065643e-02,1.008328050374984741e-02,5.566645879298448563e-03,2.275883918628096581e-03,2.317626774311065674e-02,1.277923677116632462e-02,-2.595969708636403084e-03,3.464323701336979866e-03,7.672614417970180511e-03
2.670526038855314255e-03,1.019487753510475159e-01,1.155071407556533813e-01,1.012991070747375488e-01,9.165041893720626831e-02,5.403302982449531555e-02,3.928678855299949646e-02,1.232191845774650574e-01,5.600984394550323486e-02,1.496307402849197388e-01,8.402265310287475586e-01,7.291830610483884811e-03,4.385749809443950653e-03,2.797272056341171265e-03,-5.449324380606412888e-03,-7.281010970473289490e-03,-1.201299205422401428e-02,8.906246162950992584e-03,-1.422216743230819702e-02,-3.796787932515144348e-04
1.005485057830810547e-01,1.946455687284469604e-01,5.976516604423522949e-01,8.920143842697143555e-01,6.900486350059509277e-01,8.389981389045715332e-01,3.832566738128662109e-01,6.992345452308654785e-01,6.041687726974487305e-01,7.946978211402893066e-01,9.472611360251903534e-03,-2.742375992238521576e-02,-1.489327661693096161e-02,-1.657225564122200012e-02,-8.432704955339431763e-03,-2.578727155923843384e-02,-7.162625435739755630e-03,-3.593391738831996918e-04,-1.713389647193253040e-03,-1.971731893718242645e-03
-1.043135067448019981e-03,-6.368728936649858952e-04,1.233392860740423203e-02,1.395699940621852875e-02,1.153500750660896301e-03,-1.502127293497323990e-02,1.938432571478188038e-03,5.699029564857482910e-01,-3.034238703548908234e-03,7.898990511894226074e-01,7.734149694442749023e-03,2.702582627534866333e-02,4.686961416155099869e-03,-5.375459790229797363e-03,2.437932882457971573e-03,-3.379647387191653252e-03,8.774813264608383179e-03,1.048266887664794922e-02,-3.158019622787833214e-03,7.855133153498172760e-03
1.375202671624720097e-03,1.229983940720558167e-02,1.125985849648714066e-02,9.811815023422241211e-01,2.865007333457469940e-02,9.966267347335815430e-01,-2.530697733163833618e-03,7.881024479866027832e-01,9.757362008094787598e-01,7.977296710014343262e-01,-2.220440842211246490e-02,-2.549253636971116066e-03,-3.477297257632017136e-03,-7.557670585811138153e-03,-7.999992929399013519e-03,6.238965317606925964e-03,5.719804670661687851e-03,-6.819828879088163376e-03,-2.434581052511930466e-03,-2.460946561768651009e-03
-3.798373276367783546e-03,2.459634328261017799e-03,1.595054753124713898e-02,1.398943364620208740e-02,4.569810628890991211e-02,-2.965718740597367287e-03,1.701799104921519756e-03,6.797001510858535767e-02,-2.893499797210097313e-03,9.490261971950531006e-02,8.726707696914672852e-01,7.018457055091857910e-01,6.484355926513671875e-01,8.924366235733032227e-01,5.383944511413574219e-01,3.119651461020112038e-03,-3.203281201422214508e-03,-8.926992304623126984e-03,9.195114485919475555e-03,-9.843694046139717102e-03
-1.372316037304699421e-04,3.710258752107620239e-02,-3.958084620535373688e-03,5.212713032960891724e-02,2.515019290149211884e-02,4.015386849641799927e-02,4.514283500611782074e-03,7.679470628499984741e-02,1.854360289871692657e-02,8.242243528366088867e-02,8.925534486770629883e-01,-1.259306538850069046e-02,8.982633352279663086e-01,-1.531848683953285217e-02,-1.083254627883434296e-02,-1.999737927690148354e-03,8.961505293846130371e-01,-3.780929371714591980e-03,9.302309155464172363e-01,1.821164507418870926e-03
2.804008722305297852e-01,8.224620670080184937e-02,6.133331060409545898e-01,8.393884897232055664e-01,1.913788765668869019e-01,8.570876717567443848e-01,8.885467541404068470e-04,2.823982238769531250e-01,6.912408280186355114e-04,6.213846206665039062e-01,8.496063202619552612e-02,7.646696642041206360e-03,4.911227151751518250e-03,8.806201629340648651e-03,3.314502164721488953e-02,1.433644501958042383e-04,1.700695045292377472e-02,9.449413977563381195e-03,1.797919161617755890e-02,1.819873577915132046e-03
2.141890348866581917e-03,9.803505539894104004e-01,9.549732208251953125e-01,9.818851947784423828e-01,7.847619056701660156e-01,4.865311682224273682e-01,3.894675970077514648e-01,9.940558671951293945e-01,6.813524365425109863e-01,7.597293257713317871e-01,4.273313097655773163e-03,4.102859180420637131e-03,-5.632403306663036346e-03,1.290227752178907394e-02,8.088006637990474701e-03,1.147197652608156204e-02,-2.192803891375660896e-03,5.949188955128192902e-03,-8.161603473126888275e-04,-2.135937567800283432e-03
-1.126900169765576720e-04,7.740211673080921173e-03,2.099713124334812164e-02,-4.536722786724567413e-03,7.973696105182170868e-03,1.197597570717334747e-02,1.076469291001558304e-02,1.184071414172649384e-03,1.311178132891654968e-02,1.552687119692564011e-02,9.874852895736694336e-01,8.123743534088134766e-01,9.852665066719055176e-01,-4.909706301987171173e-03,6.920065879821777344e-01,9.852380156517028809e-01,1.003524065017700195e+00,2.599666360765695572e-03,1.992605477571487427e-01,6.985052824020385742e-01
1.258392585441470146e-03,7.633829489350318909e-03,2.717222087085247040e-02,2.588083408772945404e-02,1.158538367599248886e-02,4.781721159815788269e-03,-1.037397189065814018e-03,3.834889270365238190e-03,-1.607198268175125122e-03,1.572780683636665344e-02,9.018113017082214355e-01,3.201320767402648926e-01,1.913545578718185425e-01,9.846357256174087524e-02,6.936452984809875488e-01,9.809361696243286133e-01,9.744477272033691406e-01,2.020087325945496559e-03,1.317501254379749298e-02,2.251954050734639168e-03
-3.508782945573329926e-03,2.884775400161743164e-01,6.965627074241638184e-01,8.023466467857360840e-01,2.828312851488590240e-02,2.510016318410634995e-03,4.990284796804189682e-03,9.027712941169738770e-01,4.926685988903045654e-02,7.447935938835144043e-01,4.480080679059028625e-03,-7.363352924585342407e-03,-4.184212593827396631e-04,-2.594731049612164497e-03,-4.060738254338502884e-03,-2.163461875170469284e-03,1.395986066199839115e-03,1.380976755172014236e-03,4.785261116921901703e-03,1.221632305532693863e-02
4.279470536857843399e-03,9.570809602737426758e-01,4.484888631850481033e-03,1.574416086077690125e-02,8.208424784243106842e-03,9.703763723373413086e-01,-8.812247775495052338e-03,7.759047150611877441e-01,-1.713398098945617676e-02,1.414455845952033997e-02,4.952955618500709534e-02,2.575864782556891441e-03,5.538249760866165161e-02,3.485123068094253540e-02,3.237755224108695984e-02,6.064008921384811401e-03,2.986913733184337616e-02,9.900551289319992065e-03,1.536951866000890732e-03,8.694899268448352814e-03
1.355762826278805733e-03,-1.183179859071969986e-02,7.018061820417642593e-03,4.817488789558410645e-01,9.919395446777343750e-01,-8.215974085032939911e-03,-1.038320548832416534e-02,4.757987558841705322e-01,5.012614652514457703e-03,6.882076859474182129e-01,2.716152369976043701e-02,1.836481690406799316e-02,2.745957858860492706e-02,7.113662548363208771e-03,-6.744701880961656570e-03,-1.122890622355043888e-03,7.706177420914173126e-04,-1.298948749899864197e-02,1.000419445335865021e-02,-1.363238436169922352e-03
1.144069014117121696e-03,-9.895812720060348511e-03,4.186352714896202087e-03,5.144865252077579498e-03,8.261582255363464355e-02,5.064313299953937531e-03,-1.229828107170760632e-03,1.142725199460983276e-01,1.127722673118114471e-02,1.323480457067489624e-01,8.320106863975524902e-01,8.039453625679016113e-01,7.293463945388793945e-01,8.084887266159057617e-01,2.095557749271392822e-01,-8.636931888759136200e-03,-1.894610747694969177e-02,-1.852131215855479240e-03,-1.713922247290611267e-02,2.908093156293034554e-03
-6.030758377164602280e-03,-4.901383537799119949e-03,-1.743165776133537292e-03,-7.989917881786823273e-03,-5.899644456803798676e-03,-4.995509982109069824e-03,6.187484832480549812e-04,-6.647933740168809891e-03,-1.313409535214304924e-03,-1.263383775949478149e-02,9.958367943763732910e-01,1.012285947799682617e+00,1.020556807518005371e+00,9.893461465835571289e-01,1.010876178741455078e+00,9.972228407859802246e-01,1.004692316055297852e+00,7.073391675949096680e-01,1.000135898590087891e+00,6.862246394157409668e-01
5.121621303260326385e-03,-1.419773441739380360e-03,4.987685009837150574e-03,2.158319018781185150e-02,2.432339452207088470e-02,8.311948738992214203e-03,1.760190585628151894e-03,4.823271650820970535e-03,-1.201521838083863258e-03,3.898502141237258911e-02,9.673722982406616211e-01,9.726555943489074707e-01,9.832911491394042969e-01,9.789347648620605469e-01,9.860001206398010254e-01,4.850937128067016602e-01,4.872846007347106934e-01,9.887828826904296875e-01,4.963972866535186768e-01,1.079645124264061451e-03
1.323400996625423431e-03,8.859546505846083164e-04,1.072269212454557419e-02,1.266975072212517262e-03,5.007843952625989914e-03,-4.784837365150451660e-03,-1.742163876770064235e-04,1.528662978671491146e-03,-6.240091752260923386e-03,-4.058137536048889160e-03,8.193318247795104980e-01,8.114415407180786133e-01,1.012331485748291016e+00,9.877640604972839355e-01,8.114350438117980957e-01,1.007430791854858398e+00,1.000848531723022461e+00,7.043102979660034180e-01,1.008920550346374512e+00,9.949757456779479980e-01
-1.587801962159574032e-03,-9.427695535123348236e-03,1.013477332890033722e-03,9.121213108301162720e-03,2.316850004717707634e-03,-1.716794329695403576e-03,-2.106193918734788895e-03,5.900198593735694885e-03,-7.761487504467368126e-04,5.236808676272630692e-03,9.848514199256896973e-01,9.749815464019775391e-01,9.711267948150634766e-01,9.756655693054199219e-01,1.009142875671386719e+00,9.904260039329528809e-01,1.001650691032409668e+00,3.021686570718884468e-03,9.953220486640930176e-01,7.921040058135986328e-01
1.028670463711023331e-02,1.159488223493099213e-03,-1.624563895165920258e-02,-2.232618629932403564e-02,-1.072067394852638245e-02,5.098432302474975586e-03,-1.327462960034608841e-03,-3.189052687957882881e-03,1.448544440791010857e-03,-2.443260326981544495e-02,1.015256881713867188e+00,-1.258540805429220200e-02,-1.364457793533802032e-02,-2.287658117711544037e-02,3.260502591729164124e-03,-7.155979052186012268e-03,-3.634616034105420113e-03,2.936852276325225830e-01,-2.031785901635885239e-03,2.710583154112100601e-03
2.261307556182146072e-03,-4.169592168182134628e-03,-1.583859324455261230e-02,-2.780068106949329376e-02,-2.391901612281799316e-02,5.748045165091753006e-03,1.058846595697104931e-03,-3.963159397244453430e-02,-6.443418562412261963e-03,-1.300920639187097549e-02,1.002372264862060547e+00,7.858712673187255859e-01,8.094742298126220703e-01,9.898051023483276367e-01,6.707115173339843750e-01,1.784177310764789581e-02,2.730723470449447632e-02,5.947462320327758789e-01,5.396602302789688110e-02,-5.597594659775495529e-03
-4.844616923946887255e-04,7.064921259880065918e-01,8.034752607345581055e-01,7.951073050498962402e-01,8.937770724296569824e-01,2.212655916810035706e-02,1.124322786927223206e-02,7.123048305511474609e-01,3.113681077957153320e-01,6.011402010917663574e-01,3.927259240299463272e-03,-1.343141030520200729e-02,-6.617547478526830673e-03,4.942904226481914520e-03,-6.639868952333927155e-04,-4.151934292167425156e-03,-1.217005401849746704e-02,2.089014975354075432e-03,-8.614272810518741608e-03,1.314668683335185051e-03
4.327455069869756699e-03,1.950225414475426078e-04,6.787804886698722839e-03,6.964300991967320442e-04,-7.602171506732702255e-03,-2.534153871238231659e-03,2.929152688011527061e-04,-3.431653836742043495e-03,8.636766113340854645e-03,3.529329085722565651e-03,9.203511476516723633e-01,3.076094388961791992e-01,1.534097045660018921e-01,7.034186273813247681e-02,7.359174489974975586e-01,4.948539435863494873e-01,5.670694708824157715e-01,4.223200082778930664e-01,3.201009631156921387e-01,8.210004568099975586e-01
-4.072828218340873718e-03,7.567942142486572266e-01,7.396411150693893433e-02,8.506926298141479492e-01,6.670452356338500977e-01,-7.137016393244266510e-03,-5.595146212726831436e-03,3.709915578365325928e-01,6.682516336441040039e-01,8.505266308784484863e-01,8.029216900467872620e-03,4.297138657420873642e-03,2.461421489715576172e-02,1.363496761769056320e-02,1.223255228251218796e-02,6.303658336400985718e-02,4.399347305297851562e-02,1.080870348960161209e-02,1.812408864498138428e-02,-3.274630755186080933e-03
3.294371999800205231e-03,7.741181254386901855e-01,7.657909393310546875e-01,1.000860571861267090e+00,8.793463110923767090e-01,9.930698871612548828e-01,6.829984188079833984e-01,8.896017670631408691e-01,7.996222972869873047e-01,8.966181278228759766e-01,3.024346195161342621e-03,-1.270705717615783215e-03,-2.226195763796567917e-03,1.024386566132307053e-02,1.463936921209096909e-02,2.885370748117566109e-03,9.900323348119854927e-04,4.159941803663969040e-03,-1.559191441629081964e-04,2.178112277761101723e-03
2.296334598213434219e-03,7.986097931861877441e-01,-9.349584579467773438e-03,9.996730685234069824e-01,9.940961599349975586e-01,9.921642541885375977e-01,-3.219892736524343491e-03,7.065947651863098145e-01,4.854980409145355225e-01,9.843410253524780273e-01,-2.399940509349107742e-03,-3.008233383297920227e-03,-6.636107806116342545e-03,5.615226458758115768e-03,-2.027729526162147522e-02,-3.405540250241756439e-03,-9.865519590675830841e-03,-1.232164679095149040e-03,1.802829792723059654e-03,7.112170569598674774e-04
-3.874489804729819298e-03,-1.819298951886594296e-03,-2.921370323747396469e-03,3.947603981941938400e-03,1.310962997376918793e-02,4.529049154371023178e-03,4.519002512097358704e-03,5.082516930997371674e-03,3.099773544818162918e-03,-1.245963794644922018e-04,8.109481930732727051e-01,7.991675138473510742e-01,9.597737193107604980e-01,9.660291075706481934e-01,9.867181181907653809e-01,1.182013098150491714e-02,9.550089947879314423e-03,-7.417268585413694382e-03,1.163657847791910172e-02,7.094687819480895996e-01
4.413757473230361938e-03,4.046267643570899963e-02,3.219392523169517517e-02,3.777530789375305176e-02,4.899956658482551575e-02,5.494481325149536133e-02,1.266061607748270035e-02,6.277751922607421875e-02,1.683506183326244354e-02,5.348788946866989136e-02,8.220584988594055176e-01,2.376226894557476044e-02,1.832660660147666931e-02,1.133093759417533875e-01,5.014555454254150391e-01,1.072891578078269958e-01,5.247236788272857666e-02,1.039618849754333496e-01,2.895843386650085449e-01,6.028863787651062012e-01
1.177995582111179829e-03,2.493167519569396973e-01,6.669381260871887207e-01,8.686035275459289551e-01,2.459852844476699829e-01,-5.503435619175434113e-03,-8.494978770613670349e-03,7.988978624343872070e-01,4.231314063072204590e-01,8.681789040565490723e-01,9.851037524640560150e-03,2.323464304208755493e-02,1.817630417644977570e-02,1.395234931260347366e-02,-1.569998334161937237e-03,1.438130129827186465e-05,-2.445247024297714233e-03,-2.501219045370817184e-03,-4.473406355828046799e-03,-2.361555118113756180e-03
-8.063084096647799015e-04,-7.196529302746057510e-03,1.788874942576512694e-04,8.158901706337928772e-03,2.378333359956741333e-03,1.112704258412122726e-02,-7.552289171144366264e-04,3.092721663415431976e-02,1.516982540488243103e-02,4.487435147166252136e-02,9.695060849189758301e-01,1.111252419650554657e-02,6.133214104920625687e-03,2.302527427673339844e-03,-4.501882940530776978e-03,8.215093053877353668e-03,-1.639719353988766670e-03,3.206116380169987679e-03,-1.831463072448968887e-03,2.103188540786504745e-03
2.373140305280685425e-03,8.116673231124877930e-01,6.691961884498596191e-01,8.620690107345581055e-01,9.121573567390441895e-01,2.123015560209751129e-02,1.494968123733997345e-02,7.966658473014831543e-01,2.759478986263275146e-02,7.528976202011108398e-01,-1.832927577197551727e-02,-2.410202287137508392e-03,-1.710493862628936768e-02,-1.273868046700954437e-02,-8.018317632377147675e-03,-1.417545415461063385e-02,-3.163590794429183006e-03,-1.103362813591957092e-02,-9.361544623970985413e-03,-2.767500467598438263e-03
-9.110040962696075439e-03,-2.142390049993991852e-02,-2.185487002134323120e-02,-2.013339474797248840e-02,-2.457947935909032822e-03,-1.074336236342787743e-03,-6.897733546793460846e-03,-1.858644932508468628e-02,-1.477849762886762619e-02,-1.500418223440647125e-02,1.009381890296936035e+00,5.032213032245635986e-02,3.922621905803680420e-02,-1.776083954609930515e-03,1.167607586830854416e-02,9.911852478981018066e-01,9.810146689414978027e-01,2.644730731844902039e-02,9.845522642135620117e-01,7.085838913917541504e-01
1.021751090884208679e-01,7.001221179962158203e-01,8.019592165946960449e-01,9.070483446121215820e-01,8.013241291046142578e-01,1.264172792434692383e-02,5.490668583661317825e-03,7.991846799850463867e-01,2.280042693018913269e-02,6.078240275382995605e-01,-5.429391749203205109e-03,-7.005327846854925156e-03,6.487072096206247807e-05,-4.881221335381269455e-03,3.296124050393700600e-04,9.000231511890888214e-03,-1.931145234266296029e-04,-5.399051588028669357e-03,3.424123860895633698e-03,1.931519247591495514e-03
-8.207862847484648228e-04,8.080729246139526367e-01,9.819356799125671387e-01,8.827993273735046387e-01,7.116550803184509277e-01,5.821493268013000488e-01,4.763376116752624512e-01,7.090989947319030762e-01,6.000745892524719238e-01,8.229729533195495605e-01,-3.246605629101395607e-03,-3.591189859434962273e-03,1.718175830319523811e-03,1.862726174294948578e-03,8.143099024891853333e-03,7.193583995103836060e-03,5.823912099003791809e-03,7.735823281109333038e-03,1.128799980506300926e-03,-1.837019110098481178e-03
-6.737128715030848980e-04,8.106067776679992676e-01,7.919551134109497070e-01,7.210183143615722656e-01,5.961520671844482422e-01,3.382591530680656433e-02,2.528021298348903656e-02,8.826624155044555664e-01,5.380000174045562744e-02,6.742280721664428711e-01,1.107765175402164459e-02,1.489563751965761185e-02,6.593728903681039810e-03,2.017553150653839111e-02,-1.066482439637184143e-02,5.043209530413150787e-03,5.543647333979606628e-03,-8.317230385728180408e-04,-5.041715689003467560e-03,-5.796509212814271450e-04
-5.125808820594102144e-05,6.233419179916381836e-01,7.253801822662353516e-01,8.223724365234375000e-01,5.298823118209838867e-01,9.822075366973876953e-01,-7.610752247273921967e-03,7.065232992172241211e-01,4.598614275455474854e-01,7.120515108108520508e-01,-1.558758039027452469e-02,6.160872988402843475e-03,-2.590639516711235046e-03,-8.571647107601165771e-03,-3.224876709282398224e-04,-1.361072645522654057e-03,-2.065376145765185356e-03,-8.463475853204727173e-03,-2.312459051609039307e-03,1.216552220284938812e-03
2.311122370883822441e-03,7.765631675720214844e-01,8.856119513511657715e-01,8.297336101531982422e-01,8.772069215774536133e-01,6.042372584342956543e-01,5.103796124458312988e-01,6.958684921264648438e-01,5.076822638511657715e-01,7.912503480911254883e-01,2.103328146040439606e-02,3.081639297306537628e-03,-7.197163999080657959e-03,2.561546629294753075e-03,1.251181866973638535e-02,7.301366422325372696e-03,1.505685318261384964e-02,6.686105625703930855e-04,-5.955800414085388184e-03,3.143585345242172480e-04
2.130706561729311943e-04,6.749649643898010254e-01,9.837003424763679504e-03,9.780545830726623535e-01,9.755741357803344727e-01,4.661011695861816406e-01,4.581599831581115723e-01,9.696206450462341309e-01,6.373397111892700195e-01,9.459310770034790039e-01,5.874760821461677551e-02,-1.151670888066291809e-02,1.450138073414564133e-02,1.518815848976373672e-02,3.744029998779296875e-02,2.468200400471687317e-03,1.487039588391780853e-02,-2.392704132944345474e-03,1.161933597177267075e-02,2.485023811459541321e-03
5.952647924423217773e-01,2.973936796188354492e-01,7.667461633682250977e-01,8.806523084640502930e-01,6.831994056701660156e-01,4.897860884666442871e-01,3.886292874813079834e-01,9.716181755065917969e-01,6.841733455657958984e-01,7.687787413597106934e-01,7.348115742206573486e-02,-1.058323308825492859e-02,3.348405472934246063e-03,1.544517697766423225e-03,5.545933265239000320e-03,-9.622384823160246015e-05,-7.670638151466846466e-04,3.117752261459827423e-03,-2.449456136673688889e-03,2.875505713745951653e-03
-6.424546707421541214e-03,-1.132590789347887039e-02,-2.259552106261253357e-02,-2.497086673974990845e-02,-2.435004571452736855e-03,-7.234717719256877899e-03,-6.570713128894567490e-03,-3.734598681330680847e-02,-4.167370963841676712e-03,-1.490480639040470123e-02,1.027665138244628906e+00,7.002241015434265137e-01,3.960765600204467773e-01,3.702511191368103027e-01,7.040038108825683594e-01,1.014815330505371094e+00,1.026040434837341309e+00,5.889935493469238281e-01,1.007691144943237305e+00,8.088626861572265625e-01
9.701350703835487366e-03,3.987454622983932495e-02,3.037716820836067200e-02,3.796755895018577576e-02,5.087008234113454819e-03,-3.359765745699405670e-03,-1.256617368198931217e-03,7.308174669742584229e-02,-8.306531235575675964e-03,4.308703914284706116e-02,9.230933785438537598e-01,4.260232206434011459e-03,-1.230857428163290024e-02,-6.256958469748497009e-03,6.979589816182851791e-04,1.193441823124885559e-02,-1.924019015859812498e-04,6.948665250092744827e-03,-8.359948405995965004e-04,2.825204050168395042e-03
9.114160202443599701e-04,6.797672249376773834e-03,1.592524535953998566e-02,1.662822067737579346e-02,9.937465190887451172e-03,9.722441434860229492e-03,4.038005135953426361e-03,5.955487489700317383e-03,5.411457736045122147e-03,3.647565841674804688e-03,9.656982421875000000e-01,6.145363673567771912e-03,7.246033288538455963e-03,-7.614268688485026360e-04,5.928417444229125977e-01,-4.238627385348081589e-03,6.855987906455993652e-01,-5.781997460871934891e-03,7.756754755973815918e-01,7.012455463409423828e-01
-1.489470829255878925e-03,7.599403858184814453e-01,6.728066802024841309e-01,-1.659798435866832733e-02,5.977695584297180176e-01,3.523390889167785645e-01,2.516202628612518311e-01,-2.192891575396060944e-02,2.272301167249679565e-02,1.029990147799253464e-02,6.677478551864624023e-02,9.382966905832290649e-03,6.806927267462015152e-03,2.581542916595935822e-02,1.827176846563816071e-02,8.849235251545906067e-03,3.466774895787239075e-02,8.268066681921482086e-03,1.732072792947292328e-02,2.900993078947067261e-02
-1.546619809232652187e-03,3.479770198464393616e-02,4.894626885652542114e-02,5.535528808832168579e-02,6.385366618633270264e-02,1.389382500201463699e-02,1.987738942261785269e-04,1.628753170371055603e-02,7.620466873049736023e-03,7.713364064693450928e-02,-1.826518028974533081e-02,-2.118563978001475334e-03,-4.460735945031046867e-04,-8.379900828003883362e-03,5.387494806200265884e-03,4.441346228122711182e-01,5.385212898254394531e-01,3.665800988674163818e-01,2.585434317588806152e-01,1.782953389920294285e-03
1.348027028143405914e-03,8.046247363090515137e-01,9.289643764495849609e-01,9.204706549644470215e-01,7.161871194839477539e-01,2.544201537966728210e-02,2.253574319183826447e-02,9.831088781356811523e-02,1.376904919743537903e-02,7.850397229194641113e-01,-1.867719367146492004e-02,-1.242629904299974442e-02,-7.178114261478185654e-03,4.592567565850913525e-04,-1.048415154218673706e-02,-4.497008922044187784e-04,-8.937913924455642700e-03,-7.479434367269277573e-03,5.249695386737585068e-04,-1.548851956613361835e-03
-5.725820083171129227e-03,7.976731061935424805e-01,6.796280145645141602e-01,8.780090808868408203e-01,6.768227815628051758e-01,2.953115664422512054e-02,3.099753521382808685e-02,7.937798500061035156e-01,7.010478377342224121e-01,7.948414087295532227e-01,-1.062075886875391006e-02,-1.423846930265426636e-02,-1.982315629720687866e-02,6.038766005076467991e-04,-2.045685192570090294e-03,5.382775515317916870e-02,1.816705614328384399e-02,-4.251324106007814407e-03,-1.382534578442573547e-02,-1.271562185138463974e-03
3.184484085068106651e-04,-4.422523081302642822e-03,-2.615705016069114208e-04,-8.974604308605194092e-03,1.362505275756120682e-02,-1.114890538156032562e-02,-2.992979018017649651e-03,2.961712516844272614e-02,-4.371302668005228043e-03,4.230690747499465942e-02,9.507972598075866699e-01,9.528877139091491699e-01,9.472285509109497070e-01,9.578537940979003906e-01,7.333329916000366211e-01,9.443917274475097656e-01,9.587817192077636719e-01,7.422090172767639160e-01,9.760783910751342773e-01,1.217503659427165985e-02
1.883838474750518799e-01,1.058699041604995728e-01,3.501158952713012695e-02,7.729180455207824707e-01,6.721612811088562012e-01,4.448206163942813873e-03,6.507632788270711899e-04,6.825203895568847656e-01,3.028806531801819801e-03,6.393109448254108429e-03,7.311292737722396851e-02,1.794617623090744019e-02,1.359609514474868774e-02,7.226068992167711258e-03,7.874445058405399323e-03,8.184124715626239777e-03,2.013107575476169586e-02,7.526031695306301117e-03,8.540168404579162598e-03,3.009511157870292664e-03
1.422277535311877728e-03,-4.091057460755109787e-03,-5.465055350214242935e-03,-5.975301843136548996e-03,3.262515645474195480e-03,2.671558759175240993e-04,-1.770544680766761303e-03,4.992890171706676483e-03,1.376013620756566525e-03,6.152129732072353363e-03,8.882088661193847656e-01,6.983817815780639648e-01,8.914769887924194336e-01,1.859283596277236938e-01,5.850817561149597168e-01,9.940336346626281738e-01,9.943298101425170898e-01,7.898650318384170532e-02,3.867110908031463623e-01,4.068358242511749268e-01
5.184208974242210388e-03,1.916646870085969567e-04,-1.515826297691091895e-04,-1.254556421190500259e-02,-1.083021285012364388e-03,4.137711133807897568e-03,6.198438815772533417e-03,-2.932710945606231689e-02,-6.351265124976634979e-03,1.799664110876619816e-03,9.213892817497253418e-01,1.240527704358100891e-01,1.240659132599830627e-01,8.870667219161987305e-01,5.197302103042602539e-01,4.801616966724395752e-01,5.816251635551452637e-01,9.238651394844055176e-02,3.133136630058288574e-01,7.021607160568237305e-01
-5.421480629593133926e-03,-6.973973475396633148e-03,-6.949049886316061020e-03,2.468814142048358917e-03,-8.908245712518692017e-03,-6.644300185143947601e-03,-5.372189916670322418e-03,-7.722327020019292831e-03,-6.966557819396257401e-03,-5.091772414743900299e-03,8.109089136123657227e-01,6.969519853591918945e-01,8.072193264961242676e-01,9.804121255874633789e-01,9.396698474884033203e-01,1.659471355378627777e-02,2.218387555330991745e-03,-1.005953457206487656e-02,-2.259523048996925354e-02,5.913336277008056641e-01
3.451281692832708359e-03,8.888130784034729004e-01,9.822598695755004883e-01,1.003875017166137695e+00,7.973275780677795410e-01,5.047902464866638184e-01,4.905944764614105225e-01,9.050623178482055664e-01,6.878873109817504883e-01,7.137388586997985840e-01,1.910754106938838959e-02,-8.762174285948276520e-03,-1.838820986449718475e-02,1.295437919907271862e-03,-1.423572562634944916e-02,-6.165063008666038513e-03,-1.095012668520212173e-02,-1.732125645503401756e-03,-1.954263821244239807e-02,-4.768707440234720707e-04
-6.114537245593965054e-05,1.880861632525920868e-02,7.958898544311523438e-01,1.012933731079101562e+00,9.777884483337402344e-01,1.002296209335327148e+00,8.622790686786174774e-03,8.311721086502075195e-01,9.771614074707031250e-01,9.757893085479736328e-01,-1.853889226913452148e-02,-1.098808087408542633e-02,9.033877868205308914e-04,-1.171716302633285522e-02,-3.360047005116939545e-03,-9.826410561800003052e-03,-1.680240780115127563e-02,-3.768838010728359222e-03,2.929431851953268051e-03,-5.404995754361152649e-03
-4.214588087052106857e-03,-5.842992570251226425e-03,-1.150255650281906128e-02,-2.447148412466049194e-02,-2.953563351184129715e-03,-6.100082304328680038e-03,-7.827059598639607430e-04,-8.527981117367744446e-03,-4.252061713486909866e-03,-2.104290202260017395e-02,7.960082888603210449e-01,7.303965091705322266e-01,9.811705946922302246e-01,1.662308722734451294e-02,8.223185539245605469e-01,9.988570213317871094e-01,1.003768920898437500e+00,-1.092527806758880615e-02,1.017120361328125000e+00,-8.657024241983890533e-03
1.130495918914675713e-03,-2.344324020668864250e-03,1.341214403510093689e-02,-6.456114351749420166e-03,1.467174477875232697e-02,3.855198621749877930e-03,5.395427811890840530e-03,8.310986682772636414e-03,-9.194820187985897064e-03,6.748926825821399689e-04,1.019019007682800293e+00,7.925919294357299805e-01,5.877602696418762207e-01,4.075761244166642427e-04,3.790463209152221680e-01,1.003529906272888184e+00,9.981176257133483887e-01,-8.676150464452803135e-04,9.910037517547607422e-01,1.004942297935485840e+00
5.923782009631395340e-04,4.392344504594802856e-03,5.819276440888643265e-03,1.437446475028991699e-02,3.178120031952857971e-02,3.925467655062675476e-02,1.416981918737292290e-03,4.913711547851562500e-02,-2.998998388648033142e-03,5.661720037460327148e-02,9.101432561874389648e-01,9.822984337806701660e-01,9.611644148826599121e-01,9.345071911811828613e-01,6.833774447441101074e-01,3.378439322113990784e-02,7.286287546157836914e-01,4.919351935386657715e-01,2.279203757643699646e-02,-6.239906884729862213e-03
2.438656985759735107e-03,3.643546998500823975e-02,6.713776588439941406e-01,7.732368707656860352e-01,2.769448235630989075e-02,-5.493773147463798523e-03,-2.477511763572692871e-03,6.972667574882507324e-01,7.669006008654832840e-03,6.765504479408264160e-01,6.076791137456893921e-02,-1.074271276593208313e-02,-1.059323642402887344e-02,5.925479345023632050e-04,-8.906384930014610291e-03,-7.820853963494300842e-03,-2.946355612948536873e-03,1.729412819258868694e-03,1.559802214615046978e-03,-1.744443899951875210e-03
-2.533135004341602325e-03,7.679376006126403809e-01,6.699650287628173828e-01,9.814072251319885254e-01,7.542415857315063477e-01,9.754287004470825195e-01,-6.183356046676635742e-03,6.733834147453308105e-01,-1.379475183784961700e-02,7.529850006103515625e-01,2.216847427189350128e-02,-9.002308797789737582e-05,-4.246307071298360825e-03,7.310107816010713577e-03,-3.984181676059961319e-03,7.878134027123451233e-03,7.303941529244184494e-03,-9.789742762222886086e-04,2.209091000258922577e-02,-4.359651822596788406e-03
-1.988008618354797363e-03,-9.351161308586597443e-03,-1.492387056350708008e-02,-1.265583466738462448e-02,9.340298175811767578e-02,-8.425432257354259491e-03,-1.276914309710264206e-02,1.464636474847793579e-01,-1.484456751495599747e-02,5.804325938224792480e-01,1.294862180948257446e-01,6.892105191946029663e-02,9.070982038974761963e-02,8.390937745571136475e-02,5.022439360618591309e-02,5.344945564866065979e-02,4.681081697344779968e-02,5.979575216770172119e-02,4.689768701791763306e-02,1.645943499170243740e-03
-2.023167471634224057e-04,7.831168174743652344e-01,6.770162582397460938e-01,7.818672060966491699e-01,5.862278938293457031e-01,4.697056412696838379e-01,3.745234012603759766e-01,6.899986267089843750e-01,5.622981190681457520e-01,8.452051281929016113e-01,3.764230385422706604e-02,-2.507016528397798538e-03,1.319990493357181549e-02,2.251785993576049805e-02,2.864688262343406677e-02,-1.528069656342267990e-02,-1.362060662358999252e-02,-1.406395109370350838e-03,-4.673996008932590485e-03,-2.074626507237553596e-03
-1.522577134892344475e-03,-4.055829485878348351e-04,2.445130199193954468e-01,8.160576224327087402e-01,4.235040247440338135e-01,9.154426455497741699e-01,1.213965788483619690e-01,8.027817606925964355e-01,6.303727030754089355e-01,7.890866994857788086e-01,3.705329447984695435e-02,9.948546066880226135e-03,1.009366009384393692e-02,1.652604714035987854e-02,1.097495947033166885e-02,-6.045993650332093239e-04,3.455471619963645935e-02,4.104557956452481449e-05,-2.860089763998985291e-03,3.705841954797506332e-03
5.633208435028791428e-03,8.942971825599670410e-01,7.943760752677917480e-01,8.716523647308349609e-01,7.875912785530090332e-01,5.903089791536331177e-02,3.776133432984352112e-02,7.135438323020935059e-01,6.685412675142288208e-02,8.026067614555358887e-01,2.209156565368175507e-02,-8.838502108119428158e-04,-3.190211718901991844e-04,1.586940325796604156e-02,2.791072241961956024e-03,-2.126936102285981178e-03,-2.226352924481034279e-03,-6.012351252138614655e-03,-1.996163511648774147e-03,-1.130042364820837975e-03
-1.330980798229575157e-03,7.358694672584533691e-01,8.292784094810485840e-01,9.232044219970703125e-01,7.282933592796325684e-01,9.147891402244567871e-01,-5.202575586736202240e-03,3.009185791015625000e-01,-3.798933757934719324e-04,6.258378624916076660e-01,-2.187755703926086426e-02,-1.685039885342121124e-02,-1.150901429355144501e-02,-1.143487449735403061e-02,-6.211652886122465134e-03,-4.310695454478263855e-03,-1.208785083144903183e-02,-1.659184508025646210e-02,8.605255861766636372e-04,-2.193046384491026402e-04
-2.450576052069664001e-03,-2.213098574429750443e-03,-6.066508591175079346e-03,-1.339796185493469238e-02,-9.455369785428047180e-03,8.634449332021176815e-04,2.855737329809926450e-05,-8.868748322129249573e-03,1.131444470956921577e-03,-1.465814560651779175e-02,8.320469260215759277e-01,8.124327659606933594e-01,8.203766345977783203e-01,7.591999173164367676e-01,7.372615933418273926e-01,6.260237097740173340e-01,6.309946775436401367e-01,1.539581865072250366e-01,5.244531035423278809e-01,-4.926544148474931717e-03
1.761183328926563263e-02,1.672934554517269135e-02,4.459705669432878494e-03,-1.201730500906705856e-02,-8.626738563179969788e-04,-2.854360966011881828e-03,-2.546352567151188850e-03,-1.421028375625610352e-02,1.323251333087682724e-02,6.360635627061128616e-03,1.006946206092834473e+00,9.047523736953735352e-01,9.852600097656250000e-01,-7.803142070770263672e-03,7.902629971504211426e-01,1.021450042724609375e+00,1.011223196983337402e+00,8.083235472440719604e-03,1.010984539985656738e+00,8.004817366600036621e-01
-7.478815387003123760e-04,2.526536583900451660e-03,-8.904244750738143921e-03,4.752139095216989517e-03,5.766846705228090286e-03,3.492038697004318237e-03,-7.349923835135996342e-04,-2.456991234794259071e-03,4.731685039587318897e-04,4.945313557982444763e-03,9.878848791122436523e-01,7.154816985130310059e-01,6.107233762741088867e-01,1.849915683269500732e-01,9.798973202705383301e-01,6.357701495289802551e-03,4.481839481741189957e-03,5.009189844131469727e-01,2.975944988429546356e-02,6.891466379165649414e-01
1.512531656771898270e-03,-7.845128886401653290e-03,9.646971225738525391e-01,9.510791897773742676e-01,9.799659848213195801e-01,5.893466528505086899e-03,2.029447816312313080e-03,4.834010601043701172e-01,1.821885257959365845e-02,6.985116004943847656e-01,1.249236427247524261e-02,-6.060299463570117950e-03,-4.737404640763998032e-03,-2.557910047471523285e-03,-1.621760777197778225e-03,8.969535119831562042e-03,7.825428619980812073e-03,6.630173418670892715e-03,6.114882882684469223e-03,-1.690622448222711682e-04
9.720888733863830566e-01,2.775991559028625488e-01,4.709532018750905991e-03,-2.131875231862068176e-02,5.721597671508789062e-01,3.219825914129614830e-03,-2.237976994365453720e-03,6.972190737724304199e-01,4.228312671184539795e-01,5.637537240982055664e-01,7.882515341043472290e-02,1.151009425520896912e-01,1.263957470655441284e-01,1.495172828435897827e-01,4.693180695176124573e-02,-1.089361961930990219e-03,3.309938684105873108e-02,2.828530501574277878e-03,1.647408120334148407e-02,5.017051938921213150e-03
7.213991193566471338e-05,7.134997844696044922e-01,5.759097337722778320e-01,5.995933413505554199e-01,7.160263657569885254e-01,8.188936114311218262e-01,2.185668423771858215e-02,1.630105450749397278e-02,3.480826690793037415e-02,7.047366499900817871e-01,-1.604680158197879791e-02,-3.851026296615600586e-03,-7.791927782818675041e-04,-1.102310791611671448e-02,5.079464986920356750e-03,2.138961805030703545e-03,-7.555042975582182407e-04,-1.090678945183753967e-02,7.658418733626604080e-03,-3.576623741537332535e-03
1.170668751001358032e-02,2.866419963538646698e-02,2.532699145376682281e-02,4.155137538909912109e-01,9.961067438125610352e-01,1.003737688064575195e+00,4.667299217544496059e-04,2.022667080163955688e-01,-1.569177396595478058e-02,7.913215756416320801e-01,6.278268992900848389e-03,-6.522141629830002785e-04,1.155358040705323219e-03,-4.451280925422906876e-03,-1.024569198489189148e-02,2.133579459041357040e-03,-2.734028501436114311e-03,1.103784982115030289e-02,-4.385067149996757507e-03,-3.731174627318978310e-03
-1.046910765580832958e-03,8.993774652481079102e-01,8.621420264244079590e-01,9.112527370452880859e-01,9.280028343200683594e-01,9.799723029136657715e-01,5.395448952913284302e-02,5.509546995162963867e-01,4.695837199687957764e-01,8.742644190788269043e-01,2.236950909718871117e-03,-4.445221740752458572e-03,3.266966203227639198e-03,-1.056762994267046452e-03,-5.838228971697390079e-04,-1.585996476933360100e-03,4.336277022957801819e-03,2.783771604299545288e-03,3.767526010051369667e-03,1.074450090527534485e-03
2.020910382270812988e-03,5.173740908503532410e-03,4.372302908450365067e-03,-2.841512905433773994e-03,-3.847073065117001534e-03,3.279623109847307205e-03,4.927431233227252960e-03,-2.583430334925651550e-02,2.358614932745695114e-03,-2.860772795975208282e-02,3.095992840826511383e-02,9.854463338851928711e-01,1.015359878540039062e+00,1.011434793472290039e+00,9.767587184906005859e-01,1.011260151863098145e+00,1.013509869575500488e+00,8.078251034021377563e-03,1.009933233261108398e+00,6.109117865562438965e-01
1.095359330065548420e-03,6.150007843971252441e-01,4.945592582225799561e-01,6.773694753646850586e-01,9.935935735702514648e-01,2.400402445346117020e-04,-3.219375852495431900e-03,6.982376575469970703e-01,-1.179764326661825180e-02,6.150373816490173340e-01,-9.111098013818264008e-03,-1.345852110534906387e-02,-2.475075423717498779e-03,-1.546717621386051178e-02,4.521713708527386189e-04,-1.466769818216562271e-02,-2.376110758632421494e-03,1.444977242499589920e-02,-4.396650940179824829e-03,3.652377636171877384e-04
-1.135055674239993095e-03,7.542613744735717773e-01,6.149738430976867676e-01,5.356585383415222168e-01,7.997102737426757812e-01,9.489344954490661621e-01,2.570224404335021973e-01,7.201334238052368164e-01,1.863144040107727051e-01,2.427416145801544189e-01,1.315758675336837769e-01,8.119923062622547150e-03,3.180529549717903137e-02,2.764203585684299469e-02,3.636859357357025146e-02,8.962291292846202850e-03,6.451476365327835083e-02,9.489875286817550659e-03,5.754556879401206970e-02,9.062310680747032166e-03
-5.534210242331027985e-03,-7.083500269800424576e-03,-2.579931402578949928e-03,-3.334539709612727165e-03,-1.379361283034086227e-02,1.493222895078361034e-03,3.902039956301450729e-03,7.546225679107010365e-04,2.764409407973289490e-03,4.886974580585956573e-03,8.204749226570129395e-01,8.249218463897705078e-01,9.136083126068115234e-01,9.518001675605773926e-01,7.749326229095458984e-01,-1.667402801103889942e-03,-4.274622071534395218e-03,9.371982216835021973e-01,8.681595325469970703e-01,6.947015412151813507e-03
8.785270154476165771e-03,2.249073237180709839e-02,3.155220299959182739e-02,2.855063416063785553e-02,3.662295639514923096e-02,3.060157969594001770e-02,1.046917866915464401e-02,3.950890526175498962e-02,1.511747110635042191e-02,5.881097540259361267e-02,-2.139237523078918457e-02,-6.192121072672307491e-04,-6.393698509782552719e-03,-4.094526637345552444e-03,1.881606294773519039e-03,-7.854688912630081177e-03,-5.519232712686061859e-03,-3.507655812427401543e-03,9.619738459587097168e-01,1.740605803206562996e-03
-2.792323939502239227e-03,-1.211699843406677246e-02,8.756343275308609009e-03,-6.729588494636118412e-05,-9.353090077638626099e-03,-5.739815533161163330e-03,-3.447826951742172241e-03,3.528862074017524719e-02,-1.399616617709398270e-02,7.115203738212585449e-01,1.315702944993972778e-01,4.817720502614974976e-02,9.438859671354293823e-02,1.222355142235755920e-01,2.084103226661682129e-02,1.879081712104380131e-03,1.329326303675770760e-03,1.564601808786392212e-02,3.494072938337922096e-03,2.769040584098547697e-04
9.668358415365219116e-02,8.010936975479125977e-01,2.500477805733680725e-02,8.993203639984130859e-01,6.897724866867065430e-01,9.942404031753540039e-01,-7.617206778377294540e-03,7.798147201538085938e-01,-8.810188621282577515e-03,6.712609529495239258e-01,2.478645928204059601e-02,3.451576456427574158e-03,1.038707606494426727e-02,-7.010596804320812225e-03,3.257937729358673096e-03,-1.481939572840929031e-02,-4.794490523636341095e-03,-6.735679693520069122e-03,1.069721858948469162e-02,-3.614966524764895439e-03
-1.980266068130731583e-03,-1.075917202979326248e-02,-1.916273869574069977e-02,-3.044014330953359604e-03,-1.007696706801652908e-02,-1.058355998247861862e-02,-2.877003862522542477e-04,1.392087154090404510e-02,-6.158075761049985886e-03,8.169727027416229248e-02,8.582054972648620605e-01,7.675266861915588379e-01,8.057625889778137207e-01,8.688042759895324707e-01,-6.226215045899152756e-03,-5.314219743013381958e-03,-6.637749262154102325e-03,3.698664251714944839e-03,-4.132643342018127441e-03,-1.441286527551710606e-03
-1.246677129529416561e-03,7.519511580467224121e-01,6.826619505882263184e-01,7.724570631980895996e-01,5.855495333671569824e-01,4.754936397075653076e-01,3.681936562061309814e-01,8.695605397224426270e-01,5.628385543823242188e-01,7.701795697212219238e-01,4.678715392947196960e-02,-7.243333384394645691e-03,-8.223777636885643005e-03,-2.378446515649557114e-03,1.333246473222970963e-02,2.874164492823183537e-04,1.274226140230894089e-02,-6.502182222902774811e-03,-4.736404807772487402e-04,2.979049750138074160e-04
1.018445268273353577e-01,7.291244268417358398e-01,6.402727961540222168e-01,5.102439969778060913e-02,5.279171466827392578e-01,-2.266319096088409424e-02,-1.080607529729604721e-02,1.214609816670417786e-01,-2.398879639804363251e-02,7.652136087417602539e-01,8.502968400716781616e-02,-4.312489181756973267e-03,1.341881230473518372e-02,1.233729422092437744e-01,2.693589404225349426e-02,-8.346744813024997711e-03,2.534358762204647064e-02,5.362688377499580383e-02,9.408140555024147034e-03,-2.932266099378466606e-03
3.910635598003864288e-03,7.353688776493072510e-02,5.598252639174461365e-02,9.946361184120178223e-02,6.374001502990722656e-02,2.738370373845100403e-02,2.403052896261215210e-02,1.122772768139839172e-01,6.615471094846725464e-02,1.709691286087036133e-01,7.383991479873657227e-01,-4.018980637192726135e-02,-3.803871944546699524e-02,-3.315595537424087524e-02,6.028501689434051514e-02,1.526276171207427979e-01,3.207090795040130615e-01,-7.813007570803165436e-03,2.276604026556015015e-01,1.082676579244434834e-03
-5.443007685244083405e-03,-5.324778612703084946e-03,-7.193892262876033783e-03,-1.313516497611999512e-02,-3.488576621748507023e-04,-4.301058128476142883e-03,5.194362020120024681e-04,-4.208303987979888916e-03,-3.158949082717299461e-03,-8.499889634549617767e-03,1.001091957092285156e+00,9.970235824584960938e-01,9.963319301605224609e-01,9.995445013046264648e-01,1.002954721450805664e+00,9.987111687660217285e-01,1.012480735778808594e+00,3.754638507962226868e-02,9.924449324607849121e-01,-1.114996150135993958e-03
1.683664624579250813e-03,8.925238624215126038e-03,5.047663450241088867e-01,9.896721839904785156e-01,8.053598403930664062e-01,1.001999258995056152e+00,1.821038313210010529e-02,9.909383654594421387e-01,9.970862269401550293e-01,7.129361629486083984e-01,-9.891345165669918060e-03,1.381723396480083466e-02,-9.732568636536598206e-03,-3.387324977666139603e-03,-3.686378709971904755e-03,2.819242188706994057e-03,1.019525714218616486e-02,-2.693627262488007545e-03,-3.079495392739772797e-03,3.658077039290219545e-04
2.617457066662609577e-04,3.029919974505901337e-02,9.572232365608215332e-01,9.786334037780761719e-01,9.930871129035949707e-01,9.966987371444702148e-01,2.918479440268129110e-04,7.115546464920043945e-01,2.278165193274617195e-03,8.989393115043640137e-01,-9.077806957066059113e-03,-4.900760017335414886e-03,-1.065821852535009384e-03,-2.180716209113597870e-02,-4.885056987404823303e-03,-1.237149583175778389e-03,-1.129813212901353836e-02,-4.696452524513006210e-03,-2.561330329626798630e-04,-3.173725213855504990e-03
-3.370387712493538857e-03,-1.644032774493098259e-03,5.196902900934219360e-02,1.200667954981327057e-02,6.658131256699562073e-03,-8.696193690411746502e-04,-4.371912218630313873e-03,4.658829793334007263e-02,-2.176405105274170637e-04,1.430373732000589371e-02,-3.434338141232728958e-03,3.945095930248498917e-03,1.576081290841102600e-02,7.725440431386232376e-03,-7.598025258630514145e-03,1.039351336658000946e-02,2.825101139023900032e-03,5.750891752541065216e-03,1.243928167968988419e-02,9.826880879700183868e-03
2.912418218329548836e-03,5.024286801926791668e-04,2.886829078197479248e-01,6.610062718391418457e-01,5.244739055633544922e-01,1.109737250953912735e-02,2.158266725018620491e-03,6.641539335250854492e-01,-8.332408964633941650e-03,7.257934808731079102e-01,3.835888952016830444e-02,3.347618132829666138e-02,1.496530324220657349e-02,1.018158998340368271e-02,2.974863350391387939e-02,-5.459175445139408112e-03,-6.067070178687572479e-03,-5.633878521621227264e-03,-1.744994707405567169e-02,6.262719631195068359e-03
3.621734213083982468e-03,-9.980206377804279327e-03,-1.722685433924198151e-02,-1.883209217339754105e-03,-1.323668938130140305e-02,-2.132375957444310188e-03,-3.902157186530530453e-04,-2.451459318399429321e-02,-1.274185720831155777e-03,-2.093600854277610779e-02,8.530292510986328125e-01,2.680506408214569092e-01,3.760370016098022461e-01,1.102111563086509705e-01,6.532629728317260742e-01,5.867864564061164856e-02,4.916932806372642517e-02,-4.085681866854429245e-03,2.067445218563079834e-02,7.276229858398437500e-01
-7.212976925075054169e-03,-4.643987864255905151e-03,-1.985067687928676605e-02,-2.921538613736629486e-02,-1.633649878203868866e-02,6.549341604113578796e-03,-3.820350393652915955e-04,-2.018644288182258606e-02,2.204842865467071533e-03,-2.320485375821590424e-02,9.007281064987182617e-01,6.967447996139526367e-01,7.296628952026367188e-01,9.397062659263610840e-01,7.478355765342712402e-01,4.962777718901634216e-03,7.003806829452514648e-01,1.867217123508453369e-01,1.163562573492527008e-02,-2.360527636483311653e-03
2.803944982588291168e-03,1.372303068637847900e-02,1.355552580207586288e-02,3.048877045512199402e-02,6.037186365574598312e-03,1.199816912412643433e-02,1.002322416752576828e-02,3.406041115522384644e-02,9.328750893473625183e-03,2.852104231715202332e-02,9.486055970191955566e-01,2.658714652061462402e-01,8.147705346345901489e-03,5.356570705771446228e-03,6.918617486953735352e-01,3.278809785842895508e-02,4.139297455549240112e-02,5.888323187828063965e-01,1.243387535214424133e-02,8.042590022087097168e-01
2.584304893389344215e-03,1.312835142016410828e-02,2.240671962499618530e-02,1.293881796300411224e-02,9.627278894186019897e-03,1.660302095115184784e-02,8.505627512931823730e-03,1.222105510532855988e-02,1.095844246447086334e-02,-1.738345483317971230e-03,8.727214932441711426e-01,2.924729287624359131e-01,9.409003704786300659e-02,2.013161182403564453e-01,3.982513844966888428e-01,1.068411841988563538e-01,7.062376141548156738e-01,1.798404604196548462e-01,6.928059458732604980e-01,2.023645043373107910e-01
-1.417900552041828632e-03,7.936147451400756836e-01,1.000885725021362305e+00,9.860173463821411133e-01,9.890698194503784180e-01,9.848861694335937500e-01,5.887386202812194824e-01,7.084575891494750977e-01,3.922172784805297852e-01,8.688607811927795410e-01,-7.713857572525739670e-03,-9.089194238185882568e-03,1.192116551101207733e-02,2.701631980016827583e-03,7.651489693671464920e-03,-4.286356852389872074e-04,1.064996514469385147e-02,4.108655266463756561e-03,6.928083952516317368e-03,1.355834188871085644e-03
-1.890832791104912758e-03,5.343595519661903381e-03,2.502192184329032898e-02,1.104192994534969330e-02,5.378710106015205383e-03,2.767202211543917656e-03,-3.360706614330410957e-03,6.772720217704772949e-01,2.164450474083423615e-03,8.249967098236083984e-01,-2.803684398531913757e-02,2.800869056954979897e-03,1.152679324150085449e-02,-3.610289888456463814e-03,1.478790584951639175e-02,2.588198520243167877e-03,-2.020479412749409676e-03,7.137902081012725830e-03,1.216278178617358208e-03,8.323406218551099300e-04
-4.748301580548286438e-04,3.794869408011436462e-04,5.552299618721008301e-01,-6.828233017586171627e-04,3.211831673979759216e-02,1.776736695319414139e-03,1.722311950288712978e-03,1.744838654994964600e-01,3.626827383413910866e-03,3.933695852756500244e-01,3.549081273376941681e-03,2.532954327762126923e-02,1.189604401588439941e-02,5.988426040858030319e-03,2.914184704422950745e-03,5.365313263610005379e-04,8.347641676664352417e-03,-3.394238650798797607e-03,1.805251115001738071e-03,-1.919752568937838078e-03
9.342718869447708130e-02,7.800953388214111328e-01,7.811247110366821289e-01,6.688580513000488281e-01,5.586519241333007812e-01,8.764761090278625488e-01,1.953475773334503174e-01,7.537290453910827637e-01,2.731570601463317871e-01,7.635422348976135254e-01,7.178490608930587769e-02,1.966987503692507744e-03,1.551743503659963608e-02,3.052269481122493744e-02,1.883155666291713715e-02,2.206264436244964600e-02,3.607904165983200073e-02,1.578513346612453461e-02,2.218117192387580872e-02,5.990099161863327026e-03
-3.005021950230002403e-03,3.273111069574952126e-03,3.854360431432723999e-02,3.187020123004913330e-02,5.933568347245454788e-03,-1.232504099607467651e-02,-1.806937390938401222e-03,7.825966477394104004e-01,1.603081636130809784e-02,6.972382664680480957e-01,2.920733299106359482e-03,1.270051673054695129e-02,-1.983901485800743103e-02,3.460364788770675659e-02,6.919309496879577637e-03,-2.270620549097657204e-03,-5.962130613625049591e-03,-1.152219343930482864e-02,-2.795577049255371094e-03,-4.330567549914121628e-03
-1.921023824252188206e-03,4.993541166186332703e-03,1.107819005846977234e-02,4.599093808792531490e-04,1.080641429871320724e-02,6.420125719159841537e-03,8.874170482158660889e-03,-1.277637667953968048e-02,1.395339239388704300e-02,-8.491626009345054626e-03,9.907215833663940430e-01,9.118896909058094025e-03,8.148889243602752686e-02,1.355157233774662018e-02,5.989109277725219727e-01,1.013239145278930664e+00,1.011610269546508789e+00,6.451177410781383514e-03,1.007154583930969238e+00,8.124619126319885254e-01
-3.953616600483655930e-03,9.973402619361877441e-01,9.714894294738769531e-01,7.962724566459655762e-01,9.831854701042175293e-01,4.416293930262327194e-03,3.089586971327662468e-03,9.110388159751892090e-02,3.296805778518319130e-03,5.173760056495666504e-01,-2.155932411551475525e-02,9.297349490225315094e-03,1.362856943160295486e-02,1.037173811346292496e-02,1.938685454661026597e-04,7.420281413942575455e-03,3.973532468080520630e-03,-5.310071283020079136e-04,5.354452878236770630e-03,-9.842662839218974113e-04
-8.758112089708447456e-04,-1.597920618951320648e-02,-3.731257980689406395e-03,-1.265636645257472992e-02,-6.174562964588403702e-03,-2.002306468784809113e-02,-6.183667574077844620e-03,2.490493934601545334e-03,-5.452312529087066650e-03,-2.384947426617145538e-02,1.002906680107116699e+00,6.862727403640747070e-01,5.549798607826232910e-01,7.446652054786682129e-01,2.037505805492401123e-01,9.965875744819641113e-01,9.767972230911254883e-01,5.862296223640441895e-01,1.000701904296875000e+00,8.018217086791992188e-01
5.267387023195624352e-04,8.046204447746276855e-01,8.867454528808593750e-01,1.006980776786804199e+00,8.066099286079406738e-01,9.963957071304321289e-01,3.035231530666351318e-01,6.998879313468933105e-01,7.902520895004272461e-01,8.167546391487121582e-01,1.103488728404045105e-03,-5.114644765853881836e-03,1.422820729203522205e-03,2.498306334018707275e-03,-2.646275795996189117e-03,-1.067316532135009766e-02,-1.194206345826387405e-02,1.234476338140666485e-03,-1.034701056778430939e-02,4.450066480785608292e-03
7.967166602611541748e-03,9.367480874061584473e-03,-1.330719050019979477e-02,-8.254952728748321533e-03,4.007740691304206848e-02,-8.780300850048661232e-04,-5.785251967608928680e-03,8.903479203581809998e-03,1.172064337879419327e-03,3.079465776681900024e-02,8.673097491264343262e-01,7.756668925285339355e-01,9.009221196174621582e-01,9.818387031555175781e-01,6.195858120918273926e-01,-1.710486784577369690e-02,-5.088714417070150375e-03,7.736696004867553711e-01,-8.213891647756099701e-03,-4.271978046745061874e-03
2.677128883078694344e-03,-4.731014370918273926e-03,9.502002038061618805e-03,3.106717485934495926e-03,-1.937372609972953796e-03,-6.659817881882190704e-03,-3.694168059155344963e-03,-1.541579514741897583e-02,4.537984728813171387e-03,1.992906071245670319e-02,8.958294391632080078e-01,7.549588568508625031e-03,1.856091171503067017e-01,3.906410336494445801e-01,2.975956201553344727e-01,7.020311355590820312e-01,7.054716944694519043e-01,2.951245903968811035e-01,7.895339131355285645e-01,9.188101440668106079e-02
1.123000495135784149e-02,1.839479245245456696e-02,2.522773668169975281e-02,3.150264173746109009e-02,3.510652109980583191e-02,2.603984251618385315e-02,5.930572282522916794e-03,5.018166080117225647e-02,2.573859645053744316e-03,5.125453695654869080e-02,-2.082967385649681091e-02,-3.247343003749847412e-02,-3.636949229985475540e-03,-3.844912396743893623e-03,-1.426480058580636978e-02,-1.708040572702884674e-02,1.750057637691497803e-01,-1.022336422465741634e-03,6.647731661796569824e-01,-1.899203984066843987e-03
2.296021906659007072e-03,2.506231656298041344e-03,-9.451315738260746002e-03,-7.992984727025032043e-03,-4.153335001319646835e-03,2.731352113187313080e-02,7.672135718166828156e-03,2.852044999599456787e-02,2.326821349561214447e-02,1.722800545394420624e-02,8.871369361877441406e-01,7.204629778861999512e-01,8.026727437973022461e-01,8.964068889617919922e-01,7.996894121170043945e-01,1.002232357859611511e-01,5.971017479896545410e-01,-8.355604484677314758e-03,1.915409117937088013e-01,-4.164312966167926788e-03
3.949660458602011204e-04,-9.193475358188152313e-03,-9.334643371403217316e-03,-2.545663621276617050e-03,-4.739792551845312119e-03,-1.956723164767026901e-03,-1.940506510436534882e-03,6.120106205344200134e-03,4.382765386253595352e-03,1.013203710317611694e-02,8.180083632469177246e-01,7.122869491577148438e-01,8.248460888862609863e-01,9.280288219451904297e-01,8.133407235145568848e-01,1.637230254709720612e-02,1.736117713153362274e-02,9.192989207804203033e-03,1.832405179738998413e-01,-7.034079171717166901e-04
-2.773845626506954432e-04,3.583889454603195190e-03,1.579453353770077229e-03,7.689730846323072910e-04,1.164515153504908085e-03,9.750994443893432617e-01,6.900890264660120010e-03,4.686972796916961670e-01,4.925476610660552979e-01,6.787166595458984375e-01,4.016089439392089844e-02,5.981545522809028625e-02,4.446971043944358826e-02,6.424777954816818237e-02,4.075804352760314941e-02,-3.261637408286333084e-03,8.873383630998432636e-04,-3.847206244245171547e-04,1.672924682497978210e-02,3.149993950501084328e-03
-4.400883044581860304e-04,-1.401468180119991302e-02,-5.963638890534639359e-03,-5.687592551112174988e-03,-4.041310865432024002e-03,-1.011406816542148590e-02,-7.380363065749406815e-03,-1.269381772726774216e-02,-3.029975341632962227e-03,-1.003933604806661606e-02,8.230607509613037109e-01,6.908091902732849121e-01,7.940152287483215332e-01,9.789817333221435547e-01,7.997025847434997559e-01,9.583846330642700195e-01,9.567719697952270508e-01,4.768283572047948837e-03,3.605998307466506958e-02,-2.087629982270300388e-04
-1.639537513256072998e-04,9.631934165954589844e-01,9.822961688041687012e-01,9.642888307571411133e-01,9.658401608467102051e-01,2.409456484019756317e-02,1.994787342846393585e-02,3.694472089409828186e-02,2.305725030601024628e-02,9.328075051307678223e-01,-1.050396915525197983e-02,5.048743332736194134e-05,-4.929970949888229370e-03,-2.999733900651335716e-03,-5.082663847133517265e-04,-1.345655880868434906e-03,2.362984931096434593e-03,1.021975651383399963e-03,2.933754120022058487e-03,-1.522058038972318172e-03
-1.176265883259475231e-03,-1.109774503856897354e-02,-3.988066222518682480e-03,-2.783794328570365906e-02,3.694765269756317139e-02,3.053210675716400146e-03,-8.050711825489997864e-03,1.484708636999130249e-01,-8.132035727612674236e-04,5.850980877876281738e-01,1.760498732328414917e-01,9.133576601743698120e-02,1.411743611097335815e-01,7.064385712146759033e-02,8.673278614878654480e-03,6.147525273263454437e-03,1.641285489313304424e-04,4.282240569591522217e-02,5.750509910285472870e-03,-6.881313165649771690e-04
1.207315013743937016e-03,3.407959011383354664e-04,-3.729589516296982765e-04,-8.951215073466300964e-03,-5.313827656209468842e-03,2.841435139998793602e-03,2.761174691841006279e-03,6.012083962559700012e-03,6.142796017229557037e-03,-4.470089916139841080e-03,9.848955273628234863e-01,9.767570495605468750e-01,9.657887816429138184e-01,9.698510766029357910e-01,9.891023039817810059e-01,1.013642191886901855e+00,1.011403918266296387e+00,6.608452200889587402e-01,1.018097877502441406e+00,9.787755608558654785e-01
2.713060379028320312e-01,5.849988386034965515e-02,-1.766285672783851624e-02,1.206100359559059143e-01,9.754905700683593750e-01,-4.793644766323268414e-04,-4.849825199926272035e-05,4.400383681058883667e-03,-6.639627739787101746e-03,6.545116901397705078e-01,7.605425268411636353e-02,-2.028458984568715096e-03,1.259564980864524841e-02,2.026809193193912506e-02,2.256710827350616455e-02,1.395591534674167633e-04,2.204255014657974243e-02,1.353349443525075912e-02,4.319623112678527832e-03,-6.009718636050820351e-04
1.078250206774100661e-04,-6.150311673991382122e-04,5.641316238325089216e-05,-1.425171922892332077e-02,4.604017361998558044e-02,1.085665263235569000e-02,2.031486108899116516e-02,-1.706799375824630260e-04,1.342213153839111328e-02,2.478992938995361328e-02,9.120882749557495117e-01,7.176241874694824219e-01,8.029844164848327637e-01,7.171268463134765625e-01,3.586772978305816650e-01,1.104526501148939133e-02,2.547969296574592590e-02,-6.606047973036766052e-03,2.921917475759983063e-02,1.896080444566905499e-03
1.965364208444952965e-04,3.576565941330045462e-04,3.835111111402511597e-02,4.158310219645500183e-02,2.060878463089466095e-02,2.338429726660251617e-02,1.192461606115102768e-02,2.505270577967166901e-02,2.089113742113113403e-02,4.006060957908630371e-02,8.977874517440795898e-01,3.439161479473114014e-01,4.324616491794586182e-01,2.412001490592956543e-01,6.473401933908462524e-02,-1.066943816840648651e-02,-6.535993888974189758e-03,1.897044628858566284e-01,-5.430165678262710571e-03,7.232272531837224960e-03
2.409444423392415047e-03,-7.495054742321372032e-04,1.107339747250080109e-02,8.524270728230476379e-03,9.910582304000854492e-01,9.955493211746215820e-01,4.651917610317468643e-03,6.923755407333374023e-01,4.400962498039007187e-03,1.820947974920272827e-02,-2.992290304973721504e-03,1.438591163605451584e-02,-1.200543157756328583e-02,2.242805203422904015e-03,-1.112287770956754684e-02,-6.759450770914554596e-03,-2.805931260809302330e-03,-2.315644524060189724e-04,-3.714380320161581039e-03,7.636828813701868057e-04
-2.593443787191063166e-04,6.981717944145202637e-01,5.954076051712036133e-01,7.852211594581604004e-01,6.122411489486694336e-01,5.108037590980529785e-02,1.804355345666408539e-02,7.018162012100219727e-01,3.157466277480125427e-02,7.836414575576782227e-01,2.710766345262527466e-02,-4.496053792536258698e-03,-1.461260486394166946e-03,-2.753158099949359894e-03,-1.718955114483833313e-02,1.008106023073196411e-02,1.348720304667949677e-02,3.265913575887680054e-03,-4.967649001628160477e-04,2.705938532017171383e-04
3.669185680337250233e-04,8.616431732662022114e-04,-2.439169911667704582e-03,6.150588765740394592e-02,1.597107201814651489e-02,2.357973717153072357e-04,2.972095971927046776e-03,3.647391498088836670e-02,1.157737453468143940e-03,4.131905734539031982e-02,9.495770335197448730e-01,9.654971361160278320e-01,9.677999615669250488e-01,1.479292940348386765e-02,9.884969592094421387e-01,9.825167655944824219e-01,9.744669198989868164e-01,1.336218207143247128e-03,9.929339885711669922e-01,2.667219843715429306e-03
5.294200964272022247e-04,4.800769034773111343e-03,1.703218743205070496e-02,4.059157371520996094e-01,2.035024315118789673e-01,9.995214343070983887e-01,-6.912522483617067337e-03,2.385693415999412537e-02,-1.283555850386619568e-02,7.406730055809020996e-01,-3.684229776263237000e-02,-1.672648079693317413e-02,-8.365916088223457336e-03,-1.226857583969831467e-02,2.832592232152819633e-03,-4.721597768366336823e-03,-1.280772220343351364e-02,3.174459794536232948e-03,1.247093081474304199e-03,1.563385128974914551e-03
4.667573142796754837e-03,9.458738379180431366e-03,-1.934890635311603546e-02,9.394990801811218262e-01,-4.113053437322378159e-03,5.954042077064514160e-03,-7.170180324465036392e-04,-8.248064666986465454e-03,-3.040350973606109619e-03,6.506373286247253418e-01,8.416459709405899048e-02,1.710247993469238281e-02,1.238668803125619888e-02,-1.093644183129072189e-02,-2.320498693734407425e-03,-7.706627715378999710e-03,-2.613741671666502953e-03,5.276319105178117752e-03,5.992545047774910927e-04,1.274814479984343052e-03
7.767245406284928322e-04,8.544860035181045532e-02,1.007184833288192749e-01,3.465137258172035217e-02,6.796387583017349243e-02,5.678208544850349426e-02,4.334716591984033585e-03,7.402110844850540161e-02,2.996931783854961395e-02,1.257542222738265991e-01,7.329585552215576172e-01,-1.092339213937520981e-02,-2.319339103996753693e-02,5.898857712745666504e-01,1.529789566993713379e-01,-1.968477852642536163e-02,3.753629028797149658e-01,6.127998232841491699e-01,2.321240603923797607e-01,-3.804393054451793432e-05
-7.277391850948333740e-04,7.964659333229064941e-01,7.078790068626403809e-01,7.030160427093505859e-01,6.944000720977783203e-01,4.691280424594879150e-01,2.740046083927154541e-01,8.002451062202453613e-01,5.574474930763244629e-01,7.315501570701599121e-01,-1.538106985390186310e-02,3.266984829679131508e-03,-7.584569510072469711e-03,-6.896251812577247620e-03,-4.394944757223129272e-03,2.034600824117660522e-03,-1.401789020746946335e-03,-3.873678855597972870e-03,1.804018160328269005e-03,-2.740030409768223763e-03
-1.202920684590935707e-03,7.132988572120666504e-01,7.871944904327392578e-01,7.205205559730529785e-01,2.983628511428833008e-01,8.189868330955505371e-01,3.706551790237426758e-01,1.153560504317283630e-01,4.418456852436065674e-01,7.153178453445434570e-01,-3.093598037958145142e-02,-1.540006510913372040e-02,-1.216631382703781128e-02,-1.290772575885057449e-02,-2.255463972687721252e-02,-1.011746749281883240e-02,5.262652877718210220e-03,1.185746979899704456e-03,1.177120395004749298e-02,-3.799577243626117706e-03
-3.427119227126240730e-04,1.239648927003145218e-02,1.790778711438179016e-03,9.896291494369506836e-01,4.857252240180969238e-01,9.924060106277465820e-01,3.429639153182506561e-03,9.686760306358337402e-01,5.052341222763061523e-01,9.692087769508361816e-01,4.640091676265001297e-03,1.641548238694667816e-02,1.110755652189254761e-02,-2.296217018738389015e-03,4.745720420032739639e-03,8.430261164903640747e-03,1.196388993412256241e-02,-1.120994426310062408e-02,2.315006591379642487e-02,2.875084290280938148e-03
-4.745267506223171949e-04,1.931050270795822144e-01,6.973754763603210449e-01,7.974844574928283691e-01,9.021660685539245605e-01,-2.394201932474970818e-03,8.800891228020191193e-03,6.072624921798706055e-01,1.129595749080181122e-02,7.795273661613464355e-01,3.335180506110191345e-02,-5.385627970099449158e-03,2.844980452209711075e-03,9.053621441125869751e-03,6.800970062613487244e-03,-4.259476903825998306e-03,2.809567376971244812e-03,6.313344463706016541e-03,-1.280976226553320885e-03,-2.499952446669340134e-03
-7.389020756818354130e-04,3.352867672219872475e-03,-1.473082508891820908e-02,-9.069560095667839050e-03,-6.225368939340114594e-03,-4.599994979798793793e-03,-2.099153352901339531e-03,5.327311344444751740e-03,-6.248175166547298431e-03,2.220646291971206665e-02,9.924830794334411621e-01,4.868862032890319824e-01,4.973163604736328125e-01,2.400407753884792328e-02,5.023635625839233398e-01,9.617867469787597656e-01,9.507173895835876465e-01,8.803357370197772980e-03,8.937093615531921387e-01,2.659279620274901390e-03
-1.659466535784304142e-03,8.089056611061096191e-01,7.332265973091125488e-01,9.219108819961547852e-01,8.841142654418945312e-01,1.000202894210815430e+00,3.342084959149360657e-02,7.770565748214721680e-01,6.832512617111206055e-01,8.844801187515258789e-01,1.058775838464498520e-02,6.143518257886171341e-04,5.130884237587451935e-03,4.916156642138957977e-03,4.216448403894901276e-03,-3.294398542493581772e-03,-5.573800764977931976e-03,5.889223393751308322e-05,1.605195458978414536e-03,-1.583701086929067969e-04
2.519577741622924805e-03,-5.043092183768749237e-03,-7.992127910256385803e-03,-2.923877909779548645e-03,9.599662423133850098e-01,-1.091705169528722763e-02,-3.723475150763988495e-03,7.589241862297058105e-01,2.218972658738493919e-03,5.462789535522460938e-01,4.638091847300529480e-02,4.963857680559158325e-02,3.078407980501651764e-02,4.321138560771942139e-02,1.924997195601463318e-02,1.888803951442241669e-02,3.073987178504467010e-02,1.153986807912588120e-02,3.099732100963592529e-02,-4.026569891721010208e-03
3.526628017425537109e-03,2.320396946743130684e-03,7.648756504058837891e-01,6.798027157783508301e-01,6.828504800796508789e-01,9.716975092887878418e-01,4.750486910343170166e-01,7.559714913368225098e-01,5.894091725349426270e-01,6.689181327819824219e-01,2.253777720034122467e-02,-4.317312035709619522e-03,5.079797119833528996e-04,1.432002615183591843e-02,7.317950483411550522e-03,4.941105842590332031e-03,2.190308272838592529e-02,7.450552657246589661e-03,2.067953534424304962e-02,-3.459930652752518654e-03
6.975119467824697495e-03,2.251728903502225876e-03,4.824286103248596191e-01,5.607894062995910645e-01,2.924970388412475586e-01,4.964895779266953468e-04,-7.766901981085538864e-03,3.426215844228863716e-03,-7.606316357851028442e-03,6.539871096611022949e-01,3.992693126201629639e-02,6.347263231873512268e-03,2.280952595174312592e-02,-3.801084822043776512e-04,5.105364136397838593e-03,1.328726019710302353e-02,1.227222476154565811e-02,6.340751424431800842e-03,1.492065843194723129e-02,3.160024760290980339e-03
5.265394574962556362e-04,6.914091762155294418e-03,-1.636606454849243164e-02,-1.627978123724460602e-02,-2.264505717903375626e-03,-1.118609961122274399e-02,-4.524912801571190357e-04,5.331324413418769836e-02,-1.096642226912081242e-03,1.513504832983016968e-01,8.047447800636291504e-01,8.385359644889831543e-01,8.285187482833862305e-01,8.828911185264587402e-01,6.533212661743164062e-01,6.436452865600585938e-01,6.653923392295837402e-01,4.237403571605682373e-01,3.623470067977905273e-01,1.654114425182342529e-01
-5.121568217873573303e-03,9.480959177017211914e-01,9.386156201362609863e-01,6.872870922088623047e-01,5.839210748672485352e-01,4.580080807209014893e-01,4.574960470199584961e-01,7.651428580284118652e-01,5.524349808692932129e-01,6.638379693031311035e-01,1.151723787188529968e-02,4.386096727102994919e-03,-2.627135021612048149e-03,-9.131594561040401459e-03,-8.251711842603981495e-04,-6.313364021480083466e-03,-4.614267032593488693e-03,-8.252291008830070496e-03,-1.041708746924996376e-03,1.223623985424637794e-03
6.415391806513071060e-03,-4.134088288992643356e-03,7.729621604084968567e-03,-2.131569897755980492e-03,1.199545711278915405e-02,2.034290926530957222e-03,5.294667556881904602e-03,6.284878589212894440e-03,9.458150714635848999e-03,3.310362994670867920e-02,-2.019844017922878265e-03,2.140395715832710266e-02,1.476464793086051941e-02,-1.385420281440019608e-02,9.758205413818359375e-01,7.611161563545465469e-04,9.763550162315368652e-01,6.951037645339965820e-01,9.982390999794006348e-01,7.138644577935338020e-04
8.896048069000244141e-01,7.876208983361721039e-04,4.789485596120357513e-03,8.896045684814453125e-01,6.876074671745300293e-01,-1.863899378804489970e-04,-8.858898072503507137e-04,2.860938310623168945e-01,7.840293049812316895e-01,7.858517765998840332e-01,-6.857806583866477013e-04,3.196324920281767845e-03,4.654867574572563171e-03,5.724607966840267181e-03,1.796050183475017548e-02,-1.062649209052324295e-02,5.497252568602561951e-03,7.356344722211360931e-03,9.661769494414329529e-03,2.660993952304124832e-03
9.474873542785644531e-02,9.347714483737945557e-02,1.950547546148300171e-01,7.764727473258972168e-01,6.816223263740539551e-01,8.978518657386302948e-03,2.379296347498893738e-03,2.757611274719238281e-01,6.846413016319274902e-01,4.699492752552032471e-01,4.279606044292449951e-02,2.729472704231739044e-02,2.612965553998947144e-02,3.399148583412170410e-03,2.897766884416341782e-03,2.744075842201709747e-02,3.851056098937988281e-02,8.917104452848434448e-03,1.560517307370901108e-02,-3.944138588849455118e-04
3.696488449349999428e-03,7.901106476783752441e-01,9.058771133422851562e-01,8.181720972061157227e-01,7.156168818473815918e-01,4.754801690578460693e-01,3.026950657367706299e-01,7.921729087829589844e-01,6.673075556755065918e-01,7.976633310317993164e-01,1.571138505823910236e-03,-1.800922211259603500e-03,-3.267106600105762482e-03,-2.225501695647835732e-03,-1.063841767609119415e-02,-6.894237361848354340e-03,-5.379993002861738205e-03,-7.303669583052396774e-03,-6.978792138397693634e-03,1.483381129219196737e-05
-5.206252099014818668e-04,3.753350302577018738e-02,4.760836064815521240e-02,7.542524337768554688e-01,2.975324392318725586e-01,6.878551095724105835e-03,7.685594260692596436e-03,-4.179084207862615585e-03,7.223008666187524796e-03,3.712593019008636475e-01,5.024630948901176453e-02,7.974599488079547882e-03,1.917972974479198456e-02,4.577229730784893036e-03,8.840329013764858246e-03,2.242657355964183807e-02,7.947877049446105957e-03,6.239209789782762527e-03,3.274881280958652496e-03,-4.191521089524030685e-03
1.396930892951786518e-03,7.884744554758071899e-03,1.165624242275953293e-02,3.191288113594055176e-01,7.255452871322631836e-01,1.062649209052324295e-02,-8.925585076212882996e-03,3.650738298892974854e-02,-2.281422913074493408e-02,7.144740223884582520e-01,2.653293777257204056e-03,-1.798979938030242920e-02,-1.628305763006210327e-02,-2.678762003779411316e-02,-6.160347722470760345e-03,1.178325060755014420e-02,3.005938779097050428e-04,-1.012379582971334457e-02,5.467009614221751690e-04,8.757493458688259125e-03
-1.464691013097763062e-03,-4.707172513008117676e-03,-1.214743498712778091e-02,-7.242246530950069427e-03,-1.489091850817203522e-02,5.376686807721853256e-03,-5.630619707517325878e-04,1.361744944006204605e-02,-6.816603709012269974e-03,4.278887528926134109e-03,9.573451280593872070e-01,9.421180486679077148e-01,9.667480587959289551e-01,9.757073521614074707e-01,9.700217247009277344e-01,-8.808586280792951584e-04,-4.955823998898267746e-03,-5.928699858486652374e-03,-3.012823639437556267e-03,-1.140761014539748430e-07
3.157831961289048195e-03,4.435744602233171463e-03,9.990354627370834351e-02,1.612088084220886230e-01,9.130126796662807465e-03,3.162171691656112671e-03,2.051826450042426586e-04,7.995966076850891113e-02,-1.825325656682252884e-03,1.787164956331253052e-01,7.218976020812988281e-01,-1.180228125303983688e-02,1.927352044731378555e-03,4.221620503813028336e-03,-1.723461900837719440e-03,-5.579470656812191010e-03,-9.967632591724395752e-03,1.455839723348617554e-02,1.056689070537686348e-04,-4.299277905374765396e-03
1.273624971508979797e-02,8.219869807362556458e-03,1.882217638194561005e-02,3.223340213298797607e-02,1.464616134762763977e-02,5.295539740473031998e-03,6.525351200252771378e-03,2.246824093163013458e-02,1.158125698566436768e-02,4.150031879544258118e-02,8.590333461761474609e-01,1.903093457221984863e-01,9.190025180578231812e-02,2.807030975818634033e-01,4.949677288532257080e-01,1.558649074286222458e-02,7.908731698989868164e-03,1.124089956283569336e-02,1.272885315120220184e-02,1.423688954673707485e-03
2.481279894709587097e-03,2.107398584485054016e-02,6.159646902233362198e-03,2.148887887597084045e-02,1.732606068253517151e-02,5.443302914500236511e-03,9.030301123857498169e-03,4.253429360687732697e-03,1.194526627659797668e-02,7.212943397462368011e-03,7.878541946411132812e-01,9.628294035792350769e-03,9.816100597381591797e-01,2.361477352678775787e-02,2.373118512332439423e-02,8.036722540855407715e-01,8.933836817741394043e-01,2.165728015825152397e-03,1.744761317968368530e-02,3.942419886589050293e-01
-1.232929207617416978e-04,7.821213006973266602e-01,8.523352146148681641e-01,8.668821454048156738e-01,5.832630395889282227e-01,4.603468477725982666e-01,3.003492653369903564e-01,6.798457503318786621e-01,5.846856832504272461e-01,7.984455823898315430e-01,5.832962319254875183e-02,-1.316638197749853134e-02,-6.457990384660661221e-04,4.814568441361188889e-03,-7.124163210391998291e-03,-1.110056508332490921e-02,-1.121961791068315506e-02,5.015671718865633011e-03,1.369621721096336842e-03,-5.563289159908890724e-04
-3.442432498559355736e-03,8.069766163825988770e-01,9.002252221107482910e-01,9.066374897956848145e-01,7.084807157516479492e-01,4.948358833789825439e-01,3.883865475654602051e-01,5.582288503646850586e-01,6.950740814208984375e-01,7.677562236785888672e-01,1.377416029572486877e-02,-4.740432836115360260e-03,-1.529996469616889954e-02,-1.555948983877897263e-05,-7.321471814066171646e-03,-1.543319202028214931e-03,7.815731689333915710e-03,1.493775844573974609e-02,1.988990604877471924e-02,-1.311096129938960075e-03
3.418196458369493484e-03,2.070230199024081230e-03,7.248044945299625397e-03,1.552964653819799423e-02,7.794176228344440460e-03,-1.095895655453205109e-03,1.011178130283951759e-03,3.772089490666985512e-03,1.693546655587852001e-03,-4.229811951518058777e-03,7.977384924888610840e-01,1.066051647067070007e-01,4.920409023761749268e-01,-1.679988461546599865e-03,7.002292275428771973e-01,4.092009738087654114e-03,4.963781833648681641e-01,3.704779781401157379e-03,5.657682195305824280e-03,5.313133355230093002e-03
1.844380982220172882e-02,3.936005383729934692e-02,7.388902455568313599e-02,9.219589829444885254e-02,5.590976402163505554e-02,2.210113452747464180e-03,1.018006540834903717e-02,5.475439503788948059e-02,4.229998216032981873e-03,9.972961246967315674e-02,8.421511054039001465e-01,1.752257496118545532e-01,1.711073368787765503e-01,1.855107098817825317e-01,3.902013003826141357e-01,4.917577840387821198e-03,2.303268946707248688e-02,3.076697513461112976e-02,-7.036145543679594994e-04,6.753164343535900116e-03
3.340838011354207993e-03,4.325160384178161621e-02,5.769980698823928833e-02,8.058045059442520142e-02,7.861946523189544678e-02,9.962638840079307556e-03,1.219749636948108673e-02,1.251713931560516357e-01,5.074217915534973145e-02,1.461790651082992554e-01,8.613889813423156738e-01,6.773790717124938965e-01,2.123695313930511475e-01,2.222905457019805908e-01,4.288817048072814941e-01,5.787932872772216797e-01,5.982407927513122559e-01,1.309721916913986206e-01,4.079115092754364014e-01,7.514731585979461670e-02
-2.233392791822552681e-03,7.764773368835449219e-01,7.863502502441406250e-01,7.089882493019104004e-01,8.824785351753234863e-01,4.903967380523681641e-01,2.921212613582611084e-01,8.786364197731018066e-01,5.728581547737121582e-01,7.989806532859802246e-01,4.119920078665018082e-03,6.466261576861143112e-03,4.366123117506504059e-03,-8.188384585082530975e-03,2.373318187892436981e-03,9.988609235733747482e-06,6.949737202376127243e-03,-2.646442153491079807e-04,6.584513466805219650e-03,-8.667499641887843609e-04
-4.303917812649160624e-04,7.945255041122436523e-01,7.109746932983398438e-01,8.712753653526306152e-01,8.947876095771789551e-01,9.901961088180541992e-01,2.727792263031005859e-01,7.078059315681457520e-01,4.913749992847442627e-01,8.056375384330749512e-01,1.357567589730024338e-02,1.430839858949184418e-02,2.120516728609800339e-03,6.982458289712667465e-04,2.759384689852595329e-03,1.719929277896881104e-03,5.417504347860813141e-03,7.173789199441671371e-03,3.488315269351005554e-03,6.646024412475526333e-04
1.563875749707221985e-02,-1.963864779099822044e-03,1.484444248490035534e-03,5.816037300974130630e-04,3.842437267303466797e-02,-8.983601583167910576e-04,-6.471382221207022667e-05,6.489466410130262375e-03,1.172525994479656219e-02,9.129511192440986633e-03,8.593444824218750000e-01,7.026978135108947754e-01,7.234197854995727539e-01,9.558585286140441895e-01,7.740604877471923828e-01,4.170341882854700089e-03,1.347196474671363831e-02,-2.995955757796764374e-03,5.397661589086055756e-03,4.181340627837926149e-04
2.728588879108428955e-03,8.959244005382061005e-03,-7.743186317384243011e-03,2.977951802313327789e-02,1.573126949369907379e-02,-2.083038445562124252e-03,2.943922532722353935e-03,3.535089641809463501e-02,8.274713531136512756e-03,2.335274033248424530e-02,9.489589333534240723e-01,9.463807344436645508e-01,9.521321058273315430e-01,-6.758217234164476395e-03,1.935230046510696411e-01,9.892904758453369141e-01,9.667526483535766602e-01,3.750341245904564857e-03,9.625620245933532715e-01,3.251241287216544151e-03
2.994413953274488449e-03,1.321481354534626007e-02,4.169158637523651123e-02,2.453228831291198730e-01,9.761701226234436035e-01,5.218756385147571564e-03,-1.305991434492170811e-03,1.445038360543549061e-03,-1.194842718541622162e-02,6.749602556228637695e-01,-5.988951772451400757e-03,1.780950278043746948e-02,7.056372240185737610e-03,1.336800958961248398e-02,-5.471819546073675156e-03,1.040090154856443405e-02,-1.580702723003923893e-03,1.047911122441291809e-02,1.133950054645538330e-02,-4.757406422868371010e-04
1.238740631379187107e-03,2.463451819494366646e-03,7.694085240364074707e-01,6.881923079490661621e-01,9.141429066658020020e-01,5.157376639544963837e-03,3.019338008016347885e-03,1.024753414094448090e-02,-1.130319433286786079e-04,6.916748881340026855e-01,-2.039446868002414703e-02,-1.405850751325488091e-03,-1.307961647398769855e-03,2.634178148582577705e-03,-1.667569624260067940e-03,1.322387252002954483e-02,2.673515677452087402e-02,2.811006503179669380e-03,1.245308015495538712e-02,-1.830260036513209343e-03
-2.688205335289239883e-03,7.944971919059753418e-01,7.996841073036193848e-01,8.966736793518066406e-01,6.880299448966979980e-01,1.004816293716430664e+00,3.999837636947631836e-01,5.977128744125366211e-01,6.960962414741516113e-01,1.886969804763793945e-01,3.495740890502929688e-02,1.367256324738264084e-02,-1.384020666591823101e-03,9.017764590680599213e-03,3.069183556362986565e-03,7.601145189255475998e-03,5.277511198073625565e-03,5.560083314776420593e-03,5.344321019947528839e-03,2.751508262008428574e-03
1.554648624733090401e-03,7.080017589032649994e-03,-5.832122638821601868e-03,-1.556415692903101444e-03,-1.704573631286621094e-03,-5.151027813553810120e-03,-7.240690756589174271e-03,-2.258474472910165787e-03,-1.730610674712806940e-04,-1.378717273473739624e-02,9.944282174110412598e-01,8.934347033500671387e-01,8.485332131385803223e-01,9.038931727409362793e-01,5.161017775535583496e-01,4.795349240303039551e-01,7.572098970413208008e-01,7.562097744084894657e-04,1.191888935863971710e-02,8.924429416656494141e-01
1.632069906918331981e-04,9.618884068913757801e-04,2.139868680387735367e-03,2.012577373534440994e-03,9.685081429779529572e-03,3.060499671846628189e-03,7.956715300679206848e-03,1.501463726162910461e-02,1.855318987509235740e-04,3.383509069681167603e-02,9.519350528717041016e-01,9.627308845520019531e-01,9.791563749313354492e-01,9.850509762763977051e-01,1.420327555388212204e-02,-2.984479069709777832e-02,-2.866146154701709747e-02,4.418414086103439331e-03,-7.283117622137069702e-03,-8.384116925299167633e-03
-4.791739338543266058e-04,7.877420783042907715e-01,6.895087957382202148e-01,8.001302480697631836e-01,5.901832580566406250e-01,4.837321937084197998e-01,3.963717818260192871e-01,6.976968646049499512e-01,7.920601367950439453e-01,2.046289443969726562e-01,3.946646116673946381e-03,1.502542989328503609e-03,5.828195717185735703e-03,3.157170955091714859e-03,2.933091251179575920e-03,-3.554216818884015083e-03,3.686796640977263451e-03,-4.907658323645591736e-03,-1.020173914730548859e-02,8.297758758999407291e-04
-1.498655066825449467e-03,7.220802903175354004e-01,8.101232051849365234e-01,8.755777478218078613e-01,7.790259122848510742e-01,5.038276910781860352e-01,4.184478521347045898e-01,7.067517638206481934e-01,5.084811449050903320e-01,7.736412286758422852e-01,2.497615851461887360e-02,2.053139358758926392e-02,3.976407460868358612e-03,1.103817299008369446e-02,1.436831429600715637e-02,1.931063458323478699e-02,1.503157336264848709e-02,-2.362833591178059578e-03,1.975953392684459686e-02,-1.533654867671430111e-03
1.362407114356756210e-03,7.875648736953735352e-01,9.832417964935302734e-01,9.046496748924255371e-01,9.704927802085876465e-01,9.896617531776428223e-01,6.998206377029418945e-01,7.135356068611145020e-01,6.083680987358093262e-01,8.051797151565551758e-01,1.954243518412113190e-03,-5.125380121171474457e-03,-1.493538729846477509e-03,4.934318363666534424e-03,-7.683753035962581635e-03,-2.975808922201395035e-03,1.852818578481674194e-02,3.671780927106738091e-03,9.920404292643070221e-03,-1.250638277269899845e-03
3.756829537451267242e-03,4.421156644821166992e-02,3.665100038051605225e-02,3.953348845243453979e-02,4.499432444572448730e-02,5.532833561301231384e-02,3.011537715792655945e-02,4.489551112055778503e-02,2.720679156482219696e-02,4.721644893288612366e-02,7.520181536674499512e-01,2.665317989885807037e-02,2.060879319906234741e-01,7.008943557739257812e-01,3.787161409854888916e-01,1.014601513743400574e-01,6.251258254051208496e-01,8.878616616129875183e-03,2.525461912155151367e-01,7.275528041645884514e-04
-6.622732616961002350e-04,2.515887841582298279e-03,1.050145737826824188e-02,1.234755385667085648e-03,-6.444256752729415894e-03,-4.198746290057897568e-03,-1.693083206191658974e-03,-1.268749032169580460e-02,-3.578779986128211021e-03,-2.594638615846633911e-02,9.880301952362060547e-01,7.380328178405761719e-01,7.477585077285766602e-01,8.288385272026062012e-01,7.191731929779052734e-01,1.646306551992893219e-02,1.840920746326446533e-02,2.039613127708435059e-01,-1.240029378095641732e-04,5.242484621703624725e-03
-1.344935502856969833e-03,1.123612892115488648e-04,4.420590586960315704e-03,2.048296853899955750e-02,7.302604913711547852e-01,9.402995109558105469e-01,-5.730226635932922363e-03,3.357888758182525635e-02,-6.104464177042245865e-03,4.545434713363647461e-01,8.277890086174011230e-02,6.166615709662437439e-02,3.789693117141723633e-02,5.098032578825950623e-02,-1.840650290250778198e-02,-8.343155495822429657e-03,2.151875197887420654e-02,1.794898882508277893e-02,1.540011377073824406e-03,2.995474787894636393e-04
5.961412563920021057e-03,-4.912078380584716797e-03,-1.432404294610023499e-02,4.648047387599945068e-01,9.284816980361938477e-01,9.734695553779602051e-01,3.946423996239900589e-03,-6.500288378447294235e-03,-3.265548730269074440e-03,7.088759541511535645e-01,3.366592898964881897e-02,-4.892022814601659775e-03,-2.969890832901000977e-03,-3.139924723654985428e-03,4.450537264347076416e-03,-1.297582685947418213e-02,8.517012000083923340e-03,1.771050505340099335e-03,7.066909689456224442e-03,-3.437970066443085670e-03
5.372408404946327209e-02,7.398421764373779297e-01,8.326997756958007812e-01,8.511348962783813477e-01,9.981595873832702637e-01,4.939048588275909424e-01,4.939528703689575195e-01,7.428576350212097168e-01,5.853434801101684570e-01,8.372598290443420410e-01,8.473965339362621307e-03,-6.710995454341173172e-03,-1.072919648140668869e-02,-4.576815292239189148e-03,-9.021987207233905792e-03,-2.157374983653426170e-03,-7.054656278342008591e-03,-1.960374414920806885e-03,-6.283622235059738159e-03,-1.636576373130083084e-03
8.788041472434997559e-01,6.871052980422973633e-01,7.793344259262084961e-01,8.822034001350402832e-01,7.823337912559509277e-01,4.971779882907867432e-01,4.935629665851593018e-01,8.701919317245483398e-01,6.824897527694702148e-01,7.603358030319213867e-01,1.893732324242591858e-02,1.481483690440654755e-03,-9.965802018996328115e-05,-5.848892033100128174e-03,-4.344935528934001923e-03,1.987905241549015045e-02,2.734118141233921051e-02,-5.325140664353966713e-04,2.050353027880191803e-02,2.112207002937793732e-03
1.100574620068073273e-03,5.509060807526111603e-03,1.069447211921215057e-02,1.925377920269966125e-02,-2.055061981081962585e-03,1.570614054799079895e-03,-4.297335166484117508e-03,5.856339260935783386e-02,2.787390490993857384e-03,4.826647788286209106e-02,9.292708039283752441e-01,4.459615945816040039e-01,5.036340951919555664e-01,9.472618699073791504e-01,5.270463880151510239e-03,-6.407755892723798752e-03,1.252102199941873550e-03,-2.230240497738122940e-03,-3.978486638516187668e-03,1.190111390314996243e-03
5.358819034881889820e-04,2.779026329517364502e-01,2.189140319824218750e-01,7.049084305763244629e-01,5.669071674346923828e-01,5.335546564310789108e-03,4.211424849927425385e-03,1.088679879903793335e-01,7.598540280014276505e-03,5.228709578514099121e-01,-2.090178243815898895e-02,-8.413100615143775940e-03,-2.100823447108268738e-02,-7.538860198110342026e-03,-1.883348263800144196e-02,-1.418763771653175354e-03,-8.052131161093711853e-03,-5.909469444304704666e-03,-5.322605371475219727e-03,2.533243387006223202e-04
3.901942074298858643e-01,8.059191107749938965e-01,7.917705774307250977e-01,6.891785264015197754e-01,8.765631914138793945e-01,4.086564853787422180e-02,3.123423457145690918e-02,6.657130122184753418e-01,3.807589784264564514e-02,7.057664990425109863e-01,4.241197556257247925e-02,7.085092831403017044e-03,1.681889290921390057e-03,9.036626666784286499e-03,1.490466482937335968e-02,1.419698353856801987e-02,3.811654075980186462e-02,9.741790592670440674e-03,1.926103606820106506e-02,2.489451551809906960e-03
7.873068680055439472e-04,2.068357914686203003e-02,4.808424785733222961e-02,3.334583640098571777e-01,2.558301389217376709e-02,9.741829037666320801e-01,1.865085028111934662e-02,1.947002112865447998e-02,1.269326824694871902e-02,7.737660408020019531e-01,-2.770928293466567993e-02,1.918286550790071487e-03,-2.430037595331668854e-03,9.318140335381031036e-03,7.931949570775032043e-03,1.204986870288848877e-02,1.011442113667726517e-02,4.456469905562698841e-04,-8.309143595397472382e-03,-1.198332640342414379e-03
-1.593653811141848564e-03,-6.730331573635339737e-03,6.463164463639259338e-03,1.192713435739278793e-02,9.898981451988220215e-01,-6.451234221458435059e-03,-3.705767914652824402e-03,9.900860190391540527e-01,-3.133998950943350792e-03,7.745081782341003418e-01,-1.570803462527692318e-03,-6.231950130313634872e-03,3.355316352099180222e-03,9.290864691138267517e-04,-6.651096511632204056e-03,-1.060482580214738846e-03,-4.716566181741654873e-04,-1.893127802759408951e-03,-1.888467697426676750e-03,-3.472633892670273781e-03
5.730543136596679688e-01,8.013521432876586914e-01,7.059078812599182129e-01,7.937440276145935059e-01,7.001197338104248047e-01,4.895867407321929932e-01,4.019440710544586182e-01,8.906022310256958008e-01,5.994163155555725098e-01,6.709851622581481934e-01,4.911047406494617462e-03,-7.299149408936500549e-03,1.591083564562723041e-04,-7.418558234348893166e-04,-1.160693005658686161e-03,5.433234386146068573e-03,-9.600019082427024841e-03,-4.534542560577392578e-03,6.319527747109532356e-04,-4.409016575664281845e-03
3.019192954525351524e-03,4.772084578871726990e-02,6.740921139717102051e-01,7.911522388458251953e-01,1.618707319721579552e-03,-3.234975738450884819e-04,6.698766374029219151e-04,7.094104290008544922e-01,3.595780208706855774e-02,7.952508330345153809e-01,-1.582490652799606323e-02,-4.783549520652741194e-04,-5.093543790280818939e-03,-9.453566744923591614e-03,-7.503643166273832321e-03,-7.649970240890979767e-03,-4.332255106419324875e-03,-1.231875736266374588e-02,-4.681636113673448563e-03,-6.367925554513931274e-03
5.839744806289672852e-01,8.848188519477844238e-01,8.054484724998474121e-01,8.184922337532043457e-01,9.022360444068908691e-01,4.659825265407562256e-01,4.749511480331420898e-01,4.978924095630645752e-01,4.639997184276580811e-01,7.763561606407165527e-01,1.906067691743373871e-02,4.263295326381921768e-03,3.744263201951980591e-03,4.689048510044813156e-03,1.973228761926293373e-03,1.561064622364938259e-03,4.255996318534016609e-04,-3.412043733987957239e-04,3.268199972808361053e-03,3.635802539065480232e-03
2.124724211171269417e-03,-9.850277565419673920e-03,-2.650257665663957596e-03,-1.311734691262245178e-02,-7.083262782543897629e-03,4.118146374821662903e-03,-1.041246810927987099e-03,-2.078231982886791229e-02,5.106267519295215607e-03,-1.115843839943408966e-02,9.086769819259643555e-01,8.840695023536682129e-01,9.210090637207031250e-01,1.861920654773712158e-01,8.111276626586914062e-01,9.929553866386413574e-01,9.924841523170471191e-01,7.860049605369567871e-02,8.827698230743408203e-01,8.764601498842239380e-02
-5.620519164949655533e-03,-2.147834515199065208e-03,-8.657932281494140625e-03,-6.624813657253980637e-03,-1.950973412021994591e-03,-1.171356532722711563e-03,4.301683511584997177e-03,1.170294079929590225e-02,8.093601092696189880e-03,-9.695881977677345276e-03,9.628269672393798828e-01,9.415509700775146484e-01,9.642555117607116699e-01,9.539245963096618652e-01,9.993460178375244141e-01,1.026695132255554199e+00,1.035945177078247070e+00,1.941379345953464508e-02,1.011010885238647461e+00,8.271372318267822266e-01
-6.390026537701487541e-04,7.488484978675842285e-01,8.218707442283630371e-01,8.972886204719543457e-01,9.942163825035095215e-01,1.646650210022926331e-02,2.832735329866409302e-02,7.900830507278442383e-01,3.865921869874000549e-02,7.628306150436401367e-01,-7.322503253817558289e-03,-2.018508501350879669e-03,-3.028416540473699570e-03,-1.122366730123758316e-02,-1.846141996793448925e-03,2.003446221351623535e-03,-1.002572383731603622e-02,-1.504185609519481659e-03,-3.543454688042402267e-03,9.249331778846681118e-04
4.742919409181922674e-04,4.014782141894102097e-03,7.107917685061693192e-03,-6.031073862686753273e-04,1.093305461108684540e-02,1.540509052574634552e-02,5.214361008256673813e-03,1.305310986936092377e-02,2.362824045121669769e-03,2.437278814613819122e-02,8.904501795768737793e-01,6.776971220970153809e-01,8.012416958808898926e-01,8.958325386047363281e-01,7.040667533874511719e-01,9.977755695581436157e-02,7.938592433929443359e-01,7.722706347703933716e-02,2.914962768554687500e-01,-5.274544470012187958e-03
-1.089206081815063953e-03,6.822953224182128906e-01,7.691878080368041992e-01,8.523585200309753418e-01,5.809770822525024414e-01,3.142242133617401123e-02,3.219936043024063110e-02,9.665647149085998535e-01,3.910394385457038879e-02,1.872159391641616821e-01,4.986473545432090759e-02,8.527792990207672119e-03,1.058159582316875458e-02,1.348773133940994740e-03,5.360560957342386246e-03,1.218554563820362091e-02,2.139344997704029083e-02,-4.470691550523042679e-03,7.824780419468879700e-03,2.384485304355621338e-02
-3.441247390583157539e-03,-2.762031042948365211e-03,-1.794066466391086578e-02,-1.521335728466510773e-02,-1.559960749000310898e-02,7.233798969537019730e-03,-2.538768108934164047e-03,8.592274039983749390e-03,-7.692086976021528244e-03,-1.474417746067047119e-03,1.006043791770935059e+00,9.618573784828186035e-01,1.006476759910583496e+00,9.327067732810974121e-01,9.802839756011962891e-01,1.019288063049316406e+00,1.010999560356140137e+00,7.406809017993509769e-04,9.964547157287597656e-01,-2.038442995399236679e-03
2.504441654309630394e-04,9.640015363693237305e-01,9.490405917167663574e-01,9.585589766502380371e-01,7.639199495315551758e-01,1.004980921745300293e+00,2.220564149320125580e-02,7.040549516677856445e-01,3.239429295063018799e-01,7.745392918586730957e-01,-2.065792493522167206e-02,-9.516127407550811768e-03,1.983119174838066101e-03,-1.041628420352935791e-02,-1.113918609917163849e-02,-9.150174446403980255e-03,-5.884501151740550995e-04,2.177596092224121094e-03,-7.090223487466573715e-03,-6.269592558965086937e-04
1.002340465784072876e-01,8.998370170593261719e-01,9.040001034736633301e-01,8.007491230964660645e-01,8.955718278884887695e-01,1.006005644798278809e+00,2.998946607112884521e-01,8.929867148399353027e-01,7.981897592544555664e-01,8.986592292785644531e-01,-1.702389307320117950e-02,1.452871784567832947e-02,5.857996875420212746e-04,-9.701400063931941986e-03,3.572202753275632858e-03,1.698598451912403107e-02,1.530598662793636322e-02,3.066626144573092461e-03,5.587404128164052963e-03,5.965360440313816071e-03
9.225862473249435425e-02,2.869783937931060791e-01,5.655782222747802734e-01,7.882409095764160156e-01,9.886322617530822754e-01,7.888326793909072876e-02,8.343447744846343994e-02,6.995252966880798340e-01,7.427067495882511139e-03,7.891042828559875488e-01,-4.202009004075080156e-04,-6.901550572365522385e-03,-4.642313346266746521e-03,4.323198925703763962e-03,-9.645682759582996368e-03,1.051294035278260708e-03,-2.861620625481009483e-03,2.423640107735991478e-04,-7.907125109340995550e-05,-8.332254365086555481e-04
9.044601917266845703e-01,5.837228298187255859e-01,6.856486797332763672e-01,2.003307789564132690e-01,8.085044026374816895e-01,2.964612245559692383e-01,1.970900744199752808e-01,8.966898322105407715e-01,5.045514702796936035e-01,7.939217090606689453e-01,-3.703978285193443298e-02,-1.328267622739076614e-02,-3.521883161738514900e-03,2.194814570248126984e-02,2.210232987999916077e-02,-1.537453266791999340e-03,4.238788969814777374e-03,-5.272101145237684250e-03,2.413262991467490792e-04,3.173722187057137489e-03
4.279087297618389130e-03,1.452003233134746552e-02,1.401086002588272095e-01,8.077147006988525391e-01,-7.561421371065080166e-04,4.235571541357785463e-04,-1.145871006883680820e-03,9.029859900474548340e-01,-4.841619171202182770e-03,7.902340292930603027e-01,2.686359919607639313e-03,-5.448562558740377426e-03,-1.053149532526731491e-02,2.359690377488732338e-03,2.342886291444301605e-03,1.556463260203599930e-02,1.181520055979490280e-02,-2.558263484388589859e-03,5.019982811063528061e-03,2.876996062695980072e-03
-1.170792529592290521e-04,7.503917813301086426e-02,1.110313758254051208e-01,9.402639418840408325e-02,9.890647232532501221e-02,4.987717047333717346e-02,3.780135139822959900e-02,1.111688539385795593e-01,6.964980810880661011e-02,1.490911245346069336e-01,8.823638558387756348e-01,8.797614835202693939e-03,1.691239327192306519e-02,2.588711120188236237e-02,1.128902100026607513e-02,3.110850928351283073e-03,1.157042291015386581e-02,-9.189605480059981346e-04,1.262902282178401947e-02,2.748652826994657516e-03
7.145285606384277344e-02,8.495736867189407349e-03,2.926858700811862946e-02,9.489673376083374023e-01,-1.277185510843992233e-04,3.899268573150038719e-03,-2.197261434048414230e-03,6.600530818104743958e-03,-4.280201625078916550e-03,6.765725612640380859e-01,1.117160990834236145e-01,1.596090197563171387e-02,-6.404016632586717606e-03,4.674925876315683126e-04,-3.430376993492245674e-03,-5.747087299823760986e-03,-1.300278585404157639e-03,1.486165449023246765e-02,3.495865268632769585e-03,2.816634252667427063e-03
3.574135189410299063e-04,6.627683043479919434e-01,1.075305975973606110e-02,-1.047626603394746780e-02,-7.266717962920665741e-03,9.839536547660827637e-01,1.245384197682142258e-02,7.487493157386779785e-01,6.691760420799255371e-01,7.552544474601745605e-01,1.822165586054325104e-02,-7.137158885598182678e-03,-1.309799961745738983e-02,2.224187366664409637e-02,1.215574517846107483e-02,-1.090165041387081146e-02,7.198295556008815765e-03,-6.777871865779161453e-03,9.328811429440975189e-03,-4.959679790772497654e-04
8.416052162647247314e-02,1.689079962670803070e-02,6.353384852409362793e-01,6.462505459785461426e-01,5.436642169952392578e-01,-7.278332952409982681e-03,5.606244318187236786e-03,3.163850605487823486e-01,-4.786530043929815292e-03,6.351071596145629883e-01,2.965683490037918091e-02,-4.149024840444326401e-03,1.174807082861661911e-03,2.181307785212993622e-02,8.344754576683044434e-03,-1.145543530583381653e-02,-9.113464504480361938e-03,1.935872063040733337e-02,-7.175771519541740417e-03,3.951957914978265762e-03
5.568445776589214802e-04,-5.209844559431076050e-03,-1.020294032059609890e-03,3.986695315688848495e-03,-2.730095060542225838e-03,5.905154626816511154e-03,2.968473709188401699e-04,3.344223834574222565e-03,1.968916039913892746e-03,3.990412503480911255e-02,8.465278744697570801e-01,7.553741931915283203e-01,9.458442926406860352e-01,9.663107991218566895e-01,7.625255584716796875e-01,9.617313146591186523e-01,9.539071917533874512e-01,2.602661252021789551e-01,9.736350774765014648e-01,-1.541822275612503290e-04
9.082727134227752686e-03,9.567779302597045898e-01,9.056029319763183594e-01,9.297057986259460449e-01,9.721564054489135742e-01,4.655196368694305420e-01,9.032533504068851471e-03,4.752379059791564941e-01,1.337885484099388123e-02,9.297249913215637207e-01,6.228642538189888000e-02,3.766827983781695366e-03,2.013658173382282257e-02,-8.282533381134271622e-04,1.210603304207324982e-02,1.455361582338809967e-02,2.872807160019874573e-02,2.723348140716552734e-02,1.087875757366418839e-02,4.740673583000898361e-03
2.588892281055450439e-01,1.488980948925018311e-01,2.344463318586349487e-01,4.981356263160705566e-01,2.951257824897766113e-01,-1.263028290122747421e-02,-1.446331106126308441e-02,5.762885808944702148e-01,-1.479711942374706268e-02,-5.043528508394956589e-04,1.695840358734130859e-01,9.710890799760818481e-02,8.775446563959121704e-02,9.927067160606384277e-02,9.019406139850616455e-02,-1.006819540634751320e-03,-8.965638116933405399e-04,3.715838864445686340e-02,-1.495004864409565926e-03,4.716735333204269409e-02
3.621565119829028845e-04,7.931261658668518066e-01,8.946597576141357422e-01,8.919258713722229004e-01,7.840292453765869141e-01,4.776581823825836182e-01,2.911695241928100586e-01,9.905053675174713135e-02,2.826282680034637451e-01,1.074484139680862427e-01,3.464486077427864075e-02,6.745575461536645889e-03,3.029430285096168518e-03,1.440956536680459976e-02,1.555250957608222961e-02,9.079824201762676239e-03,2.604938857257366180e-02,1.670414581894874573e-02,1.081700157374143600e-02,-5.408283323049545288e-03
1.117538078688085079e-03,4.001219291239976883e-03,-5.729816388338804245e-03,3.764020279049873352e-03,2.106230519711971283e-02,2.591972239315509796e-03,-2.130737062543630600e-03,-1.341467909514904022e-02,5.137819331139326096e-03,-1.634706184267997742e-02,8.966408371925354004e-01,6.995765566825866699e-01,8.069178462028503418e-01,9.177450537681579590e-01,7.192345261573791504e-01,1.484428159892559052e-02,2.893234603106975555e-02,-7.960657589137554169e-03,1.931494288146495819e-02,6.055588722229003906e-01
-2.601962769404053688e-03,9.237011671066284180e-01,8.890774846076965332e-01,9.225680232048034668e-01,9.209462404251098633e-01,5.457360669970512390e-02,4.492042213678359985e-02,7.557147741317749023e-01,7.304844260215759277e-02,8.021483421325683594e-01,-3.537745028734207153e-02,-1.839093863964080811e-02,-1.659614220261573792e-02,-1.318912021815776825e-02,-2.942326106131076813e-02,-1.596521958708763123e-02,-5.203677341341972351e-03,-5.517663899809122086e-03,-1.297141890972852707e-03,5.081510171294212341e-03
2.260670531541109085e-03,8.126000761985778809e-01,9.317487478256225586e-01,8.599079251289367676e-01,8.992425203323364258e-01,5.059479475021362305e-01,4.991248250007629395e-01,7.847998142242431641e-01,6.917817592620849609e-01,9.010734558105468750e-01,-1.138194929808378220e-02,-3.175575518980622292e-03,6.416270043700933456e-03,-7.216422818601131439e-03,-2.609073184430599213e-03,-1.183979399502277374e-02,-1.133188884705305099e-02,-3.524050116539001465e-03,-1.970586599782109261e-04,-1.008173421723768115e-04
2.032749354839324951e-03,8.200775980949401855e-01,9.156126976013183594e-01,1.007145404815673828e+00,9.118371009826660156e-01,1.004213094711303711e+00,6.808949112892150879e-01,7.270979881286621094e-01,8.090916275978088379e-01,8.355543613433837891e-01,-9.484352543950080872e-03,1.493930537253618240e-02,-4.522129427641630173e-03,-5.550810135900974274e-03,-1.216065065818838775e-04,-9.787059389054775238e-03,-7.405063603073358536e-03,6.831919890828430653e-04,-2.212629187852144241e-03,-7.095494074746966362e-04
-3.037317888811230659e-03,5.755887925624847412e-02,-4.312910605221986771e-03,7.901012897491455078e-03,4.151572659611701965e-02,3.336032480001449585e-02,2.781452052295207977e-02,6.003285571932792664e-02,4.408148303627967834e-02,9.810975939035415649e-02,8.688699603080749512e-01,2.813288243487477303e-03,6.689819972962141037e-03,9.398595094680786133e-01,6.388472914695739746e-01,-3.738762345165014267e-03,8.205370046198368073e-03,-6.919285748153924942e-03,-4.870956297963857651e-03,-5.959635600447654724e-03
2.095314441248774529e-03,3.373254556208848953e-03,2.462937729433178902e-03,8.578943088650703430e-04,1.118603907525539398e-02,5.928774829953908920e-03,2.594744320958852768e-03,1.318460796028375626e-02,-9.049610816873610020e-04,1.336774136871099472e-02,9.522156119346618652e-01,6.652406454086303711e-01,6.558889746665954590e-01,9.635738134384155273e-01,5.735722780227661133e-01,-3.509551286697387695e-03,1.378467213362455368e-02,5.983897447586059570e-01,1.735264668241143227e-03,9.852483272552490234e-01
3.573661204427480698e-03,-4.300387576222419739e-03,-6.911140866577625275e-03,-1.879732869565486908e-02,2.450736239552497864e-03,-4.829260986298322678e-03,-1.240421202965080738e-03,-1.888272725045681000e-02,-1.452458556741476059e-03,5.916911736130714417e-02,9.227682352066040039e-01,3.162920102477073669e-02,7.731140255928039551e-01,9.438654780387878418e-01,1.812172494828701019e-02,-2.022732282057404518e-03,-5.038269795477390289e-03,5.820906534790992737e-02,-1.624390482902526855e-03,5.589703097939491272e-03
-1.928731682710349560e-03,1.514211110770702362e-02,-1.377642387524247169e-03,2.631270512938499451e-02,1.205864921212196350e-02,5.510957445949316025e-03,-5.333995446562767029e-03,3.527576476335525513e-02,-4.127116873860359192e-03,1.797603070735931396e-02,9.650006294250488281e-01,3.331745509058237076e-03,6.916316747665405273e-01,-1.750880666077136993e-02,4.811860322952270508e-01,9.767015576362609863e-01,9.698386788368225098e-01,-1.783587271347641945e-03,9.814558625221252441e-01,8.876404166221618652e-01
-1.135513093322515488e-02,4.177361726760864258e-03,-2.283998392522335052e-02,-1.515045482665300369e-02,-3.239553049206733704e-02,2.744656521826982498e-03,-2.139133866876363754e-03,-2.874253690242767334e-02,-6.224059034138917923e-04,-1.281907595694065094e-02,9.974918961524963379e-01,6.964437961578369141e-01,9.809746146202087402e-01,3.062200732529163361e-02,7.370120882987976074e-01,1.021640658378601074e+00,1.036395788192749023e+00,2.940711677074432373e-01,1.027288079261779785e+00,9.903077483177185059e-01
-3.472482785582542419e-03,3.950132057070732117e-03,4.539383053779602051e-01,-8.971642702817916870e-03,6.563602089881896973e-01,1.388665568083524704e-02,7.070506922900676727e-03,1.260896921157836914e-01,9.811279363930225372e-03,6.547020673751831055e-01,5.851563997566699982e-03,-5.869542248547077179e-03,-1.062561478465795517e-02,-3.759011393412947655e-03,5.001777317374944687e-03,2.865032479166984558e-02,2.110525593161582947e-02,2.088414505124092102e-02,1.936716400086879730e-02,5.230836686678230762e-04
9.199637174606323242e-02,8.914361000061035156e-01,7.966188192367553711e-01,8.702571988105773926e-01,7.979816794395446777e-01,4.810208082199096680e-01,4.679442942142486572e-01,2.660626769065856934e-01,4.753040373325347900e-01,6.928061842918395996e-01,1.364268176257610321e-02,-7.061010226607322693e-03,-1.674723438918590546e-02,-2.781057171523571014e-02,-3.579153446480631828e-03,6.157639436423778534e-03,1.224526669830083847e-02,6.498800124973058701e-03,7.772615645080804825e-04,-3.438896732404828072e-03
4.075483884662389755e-03,7.791548371315002441e-01,6.995723247528076172e-01,7.930096983909606934e-01,3.963886201381683350e-01,9.772846698760986328e-01,1.799494624137878418e-01,2.736849524080753326e-02,1.814137026667594910e-02,5.068727135658264160e-01,3.400363959372043610e-03,-8.756699040532112122e-03,-4.027768038213253021e-03,-3.330500912852585316e-04,-3.790475660935044289e-03,-3.086328739300370216e-03,1.537526212632656097e-02,6.433567497879266739e-03,-1.615895517170429230e-02,3.874143003486096859e-04
-1.669472781941294670e-03,3.575106710195541382e-02,9.535936266183853149e-02,1.013961955904960632e-01,7.723112404346466064e-02,1.356493402272462845e-02,1.601639389991760254e-02,8.346362411975860596e-02,2.183687174692749977e-03,1.944259703159332275e-01,6.861081719398498535e-01,3.977834433317184448e-02,5.518002063035964966e-02,1.263261735439300537e-01,7.275390625000000000e-02,3.848746418952941895e-01,3.970739245414733887e-01,2.493355572223663330e-01,1.980499625205993652e-01,1.112726400606334209e-03
1.038155518472194672e-03,7.847497463226318359e-01,6.982690691947937012e-01,6.963828206062316895e-01,5.689672231674194336e-01,4.817568957805633545e-01,3.948248922824859619e-01,1.015281319618225098e+00,6.803801655769348145e-01,7.850248217582702637e-01,-3.498800098896026611e-03,-1.073248498141765594e-02,-1.206036563962697983e-02,-1.388464495539665222e-02,-2.352161100134253502e-03,9.592735208570957184e-03,9.255928918719291687e-03,2.812895691022276878e-04,1.282824296504259109e-02,-9.304386912845075130e-04
5.059898365288972855e-03,1.450624130666255951e-02,5.009254440665245056e-03,3.232470527291297913e-02,3.679071366786956787e-02,6.541376467794179916e-03,2.704213140532374382e-03,6.045302841812372208e-03,-7.616108749061822891e-03,3.273337706923484802e-02,8.546155691146850586e-01,5.573155283927917480e-01,7.600384950637817383e-01,-1.673825085163116455e-03,2.576040029525756836e-01,1.042641513049602509e-02,1.354264328256249428e-03,6.776236295700073242e-01,5.419272929430007935e-03,-1.243962673470377922e-03
-1.713121426291763783e-03,8.008107542991638184e-01,8.712896108627319336e-01,8.342903852462768555e-01,7.158288359642028809e-01,9.883436560630798340e-01,-7.928235456347465515e-03,2.703064382076263428e-01,4.620597958564758301e-01,8.099145889282226562e-01,7.015742827206850052e-03,-9.454709477722644806e-03,-1.908844895660877228e-02,-2.144071506336331367e-03,-1.285582967102527618e-02,4.506730940192937851e-03,1.508415024727582932e-02,1.766955247148871422e-03,1.035405416041612625e-02,-3.328984894324094057e-05
1.727108098566532135e-02,2.514220587909221649e-02,3.073614649474620819e-02,-2.782641677185893059e-03,1.690288633108139038e-02,6.744844722561538219e-05,5.722305737435817719e-03,2.893143519759178162e-02,2.997091598808765411e-02,6.493228673934936523e-02,8.192523121833801270e-01,6.418215036392211914e-01,8.585987091064453125e-01,9.050690531730651855e-01,5.717877745628356934e-01,9.394683837890625000e-01,9.450482726097106934e-01,9.660442173480987549e-02,2.795295417308807373e-01,5.867617204785346985e-03
6.373857613652944565e-03,3.930609300732612610e-02,5.432475358247756958e-02,6.441649049520492554e-02,4.765875637531280518e-02,7.551410701125860214e-03,9.190039709210395813e-03,7.654998451471328735e-02,9.477640502154827118e-03,1.010596305131912231e-01,7.866230010986328125e-01,-6.450218614190816879e-03,-1.270867302082479000e-03,-8.465648628771305084e-03,-7.073306944221258163e-03,-7.229494862258434296e-03,-1.797609217464923859e-02,-1.159185357391834259e-02,-1.031292136758565903e-02,3.761752275750041008e-03
-1.406990777468308806e-04,8.078131675720214844e-01,7.280147671699523926e-01,7.236359119415283203e-01,6.388745307922363281e-01,2.085453271865844727e-02,4.985771141946315765e-03,8.311119079589843750e-01,8.515956811606884003e-03,7.237043380737304688e-01,-1.560654211789369583e-02,8.670198731124401093e-04,-2.647071960382163525e-05,-6.309052929282188416e-03,5.816227290779352188e-03,2.854912541806697845e-03,-6.443158257752656937e-03,-2.122097212122753263e-04,3.457595303189009428e-04,-8.707240340299904346e-06
-5.571974441409111023e-03,-3.717296640388667583e-04,8.559328853152692318e-04,-5.128678400069475174e-03,-1.003232505172491074e-02,-6.506893783807754517e-03,-5.862813908606767654e-03,1.629158295691013336e-02,4.461552016437053680e-04,-4.538995679467916489e-03,9.323663711547851562e-01,9.116662740707397461e-01,9.348644018173217773e-01,9.589221477508544922e-01,9.021787047386169434e-01,2.084042935166507959e-04,-1.269535534083843231e-02,6.523261964321136475e-02,-1.605480909347534180e-03,7.903556823730468750e-01
-1.170499599538743496e-03,6.769860386848449707e-01,5.757630467414855957e-01,6.551918387413024902e-01,3.849293291568756104e-01,4.473218917846679688e-01,2.791802883148193359e-01,6.341904997825622559e-01,4.459594786167144775e-01,5.324432253837585449e-01,7.438605278730392456e-02,2.908202074468135834e-02,1.823350787162780762e-02,2.404594793915748596e-02,3.316154330968856812e-02,2.549035474658012390e-02,2.776155620813369751e-02,1.139017380774021149e-02,-2.233596518635749817e-03,1.787519548088312149e-03
-2.328939735889434814e-03,8.070268668234348297e-03,7.088931798934936523e-01,9.798732995986938477e-01,8.959860801696777344e-01,9.005463719367980957e-01,-1.405608002096414566e-02,7.614420652389526367e-01,7.230059243738651276e-03,7.028121948242187500e-01,1.146037038415670395e-02,1.682439818978309631e-02,7.664292585104703903e-03,-6.477422080934047699e-03,1.104225171729922295e-03,3.516833763569593430e-03,2.530069788917899132e-03,-8.248725789599120617e-04,3.087033517658710480e-03,-9.595588198862969875e-04
-2.813314087688922882e-03,-4.272665828466415405e-03,-1.097334828227758408e-02,-1.862950995564460754e-02,-1.304684951901435852e-02,-4.930883646011352539e-03,1.160699641332030296e-03,7.297466993331909180e-01,7.335326075553894043e-02,5.990082621574401855e-01,1.303832978010177612e-01,1.028138846158981323e-01,9.963749349117279053e-02,9.133110195398330688e-02,8.112983405590057373e-02,6.356424838304519653e-02,6.160502508282661438e-02,1.298183295875787735e-02,5.671908333897590637e-02,8.838514797389507294e-03
3.898124676197767258e-03,8.688488602638244629e-01,-9.116221219301223755e-03,9.751502275466918945e-01,9.690227508544921875e-01,9.699744582176208496e-01,-4.661568440496921539e-03,8.835414648056030273e-01,6.660066246986389160e-01,8.750433921813964844e-01,3.109550848603248596e-02,-8.801040239632129669e-03,-1.814427040517330170e-02,-1.084254775196313858e-02,-1.136695127934217453e-02,-7.208209950476884842e-03,8.719676407054066658e-04,1.591651700437068939e-03,-6.452777422964572906e-03,3.059673588722944260e-03
-1.768030924722552299e-03,-6.978927995078265667e-04,-1.064475905150175095e-02,6.460729986429214478e-03,9.209093404933810234e-04,1.565962214954197407e-03,-1.653272309340536594e-03,-1.110888831317424774e-02,-1.051207538694143295e-02,1.208518515340983868e-03,9.789471626281738281e-01,9.647333621978759766e-01,9.740668535232543945e-01,-7.136571686714887619e-03,9.839117527008056641e-01,9.983249306678771973e-01,9.946520924568176270e-01,1.069142576307058334e-02,9.863356351852416992e-01,8.906242251396179199e-01
3.674877516459673643e-04,-5.011368077248334885e-03,5.332580767571926117e-04,-6.530750542879104614e-03,1.195222325623035431e-02,-2.948638983070850372e-03,5.772663280367851257e-03,1.772472751326858997e-03,1.069716672645881772e-04,9.467753581702709198e-03,1.003539323806762695e+00,1.003768682479858398e+00,9.885351061820983887e-01,9.636101722717285156e-01,9.974744319915771484e-01,1.012925744056701660e+00,1.019717812538146973e+00,6.917372941970825195e-01,1.009562969207763672e+00,9.936630129814147949e-01
5.236071068793535233e-03,1.589765422977507114e-03,1.890360377728939056e-02,1.127735152840614319e-02,8.722274564206600189e-03,1.002382603473961353e-03,4.552245140075683594e-03,1.048099622130393982e-02,3.708800766617059708e-03,1.861104927957057953e-02,3.150641545653343201e-02,-9.395366534590721130e-03,9.383665397763252258e-03,2.515545301139354706e-02,3.097204491496086121e-03,9.634833335876464844e-01,9.855092167854309082e-01,2.018623985350131989e-03,9.907900094985961914e-01,7.823860049247741699e-01
2.389568253420293331e-04,7.886320352554321289e-01,8.907290101051330566e-01,9.033931493759155273e-01,6.106244921684265137e-01,3.105500042438507080e-01,2.936564087867736816e-01,7.077380418777465820e-01,5.870826244354248047e-01,8.127372860908508301e-01,1.977059990167617798e-03,-1.116166636347770691e-02,-1.702447235584259033e-02,2.683399477973580360e-03,4.197561182081699371e-03,3.054768778383731842e-03,-2.517258515581488609e-03,-1.290199928916990757e-03,3.973163664340972900e-03,-1.578015391714870930e-03
-3.331970947328954935e-05,-2.917181118391454220e-04,-1.527672167867422104e-02,-1.017718389630317688e-02,1.607531099580228329e-03,-9.251770563423633575e-03,-3.600136842578649521e-03,1.280946657061576843e-02,-9.139522910118103027e-03,-4.204408265650272369e-03,9.002391099929809570e-01,7.813740372657775879e-01,6.767983436584472656e-01,2.026818394660949707e-01,7.088062763214111328e-01,9.597995877265930176e-01,9.662770032882690430e-01,3.029935359954833984e-01,9.727460145950317383e-01,8.976047635078430176e-01
1.772650890052318573e-02,4.247634205967187881e-03,-8.203106932342052460e-03,-1.512278243899345398e-02,2.834319882094860077e-02,1.822219230234622955e-02,1.027490012347698212e-02,3.362478315830230713e-02,1.886896789073944092e-02,2.632691757753491402e-03,6.450031884014606476e-03,1.385411024093627930e-01,7.873584032058715820e-01,8.741235733032226562e-01,8.009920269250869751e-02,2.730096224695444107e-03,-1.567290164530277252e-03,1.539702527225017548e-02,-1.454159431159496307e-02,4.076721370220184326e-01
6.268682889640331268e-03,8.822617530822753906e-01,7.799938321113586426e-01,7.683334946632385254e-01,6.905178427696228027e-01,8.862008452415466309e-01,3.879936337471008301e-01,6.824777126312255859e-01,4.893037974834442139e-01,7.714722156524658203e-01,2.346590906381607056e-02,1.468805037438869476e-02,-2.426790015306323767e-04,-4.785079043358564377e-03,-4.588605370372533798e-03,9.399106493219733238e-04,5.629784427583217621e-03,-2.708951244130730629e-03,9.272445924580097198e-03,7.439571345457807183e-05
5.368385929614305496e-03,1.318392925895750523e-03,2.395345596596598625e-03,9.925720281898975372e-03,2.273952588438987732e-03,-1.199973747134208679e-03,-3.020326606929302216e-03,2.020171470940113068e-02,4.632209893316030502e-03,-9.230094030499458313e-03,1.022976040840148926e+00,8.481281995773315430e-01,1.012098431587219238e+00,1.018114447593688965e+00,1.001450121402740479e-01,-1.393264066427946091e-02,-4.095034673810005188e-03,5.695916414260864258e-01,9.630028158426284790e-03,-7.355465088039636612e-03
2.075430238619446754e-03,5.890093278139829636e-03,-3.239454235881567001e-03,4.444191977381706238e-02,-1.503371633589267731e-03,-2.504369709640741348e-03,9.531846444588154554e-05,7.367215119302272797e-03,2.107375767081975937e-03,1.200858037918806076e-02,8.326855897903442383e-01,4.711197316646575928e-01,6.799063086509704590e-01,8.824103325605392456e-02,6.913306117057800293e-01,8.590542525053024292e-02,6.623339056968688965e-01,7.432015240192413330e-02,8.981979489326477051e-01,8.543197065591812134e-03
-9.237101185135543346e-04,7.906502485275268555e-02,2.994598820805549622e-02,7.781436666846275330e-03,5.800789594650268555e-02,5.237522348761558533e-02,2.857079170644283295e-02,1.297890543937683105e-01,3.914739936590194702e-02,1.886185556650161743e-01,8.249334096908569336e-01,4.575229249894618988e-03,-4.893488949164748192e-04,8.884690403938293457e-01,9.185183048248291016e-01,3.521706210449337959e-03,-5.219836719334125519e-03,-2.101095765829086304e-02,1.345372642390429974e-03,-5.472273915074765682e-05
8.466743677854537964e-02,1.117857992649078369e-01,6.922868490219116211e-01,2.960909344255924225e-02,6.950958967208862305e-01,-8.437070064246654510e-03,1.983160618692636490e-03,3.683004900813102722e-02,-2.759641036391258240e-02,6.306949257850646973e-01,2.082029730081558228e-02,2.975494414567947388e-02,2.055255696177482605e-02,1.092191226780414581e-02,2.871455252170562744e-02,-6.681432714685797691e-04,-1.080205105245113373e-02,3.196160309016704559e-03,6.973752286285161972e-03,-2.820311812683939934e-03
1.083252951502799988e-02,1.015253365039825439e-02,3.445889567956328392e-03,5.171794444322586060e-03,7.343151606619358063e-03,-2.562860492616891861e-03,1.966699725016951561e-03,-2.158040413632988930e-03,-6.796992849558591843e-03,2.531239949166774750e-02,8.867719769477844238e-01,6.864081025123596191e-01,7.761542201042175293e-01,8.948750495910644531e-01,8.117600083351135254e-01,-2.454716712236404419e-02,-1.109452731907367706e-02,-3.009245556313544512e-04,1.171210897155106068e-03,4.173008725047111511e-03
-1.646395889110863209e-03,7.937636971473693848e-01,7.048645019531250000e-01,5.908581018447875977e-01,8.959605097770690918e-01,6.846401095390319824e-01,5.865249037742614746e-01,9.942088723182678223e-01,6.879670023918151855e-01,6.956704854965209961e-01,1.818821579217910767e-02,-1.393974816892296076e-04,-5.416071508079767227e-04,1.263057533651590347e-02,4.351620562374591827e-03,2.055192599073052406e-04,-6.520973984152078629e-04,2.728149527683854103e-03,-1.230518426746129990e-02,-6.497436552308499813e-04
-1.051465980708599091e-03,-6.768141407519578934e-03,8.111555129289627075e-03,7.575531024485826492e-03,9.775209240615367889e-03,4.335972014814615250e-03,-2.340215723961591721e-03,6.335760951042175293e-01,-9.242263622581958771e-03,4.149788618087768555e-01,1.003075838088989258e-01,7.096693664789199829e-02,8.283277601003646851e-02,4.589207097887992859e-02,4.650886356830596924e-02,1.459355000406503677e-02,2.134813368320465088e-02,-3.615750698372721672e-03,1.848634146153926849e-02,1.949137425981462002e-03
6.908713839948177338e-03,7.105950117111206055e-01,7.220945358276367188e-01,6.085371971130371094e-01,4.975766539573669434e-01,1.003329873085021973e+00,2.594259753823280334e-02,3.115015923976898193e-01,3.324431926012039185e-02,4.269347786903381348e-01,7.144448813050985336e-03,-8.023201487958431244e-03,-2.363494783639907837e-02,-8.338252082467079163e-03,-3.067707875743508339e-03,-7.610757602378726006e-04,6.555940024554729462e-03,7.924493402242660522e-03,1.853948272764682770e-02,2.541204215958714485e-03
2.601543907076120377e-03,8.071144819259643555e-01,9.055116772651672363e-01,1.012418746948242188e+00,7.437127232551574707e-01,9.918254017829895020e-01,6.862372756004333496e-01,7.032367587089538574e-01,9.065103530883789062e-01,8.301643133163452148e-01,-2.158142440021038055e-02,-2.474508015438914299e-03,-3.339823335409164429e-03,-7.974269799888134003e-03,-1.607722253538668156e-03,1.031107385642826557e-04,-1.395215746015310287e-02,-4.863499198108911514e-03,-1.467811292968690395e-03,-1.301156880799680948e-04
-3.887244965881109238e-03,-8.135839598253369331e-04,7.974040694534778595e-03,1.044498011469841003e-02,2.181660197675228119e-02,8.066772483289241791e-03,-2.326213987544178963e-03,2.967650257050991058e-02,-3.670675680041313171e-03,5.887537077069282532e-02,9.440940618515014648e-01,9.399585723876953125e-01,9.355484247207641602e-01,9.591714739799499512e-01,4.444385319948196411e-02,2.003358304500579834e-02,1.462771184742450714e-02,2.965385615825653076e-01,1.927671395242214203e-02,4.873767029494047165e-03
1.726157846860587597e-03,1.952464459463953972e-03,6.753074526786804199e-01,7.862395048141479492e-01,3.098990619182586670e-01,9.067738056182861328e-01,9.588643908500671387e-03,6.025164127349853516e-01,6.066362839192152023e-03,6.901707053184509277e-01,1.065497752279043198e-02,-3.491574432700872421e-03,-4.066234920173883438e-03,-2.481288393028080463e-04,6.207420490682125092e-03,-8.378053084015846252e-03,9.035566821694374084e-03,2.568555646575987339e-04,1.398951932787895203e-02,5.391919403336942196e-04
-4.086611792445182800e-03,-2.359935082495212555e-03,-7.021463825367391109e-04,1.720859087072312832e-03,-7.187990006059408188e-03,-8.107391186058521271e-04,-1.030312618240714073e-03,-1.504009868949651718e-02,-1.241510501131415367e-03,-1.572188921272754669e-02,9.824851155281066895e-01,9.846777915954589844e-01,1.018784523010253906e+00,1.017834067344665527e+00,1.017229795455932617e+00,1.005329966545104980e+00,1.026487588882446289e+00,6.992349028587341309e-02,1.009472131729125977e+00,1.493951957672834396e-02
3.352863714098930359e-03,8.030559420585632324e-01,8.090127706527709961e-01,9.995636343955993652e-01,6.931133866310119629e-01,4.997127354145050049e-01,4.979846179485321045e-01,9.903709292411804199e-01,5.952663421630859375e-01,7.910997867584228516e-01,4.773566033691167831e-03,-1.420138403773307800e-02,-1.261757221072912216e-02,-1.985939219594001770e-02,-1.645578653551638126e-03,-1.367023680359125137e-02,-1.085937675088644028e-02,-1.769420574419200420e-03,-3.582122735679149628e-03,3.536399221047759056e-03
-6.262375973165035248e-03,3.694739658385515213e-03,6.364371776580810547e-01,7.084210515022277832e-01,8.367589712142944336e-01,2.052179537713527679e-02,3.220906946808099747e-04,6.206058263778686523e-01,3.846938908100128174e-02,6.557871699333190918e-01,3.637021780014038086e-02,1.006139907985925674e-02,4.968695808202028275e-03,3.503630869090557098e-03,2.081097336485981941e-03,-5.652118124999105930e-04,3.129146061837673187e-03,-7.135855965316295624e-03,1.515393378213047981e-04,1.345727965235710144e-02
-3.998939413577318192e-03,-2.554699033498764038e-02,5.008344054222106934e-01,6.943482160568237305e-01,7.643446326255798340e-01,1.006141185760498047e+00,8.890599012374877930e-03,2.919479012489318848e-01,5.337442755699157715e-01,7.436686754226684570e-01,8.338801562786102295e-03,-8.068842813372612000e-03,7.215179968625307083e-03,3.832978010177612305e-02,8.166963234543800354e-03,7.090321276336908340e-03,8.644260466098785400e-03,5.667536170221865177e-04,7.380624767392873764e-03,4.545661504380404949e-04
1.822673599235713482e-03,-3.153207246214151382e-03,3.521901788190007210e-03,2.308378228917717934e-03,-1.363122952170670033e-03,-9.667029604315757751e-03,-2.509018173441290855e-03,-3.782842773944139481e-03,-5.588249769061803818e-03,-7.755176629871129990e-03,8.888219594955444336e-01,7.918946743011474609e-01,8.044649958610534668e-01,8.879994750022888184e-01,7.006673216819763184e-01,1.017686650156974792e-01,7.861158847808837891e-01,1.013909652829170227e-01,7.065846920013427734e-01,3.117190441116690636e-03
-4.192403983324766159e-03,9.748196601867675781e-01,7.703699469566345215e-01,1.950827986001968384e-01,1.971361339092254639e-01,9.772973060607910156e-01,1.291473675519227982e-02,8.567367792129516602e-01,3.166953474283218384e-02,7.583842277526855469e-01,4.735402390360832214e-02,5.676126107573509216e-03,4.526221379637718201e-02,5.771591141819953918e-02,3.767507895827293396e-02,7.146455347537994385e-03,1.878984831273555756e-02,4.511190054472535849e-04,2.761153876781463623e-02,5.299323820509016514e-04
7.819839520379900932e-04,1.759137809276580811e-01,6.796965599060058594e-01,8.823372721672058105e-01,8.002556562423706055e-01,9.996349811553955078e-01,2.053919285535812378e-01,7.824674844741821289e-01,8.943098783493041992e-01,3.050418198108673096e-01,3.268380835652351379e-02,9.663048200309276581e-03,1.346643920987844467e-02,1.145551330409944057e-03,-3.464948618784546852e-03,1.517011597752571106e-02,1.642867922782897949e-02,5.611935630440711975e-03,4.722499288618564606e-03,1.200129371136426926e-02
2.417296404018998146e-03,6.767341494560241699e-01,5.735778212547302246e-01,6.663573980331420898e-01,4.883447587490081787e-01,2.905267477035522461e-01,1.876079142093658447e-01,5.935617089271545410e-01,3.887240886688232422e-01,1.953553110361099243e-01,2.406847476959228516e-02,3.433450590819120407e-03,6.160042248666286469e-04,7.002418395131826401e-03,-1.160962507128715515e-03,-1.268898602575063705e-03,2.336965408176183701e-04,2.343183849006891251e-03,5.444439128041267395e-03,1.990246120840311050e-03
1.521887723356485367e-03,-9.161703288555145264e-03,3.898503724485635757e-03,-9.553393349051475525e-03,-1.470694784075021744e-02,-4.290056414902210236e-03,8.067473536357283592e-04,4.123015329241752625e-02,-3.608256345614790916e-03,3.736228868365287781e-02,9.564492702484130859e-01,9.415325522422790527e-01,9.344018697738647461e-01,9.455489516258239746e-01,9.641904830932617188e-01,3.999443352222442627e-01,3.941858410835266113e-01,2.534135580062866211e-01,4.279094338417053223e-01,-1.017953734844923019e-03
3.894953131675720215e-01,8.056101202964782715e-01,6.797152757644653320e-01,6.839041113853454590e-01,9.815175533294677734e-01,9.815317988395690918e-01,7.842659354209899902e-01,8.811458945274353027e-01,9.863696098327636719e-01,8.810288310050964355e-01,2.720493823289871216e-02,7.348509971052408218e-03,2.468531951308250427e-02,3.907190170139074326e-03,9.225566755048930645e-04,1.288526575081050396e-03,1.707640662789344788e-02,-5.058904644101858139e-03,-7.097951136529445648e-03,-2.688782988116145134e-03
-1.464406028389930725e-03,1.238398905843496323e-02,1.457802671939134598e-02,3.595725446939468384e-02,3.274973854422569275e-02,6.896218284964561462e-03,-3.446813207119703293e-04,1.653786934912204742e-02,8.297922089695930481e-03,2.780935168266296387e-02,9.406700730323791504e-01,-2.715716138482093811e-03,1.883073300123214722e-01,-5.465023219585418701e-03,2.813257975503802299e-03,1.360917813144624233e-03,9.608061052858829498e-03,9.623595476150512695e-01,3.507480258122086525e-03,-2.699518809095025063e-03
2.559101441875100136e-03,-1.741023967042565346e-03,2.267209492856636643e-04,-2.380276797339320183e-03,-4.337353631854057312e-03,-1.045844331383705139e-02,-1.365957868983969092e-04,-5.596099654212594032e-04,-2.286079106852412224e-03,1.285390369594097137e-02,9.295628070831298828e-01,8.233198523521423340e-01,1.015050053596496582e+00,9.990805983543395996e-01,1.007980704307556152e+00,1.004413127899169922e+00,9.849268794059753418e-01,7.011781930923461914e-01,1.023285746574401855e+00,9.993162155151367188e-01
-3.851231653243303299e-03,7.997187972068786621e-01,7.019268274307250977e-01,9.034016728401184082e-01,6.769936084747314453e-01,8.282247185707092285e-01,4.628386795520782471e-01,6.745763421058654785e-01,6.033759117126464844e-01,7.569528222084045410e-01,1.722076721489429474e-02,-2.938074292615056038e-03,4.691720008850097656e-03,5.930318497121334076e-03,5.234357435256242752e-03,-9.909856133162975311e-03,-4.119535908102989197e-03,8.967123925685882568e-03,-8.619133383035659790e-03,8.749351254664361477e-04
5.861980374902486801e-03,9.682843461632728577e-03,1.859208568930625916e-02,7.902334928512573242e-01,1.808657497167587280e-02,6.106108776293694973e-04,-6.273681763559579849e-03,6.882784366607666016e-01,4.924374520778656006e-01,7.034510374069213867e-01,3.487838059663772583e-02,1.803440228104591370e-02,9.649712592363357544e-03,-4.928260575979948044e-03,-1.294915797188878059e-03,1.561055146157741547e-02,2.014082297682762146e-02,-3.827855922281742096e-03,6.474233698099851608e-03,-5.522143095731735229e-03
-4.306128714233636856e-03,4.448438528925180435e-03,-1.587031222879886627e-02,-2.527095749974250793e-02,-5.524343345314264297e-03,1.817896147258579731e-03,1.466223155148327351e-03,-1.010292395949363708e-02,2.197976456955075264e-03,-1.384113822132349014e-02,8.321431279182434082e-01,7.160116434097290039e-01,8.203399777412414551e-01,9.689932465553283691e-01,5.827914476394653320e-01,-1.911525381729006767e-03,3.740522312000393867e-03,4.068562686443328857e-01,5.399371148087084293e-04,1.142735406756401062e-02
-1.662917900830507278e-03,6.623475551605224609e-01,6.824994087219238281e-01,6.049194335937500000e-01,5.648250579833984375e-01,9.018861055374145508e-01,1.570875495672225952e-01,2.397267669439315796e-01,3.937063366174697876e-02,7.399989366531372070e-01,2.563275955617427826e-02,6.657653953880071640e-03,1.935118995606899261e-02,1.231519877910614014e-02,7.716406136751174927e-03,2.241824753582477570e-03,-4.204869735985994339e-03,2.418634295463562012e-02,1.311718835495412350e-03,-8.219364681281149387e-04
5.822885036468505859e-01,4.849704802036285400e-01,6.661185026168823242e-01,6.735385656356811523e-01,5.887344479560852051e-01,2.698868811130523682e-01,1.887337267398834229e-01,5.654034018516540527e-01,3.602990508079528809e-01,7.444894313812255859e-01,4.704799875617027283e-02,1.689140684902667999e-02,3.329201601445674896e-03,2.708318177610635757e-03,6.950714159756898880e-03,5.148004740476608276e-03,1.081703789532184601e-02,2.993674948811531067e-03,4.228667356073856354e-03,2.664799103513360023e-03
8.814951404929161072e-03,1.743179932236671448e-02,1.805501617491245270e-02,1.330479327589273453e-02,1.692751795053482056e-02,1.942206174135208130e-02,-8.168977219611406326e-04,2.178261615335941315e-02,9.039428085088729858e-03,2.709863334894180298e-02,8.664118051528930664e-01,3.916909918189048767e-03,8.121924474835395813e-03,-2.967653097584843636e-03,-6.916126236319541931e-03,1.109693292528390884e-02,1.717181759886443615e-03,5.915556539548560977e-05,-2.490389859303832054e-03,8.800747804343700409e-03
6.852729711681604385e-04,-6.097765639424324036e-03,-8.037297055125236511e-03,-4.153602931182831526e-04,-8.557248860597610474e-03,-6.480553420260548592e-04,-1.312079984927549958e-04,-8.123921230435371399e-03,-1.240738551132380962e-03,-2.791913459077477455e-03,9.763758182525634766e-01,9.744920134544372559e-01,9.942023754119873047e-01,1.010330080986022949e+00,1.012352347373962402e+00,1.002622365951538086e+00,9.872393012046813965e-01,9.775192141532897949e-01,9.745288491249084473e-01,1.865817233920097351e-02
1.695044338703155518e-03,6.847773194313049316e-01,3.028912842273712158e-01,5.995332002639770508e-01,5.079978108406066895e-01,1.992555856704711914e-01,2.000536918640136719e-01,6.730209589004516602e-01,3.872276842594146729e-01,2.793685793876647949e-01,2.337481640279293060e-02,3.483708482235670090e-03,-4.772077954839915037e-04,4.418652970343828201e-03,6.823789328336715698e-03,7.068916223943233490e-03,1.397980004549026489e-02,5.793930031359195709e-03,1.425331551581621170e-02,-3.141452558338642120e-03
-3.071049577556550503e-04,1.466356310993432999e-02,6.203865408897399902e-01,7.270542383193969727e-01,8.999140262603759766e-01,1.006846070289611816e+00,1.967447102069854736e-01,8.114719390869140625e-01,7.073934674263000488e-01,8.013103604316711426e-01,-3.542865067720413208e-02,-2.186106145381927490e-02,-5.018984433263540268e-03,1.755659654736518860e-02,-5.789133720099925995e-03,2.731699496507644653e-04,-7.767037954181432724e-03,2.066115150228142738e-03,-1.055205892771482468e-02,-2.652866998687386513e-03
1.886987243779003620e-03,7.068501710891723633e-01,5.317907407879829407e-02,8.182855248451232910e-01,9.020435214042663574e-01,4.131077229976654053e-02,2.523278631269931793e-02,9.110227823257446289e-01,6.361881643533706665e-02,8.193005919456481934e-01,-3.395749256014823914e-02,-2.582477754913270473e-04,-1.700870506465435028e-02,-1.613506861031055450e-02,9.201747365295886993e-03,-1.386592979542911053e-03,1.664576004259288311e-03,2.357129240408539772e-03,7.388575002551078796e-03,-1.578231109306216240e-03
1.449999632313847542e-03,-4.826727323234081268e-03,-7.676704321056604385e-03,-1.157158892601728439e-02,1.648932136595249176e-02,2.014299156144261360e-03,1.229465240612626076e-03,9.644493460655212402e-03,-7.199178799055516720e-04,-5.728316958993673325e-03,9.585217237472534180e-01,4.605883657932281494e-01,6.443061828613281250e-01,9.183359146118164062e-02,4.939193725585937500e-01,1.447088271379470825e-02,1.788282021880149841e-02,-1.087308046407997608e-03,1.628658920526504517e-02,6.853389739990234375e-01
-3.377810353413224220e-03,-1.267383107915520668e-03,1.020535454154014587e-02,1.036976743489503860e-02,-1.821249490603804588e-03,1.699352986179292202e-03,1.566508901305496693e-03,3.483087522909045219e-03,9.088614024221897125e-03,2.002389542758464813e-02,7.862013578414916992e-01,6.911731958389282227e-01,9.663995504379272461e-01,9.645383358001708984e-01,6.846107244491577148e-01,4.246530123054981232e-03,7.352930493652820587e-03,2.431188244372606277e-03,1.236571837216615677e-02,-5.424190778285264969e-03
5.399058572947978973e-03,2.497503161430358887e-02,3.865335881710052490e-02,3.331589326262474060e-02,8.915055543184280396e-03,-2.681887475773692131e-03,1.934684929437935352e-03,7.620875723659992218e-03,7.281264290213584900e-03,3.251567482948303223e-02,3.732932358980178833e-02,-1.745383255183696747e-02,2.395743504166603088e-02,8.801497519016265869e-03,2.057584002614021301e-03,-4.866822622716426849e-03,-8.234502747654914856e-03,-1.278629060834646225e-02,-6.799560971558094025e-03,-3.907829988747835159e-03
1.417937222868204117e-03,9.966529011726379395e-01,9.794425964355468750e-01,1.002442479133605957e+00,1.006169438362121582e+00,1.633438654243946075e-02,5.681217182427644730e-03,1.006355643272399902e+00,1.044961251318454742e-02,7.368454933166503906e-01,-4.074138589203357697e-03,-4.750108346343040466e-03,-1.959943212568759918e-03,-8.984670042991638184e-03,-1.119461189955472946e-02,-3.331286367028951645e-03,-9.483573958277702332e-03,1.922027149703353643e-05,-7.611676584929227829e-03,-7.436997257173061371e-04
-4.191215150058269501e-03,-3.943501971662044525e-03,-4.635117948055267334e-03,-3.420653054490685463e-03,1.503738109022378922e-03,-1.174301747232675552e-02,-5.981238791719079018e-04,2.437862800434231758e-03,-2.263179980218410492e-03,-1.095868181437253952e-02,1.004555702209472656e+00,1.009880304336547852e+00,9.778211712837219238e-01,1.002156376838684082e+00,9.609107375144958496e-01,9.885684251785278320e-01,9.962835907936096191e-01,6.655974984169006348e-01,9.888560771942138672e-01,1.774529665708541870e-01
2.490012266207486391e-04,9.427755139768123627e-03,-2.893233206123113632e-03,1.170778553932905197e-02,1.281020115129649639e-03,-4.595948383212089539e-03,-4.854578990489244461e-03,1.980225741863250732e-02,-2.793455496430397034e-03,-3.193928394466638565e-03,9.606832861900329590e-01,-1.418110541999340057e-02,9.510711431503295898e-01,9.810104370117187500e-01,5.792226791381835938e-01,9.653230905532836914e-01,9.607288837432861328e-01,3.983572125434875488e-03,9.586273431777954102e-01,6.898032426834106445e-01
3.296705253887921572e-04,7.894810438156127930e-01,5.820488091558218002e-03,8.963806629180908203e-01,2.892031371593475342e-01,9.825299493968486786e-04,-2.437775256112217903e-04,7.911162972450256348e-01,8.989914655685424805e-01,8.924992084503173828e-01,2.707427367568016052e-02,9.334248490631580353e-03,1.397368405014276505e-02,-1.267145667225122452e-02,9.476340375840663910e-03,3.886621678248047829e-03,8.683562278747558594e-03,5.018980591557919979e-04,1.377597800455987453e-03,-2.919431135524064302e-04
-2.119139302521944046e-03,6.879901289939880371e-01,6.854958534240722656e-01,6.924887299537658691e-01,4.780268967151641846e-01,9.814437031745910645e-01,1.269745640456676483e-02,2.646190524101257324e-01,9.764168411493301392e-03,5.831106305122375488e-01,2.385807782411575317e-02,1.517378352582454681e-02,-7.951670326292514801e-03,8.666129782795906067e-03,5.677307024598121643e-03,-3.699109191074967384e-03,3.482252592220902443e-03,-2.974904840812087059e-03,-4.646452609449625015e-03,2.604490146040916443e-03
3.926760256290435791e-01,2.955268621444702148e-01,5.859091281890869141e-01,7.925160527229309082e-01,2.968615293502807617e-01,4.734961986541748047e-01,3.857454657554626465e-01,8.877677321434020996e-01,5.854784846305847168e-01,6.816737651824951172e-01,9.779859334230422974e-03,3.940365277230739594e-03,6.680728867650032043e-03,1.208136416971683502e-02,4.604150075465440750e-03,1.898072846233844757e-02,-5.934232380241155624e-03,-3.943976014852523804e-03,5.581678822636604309e-03,-4.535981453955173492e-03
-2.495613414794206619e-03,-2.102942904457449913e-03,1.996563747525215149e-03,2.940033562481403351e-03,5.704243667423725128e-03,-4.955245647579431534e-03,-1.683272188529372215e-03,1.219020411372184753e-02,1.417126273736357689e-03,1.186619885265827179e-02,8.357036709785461426e-01,7.417591810226440430e-01,8.409668207168579102e-01,8.597187995910644531e-01,8.112673163414001465e-01,4.828338511288166046e-03,1.044838130474090576e-02,-1.773503026925027370e-05,1.438210811465978622e-02,-1.205123402178287506e-02
2.287067763973027468e-04,8.152838796377182007e-03,5.758799910545349121e-01,7.017751336097717285e-01,3.994388878345489502e-01,-1.652614213526248932e-03,-3.642285242676734924e-03,-8.152565918862819672e-03,-1.542741991579532623e-02,2.031724713742733002e-02,2.698032930493354797e-02,1.513245981186628342e-02,2.902473788708448410e-03,7.972925901412963867e-03,-6.348587572574615479e-03,2.237586490809917450e-02,1.441279798746109009e-02,9.724656119942665100e-03,-3.786655841395258904e-03,9.150639176368713379e-03
1.808379031717777252e-02,1.912992447614669800e-02,4.912865115329623222e-04,2.163706347346305847e-02,5.601926147937774658e-02,5.741579830646514893e-02,4.585677292197942734e-03,1.029946655035018921e-01,2.331754565238952637e-02,2.660433202981948853e-02,8.860923051834106445e-01,8.637189269065856934e-01,8.889142274856567383e-01,9.157854914665222168e-01,3.153958916664123535e-01,1.636359607800841331e-03,5.721388459205627441e-01,9.250704897567629814e-05,1.483914107084274292e-01,-3.959017340093851089e-03
-2.393534639850258827e-03,8.084576129913330078e-01,7.067588567733764648e-01,7.161746025085449219e-01,6.205650568008422852e-01,4.950894117355346680e-01,3.990556001663208008e-01,8.314945101737976074e-01,6.035011410713195801e-01,8.949102163314819336e-01,-2.028833143413066864e-02,-3.465028712525963783e-03,-2.055642195045948029e-03,-9.363362565636634827e-03,1.928295707330107689e-03,-6.364605855196714401e-03,-5.759478546679019928e-03,4.949994850903749466e-03,-7.091235602274537086e-04,-2.485521603375673294e-03
-6.437206175178289413e-04,-9.466342628002166748e-03,-2.234684675931930542e-02,-1.975977979600429535e-02,-4.647963214665651321e-03,7.062674500048160553e-03,1.083134766668081284e-02,-1.914932765066623688e-02,-7.305025588721036911e-03,-2.392793260514736176e-02,9.989556670188903809e-01,3.075627842918038368e-03,5.010546371340751648e-02,9.844709038734436035e-01,-6.741242250427603722e-04,2.177232643589377403e-03,9.570405818521976471e-03,9.460648894309997559e-01,-4.627126269042491913e-03,6.939263343811035156e-01
3.655714390333741903e-04,-1.724397880025207996e-04,-2.657100092619657516e-03,2.214118838310241699e-03,-5.600805860012769699e-03,6.930117961019277573e-03,-3.603469813242554665e-03,3.370136767625808716e-02,5.620518699288368225e-03,3.142605349421501160e-02,9.663254022598266602e-01,9.514267444610595703e-01,9.465730786323547363e-01,9.540585875511169434e-01,9.556522965431213379e-01,-1.147257746197283268e-03,9.600949287414550781e-01,8.528234437108039856e-03,9.850900769233703613e-01,-1.018258742988109589e-03
-1.690382487140595913e-03,8.922684192657470703e-01,7.191432714462280273e-01,6.267555952072143555e-01,5.602253079414367676e-01,4.327196776866912842e-01,3.585936725139617920e-01,8.208728432655334473e-01,6.309759020805358887e-01,6.411833763122558594e-01,6.384273618459701538e-02,1.121785584837198257e-02,2.066408656537532806e-02,2.008676761761307716e-03,2.244548127055168152e-02,2.520532906055450439e-02,4.995204135775566101e-02,2.087966073304414749e-03,3.755057975649833679e-02,1.119597721844911575e-02
3.361993934959173203e-03,1.547952415421605110e-03,4.946190863847732544e-02,4.243232309818267822e-02,4.422187432646751404e-02,-4.713023547083139420e-03,-6.353172473609447479e-03,2.010113373398780823e-02,-7.343065459281206131e-03,1.466033048927783966e-02,9.244065880775451660e-01,2.009193599224090576e-02,2.693569986149668694e-03,-5.371500737965106964e-03,5.485166329890489578e-03,-1.366972574032843113e-03,1.635750196874141693e-02,3.811591565608978271e-01,1.886253012344241142e-03,8.005923032760620117e-01
3.873713780194520950e-03,7.290279269218444824e-01,8.070946931838989258e-01,9.240818619728088379e-01,9.062708616256713867e-01,4.080152213573455811e-01,3.101508617401123047e-01,9.285272955894470215e-01,9.114285707473754883e-01,8.383495211601257324e-01,-1.200808677822351456e-02,-9.481338784098625183e-03,-6.630873307585716248e-03,-3.080300521105527878e-03,-3.485815599560737610e-03,-3.162528621032834053e-03,-2.178819291293621063e-02,6.524066557176411152e-04,-6.490301806479692459e-03,-5.056408233940601349e-03
5.372408404946327209e-02,7.398421764373779297e-01,8.326997756958007812e-01,8.511348962783813477e-01,9.981595873832702637e-01,4.939048588275909424e-01,4.939528703689575195e-01,7.428576350212097168e-01,5.853434801101684570e-01,8.372598290443420410e-01,8.473965339362621307e-03,-6.710995454341173172e-03,-1.072919648140668869e-02,-4.576815292239189148e-03,-9.021987207233905792e-03,-2.157374983653426170e-03,-7.054656278342008591e-03,-1.960374414920806885e-03,-6.283622235059738159e-03,-1.636576373130083084e-03
-1.333077438175678253e-03,7.814999818801879883e-01,7.687124013900756836e-01,6.782742142677307129e-01,6.318558454513549805e-01,4.807206392288208008e-01,3.751535117626190186e-01,8.587459921836853027e-01,5.738843083381652832e-01,6.261695623397827148e-01,2.765204198658466339e-02,8.698948659002780914e-03,1.223248615860939026e-02,1.203947793692350388e-02,3.043039888143539429e-02,3.304893895983695984e-02,3.154448792338371277e-02,1.437291223555803299e-02,2.993936091661453247e-02,6.814481690526008606e-03
-3.837499767541885376e-03,1.986671239137649536e-02,2.092583850026130676e-02,1.786873675882816315e-02,1.163678895682096481e-02,5.051002837717533112e-03,9.521753527224063873e-03,2.622720971703529358e-02,5.516933742910623550e-03,5.931387189775705338e-03,9.744328856468200684e-01,1.654507406055927277e-02,1.182787492871284485e-02,3.643666161224246025e-03,4.564295522868633270e-03,9.799710512161254883e-01,9.594441056251525879e-01,5.918971896171569824e-01,9.743716716766357422e-01,6.101345643401145935e-03
1.727310009300708771e-03,9.843510985374450684e-01,2.672475203871726990e-02,9.944038987159729004e-01,7.732420563697814941e-01,9.926900267601013184e-01,7.991691119968891144e-03,9.880706071853637695e-01,1.003422856330871582e+00,9.667821526527404785e-01,1.741657033562660217e-02,7.700346410274505615e-03,1.111283525824546814e-02,3.252150258049368858e-03,1.060655619949102402e-02,1.240139594301581383e-03,7.197457365691661835e-03,9.920399170368909836e-04,1.542792282998561859e-02,2.571640769019722939e-03
-1.267821062356233597e-03,-1.801199465990066528e-02,4.526892211288213730e-03,8.621916174888610840e-03,-1.426022499799728394e-02,-4.257654305547475815e-03,-5.615900270640850067e-03,3.327166661620140076e-03,-1.118417130783200264e-03,-7.831007242202758789e-03,1.012692093849182129e+00,3.766628727316856384e-02,9.662677645683288574e-01,1.012147307395935059e+00,8.305388689041137695e-01,9.986710548400878906e-01,1.001513123512268066e+00,4.169026389718055725e-03,1.007100462913513184e+00,1.095839403569698334e-02
-2.047382295131683350e-03,8.121177554130554199e-01,8.958167433738708496e-01,8.223447799682617188e-01,7.152860760688781738e-01,4.385826587677001953e-01,3.655262887477874756e-01,6.063135862350463867e-01,5.358567833900451660e-01,8.984010815620422363e-01,-1.010054256767034531e-02,-1.362912543118000031e-02,-1.079784997273236513e-04,-3.282616846263408661e-03,1.291939406655728817e-03,-1.549856271594762802e-02,-8.306299336254596710e-03,-4.270156379789113998e-03,-5.090632941573858261e-03,-1.935245527420192957e-04
1.841158838942646980e-03,7.860550284385681152e-01,7.099640965461730957e-01,6.993054151535034180e-01,5.948598384857177734e-01,8.990480303764343262e-01,7.094853557646274567e-03,6.824702024459838867e-01,1.501893904060125351e-02,6.054728627204895020e-01,2.037604525685310364e-02,-8.067007176578044891e-03,6.681756931357085705e-04,-1.406241557560861111e-03,-1.385891065001487732e-02,1.575258374214172363e-02,2.494888007640838623e-02,-3.349664155393838882e-03,8.972033858299255371e-03,-3.393963270355015993e-04
-5.932605825364589691e-03,-2.222245000302791595e-02,-2.187549322843551636e-02,-2.164150588214397430e-02,-3.555783629417419434e-02,-1.868618652224540710e-02,-2.098977332934737206e-03,-5.312096700072288513e-02,-6.497770547866821289e-03,-6.877031922340393066e-02,1.071264147758483887e+00,7.493687868118286133e-01,8.181228041648864746e-01,1.043545246124267578e+00,1.408313512802124023e-01,1.793984510004520416e-02,3.623528778553009033e-02,3.468078374862670898e-01,8.304720744490623474e-03,7.658276557922363281e-01
1.445219758898019791e-02,1.028716936707496643e-02,8.426267653703689575e-03,1.631974242627620697e-02,1.269100792706012726e-02,5.662178155034780502e-03,6.636460311710834503e-03,3.960180655121803284e-02,-3.123452421277761459e-03,5.467306822538375854e-03,7.132887244224548340e-01,4.590697959065437317e-02,5.409620702266693115e-02,3.223243355751037598e-02,2.737455628812313080e-02,1.581235043704509735e-02,3.936794027686119080e-02,2.428277954459190369e-02,1.469387672841548920e-02,8.206344209611415863e-03
-2.142838202416896820e-03,-8.799494244158267975e-03,-7.588730193674564362e-03,1.250940258614718914e-03,-3.180945292115211487e-03,-3.579026320949196815e-03,1.773307216353714466e-03,-1.111352723091840744e-02,-2.999549498781561852e-03,-8.386638015508651733e-03,9.502887725830078125e-01,9.222883582115173340e-01,9.252669811248779297e-01,9.863144755363464355e-01,1.287778317928314209e-01,6.673769094049930573e-04,5.359462462365627289e-03,1.677828491665422916e-03,-1.080456189811229706e-02,9.895647764205932617e-01
-4.249128513038158417e-03,9.965100139379501343e-02,9.890781044960021973e-01,9.993811249732971191e-01,9.910870194435119629e-01,9.987173676490783691e-01,7.963661551475524902e-01,7.022389769554138184e-01,8.989273905754089355e-01,2.886400818824768066e-01,-7.549356087110936642e-04,-2.839874941855669022e-04,4.304426722228527069e-03,3.824951127171516418e-03,3.802872728556394577e-03,3.039448987692594528e-03,-1.291040098294615746e-04,5.244841333478689194e-03,5.279134027659893036e-03,1.617418252862989902e-03
5.126267205923795700e-04,4.699507728219032288e-03,6.189161445945501328e-03,3.527757071424275637e-04,-1.672232174314558506e-03,-8.603725000284612179e-04,2.968200715258717537e-04,2.723363786935806274e-02,8.973455987870693207e-03,3.811082243919372559e-02,9.871422648429870605e-01,9.893298149108886719e-01,6.977702975273132324e-01,7.074223756790161133e-01,7.978531718254089355e-01,4.787737429141998291e-01,4.802428781986236572e-01,-2.105459279846400023e-04,1.909593045711517334e-01,7.547200657427310944e-04
-1.590589963598176837e-04,8.740514516830444336e-01,7.517310380935668945e-01,8.201544284820556641e-01,9.558699727058410645e-01,5.252431146800518036e-03,6.804264150559902191e-03,6.656302809715270996e-01,7.278585806488990784e-03,5.963918566703796387e-01,2.794867753982543945e-02,1.953602209687232971e-02,7.546981330960988998e-03,5.050980485975742340e-03,2.141839824616909027e-03,2.528932644054293633e-03,-1.333718653768301010e-03,6.470815744251012802e-03,-5.880945827811956406e-04,2.729509724304080009e-03
-4.259884357452392578e-03,-3.593209665268659592e-03,8.465641294606029987e-04,9.844365529716014862e-03,-4.421337042003870010e-03,2.605062443763017654e-03,8.684213389642536640e-04,1.110282540321350098e-02,3.623760305345058441e-03,1.342028100043535233e-02,9.707342982292175293e-01,9.738816022872924805e-01,1.006777524948120117e+00,9.871547818183898926e-01,9.806815981864929199e-01,3.594350442290306091e-02,2.702659182250499725e-02,3.926971461623907089e-03,3.759618615731596947e-03,7.419080007821321487e-03
-9.656907059252262115e-04,6.514854431152343750e-01,7.472697496414184570e-01,8.555698394775390625e-01,6.412934064865112305e-01,3.403275460004806519e-02,3.842715546488761902e-02,7.343189716339111328e-01,3.106939792633056641e-02,8.309154510498046875e-01,6.362588703632354736e-02,-2.493061358109116554e-03,-2.669524867087602615e-03,9.006363339722156525e-03,2.586195012554526329e-03,2.263343706727027893e-02,3.861952573060989380e-02,1.067235972732305527e-02,1.498844940215349197e-02,1.801026868633925915e-03
-7.831291295588016510e-03,-4.893186036497354507e-03,-4.168154555372893810e-04,-1.326997578144073486e-02,-9.186770766973495483e-03,-4.893622826784849167e-03,-5.093334708362817764e-03,-3.232855722308158875e-02,-1.138963364064693451e-02,-2.399384044110774994e-02,9.335250258445739746e-01,1.019965171813964844e+00,1.052253961563110352e+00,1.027121782302856445e+00,1.028390049934387207e+00,1.020823597908020020e+00,1.009440541267395020e+00,1.409434434026479721e-02,1.011044144630432129e+00,9.896109104156494141e-01
1.060075499117374420e-02,1.156201586127281189e-02,6.280038505792617798e-03,1.140055339783430099e-02,7.626268081367015839e-03,1.908469572663307190e-02,2.838038606569170952e-03,4.545002430677413940e-02,9.617581032216548920e-03,4.937087744474411011e-02,9.368084669113159180e-01,9.520040750503540039e-01,9.215539693832397461e-01,9.599676728248596191e-01,9.625010490417480469e-01,2.108123153448104858e-02,9.433025717735290527e-01,-2.837102627381682396e-03,9.562407135963439941e-01,-8.761181496083736420e-03
1.266016624867916107e-03,9.771355427801609039e-03,2.851234283298254013e-03,-5.062824930064380169e-04,-5.820503924041986465e-03,2.899136161431670189e-03,5.809157155454158783e-03,-5.492125637829303741e-04,1.359448488801717758e-02,7.386143319308757782e-03,2.695192396640777588e-02,1.120608765631914139e-02,-3.351348219439387321e-03,9.390618652105331421e-03,7.996512651443481445e-01,2.904541492462158203e-01,6.581901311874389648e-01,7.127941250801086426e-01,4.721002280712127686e-01,8.985568284988403320e-01
-2.217120956629514694e-03,6.991226077079772949e-01,7.065123915672302246e-01,6.133055090904235840e-01,5.404524803161621094e-01,8.024070262908935547e-01,2.788286805152893066e-01,9.029854834079742432e-02,3.612819612026214600e-01,4.000661969184875488e-01,1.211430877447128296e-02,1.923173200339078903e-03,-1.319936854997649789e-04,-2.925794571638107300e-03,-7.783934473991394043e-03,-2.756330650299787521e-03,-5.190254189074039459e-03,-2.604147884994745255e-03,7.576885167509317398e-03,6.515880115330219269e-03
5.442261695861816406e-03,8.929762989282608032e-04,3.354678628966212273e-03,3.892796114087104797e-02,2.199489437043666840e-02,7.636503316462039948e-03,1.401110459119081497e-02,2.658846229314804077e-02,2.331444062292575836e-03,2.297822013497352600e-02,9.514526724815368652e-01,2.226671203970909119e-03,-2.242030203342437744e-02,-1.408957503736019135e-02,1.843807660043239594e-02,4.502589814364910126e-03,-6.560531910508871078e-03,4.541578702628612518e-03,8.999171666800975800e-03,-7.098948117345571518e-04
-2.299987711012363434e-03,7.522395811975002289e-03,1.219763420522212982e-03,1.079063955694437027e-02,4.219657275825738907e-03,2.299782820045948029e-03,3.789522917941212654e-03,5.189664196223020554e-03,-3.246397711336612701e-03,6.155916489660739899e-03,9.616159796714782715e-01,5.708237290382385254e-01,3.734841346740722656e-01,6.753858327865600586e-01,3.659713864326477051e-01,9.870762228965759277e-01,9.766574501991271973e-01,7.911286354064941406e-01,9.983264803886413574e-01,7.971240282058715820e-01
-3.550763940438628197e-03,2.439660253003239632e-03,-1.391913276165723801e-02,-2.165661193430423737e-02,-5.574920680373907089e-03,7.097356952726840973e-03,-1.413910766132175922e-03,-1.018786896020174026e-02,6.900368724018335342e-03,-1.473463489674031734e-03,9.992752075195312500e-01,9.721583127975463867e-01,9.962818622589111328e-01,1.001272439956665039e+00,9.872317314147949219e-01,1.018564939498901367e+00,1.013888359069824219e+00,7.803412526845932007e-02,1.047581508755683899e-01,3.757995087653398514e-03
1.420027390122413635e-02,2.956939488649368286e-02,6.145250797271728516e-01,7.756444215774536133e-01,2.229291200637817383e-02,6.963168736547231674e-03,5.775341996923089027e-04,6.505705714225769043e-01,5.047270562499761581e-03,8.042587041854858398e-01,5.863804742693901062e-02,-5.910261999815702438e-03,2.961906418204307556e-02,-4.415506962686777115e-03,-4.167625680565834045e-03,-1.047616242431104183e-04,-2.208682941272854805e-03,-1.118419785052537918e-02,-5.540063139051198959e-03,-1.399673870764672756e-03
-4.612717020791023970e-04,8.071017861366271973e-01,7.232523560523986816e-01,8.143376708030700684e-01,6.090803146362304688e-01,4.884650409221649170e-01,3.881317675113677979e-01,1.000319480895996094e+00,6.859836578369140625e-01,8.136872053146362305e-01,-1.358707994222640991e-02,1.213235373143106699e-04,-2.017864957451820374e-03,3.590750275179743767e-03,-1.783486572094261646e-03,1.918134745210409164e-03,5.006682593375444412e-03,-8.816860499791800976e-04,3.034354653209447861e-03,-4.233768850099295378e-04
2.169016748666763306e-03,7.206643819808959961e-01,8.466240763664245605e-01,7.549762129783630371e-01,6.452816724777221680e-01,9.274134635925292969e-01,2.983998060226440430e-01,5.187563300132751465e-01,3.960490524768829346e-01,7.314071655273437500e-01,3.564411541447043419e-03,-6.555352360010147095e-03,-3.193048760294914246e-03,-2.064874628558754921e-03,-5.058202892541885376e-03,-2.776779467239975929e-03,2.127438085153698921e-03,3.342524636536836624e-03,1.754588563926517963e-03,1.148378476500511169e-03
-4.899640334770083427e-04,-8.334178477525711060e-03,2.891180571168661118e-03,-1.308608800172805786e-02,1.430717669427394867e-02,-1.012446917593479156e-02,-7.712727878242731094e-03,8.244100608862936497e-04,-1.900343596935272217e-02,2.785204052925109863e-01,1.111815273761749268e-01,3.580835089087486267e-02,2.711412124335765839e-02,3.649107739329338074e-02,2.835839800536632538e-02,4.475942812860012054e-03,-8.457060903310775757e-03,3.899724781513214111e-02,4.924101755023002625e-03,2.784444077406078577e-04
-3.364595351740717888e-03,1.219963002949953079e-02,7.892294786870479584e-03,1.682805642485618591e-02,9.692436084151268005e-03,1.675493270158767700e-02,8.421357721090316772e-03,1.124130375683307648e-02,1.423637382686138153e-02,3.968277201056480408e-02,9.680745601654052734e-01,9.672864675521850586e-01,9.511893391609191895e-01,9.857252240180969238e-01,1.726105436682701111e-02,-8.477086201310157776e-03,-1.334480103105306625e-02,-6.232749670743942261e-03,-9.105592034757137299e-03,-8.239752613008022308e-03
6.736050825566053391e-03,2.877890365198254585e-03,-9.061180055141448975e-03,9.152179360389709473e-01,9.362321496009826660e-01,2.191657572984695435e-02,8.690909482538700104e-03,6.667698621749877930e-01,1.353662554174661636e-02,7.324267625808715820e-01,6.215855106711387634e-02,7.256741076707839966e-02,3.324570134282112122e-02,9.055771864950656891e-03,-9.048551321029663086e-03,2.988785854540765285e-04,1.035723555833101273e-02,2.869807183742523193e-02,-2.324334112927317619e-03,2.472757594659924507e-03
-3.688369761221110821e-04,9.355609416961669922e-01,-1.086927670985460281e-02,2.670631743967533112e-03,3.345062583684921265e-02,-1.332644000649452209e-02,-1.326936646364629269e-03,3.483866751194000244e-01,5.578889511525630951e-03,6.979151368141174316e-01,1.725016348063945770e-02,-3.492902591824531555e-02,-1.559104956686496735e-02,2.669048262760043144e-03,4.043108969926834106e-02,-1.568557927384972572e-03,8.658628910779953003e-03,1.763628050684928894e-02,1.252585183829069138e-02,-1.294505316764116287e-02
1.174635998904705048e-02,8.809519000351428986e-03,2.007271163165569305e-02,1.502093859016895294e-02,1.112656015902757645e-02,-5.615437868982553482e-03,-9.696680353954434395e-04,9.103269129991531372e-02,-6.906635127961635590e-03,5.899857357144355774e-02,7.202520370483398438e-01,2.780102891847491264e-03,8.826940506696701050e-02,9.715687036514282227e-01,2.134480513632297516e-02,-4.694185219705104828e-03,-1.027418114244937897e-02,-1.465930417180061340e-02,-5.541624035686254501e-03,-3.516502678394317627e-03
8.929646611213684082e-01,1.836817860603332520e-01,8.018260598182678223e-01,6.895549893379211426e-01,5.934439897537231445e-01,1.933423578739166260e-01,9.661801159381866455e-02,6.720058917999267578e-01,7.912732958793640137e-01,7.772816419601440430e-01,-1.216164976358413696e-02,-1.777809485793113708e-02,-1.150826225057244301e-03,-1.277117989957332611e-02,1.809364743530750275e-02,1.909168064594268799e-02,2.155754901468753815e-02,-1.307958969846367836e-03,-1.776132849045097828e-03,-2.201806521043181419e-03
-1.266446895897388458e-03,7.903062105178833008e-01,7.321280241012573242e-01,7.038351297378540039e-01,6.225054264068603516e-01,4.981146156787872314e-01,4.012593626976013184e-01,9.783154129981994629e-01,6.860495805740356445e-01,7.703710794448852539e-01,2.800567075610160828e-03,2.759836381301283836e-03,3.293928166385740042e-04,-9.375894442200660706e-03,-2.192742424085736275e-03,-5.775036290287971497e-03,-7.959392387419939041e-04,2.054507378488779068e-03,-1.123524503782391548e-03,-2.668690634891390800e-03
3.360153059475123882e-04,6.754795908927917480e-01,6.728315353393554688e-01,6.603335142135620117e-01,4.351603388786315918e-01,4.370689690113067627e-01,3.084264695644378662e-01,7.167500853538513184e-01,4.675111174583435059e-01,6.030775308609008789e-01,8.599542826414108276e-02,2.559182047843933105e-02,1.642386987805366516e-02,1.194757875055074692e-02,3.908206522464752197e-02,2.954596094787120819e-02,2.105738408863544464e-02,2.497384091839194298e-03,2.781909331679344177e-02,5.109330522827804089e-04
4.219588008709251881e-04,7.704026103019714355e-01,6.585279107093811035e-01,6.468266844749450684e-01,8.643840551376342773e-01,9.906530380249023438e-01,6.028370931744575500e-03,7.670235633850097656e-01,4.579022228717803955e-01,8.515252470970153809e-01,2.185243926942348480e-02,-4.307977855205535889e-03,-4.709814675152301788e-03,-1.241536531597375870e-02,-8.986481465399265289e-03,-1.069751568138599396e-03,1.290302170673385262e-04,1.616077264770865440e-03,-1.886242651380598545e-03,1.194940414279699326e-04
-1.045634155161678791e-03,1.172285556094720960e-04,7.579009532928466797e-01,9.610086679458618164e-01,6.796905398368835449e-01,9.627935886383056641e-01,6.760428547859191895e-01,8.079575300216674805e-01,9.793407917022705078e-01,7.814223766326904297e-01,3.289155662059783936e-02,-9.802123531699180603e-03,5.540401209145784378e-03,9.118692949414253235e-03,1.938149333000183105e-02,9.070415981113910675e-03,3.847385942935943604e-02,7.204808760434389114e-03,1.545824483036994934e-02,-1.245799823664128780e-03
1.138267107307910919e-03,7.957409620285034180e-01,8.947063088417053223e-01,9.165058732032775879e-01,7.058842778205871582e-01,5.843589305877685547e-01,4.940389394760131836e-01,8.916363120079040527e-01,6.756855845451354980e-01,8.042367100715637207e-01,1.439308375120162964e-02,6.069464609026908875e-03,1.490197237581014633e-02,-1.639261026866734028e-03,-4.455674905329942703e-03,9.376536123454570770e-03,-3.673530882224440575e-03,6.967965979129076004e-03,-1.074033556506037712e-03,3.932635299861431122e-04
-2.029334864346310496e-04,2.759347259998321533e-01,6.770398020744323730e-01,8.010845184326171875e-01,6.008681654930114746e-01,4.989945795387029648e-03,1.108235330320894718e-03,6.637240052223205566e-01,-6.628390401601791382e-04,6.318010091781616211e-01,5.770074948668479919e-02,4.438863694667816162e-02,3.512319922447204590e-02,4.164091497659683228e-02,3.846983984112739563e-02,9.451337158679962158e-03,1.803070073947310448e-03,-1.926143188029527664e-03,7.693317718803882599e-03,-1.744303735904395580e-03
2.673659939318895340e-03,1.654708012938499451e-02,1.214502565562725067e-02,2.966335043311119080e-02,2.842181548476219177e-02,1.455266401171684265e-02,1.123074628412723541e-02,2.437394484877586365e-02,1.825020648539066315e-02,2.624072879552841187e-02,7.450571656227111816e-01,5.502762272953987122e-03,-2.524485462345182896e-04,-2.941409125924110413e-03,5.427044816315174103e-03,7.401076145470142365e-03,1.363972015678882599e-02,4.131322260946035385e-03,5.757876671850681305e-03,2.924612164497375488e-01
-2.200350398197770119e-03,9.625415205955505371e-01,9.658620357513427734e-01,3.987832739949226379e-02,9.914100170135498047e-01,5.687434226274490356e-02,5.481079965829849243e-02,5.756492912769317627e-02,4.460634291172027588e-02,9.477282166481018066e-01,1.328670326620340347e-02,-7.830520160496234894e-03,3.541557118296623230e-03,3.880558768287301064e-03,-4.502325784415006638e-03,-6.196550559252500534e-03,-1.901773922145366669e-02,4.557150532491505146e-04,1.019843621179461479e-03,-1.521218568086624146e-03
-3.835087176412343979e-03,1.337068714201450348e-02,5.326707363128662109e-01,5.291806459426879883e-01,7.118595242500305176e-01,8.071072399616241455e-03,6.517230533063411713e-03,8.007261157035827637e-01,3.948868252336978912e-03,7.143632173538208008e-01,-1.377672608941793442e-02,7.639259565621614456e-03,-7.823855848982930183e-04,-3.048596670851111412e-03,2.987947314977645874e-03,1.366584096103906631e-02,1.215698011219501495e-02,2.812079153954982758e-02,2.959635108709335327e-03,1.724099181592464447e-02
-5.861506797373294830e-03,2.875718986615538597e-03,7.710122037678956985e-03,-4.563066642731428146e-03,4.282848909497261047e-03,3.099974012002348900e-03,-1.157445585704408586e-04,1.380078308284282684e-02,2.007175795733928680e-02,4.700201004743576050e-02,7.922060489654541016e-01,1.172578409314155579e-01,2.109674364328384399e-01,9.682230651378631592e-02,5.075094103813171387e-01,9.794550538063049316e-01,1.000148892402648926e+00,4.390717018395662308e-03,3.939131498336791992e-01,5.111938808113336563e-03
1.250575389713048935e-02,2.856150735169649124e-03,-1.168696093373000622e-03,1.064074970781803131e-02,4.442480858415365219e-03,-2.282332425238564610e-04,-1.153268618509173393e-03,-9.991509839892387390e-03,-1.110734534449875355e-03,-1.413607038557529449e-02,3.971045836806297302e-02,2.421251498162746429e-02,1.885001659393310547e-01,1.867546141147613525e-01,1.052344068884849548e-01,1.631985604763031006e-02,1.855964772403240204e-02,2.540436573326587677e-03,4.377150442451238632e-03,4.940990507602691650e-01
-1.597186783328652382e-03,7.609031200408935547e-01,6.603761911392211914e-01,6.550385951995849609e-01,8.630706667900085449e-01,4.764374792575836182e-01,3.898988962173461914e-01,6.830505728721618652e-01,4.832399487495422363e-01,2.815228402614593506e-01,4.483180493116378784e-02,-7.474750280380249023e-03,1.918497146107256413e-03,2.035466022789478302e-02,1.496893167495727539e-02,3.643267974257469177e-02,5.477726832032203674e-02,9.213007986545562744e-03,3.644642233848571777e-02,1.569264940917491913e-02
-3.035296220332384109e-03,1.556464121676981449e-05,2.061797858914360404e-04,1.637928187847137451e-03,2.638567006215453148e-03,-8.980777929536998272e-04,1.105037983506917953e-02,4.876544773578643799e-01,4.881754517555236816e-03,7.431702613830566406e-01,4.318949952721595764e-02,3.228359296917915344e-02,7.033764570951461792e-02,7.247346639633178711e-02,7.257734425365924835e-03,-9.539814200252294540e-04,-5.881043151021003723e-03,9.131656028330326080e-03,-6.713443435728549957e-03,-2.001999411731958389e-03
8.637559367343783379e-04,7.107152938842773438e-01,6.329640746116638184e-01,8.569829463958740234e-01,6.139148473739624023e-01,2.363051772117614746e-01,1.705234497785568237e-01,7.273378372192382812e-01,3.775453865528106689e-01,7.997021079063415527e-01,3.478003665804862976e-02,2.100669965147972107e-02,-1.357702258974313736e-02,9.566094726324081421e-03,8.492520079016685486e-03,4.376952536404132843e-03,6.804140750318765640e-03,1.924556912854313850e-03,-9.442635811865329742e-03,1.764786778949201107e-03
-1.138067455030977726e-03,6.701210141181945801e-02,7.501497864723205566e-02,5.442038178443908691e-02,6.382693350315093994e-02,5.695830658078193665e-02,1.752283051609992981e-02,7.230630517005920410e-02,3.145419061183929443e-02,6.990128755569458008e-02,3.476921319961547852e-01,8.850750327110290527e-02,9.752659499645233154e-02,2.520420551300048828e-01,1.739331185817718506e-01,-7.108052726835012436e-03,2.750419378280639648e-01,4.633515141904354095e-03,1.719001829624176025e-01,-1.909523271024227142e-04
8.610157296061515808e-03,1.694896072149276733e-02,4.868709016591310501e-03,5.598023906350135803e-02,2.148029021918773651e-02,1.170907169580459595e-02,-4.392568953335285187e-03,3.192160651087760925e-02,2.296346426010131836e-02,7.213999051600694656e-03,-1.854137517511844635e-02,5.053868889808654785e-01,9.563247561454772949e-01,2.712003421038389206e-03,6.794013381004333496e-01,9.817147254943847656e-01,9.813563823699951172e-01,-6.426757900044322014e-04,7.906472086906433105e-01,6.887493729591369629e-01
2.797271590679883957e-04,2.882491098716855049e-03,1.298405136913061142e-02,4.044298082590103149e-03,-8.147648186422884464e-04,6.294323247857391834e-04,2.269460121169686317e-03,-1.972600072622299194e-02,7.674622815102338791e-03,-1.735768094658851624e-02,1.000005960464477539e+00,4.093568027019500732e-02,1.262188404798507690e-01,2.877359092235565186e-02,7.116265892982482910e-01,7.408339530229568481e-03,1.367044076323509216e-02,4.481055773794651031e-03,4.411917645484209061e-03,2.168588340282440186e-03
1.719582127407193184e-03,1.245567761361598969e-02,1.831824891269207001e-02,1.230244617909193039e-02,-4.948551766574382782e-03,-5.486372858285903931e-03,-2.025708556175231934e-03,-8.716036565601825714e-03,-2.951101632788777351e-03,-1.541544124484062195e-02,8.976433277130126953e-01,2.851506695151329041e-02,4.646237939596176147e-02,3.258443996310234070e-02,7.891461849212646484e-01,5.718187894672155380e-03,-3.169606206938624382e-04,5.424793926067650318e-04,9.085681289434432983e-03,6.043968200683593750e-01
-5.768484901636838913e-03,2.294759033247828484e-03,1.082795322872698307e-03,3.283219644799828529e-03,8.640510030090808868e-03,-9.871872607618570328e-04,-2.704215701669454575e-03,-2.034338889643549919e-03,-1.888824044726788998e-04,4.813463310711085796e-04,8.101924657821655273e-01,7.051258683204650879e-01,9.955905675888061523e-01,1.010223984718322754e+00,8.177558779716491699e-01,-2.878892002627253532e-03,4.253777489066123962e-02,3.193192481994628906e-01,9.819674491882324219e-01,-4.025734961032867432e-03
2.986410167068243027e-03,-5.198964849114418030e-03,1.439638249576091766e-02,2.068333886563777924e-02,1.872174255549907684e-02,2.614430850371718407e-04,3.130033845081925392e-03,3.923095017671585083e-02,4.313859157264232635e-03,1.180859981104731560e-03,8.769366145133972168e-01,7.541706562042236328e-01,7.647019028663635254e-01,1.795517355203628540e-01,4.755367636680603027e-01,7.073759436607360840e-01,6.917252540588378906e-01,7.546848803758621216e-02,2.921496033668518066e-01,5.920900702476501465e-01
1.356475870124995708e-03,8.215247988700866699e-01,9.930865764617919922e-01,9.055455923080444336e-01,9.103710651397705078e-01,1.002835154533386230e+00,7.009345889091491699e-01,8.980811238288879395e-01,9.988988041877746582e-01,8.066863417625427246e-01,-1.216405630111694336e-02,5.777445621788501740e-03,1.539227180182933807e-02,-7.672904059290885925e-03,5.027560517191886902e-03,4.672952927649021149e-03,-1.843051169998943806e-03,-2.372488379478454590e-03,-1.062261499464511871e-02,-1.290799817070364952e-03
1.364319003187119961e-03,1.074772477149963379e-01,1.182553917169570923e-01,1.279372572898864746e-01,9.018226712942123413e-02,1.796042919158935547e-02,2.845665253698825836e-02,1.149775460362434387e-01,6.436800956726074219e-02,9.210179001092910767e-02,8.587962985038757324e-01,6.668378133326768875e-03,2.114508068189024925e-03,-1.009968761354684830e-02,1.861101984977722168e-01,8.024664521217346191e-01,7.174581885337829590e-01,7.694900967180728912e-03,4.337217807769775391e-01,6.665469263680279255e-04
-1.705594593659043312e-03,7.896690368652343750e-01,8.880818486213684082e-01,7.843791842460632324e-01,6.876597404479980469e-01,5.654393434524536133e-01,4.667673707008361816e-01,8.747644424438476562e-01,6.768136024475097656e-01,8.646547198295593262e-01,1.077012624591588974e-02,1.268550567328929901e-02,6.719501689076423645e-03,6.544647272676229477e-03,-7.378513109870254993e-04,-2.441530581563711166e-03,7.143317721784114838e-03,-2.969769760966300964e-03,-2.436666283756494522e-03,-1.217597862705588341e-03
4.739496507681906223e-04,5.980893597006797791e-02,6.758537888526916504e-02,6.559740751981735229e-02,5.636413395404815674e-02,5.678833276033401489e-02,2.648074924945831299e-02,6.954305619001388550e-02,2.416432090103626251e-02,2.589498087763786316e-02,3.597458600997924805e-01,1.040879786014556885e-01,1.884431391954421997e-01,2.793556153774261475e-01,2.665936946868896484e-01,2.786512076854705811e-01,3.641446530818939209e-01,8.611629158258438110e-02,1.845452785491943359e-01,4.779873788356781006e-01
-3.590851323679089546e-03,8.017953038215637207e-01,7.004681229591369629e-01,6.802949309349060059e-01,5.858306884765625000e-01,4.839963614940643311e-01,3.883300423622131348e-01,7.035271525382995605e-01,5.046337842941284180e-01,6.797409653663635254e-01,2.199476584792137146e-02,-1.199401449412107468e-02,1.789440959692001343e-02,-1.235895440913736820e-03,8.956256788223981857e-04,8.285389281809329987e-03,5.984296556562185287e-03,1.120430883020162582e-03,1.756141893565654755e-02,6.599054322578012943e-04
5.474980454891920090e-03,-2.667836146429181099e-03,4.711009096354246140e-03,7.974534295499324799e-03,-7.913523353636264801e-03,-6.888410542160272598e-03,-3.970324178226292133e-04,-2.091997116804122925e-02,1.592780929058790207e-03,-9.010629728436470032e-03,8.544637560844421387e-01,6.665469408035278320e-01,8.473435044288635254e-01,8.196166157722473145e-01,5.733169317245483398e-01,5.720742344856262207e-01,5.825214385986328125e-01,6.396733224391937256e-03,1.980376690626144409e-01,1.073974370956420898e-02
6.894732825458049774e-03,1.692532934248447418e-02,1.941233500838279724e-02,-7.562220562249422073e-03,-3.686253912746906281e-03,2.095359144732356071e-03,1.081309863366186619e-03,-9.720673784613609314e-03,7.229526992887258530e-03,-8.735831826925277710e-03,1.004774570465087891e+00,9.928148984909057617e-01,1.014013886451721191e+00,1.025142431259155273e+00,8.490471839904785156e-01,2.902055904269218445e-02,3.237487003207206726e-02,2.487533539533615112e-02,1.293638441711664200e-02,1.352397724986076355e-03
3.128757001832127571e-03,7.062076125293970108e-03,6.636639591306447983e-05,-1.200958155095577240e-02,-2.172518055886030197e-03,1.237044762820005417e-02,-1.333263498963788152e-04,-4.862846690230071545e-04,-2.572842175140976906e-03,9.574290364980697632e-03,9.762228131294250488e-01,7.808171510696411133e-01,8.590837717056274414e-01,9.738637208938598633e-01,9.777085781097412109e-01,1.850671716965734959e-03,8.098146878182888031e-03,7.811351418495178223e-01,-7.710244506597518921e-03,9.880980849266052246e-01
-1.583594828844070435e-03,7.111505866050720215e-01,7.843157649040222168e-01,7.054491639137268066e-01,6.006143689155578613e-01,4.729615449905395508e-01,3.858769834041595459e-01,2.809095978736877441e-01,6.776446700096130371e-01,7.902568578720092773e-01,-1.794900000095367432e-02,-9.649887681007385254e-03,-1.340334583073854446e-02,-6.757061928510665894e-03,-4.740891978144645691e-03,-1.009287405759096146e-02,-1.385862007737159729e-02,3.863640595227479935e-03,-4.989290609955787659e-03,-9.257934871129691601e-04
2.732117660343647003e-03,9.498392231762409210e-03,1.299618929624557495e-02,6.332364678382873535e-02,2.136089839041233063e-02,2.480025775730609894e-02,7.822052575647830963e-03,4.487346112728118896e-02,1.228886656463146210e-03,5.547541752457618713e-02,9.150502681732177734e-01,6.724516749382019043e-01,2.870659232139587402e-01,1.917704474180936813e-03,6.732578277587890625e-01,3.665829543024301529e-03,9.415548443794250488e-01,-1.066034100949764252e-02,9.570987224578857422e-01,-2.632035873830318451e-03
-2.839469350874423981e-03,7.140787839889526367e-01,3.263394162058830261e-02,2.207468077540397644e-02,1.004693627357482910e+00,9.818460345268249512e-01,3.793307347223162651e-03,5.457599759101867676e-01,2.927374280989170074e-02,7.825707793235778809e-01,5.422605201601982117e-02,2.760913036763668060e-02,4.651650786399841309e-02,2.012218907475471497e-02,1.746018417179584503e-02,-3.436544211581349373e-03,5.351911764591932297e-03,4.929880611598491669e-03,2.563141286373138428e-03,1.693029305897653103e-03
4.206040175631642342e-04,6.133931279182434082e-01,2.160708010196685791e-01,7.719234824180603027e-01,9.671093821525573730e-01,4.901136457920074463e-01,3.852466940879821777e-01,6.902748942375183105e-01,4.898447692394256592e-01,8.943731784820556641e-01,-2.888819947838783264e-02,-2.018173038959503174e-02,-3.176576271653175354e-02,-5.901632830500602722e-03,1.777505502104759216e-02,1.018624193966388702e-02,9.746843948960304260e-03,-6.475918926298618317e-03,1.735996920615434647e-03,-3.086324082687497139e-03
2.845371840521693230e-03,-9.476537816226482391e-03,1.542534562759101391e-03,9.956482797861099243e-03,1.421188353560864925e-03,4.246499447617679834e-04,-2.486049197614192963e-03,3.299993649125099182e-02,-2.080513630062341690e-03,5.164473503828048706e-02,9.595165848731994629e-01,9.499447941780090332e-01,9.660308361053466797e-01,3.131440375000238419e-03,9.773279428482055664e-01,9.890539646148681641e-01,9.903007745742797852e-01,1.461525447666645050e-02,9.989135265350341797e-01,8.838030626066029072e-04
-6.888368632644414902e-03,-4.239016678184270859e-03,-6.620276253670454025e-03,-8.955948986113071442e-03,1.964840572327375412e-03,-4.864862188696861267e-03,1.257585128769278526e-03,-6.808257196098566055e-03,-6.337170489132404327e-03,-1.352001633495092392e-02,8.289425969123840332e-01,7.218116521835327148e-01,8.886739611625671387e-01,9.190931916236877441e-01,5.779522657394409180e-01,-7.684838958084583282e-03,-1.451295800507068634e-03,1.240555383265018463e-02,3.236842807382345200e-03,-2.102719387039542198e-03
-7.171272300183773041e-03,-9.538674727082252502e-03,-5.303667392581701279e-03,-2.088678069412708282e-02,-7.839383557438850403e-03,1.141745015047490597e-03,1.155490987002849579e-02,-2.372228540480136871e-03,-2.044765045866370201e-03,-1.619624719023704529e-02,1.037623882293701172e+00,9.752025008201599121e-01,9.914026856422424316e-01,2.672629617154598236e-02,3.011651150882244110e-02,4.399566724896430969e-02,4.048760235309600830e-02,1.341735571622848511e-02,9.899602532386779785e-01,8.070066571235656738e-01
-2.971137408167123795e-03,8.113653399050235748e-03,2.226950600743293762e-02,1.642327383160591125e-02,2.646317332983016968e-02,9.524628403596580029e-04,4.907324910163879395e-04,3.718906641006469727e-02,1.337673794478178024e-02,3.810016438364982605e-02,7.534528970718383789e-01,2.896221876144409180e-01,1.755020618438720703e-01,9.465818107128143311e-02,1.868254840373992920e-01,2.620312273502349854e-01,3.479167222976684570e-01,1.962602109415456653e-04,2.818800508975982666e-01,5.116980057209730148e-03
6.449468201026320457e-04,6.888759671710431576e-04,-3.716171020641922951e-03,-4.845981020480394363e-03,-8.906451985239982605e-03,-5.636337213218212128e-03,-6.363563239574432373e-03,-2.427080646157264709e-02,-1.802298356778919697e-03,-1.642432622611522675e-02,9.110652208328247070e-01,8.047047257423400879e-01,7.856041789054870605e-01,9.783388376235961914e-01,6.964972615242004395e-01,1.384352520108222961e-02,1.643584854900836945e-02,3.794628428295254707e-04,3.901959862560033798e-03,9.883011579513549805e-01
6.009376607835292816e-03,9.113670326769351959e-03,-1.123863644897937775e-02,2.829096652567386627e-02,-2.897334517911076546e-03,8.024577982723712921e-03,-3.165230387821793556e-03,2.865197956562042236e-01,3.139035701751708984e-01,6.313470602035522461e-01,1.070876643061637878e-01,1.498892158269882202e-01,1.202584356069564819e-01,1.223146319389343262e-01,8.280485868453979492e-02,5.570445954799652100e-02,6.782176345586776733e-02,2.165258629247546196e-03,1.705729216337203979e-02,1.194287370890378952e-02
-3.404029179364442825e-03,7.386881858110427856e-03,-8.197965100407600403e-03,-5.374953616410493851e-05,2.676689624786376953e-02,-6.067362846806645393e-04,-3.830172354355454445e-03,2.505224011838436127e-02,-5.221718922257423401e-03,1.643439568579196930e-02,1.002395153045654297e+00,5.354208350181579590e-01,5.457012057304382324e-01,2.518787048757076263e-02,2.256654947996139526e-01,1.840892247855663300e-02,1.492194086313247681e-02,2.170221321284770966e-02,3.967797458171844482e-01,-3.381783142685890198e-03
-1.125141396187245846e-03,1.498305355198681355e-03,8.013098239898681641e-01,9.814944267272949219e-01,9.786728024482727051e-01,9.944643378257751465e-01,7.022475004196166992e-01,9.867260456085205078e-01,9.919246435165405273e-01,2.059080749750137329e-01,2.056765742599964142e-02,1.362817082554101944e-02,-9.030250948853790760e-04,9.426227770745754242e-04,7.625144906342029572e-03,3.703749040141701698e-03,1.070539280772209167e-02,-3.110373858362436295e-03,1.653357036411762238e-02,7.815794087946414948e-03
-1.877709291875362396e-03,4.325631540268659592e-03,-1.661220751702785492e-02,7.033738773316144943e-03,2.954151481389999390e-02,1.214834023267030716e-02,2.173928543925285339e-03,-1.460266113281250000e-02,3.666773205623030663e-03,2.864817716181278229e-02,9.465671181678771973e-01,9.564665555953979492e-01,9.742178916931152344e-01,9.438578486442565918e-01,6.757357716560363770e-01,4.384104311466217041e-01,4.334138929843902588e-01,7.762463688850402832e-01,4.445698559284210205e-01,-2.481120638549327850e-03
5.285901483148336411e-03,1.587649621069431305e-02,3.109585959464311600e-03,-1.327148545533418655e-02,3.367601661011576653e-03,-2.588967978954315186e-02,-7.474177516996860504e-03,-2.142200712114572525e-03,-1.004634890705347061e-02,1.017421204596757889e-02,1.447336524724960327e-01,8.638375252485275269e-02,7.456225156784057617e-02,9.008739888668060303e-02,2.768284082412719727e-01,8.756633996963500977e-01,8.779376149177551270e-01,1.981888264417648315e-01,7.243648171424865723e-01,8.076011389493942261e-02
9.100183099508285522e-02,8.139291405677795410e-01,1.539229322224855423e-02,1.005500368773937225e-02,9.187254309654235840e-01,1.006103396415710449e+00,2.907417714595794678e-01,7.175770998001098633e-01,4.877777397632598877e-01,8.868106603622436523e-01,-2.369217202067375183e-02,1.514571369625627995e-03,4.929061979055404663e-03,2.441937848925590515e-02,-6.422756705433130264e-03,7.631983025930821896e-04,-6.361740641295909882e-03,-2.658681245520710945e-03,1.882297685369849205e-03,2.833361504599452019e-03
8.236006833612918854e-04,7.418193668127059937e-02,9.065356105566024780e-02,3.906026482582092285e-01,1.879640370607376099e-01,8.839881420135498047e-01,2.830467820167541504e-01,7.926412224769592285e-01,6.923536062240600586e-01,7.983914613723754883e-01,1.619653403759002686e-02,6.601460278034210205e-03,-9.689364582300186157e-03,4.473124630749225616e-03,-1.731502474285662174e-03,-5.072613246738910675e-03,9.295922354795038700e-04,-8.610347285866737366e-04,1.911271130666136742e-03,2.794426865875720978e-03
6.719543016515672207e-04,6.838184595108032227e-01,1.411456987261772156e-02,-1.805216772481799126e-03,1.196870394051074982e-02,9.916673898696899414e-01,1.426906511187553406e-02,5.831521153450012207e-01,6.895330548286437988e-01,7.850218415260314941e-01,3.365951031446456909e-02,-2.826932258903980255e-02,6.328213028609752655e-03,2.687554433941841125e-02,6.523977033793926239e-03,1.115206442773342133e-02,9.101528674364089966e-03,7.904685102403163910e-03,1.450356934219598770e-02,-2.271499019116163254e-03
-3.185300738550722599e-04,7.863811254501342773e-01,6.890199780464172363e-01,9.602663516998291016e-01,6.003596782684326172e-01,9.808670878410339355e-01,4.866443574428558350e-01,6.944376826286315918e-01,6.214349269866943359e-01,7.992594242095947266e-01,3.188219666481018066e-02,1.455690013244748116e-03,2.043840847909450531e-02,-3.492910647764801979e-03,-7.961398921906948090e-03,1.253392733633518219e-02,1.640367321670055389e-02,-7.372193969786167145e-03,6.154572125524282455e-03,-7.897255127318203449e-04
-1.067920355126261711e-03,3.002423420548439026e-02,2.968672849237918854e-02,4.399481043219566345e-02,4.159018397331237793e-02,2.237584441900253296e-02,5.710951052606105804e-03,4.772762954235076904e-02,2.154302969574928284e-02,5.533743277192115784e-02,6.247872114181518555e-01,-3.386776079423725605e-04,5.980066489428281784e-03,4.382275044918060303e-03,1.620778143405914307e-01,-1.209095469675958157e-03,4.607643187046051025e-01,8.213623077608644962e-04,7.768134772777557373e-02,3.909741528332233429e-03
2.059714868664741516e-02,6.452299654483795166e-02,6.817460805177688599e-02,4.095396772027015686e-02,4.780525341629981995e-02,4.470122978091239929e-02,2.452306635677814484e-02,6.890271604061126709e-02,3.258190304040908813e-02,4.016099870204925537e-02,7.725948095321655273e-01,6.422777473926544189e-02,1.383114159107208252e-01,2.567764818668365479e-01,1.545331180095672607e-01,2.520030438899993896e-01,4.416268467903137207e-01,8.397989720106124878e-02,1.598769426345825195e-01,5.930201411247253418e-01
-4.281088477000594139e-04,-5.765387322753667831e-03,-6.072059273719787598e-03,6.777705252170562744e-02,1.242517866194248199e-02,9.906753897666931152e-03,-4.854468628764152527e-03,5.751178041100502014e-02,3.746850416064262390e-02,2.437206357717514038e-02,9.125680923461914062e-01,9.227761030197143555e-01,9.203802347183227539e-01,-5.439607193693518639e-04,8.278948068618774414e-01,9.562393426895141602e-01,9.522894620895385742e-01,3.020321018993854523e-03,-2.729617990553379059e-03,7.851249575614929199e-01
-3.031750908121466637e-03,-2.918696496635675430e-03,-3.465204732492566109e-03,8.543304167687892914e-03,1.059593353420495987e-02,5.654777400195598602e-03,5.992811173200607300e-03,1.570942625403404236e-02,5.784175358712673187e-03,2.254251763224601746e-02,9.090755581855773926e-01,7.983474135398864746e-01,9.012349843978881836e-01,9.787744879722595215e-01,8.780231475830078125e-01,1.000129461288452148e+00,9.831137657165527344e-01,7.583201676607131958e-02,8.973792195320129395e-01,7.717853784561157227e-02
5.818058853037655354e-04,7.408886551856994629e-01,7.563927173614501953e-01,1.000103354454040527e+00,8.159366846084594727e-01,9.880413413047790527e-01,4.957447946071624756e-01,9.962583780288696289e-01,8.023448586463928223e-01,3.278853893280029297e-01,-9.260942169930785894e-05,-2.799761714413762093e-03,-3.295749891549348831e-03,-6.242640316486358643e-03,-3.292644396424293518e-04,4.927636124193668365e-03,7.658409886062145233e-03,1.179569298983551562e-04,-5.863481783308088779e-04,-9.801145642995834351e-03
1.560143282404169440e-04,9.762219190597534180e-01,9.935737252235412598e-01,1.009313225746154785e+00,9.839884638786315918e-01,9.981220364570617676e-01,8.011152148246765137e-01,9.837275743484497070e-01,9.951942563056945801e-01,8.845618963241577148e-01,6.740832701325416565e-03,2.849932992830872536e-03,-6.903132307343184948e-04,2.837648571585305035e-05,-2.840913599357008934e-03,-8.158072014339268208e-04,-2.641058061271905899e-03,6.998635944910347462e-05,-5.260247417027130723e-05,-1.297164271818473935e-04
-3.865273902192711830e-03,-4.489795770496129990e-03,1.224537030793726444e-03,-1.276985462754964828e-02,-1.310901064425706863e-02,-1.903660362586379051e-03,1.892295782454311848e-03,-1.883463002741336823e-02,-1.970964018255472183e-03,-1.784268952906131744e-02,9.596219658851623535e-01,9.694868326187133789e-01,9.880030751228332520e-01,1.022480487823486328e+00,9.903515577316284180e-01,1.012254714965820312e+00,1.029138326644897461e+00,3.132223486900329590e-01,1.013385415077209473e+00,9.973703622817993164e-01
-9.481905726715922356e-04,8.064637780189514160e-01,9.003341197967529297e-01,9.961186051368713379e-01,9.844414591789245605e-01,9.993926286697387695e-01,4.883166551589965820e-01,9.962164759635925293e-01,7.992151379585266113e-01,7.456830739974975586e-01,3.097765613347291946e-03,-5.625544115900993347e-03,-2.136938506737351418e-03,-1.987512456253170967e-03,-1.317489193752408028e-03,2.374953764956444502e-04,2.269669435918331146e-03,-1.630162238143384457e-03,-1.504723681136965752e-03,8.804191020317375660e-04
1.257186289876699448e-02,2.271068096160888672e-02,5.229825153946876526e-02,3.800148963928222656e-01,2.590076625347137451e-01,-1.219372963532805443e-03,6.889227777719497681e-03,5.516375899314880371e-01,2.028345770668238401e-04,6.160227656364440918e-01,4.484089463949203491e-02,6.988706998527050018e-03,1.186898350715637207e-02,3.692117054015398026e-03,-2.614925149828195572e-03,2.784535475075244904e-02,5.786674097180366516e-03,-6.585437804460525513e-03,-6.803687661886215210e-03,3.667365992441773415e-03
-6.546705495566129684e-03,-9.631568100303411484e-04,1.064541749656200409e-03,-3.884560894221067429e-03,7.583582773804664612e-03,-1.240303274244070053e-03,-9.676850168034434319e-04,3.067460376769304276e-03,9.681722440291196108e-05,-5.834042560309171677e-03,-5.228839349001646042e-03,9.915663003921508789e-01,9.993574023246765137e-01,1.009942531585693359e+00,1.006930112838745117e+00,1.007314443588256836e+00,1.004179000854492188e+00,6.961644887924194336e-01,1.006148815155029297e+00,9.931480884552001953e-01
5.284795770421624184e-04,8.399142026901245117e-01,8.283289670944213867e-01,1.001243114471435547e+00,9.233813285827636719e-01,1.003469944000244141e+00,2.065850608050823212e-02,9.973980784416198730e-01,7.392088770866394043e-01,8.795678615570068359e-01,-3.795973025262355804e-03,-5.464429268613457680e-04,-2.829520730301737785e-03,2.239520661532878876e-03,-7.998264045454561710e-04,7.087246049195528030e-04,6.683618295937776566e-03,8.584260649513453245e-05,-2.263716451125219464e-04,1.349938800558447838e-03
2.597344219684600830e-01,9.626057744026184082e-02,1.410270780324935913e-01,7.052911911159753799e-03,6.180533394217491150e-02,-2.969083609059453011e-03,-3.427128773182630539e-03,4.701519906520843506e-01,-7.448913063853979111e-03,3.254957124590873718e-02,2.076052278280258179e-01,1.536048501729965210e-01,1.822178214788436890e-01,1.838465780019760132e-01,1.162880510091781616e-01,1.191878542304039001e-01,1.243743002414703369e-01,7.071495521813631058e-03,8.446735888719558716e-02,4.936782643198966980e-02
1.884505599737167358e-01,7.138023376464843750e-01,7.884022593498229980e-01,9.818779826164245605e-01,6.982148289680480957e-01,1.005637168884277344e+00,3.067901432514190674e-01,8.085412383079528809e-01,7.056032419204711914e-01,8.051006197929382324e-01,4.597150906920433044e-02,-9.851766517385840416e-04,-2.429650397971272469e-03,1.022404804825782776e-02,-3.484915941953659058e-03,-5.097016692161560059e-03,-5.984724964946508408e-03,-1.470269489800557494e-04,2.028521383181214333e-03,1.993788173422217369e-03
2.644969383254647255e-03,1.564620621502399445e-02,1.371006574481725693e-02,4.110740497708320618e-03,3.129274398088455200e-02,-3.085982170887291431e-04,2.037056488916277885e-03,6.022474542260169983e-02,3.956798929721117020e-03,4.259042069315910339e-02,9.111034870147705078e-01,8.129393458366394043e-01,9.519109725952148438e-01,9.579183459281921387e-01,7.747702598571777344e-01,9.573043584823608398e-01,9.464670419692993164e-01,8.850147575139999390e-02,9.240549802780151367e-01,-3.094985615462064743e-03
-9.835788514465093613e-04,8.337350487709045410e-01,8.406889438629150391e-01,9.995529055595397949e-01,9.306746125221252441e-01,1.006616353988647461e+00,6.967971920967102051e-01,1.001226067543029785e+00,9.205650687217712402e-01,9.938929080963134766e-01,-2.980076009407639503e-03,-2.791355596855282784e-03,1.724479021504521370e-03,1.637564622797071934e-03,4.380674508865922689e-04,9.128205478191375732e-03,-1.460039522498846054e-03,7.940464420244097710e-04,3.829842666164040565e-03,-1.657963148318231106e-03
-4.250032070558518171e-04,8.037966908887028694e-04,3.227293927920982242e-05,-3.380723064765334129e-03,6.853280356153845787e-04,8.982195286080241203e-04,-1.844793005147948861e-04,-5.484196357429027557e-03,-2.751972526311874390e-03,-1.184184657176956534e-04,9.320095777511596680e-01,8.919250965118408203e-01,9.667669534683227539e-01,1.004554629325866699e+00,8.487839102745056152e-01,1.017987132072448730e+00,1.006834983825683594e+00,4.987822473049163818e-01,9.851751327514648438e-01,9.143199324607849121e-01
1.287604682147502899e-02,1.882807910442352295e-01,5.824086070060729980e-01,8.352572917938232422e-01,3.990615904331207275e-01,9.922566413879394531e-01,2.796792089939117432e-01,8.229212760925292969e-01,6.917108297348022461e-01,7.208960652351379395e-01,-7.679280824959278107e-03,1.396790985018014908e-02,-3.706826464622281492e-05,-3.874182002618908882e-03,1.331890746951103210e-02,5.991518497467041016e-03,7.270542439073324203e-03,-1.471452647820115089e-03,3.125942894257605076e-04,1.939500798471271992e-03
-2.716980874538421631e-03,9.516599774360656738e-01,9.840880632400512695e-01,9.908391237258911133e-01,9.677951931953430176e-01,9.958176016807556152e-01,4.995552301406860352e-01,9.872764945030212402e-01,8.071621656417846680e-01,4.005797505378723145e-01,-5.195347592234611511e-03,-5.174406804144382477e-03,-1.361980568617582321e-03,-1.883224933408200741e-03,-3.620074363425374031e-03,-9.215320460498332977e-05,-1.039037108421325684e-02,2.874413330573588610e-04,-1.491735596209764481e-02,-8.090381161309778690e-04
1.370609551668167114e-02,1.718257367610931396e-02,-7.224710658192634583e-03,-5.408432800322771072e-03,4.860233981162309647e-03,7.852080743759870529e-04,2.813332946971058846e-03,-2.523117884993553162e-02,7.679303642362356186e-03,-1.914238370954990387e-02,3.987917676568031311e-02,8.025941252708435059e-01,9.436920881271362305e-01,1.013908505439758301e+00,8.536595106124877930e-01,1.011296749114990234e+00,1.026801228523254395e+00,6.642579566687345505e-03,6.702434420585632324e-01,6.111472845077514648e-03
-1.866517355665564537e-03,8.240757584571838379e-01,9.325727224349975586e-01,9.983825087547302246e-01,9.090433120727539062e-01,9.956138134002685547e-01,7.032918334007263184e-01,1.004734992980957031e+00,8.893249034881591797e-01,8.043956756591796875e-01,-9.939372102962806821e-05,-1.540294615551829338e-03,-2.564648631960153580e-03,-1.753392280079424381e-04,-1.231450150953605771e-04,6.952406838536262512e-04,2.093766815960407257e-03,1.057204441167414188e-03,4.110858775675296783e-03,-8.197698625735938549e-04
1.541987340897321701e-02,2.315774373710155487e-02,1.118160113692283630e-01,2.125860899686813354e-01,1.777443885803222656e-01,4.306709859520196915e-03,1.626502722501754761e-03,5.752998590469360352e-01,6.578639615327119827e-03,1.027027890086174011e-01,5.759792029857635498e-02,3.714737668633460999e-02,1.484064478427171707e-02,3.171598911285400391e-02,2.301245555281639099e-02,2.785976044833660126e-02,4.203492030501365662e-02,-4.257209366187453270e-04,3.260970860719680786e-02,7.928256876766681671e-03
6.792100612074136734e-04,8.277625441551208496e-01,8.886461257934570312e-01,1.008245944976806641e+00,9.159917235374450684e-01,1.006191253662109375e+00,6.865423321723937988e-01,1.000214457511901855e+00,8.097761869430541992e-01,9.051009416580200195e-01,-9.545353241264820099e-03,-6.628375966101884842e-03,1.516224001534283161e-03,4.241642076522111893e-03,-2.850631950423121452e-03,-9.726972319185733795e-03,-1.167373545467853546e-02,-1.225591840920969844e-04,-3.213283605873584747e-03,-5.267960368655622005e-04
1.375985564664006233e-03,-2.822766546159982681e-03,3.894283669069409370e-03,-9.115776978433132172e-03,3.259903751313686371e-04,-6.210045423358678818e-03,-2.095208910759538412e-04,5.868519074283540249e-04,-4.356321878731250763e-03,-2.395352534949779510e-02,8.354499936103820801e-01,7.967706322669982910e-01,8.959655165672302246e-01,9.854168295860290527e-01,7.357158660888671875e-01,9.517457485198974609e-01,9.551988244056701660e-01,1.583555480465292931e-03,9.318774938583374023e-01,7.037999033927917480e-01
2.103282511234283447e-01,7.896474599838256836e-01,7.027910947799682617e-01,6.272125244140625000e-01,6.778498888015747070e-01,9.954898953437805176e-01,4.811357855796813965e-01,7.514702677726745605e-01,7.867448329925537109e-01,7.121382355690002441e-01,3.175683319568634033e-02,4.741375800222158432e-03,8.542738854885101318e-03,1.671449840068817139e-02,1.257845386862754822e-02,1.605285145342350006e-02,1.520472392439842224e-02,-2.586117479950189590e-03,-3.659109584987163544e-03,4.642614221666008234e-04
5.903326440602540970e-03,5.998447071760892868e-03,-1.053366111591458321e-03,1.068624202162027359e-02,-2.398679498583078384e-03,2.760155475698411465e-04,2.872491022571921349e-03,2.130558528006076813e-02,4.202438052743673325e-03,5.301169119775295258e-03,1.746932230889797211e-02,9.618427157402038574e-01,9.806419014930725098e-01,1.003883242607116699e+00,9.686238169670104980e-01,9.821043014526367188e-01,9.868522286415100098e-01,6.591178774833679199e-01,9.935924410820007324e-01,9.910163879394531250e-01
1.393638551235198975e-03,8.479074835777282715e-01,9.058901667594909668e-01,1.005460858345031738e+00,1.001443743705749512e+00,9.921289682388305664e-01,6.931132078170776367e-01,9.987477660179138184e-01,8.888313770294189453e-01,8.654951453208923340e-01,-1.492215233156457543e-04,3.233533119782805443e-03,3.147621406242251396e-03,1.105296076275408268e-03,-2.386717125773429871e-03,-4.553079605102539062e-03,-4.200047813355922699e-03,-1.189546455862000585e-04,8.039594977162778378e-04,2.452761982567608356e-04
1.084913033992052078e-02,1.431138720363378525e-02,2.223895490169525146e-01,2.963116466999053955e-01,1.976810842752456665e-01,-2.218590350821614265e-03,6.893077865242958069e-03,6.473013758659362793e-01,5.523767322301864624e-03,1.099960356950759888e-01,-1.232798211276531219e-03,6.389234680682420731e-03,-9.647030383348464966e-03,7.359306327998638153e-03,-5.186253692954778671e-03,4.889600910246372223e-03,-1.651043444871902466e-02,2.102240920066833496e-02,-4.381595645099878311e-03,-1.695031300187110901e-03
7.745745824649930000e-04,8.799042105674743652e-01,8.206763267517089844e-01,9.980463385581970215e-01,8.824743628501892090e-01,9.979366660118103027e-01,5.048545002937316895e-01,1.000156044960021973e+00,7.460391521453857422e-01,9.030495285987854004e-01,-1.363585051149129868e-02,-2.017159247770905495e-03,-1.046901103109121323e-03,1.234934461535885930e-04,5.975128151476383209e-04,-2.820220543071627617e-03,-4.429814289323985577e-04,-5.503511056303977966e-04,-1.236725831404328346e-03,5.018356023356318474e-04
8.672039210796356201e-02,7.093463838100433350e-02,1.986480951309204102e-01,4.212754070758819580e-01,2.759384214878082275e-01,-5.113997962325811386e-03,2.660411701072007418e-04,6.788265109062194824e-01,-6.330787437036633492e-05,5.800234079360961914e-01,2.346749044954776764e-02,-1.425030757673084736e-03,1.644212752580642700e-02,7.661267183721065521e-03,-8.548408746719360352e-03,-4.369614180177450180e-05,6.669033318758010864e-03,-2.411210443824529648e-03,-2.082237601280212402e-02,-4.904364701360464096e-03
-4.968502908013761044e-04,9.057481288909912109e-01,9.959601759910583496e-01,1.000846385955810547e+00,9.277667403221130371e-01,1.003567218780517578e+00,8.011649847030639648e-01,9.988225102424621582e-01,9.929269552230834961e-01,9.899349808692932129e-01,-3.268666565418243408e-03,4.130539309699088335e-05,-6.648960988968610764e-04,1.503957551904022694e-03,-2.055753953754901886e-03,4.560964007396250963e-04,-3.304034937173128128e-03,-3.081010945606976748e-04,-2.274052239954471588e-03,-5.019374657422304153e-04
2.212780527770519257e-04,-2.295097569003701210e-03,-2.947474364191293716e-03,-9.561145270708948374e-05,-3.832055954262614250e-03,-3.219969104975461960e-03,-3.100992413237690926e-03,-1.181215513497591019e-02,-5.702991504222154617e-03,2.682309830561280251e-03,8.705037832260131836e-01,8.784743547439575195e-01,1.015054702758789062e+00,1.015149712562561035e+00,1.010978937149047852e+00,1.015604734420776367e+00,1.049417376518249512e+00,6.874359846115112305e-01,1.004954576492309570e+00,9.936312437057495117e-01
2.921440405771136284e-03,1.927585452795028687e-01,6.057823896408081055e-01,8.971077799797058105e-01,4.862495958805084229e-01,9.224197268486022949e-01,2.913421690464019775e-01,8.787277340888977051e-01,7.036654353141784668e-01,7.073587775230407715e-01,-2.899906598031520844e-03,-5.849314620718359947e-04,2.896356862038373947e-03,4.541946575045585632e-03,-2.135214395821094513e-03,1.416327082552015781e-03,4.107578657567501068e-03,7.693894440308213234e-04,8.412596769630908966e-03,1.538786920718848705e-03
-2.343828324228525162e-03,7.744117975234985352e-01,9.531389474868774414e-01,9.817191958427429199e-01,8.675619363784790039e-01,9.747512340545654297e-01,5.975923538208007812e-01,9.812704920768737793e-01,7.988825440406799316e-01,2.983635663986206055e-01,7.568693719804286957e-03,2.581746048235800117e-05,-1.740877167321741581e-03,8.553970837965607643e-04,-4.714292663265950978e-05,-2.028102171607315540e-04,-3.891516476869583130e-03,1.506017986685037613e-03,-4.720688797533512115e-03,-5.607649800367653370e-04
1.726404950022697449e-02,8.882249146699905396e-02,1.977611184120178223e-01,3.119663298130035400e-01,2.057966142892837524e-01,9.906807914376258850e-03,9.102091193199157715e-03,6.781606078147888184e-01,4.770071431994438171e-02,5.959311723709106445e-01,3.361050272360444069e-03,3.830043831840157509e-03,-1.884843222796916962e-02,-6.042192690074443817e-04,-8.668349124491214752e-03,2.246353402733802795e-02,4.172174260020256042e-02,8.871125988662242889e-03,3.252830728888511658e-02,-9.418983943760395050e-03
1.879530493170022964e-03,-1.900293980725109577e-03,-3.876728005707263947e-03,-5.951941944658756256e-03,-4.969522822648286819e-03,-7.504343986511230469e-03,-1.110841752961277962e-03,-8.325492031872272491e-03,-5.072332569397985935e-04,-1.087995246052742004e-02,3.616756573319435120e-02,6.806145310401916504e-01,9.846293330192565918e-01,9.943692684173583984e-01,9.892465472221374512e-01,1.007859230041503906e+00,1.003921866416931152e+00,7.159515619277954102e-01,9.961997270584106445e-01,9.922333955764770508e-01
3.050136845558881760e-03,8.275250792503356934e-01,8.992951512336730957e-01,1.008898735046386719e+00,9.160289764404296875e-01,1.004928350448608398e+00,6.676587462425231934e-01,1.007449388504028320e+00,8.700369000434875488e-01,8.416645526885986328e-01,-4.017897881567478180e-03,-3.153819590806961060e-03,5.571833462454378605e-04,-2.039456740021705627e-04,1.268399646505713463e-04,2.576524275355041027e-04,3.295677946880459785e-03,-2.273223508382216096e-04,-1.693518133834004402e-03,-1.059463829733431339e-03
9.839508682489395142e-02,9.409352391958236694e-02,2.764523327350616455e-01,3.976480066776275635e-01,2.101038992404937744e-01,1.471317932009696960e-02,1.124187279492616653e-02,7.045114040374755859e-01,2.304495126008987427e-02,6.309996247291564941e-01,-5.460428819060325623e-02,-3.982378169894218445e-02,-2.169545739889144897e-02,-2.246796526014804840e-02,-3.635718673467636108e-02,-4.093489423394203186e-02,-5.596426501870155334e-02,2.545451745390892029e-03,-3.962552919983863831e-02,-6.418664474040269852e-03
3.515545176924206316e-05,8.170433044433593750e-01,9.195411801338195801e-01,9.991691708564758301e-01,9.007334113121032715e-01,1.001527309417724609e+00,7.038009166717529297e-01,1.002953886985778809e+00,9.202091097831726074e-01,9.852718114852905273e-01,4.859163891524076462e-03,-3.543087281286716461e-03,-1.862528501078486443e-03,-2.765093522612005472e-04,-1.486000255681574345e-03,1.610165112651884556e-03,1.628916827030479908e-03,-7.461493623850401491e-06,2.283559180796146393e-03,-8.980658021755516529e-04
1.714659621939063072e-03,-4.580977372825145721e-03,1.245533116161823273e-03,-7.237189915031194687e-03,-5.133925937116146088e-03,6.597294704988598824e-04,-1.568734587635844946e-04,-1.121652126312255859e-02,-5.530588794499635696e-03,-8.961817249655723572e-03,9.458331465721130371e-01,9.522917866706848145e-01,9.709503054618835449e-01,1.015023827552795410e+00,9.752175807952880859e-01,9.861499071121215820e-01,9.750021696090698242e-01,9.098372422158718109e-03,9.952916502952575684e-01,9.860515594482421875e-01
7.276466203620657325e-05,9.691387414932250977e-01,9.468187093734741211e-01,9.921191334724426270e-01,9.595348834991455078e-01,9.951379299163818359e-01,7.533642649650573730e-01,9.906886219978332520e-01,8.598561882972717285e-01,9.098714590072631836e-01,-1.760797691531479359e-03,-1.611411455087363720e-03,-1.460933126509189606e-03,2.517789835110306740e-03,-1.247873995453119278e-03,-1.693295314908027649e-03,1.608226564712822437e-03,3.077704750467091799e-04,5.479096435010433197e-04,2.632792340591549873e-03
1.375147700309753418e-02,2.299368940293788910e-02,4.024960473179817200e-02,5.516512989997863770e-01,2.861537933349609375e-01,-4.282817710191011429e-03,4.433788417372852564e-04,7.961638569831848145e-01,6.653917022049427032e-03,1.129394173622131348e-01,-1.548369880765676498e-02,-1.769584044814109802e-02,6.829801946878433228e-03,-2.031487226486206055e-02,1.099234260618686676e-02,-3.210133686661720276e-02,-1.517660822719335556e-02,1.339334878139197826e-03,-1.396347116678953171e-02,-1.035230234265327454e-02
4.779319278895854950e-04,8.055645823478698730e-01,7.475255131721496582e-01,9.987902641296386719e-01,8.064485192298889160e-01,9.873226881027221680e-01,5.058996081352233887e-01,1.008390069007873535e+00,7.981711030006408691e-01,9.193055629730224609e-01,-7.197424303740262985e-03,-8.889893069863319397e-04,2.376485615968704224e-03,-7.040036871330812573e-05,-3.549956949427723885e-03,-8.887840434908866882e-03,-9.820286184549331665e-03,-1.059121452271938324e-03,2.775920787826180458e-03,-2.104120358126237988e-04
-8.139763958752155304e-03,-8.218483417294919491e-04,1.441407133825123310e-03,3.920616116374731064e-03,2.344507258385419846e-03,-1.915080239996314049e-03,-9.328005835413932800e-04,1.712260954082012177e-02,8.954918012022972107e-04,3.481855965219438076e-04,1.113501098006963730e-02,7.422847151756286621e-01,9.817870855331420898e-01,9.926124811172485352e-01,9.961203932762145996e-01,9.792829155921936035e-01,9.923895001411437988e-01,6.828947663307189941e-01,9.743219017982482910e-01,8.268905282020568848e-01
1.022920943796634674e-03,8.904419541358947754e-01,9.803593754768371582e-01,1.000462770462036133e+00,9.697864055633544922e-01,1.001324295997619629e+00,6.983364224433898926e-01,9.980180859565734863e-01,9.802376031875610352e-01,8.314391374588012695e-01,3.432287834584712982e-03,-2.747035352513194084e-03,-4.897719481959939003e-04,1.076624030247330666e-03,1.565467100590467453e-04,-1.519067562185227871e-03,2.116440882673487067e-04,5.365787656046450138e-04,-4.074416938237845898e-04,-5.353284723241813481e-05
7.485634088516235352e-02,6.315893679857254028e-02,2.524353191256523132e-02,2.766302227973937988e-01,1.832356601953506470e-01,3.441173350438475609e-03,4.710871726274490356e-03,6.274050474166870117e-01,1.317662419751286507e-03,1.041606962680816650e-01,4.471177607774734497e-02,3.800102323293685913e-02,4.365503042936325073e-02,4.225578531622886658e-02,2.047342434525489807e-02,1.698504574596881866e-02,3.102122806012630463e-02,-4.499620757997035980e-03,3.308188170194625854e-02,1.529773045331239700e-02
1.138185989111661911e-02,9.780064821243286133e-01,8.054693341255187988e-01,7.034568786621093750e-01,6.687110662460327148e-01,9.900025725364685059e-01,4.711410105228424072e-01,7.983432412147521973e-01,8.542988300323486328e-01,7.771186232566833496e-01,-9.141471236944198608e-03,1.093566315830685198e-04,-8.089113049209117889e-03,-1.125223003327846527e-02,1.314728520810604095e-03,-1.567352935671806335e-02,-7.118316832929849625e-03,3.322487755212932825e-04,-1.306351181119680405e-02,-2.510950202122330666e-03
-5.111830541864037514e-04,8.311237096786499023e-01,8.683862686157226562e-01,1.007715225219726562e+00,9.050161242485046387e-01,1.000176548957824707e+00,6.705999970436096191e-01,9.956628680229187012e-01,8.921639919281005859e-01,8.759341239929199219e-01,-6.850331556051969528e-03,-2.352149924263358116e-03,-1.248892745934426785e-03,-1.797334291040897369e-03,-2.930243499577045441e-04,-2.211734419688582420e-03,-7.339473813772201538e-04,-3.274711780250072479e-04,1.720556756481528282e-03,-5.697805318050086498e-04
2.656474243849515915e-03,2.856383565813302994e-03,8.945908630266785622e-04,2.499602735042572021e-03,1.616630004718899727e-03,5.233098287135362625e-03,1.856595976278185844e-03,-5.640019662678241730e-03,-2.468781778588891029e-03,-3.335864981636404991e-03,7.971234321594238281e-01,7.533519864082336426e-01,8.473539352416992188e-01,1.004232525825500488e+00,8.403344750404357910e-01,1.002676844596862793e+00,9.947479367256164551e-01,3.049605190753936768e-01,9.890881180763244629e-01,9.858357310295104980e-01
-1.940609799930825830e-04,7.989922761917114258e-01,7.886722683906555176e-01,9.974426627159118652e-01,9.827451705932617188e-01,9.996408224105834961e-01,6.198471784591674805e-01,1.003488421440124512e+00,8.225859403610229492e-01,8.859053254127502441e-01,5.324421450495719910e-03,4.191096406430006027e-03,1.613773638382554054e-03,3.890699939802289009e-03,9.293637704104185104e-04,-1.274214359000325203e-03,2.734364010393619537e-03,2.396451163804158568e-04,1.663979608565568924e-03,1.645766751607879996e-04
-1.575136091560125351e-03,2.490978874266147614e-02,3.799135982990264893e-02,2.552934587001800537e-01,2.324930727481842041e-01,3.160968655720353127e-03,-1.714745652861893177e-03,5.841954350471496582e-01,7.868988439440727234e-03,6.314430236816406250e-01,8.876406401395797729e-02,8.041693270206451416e-02,3.119475953280925751e-02,2.802360244095325470e-02,3.418133035302162170e-02,4.364789277315139771e-02,6.217017769813537598e-02,3.275895863771438599e-02,8.119792491197586060e-02,1.249241456389427185e-02
-1.009321305900812149e-03,8.109450340270996094e-01,7.284682393074035645e-01,9.958993792533874512e-01,6.106008291244506836e-01,1.001491427421569824e+00,2.995710372924804688e-01,9.142997860908508301e-01,7.992317080497741699e-01,2.370567321777343750e-01,-1.302130240947008133e-02,3.241651866119354963e-04,-6.783445831388235092e-03,-3.780032508075237274e-03,4.292931873351335526e-03,-5.773585289716720581e-03,-2.124273596564307809e-04,-1.303229946643114090e-03,4.912867676466703415e-03,-5.751659162342548370e-03
1.242222636938095093e-02,1.375405304133892059e-02,3.320124372839927673e-02,1.044805906713008881e-02,2.380865067243576050e-02,7.837846875190734863e-03,3.817446995526552200e-03,7.824534922838211060e-02,6.040655542165040970e-03,1.485643684864044189e-01,8.623634576797485352e-01,7.646769285202026367e-01,8.262045383453369141e-01,9.506544470787048340e-01,6.857240796089172363e-01,9.398575425148010254e-01,9.455615282058715820e-01,1.452309787273406982e-01,9.525945186614990234e-01,-3.978054504841566086e-03
7.716772961430251598e-05,8.930805921554565430e-01,9.039055705070495605e-01,9.933666586875915527e-01,8.285338878631591797e-01,9.917683005332946777e-01,6.889658570289611816e-01,9.906631112098693848e-01,8.934915065765380859e-01,8.659322857856750488e-01,4.769093357026576996e-03,5.830430891364812851e-03,-3.104213101323693991e-05,8.840370574034750462e-04,5.345598328858613968e-03,1.465669483877718449e-03,6.171356420964002609e-03,-9.137754095718264580e-04,2.694778842851519585e-03,-1.260155841009691358e-04
-7.803134212736040354e-05,5.100676789879798889e-03,1.584202633239328861e-03,8.582382579334080219e-04,2.278456697240471840e-03,-3.588458988815546036e-03,5.062482669018208981e-04,6.166434846818447113e-03,3.956691827625036240e-03,4.595583304762840271e-04,2.282519266009330750e-02,1.004630327224731445e+00,1.013497829437255859e+00,1.002170801162719727e+00,1.013103723526000977e+00,1.006868362426757812e+00,1.009849429130554199e+00,6.990926861763000488e-01,1.024164319038391113e+00,1.003552436828613281e+00
2.932685893028974533e-03,5.851995199918746948e-03,5.236436128616333008e-01,7.136227488517761230e-01,3.475592434406280518e-01,8.855715990066528320e-01,2.008880525827407837e-01,8.192395567893981934e-01,6.886979937553405762e-01,6.338716745376586914e-01,2.080358564853668213e-02,-8.877327665686607361e-03,-4.950963892042636871e-03,-4.117173142731189728e-03,-2.898921724408864975e-03,-1.333963591605424881e-02,2.045345865190029144e-02,1.342315343208611012e-03,5.690125282853841782e-03,-2.057314151898026466e-03
1.465893234126269817e-03,9.673765301704406738e-01,9.410012364387512207e-01,9.998424649238586426e-01,9.580023884773254395e-01,9.982494115829467773e-01,5.062878727912902832e-01,9.911376237869262695e-01,9.575359821319580078e-01,9.227638840675354004e-01,4.101450555026531219e-03,-1.284116529859602451e-03,2.433548361295834184e-04,-8.420190424658358097e-04,2.196207351516932249e-04,-2.945754444226622581e-03,-5.277336109429597855e-03,1.523645914858207107e-04,-5.044594407081604004e-03,6.056556012481451035e-04
1.340204151347279549e-03,6.350067444145679474e-03,9.193053701892495155e-04,6.162734236568212509e-03,7.182759582065045834e-04,-9.268284775316715240e-04,1.028714235872030258e-03,1.737434230744838715e-02,1.624981756322085857e-03,-2.238636603578925133e-03,7.594355344772338867e-01,6.991392970085144043e-01,9.004860520362854004e-01,9.947363734245300293e-01,8.420118689537048340e-01,9.875570535659790039e-01,9.687952995300292969e-01,1.841018721461296082e-02,9.720135927200317383e-01,8.363000750541687012e-01
-9.263332322007045150e-05,9.002569317817687988e-01,8.271448612213134766e-01,1.000785827636718750e+00,9.433664083480834961e-01,1.001580357551574707e+00,6.893617510795593262e-01,1.001762270927429199e+00,9.290223121643066406e-01,9.556481838226318359e-01,-3.976748557761311531e-04,-1.484195672674104571e-04,1.198400394059717655e-03,-5.803837666462641209e-06,-4.170770756900310516e-03,-2.586468355730175972e-03,-4.453435540199279785e-03,1.178694539703428745e-03,-1.778911682777106762e-03,8.972801151685416698e-04
3.142548725008964539e-03,2.484252117574214935e-02,2.232289686799049377e-02,4.287558495998382568e-01,2.541412115097045898e-01,-3.446621820330619812e-03,-6.087786459829658270e-05,6.900973320007324219e-01,1.964968396350741386e-03,1.404568254947662354e-01,-1.624447759240865707e-03,1.283672824501991272e-02,-4.011179320514202118e-03,3.673502244055271149e-03,-4.181236959993839264e-03,-2.162782475352287292e-02,-1.993563957512378693e-02,1.603635493665933609e-03,-1.984663493931293488e-02,5.092648323625326157e-03
1.096506952308118343e-03,9.587616920471191406e-01,9.834878444671630859e-01,1.006857872009277344e+00,9.219598174095153809e-01,9.974201917648315430e-01,5.291261672973632812e-01,9.955485463142395020e-01,9.010279774665832520e-01,8.326757550239562988e-01,-3.139186417683959007e-03,-1.699556480161845684e-03,-1.066336524672806263e-03,1.918851630762219429e-03,-8.454128401353955269e-04,1.137240178650245070e-05,1.749137183651328087e-03,-1.606152072781696916e-04,-2.897498197853565216e-03,2.608089416753500700e-04
-5.656559369526803493e-04,8.199215866625308990e-03,-1.528959535062313080e-02,-2.706472529098391533e-03,-1.053958944976329803e-02,1.059380127117037773e-03,2.661530161276459694e-04,1.489534042775630951e-02,4.952757153660058975e-03,6.032816134393215179e-03,5.437738145701587200e-04,8.935706615447998047e-01,1.007531046867370605e+00,9.921051859855651855e-01,9.899930357933044434e-01,9.980419874191284180e-01,1.005509376525878906e+00,7.049193382263183594e-01,1.001226425170898438e+00,9.905828237533569336e-01
-8.931922493502497673e-04,8.123048543930053711e-01,9.951476454734802246e-01,9.995651841163635254e-01,9.963323473930358887e-01,9.961507320404052734e-01,6.982969045639038086e-01,1.002403497695922852e+00,9.848390817642211914e-01,9.617579579353332520e-01,3.420453576836735010e-04,-2.251260884804651141e-04,-5.073809297755360603e-04,-1.005521509796380997e-03,-6.049661315046250820e-04,-4.024027381092309952e-03,9.147434029728174210e-04,8.218099537771195173e-05,2.783508505672216415e-03,-3.132180427201092243e-04
9.652669541537761688e-03,1.122650131583213806e-02,2.268641144037246704e-01,2.732165157794952393e-01,1.841057837009429932e-01,7.532836869359016418e-03,4.742817953228950500e-03,5.538197159767150879e-01,9.947554208338260651e-03,1.729192733764648438e-01,8.695583790540695190e-02,1.790875382721424103e-02,1.315727271139621735e-02,2.763033285737037659e-02,1.864330284297466278e-02,4.633526876568794250e-02,3.221094980835914612e-02,2.256881631910800934e-02,3.101454488933086395e-02,1.186522562056779861e-02
6.354265660047531128e-02,7.808556407690048218e-02,5.663580298423767090e-01,6.841940879821777344e-01,3.280966281890869141e-01,9.446119666099548340e-01,2.196377664804458618e-01,8.152617216110229492e-01,5.939494967460632324e-01,7.143909931182861328e-01,-4.960931837558746338e-03,3.533995477482676506e-03,-1.211515627801418304e-02,-1.980786037165671587e-04,-1.107038371264934540e-02,-2.321243751794099808e-03,-6.441077217459678650e-03,2.130153356119990349e-03,-7.405982818454504013e-03,-4.302041197661310434e-04
-2.838032378349453211e-04,8.095307350158691406e-01,7.606033682823181152e-01,9.955942034721374512e-01,9.699915051460266113e-01,9.953455328941345215e-01,5.986567735671997070e-01,9.979321360588073730e-01,8.762346506118774414e-01,8.990730643272399902e-01,4.369929432868957520e-03,1.461652922444045544e-03,2.064790343865752220e-03,2.975662471726536751e-03,1.695187529549002647e-04,-7.751138182356953621e-04,2.427859697490930557e-03,4.869398544542491436e-04,2.964876126497983932e-03,5.260158795863389969e-04
-4.459111485630273819e-03,-3.040362149477005005e-03,-1.849237596616148949e-03,-4.527492448687553406e-03,-8.617341518402099609e-03,-3.320905379951000214e-03,-2.248296950710937381e-04,-1.645146496593952179e-02,-3.391938982531428337e-03,-1.546398364007472992e-02,9.402817487716674805e-01,9.250694513320922852e-01,9.603773951530456543e-01,1.015220403671264648e+00,9.473292827606201172e-01,1.015067577362060547e+00,1.014860749244689941e+00,4.738172292709350586e-01,1.009193658828735352e+00,1.014874458312988281e+00
6.900996668264269829e-04,8.101751208305358887e-01,7.867898941040039062e-01,1.003355741500854492e+00,8.827407360076904297e-01,1.001490473747253418e+00,5.999912023544311523e-01,1.004366159439086914e+00,8.430095911026000977e-01,8.998847007751464844e-01,-1.423936802893877029e-02,-1.875657704658806324e-03,-1.237254473380744457e-04,-3.368433332070708275e-03,3.791915150941349566e-05,-1.997475046664476395e-03,2.308188937604427338e-03,-5.468767485581338406e-04,5.696082022041082382e-03,-1.988361822441220284e-03
2.826908230781555176e-01,8.211408257484436035e-01,7.008978128433227539e-01,7.696338891983032227e-01,6.069259643554687500e-01,9.141345620155334473e-01,3.947401642799377441e-01,7.237087488174438477e-01,5.195077657699584961e-01,7.261869907379150391e-01,-1.210037618875503540e-02,-1.391943823546171188e-02,-1.672889292240142822e-02,-1.129281334578990936e-02,-3.575284965336322784e-03,-5.060699768364429474e-03,-3.881281008943915367e-03,-8.107617613859474659e-04,1.300583779811859131e-02,5.296842195093631744e-03
9.492541849613189697e-02,7.850909978151321411e-02,1.775949001312255859e-01,3.942124545574188232e-01,2.634156644344329834e-01,-2.702229889109730721e-03,2.508257050067186356e-03,6.039413809776306152e-01,5.622051656246185303e-02,1.105145290493965149e-01,1.666865125298500061e-02,1.526309270411729813e-02,-3.881760640069842339e-03,-5.334458779543638229e-03,1.775790937244892120e-02,-2.253953833132982254e-03,1.023241411894559860e-02,4.354395437985658646e-03,4.621537402272224426e-03,-3.319730050861835480e-03
1.051640021614730358e-03,9.556413888931274414e-01,9.766409397125244141e-01,1.002040505409240723e+00,9.693566560745239258e-01,1.004020214080810547e+00,7.816960811614990234e-01,1.003166079521179199e+00,1.000878334045410156e+00,9.904379248619079590e-01,-6.127978209406137466e-03,-3.716193314176052809e-04,1.753962133079767227e-04,1.983094960451126099e-03,-3.878155956044793129e-03,-5.515521857887506485e-03,-6.254214327782392502e-03,-3.203127125743776560e-04,5.522224237211048603e-04,-6.546854274347424507e-04
-1.560455420985817909e-04,-6.722428370267152786e-04,-6.380497361533343792e-04,-7.250764174386858940e-04,5.795118398964405060e-03,1.182537816930562258e-04,-1.356428256258368492e-03,8.695932920090854168e-04,-1.496806624345481396e-03,-5.447762552648782730e-03,-2.294280938804149628e-02,9.398389458656311035e-01,1.003892302513122559e+00,1.011535882949829102e+00,1.009241700172424316e+00,9.940941929817199707e-01,9.974319934844970703e-01,7.030502557754516602e-01,9.914028644561767578e-01,1.000318288803100586e+00
1.395216956734657288e-02,3.265912458300590515e-02,5.217142701148986816e-01,6.970469951629638672e-01,3.923647403717041016e-01,9.848757386207580566e-01,2.136951237916946411e-01,8.834828734397888184e-01,6.988332271575927734e-01,7.732169032096862793e-01,-1.139487954787909985e-03,6.236035376787185669e-03,-2.748443279415369034e-03,9.029367007315158844e-03,-1.094995997846126556e-02,-1.647759345360100269e-03,-3.434309619478881359e-04,2.873167628422379494e-03,-2.876703394576907158e-03,1.319919014349579811e-03
3.780706902034580708e-04,8.270269036293029785e-01,8.931881785392761230e-01,9.688981771469116211e-01,9.016711711883544922e-01,9.368659257888793945e-01,5.169013142585754395e-01,9.659436941146850586e-01,8.619636297225952148e-01,8.387399911880493164e-01,4.176520276814699173e-03,-3.999987675342708826e-04,-7.367277285084128380e-04,2.123707206919789314e-03,-1.491386210545897484e-03,1.105383344111032784e-04,1.891699037514626980e-03,1.345636992482468486e-04,7.023297948762774467e-04,7.766388589516282082e-04
-2.157702809199690819e-03,-7.676437962800264359e-03,2.446197322569787502e-04,-1.449004933238029480e-02,-5.580704659223556519e-03,-1.893196720629930496e-03,-7.148705190047621727e-04,-2.816138043999671936e-02,-3.418436972424387932e-03,-1.113648433238267899e-02,8.729385137557983398e-01,8.369425535202026367e-01,9.737495183944702148e-01,1.000278711318969727e+00,9.673340916633605957e-01,1.018244624137878418e+00,1.008403062820434570e+00,8.644717745482921600e-03,1.012594819068908691e+00,9.785340428352355957e-01
1.367976510664448142e-04,8.867341279983520508e-01,8.194450736045837402e-01,9.953230619430541992e-01,9.182145595550537109e-01,1.000777482986450195e+00,6.024376749992370605e-01,9.993231892585754395e-01,7.158285975456237793e-01,8.582161068916320801e-01,-4.404811188578605652e-03,3.106807998847216368e-04,7.721099536865949631e-04,9.988696547225117683e-04,1.034445245750248432e-03,-2.574124140664935112e-03,4.076445009559392929e-03,-5.080812843516469002e-05,3.366335993632674217e-03,-4.043452208861708641e-04
9.592578560113906860e-02,7.181335240602493286e-02,3.309416770935058594e-02,3.517994582653045654e-01,2.148736417293548584e-01,1.226219232194125652e-03,-5.167771130800247192e-03,6.426475644111633301e-01,-2.893875818699598312e-03,1.990929245948791504e-01,-1.998751983046531677e-02,-1.911946199834346771e-02,-1.087700296193361282e-02,-7.182447239756584167e-03,-6.475972477346658707e-03,1.345453597605228424e-02,1.105354749597609043e-05,1.725358702242374420e-02,7.319955038838088512e-04,-1.321886852383613586e-02
-4.040049389004707336e-04,7.936966419219970703e-01,7.920306324958801270e-01,1.000389814376831055e+00,9.082411527633666992e-01,9.980378150939941406e-01,6.018499732017517090e-01,9.891126751899719238e-01,8.357220292091369629e-01,8.822668194770812988e-01,1.376500818878412247e-03,1.416432496625930071e-04,2.673553535714745522e-03,1.232902141055092216e-04,7.334605325013399124e-04,-8.707356173545122147e-04,4.466235172003507614e-03,1.029743580147624016e-03,5.748132243752479553e-04,-5.643074400722980499e-04
7.282442599534988403e-02,4.632512107491493225e-02,1.665137708187103271e-01,2.699572145938873291e-01,1.568721979856491089e-01,5.039662867784500122e-02,4.217793047428131104e-02,5.248830318450927734e-01,4.563434422016143799e-02,5.727276206016540527e-01,1.256335526704788208e-01,5.059128627181053162e-02,2.507228590548038483e-02,4.055670276284217834e-02,6.201813369989395142e-02,9.514026343822479248e-02,1.090874448418617249e-01,1.871266402304172516e-02,7.032425701618194580e-02,5.500917322933673859e-03
2.180178853450343013e-06,8.909959197044372559e-01,9.785813093185424805e-01,9.972168803215026855e-01,8.972795009613037109e-01,1.001639008522033691e+00,7.017100453376770020e-01,1.003677010536193848e+00,8.938082456588745117e-01,9.188814163208007812e-01,1.380759011954069138e-02,-2.613322249089833349e-05,-9.295673808082938194e-04,-4.179080424364656210e-04,3.020611591637134552e-03,2.793534658849239349e-03,2.986652310937643051e-03,8.197869174182415009e-04,6.011560093611478806e-03,-1.016823342069983482e-03
1.094824634492397308e-03,7.275614738464355469e-01,8.042317032814025879e-01,9.957865476608276367e-01,6.257772445678710938e-01,1.009199142456054688e+00,3.103597760200500488e-01,9.094001650810241699e-01,7.096008062362670898e-01,3.059687316417694092e-01,-6.772628519684076309e-03,-1.274663023650646210e-03,-4.049118142575025558e-04,-2.425202634185552597e-03,-8.898016065359115601e-03,5.508855916559696198e-03,-1.923943054862320423e-03,-9.820539271458983421e-04,2.739839488640427589e-03,-1.051142462529242039e-03
7.352999411523342133e-03,9.344308637082576752e-03,2.926693856716156006e-02,-8.809253340587019920e-04,1.134797092527151108e-02,-6.241700029931962490e-04,-1.943638315424323082e-03,2.334044873714447021e-02,2.444117097184062004e-03,5.544055998325347900e-02,8.664821982383728027e-01,7.547462582588195801e-01,8.446547389030456543e-01,9.352592229843139648e-01,7.600556015968322754e-01,9.778738021850585938e-01,9.478474855422973633e-01,4.749294370412826538e-03,6.998158097267150879e-01,3.498516511172056198e-03
3.966260552406311035e-01,2.891070544719696045e-01,4.959490299224853516e-01,9.717274904251098633e-01,2.944070994853973389e-01,9.813235998153686523e-01,1.894963383674621582e-01,5.989158749580383301e-01,1.327362749725580215e-02,7.010457515716552734e-01,-7.390495389699935913e-03,-5.925753153860569000e-03,-2.005996182560920715e-03,3.696063999086618423e-03,-5.253763520158827305e-04,3.047676524147391319e-03,7.559845224022865295e-03,1.061519491486251354e-03,3.503618529066443443e-03,-9.957869770005345345e-05
-1.407823874615132809e-03,9.718053936958312988e-01,9.865234494209289551e-01,1.001502990722656250e+00,9.777352213859558105e-01,1.001012563705444336e+00,7.087163925170898438e-01,9.966695308685302734e-01,9.861697554588317871e-01,9.649243950843811035e-01,2.380320336669683456e-03,-5.503560882061719894e-03,-1.194092212244868279e-03,-7.842811173759400845e-04,1.228530541993677616e-03,9.664135868661105633e-04,4.329095128923654556e-03,-7.064772653393447399e-04,5.098131019622087479e-03,-2.876581274904310703e-04
-4.884363617748022079e-03,3.187425201758742332e-03,-1.579295098781585693e-02,4.649505950510501862e-03,1.446253247559070587e-02,-3.132844343781471252e-03,1.931870006956160069e-03,5.611772183328866959e-03,1.737753511406481266e-03,1.077523734420537949e-02,9.099708795547485352e-01,7.799880504608154297e-01,8.883477449417114258e-01,9.661672711372375488e-01,7.184346318244934082e-01,1.002289414405822754e+00,1.006115674972534180e+00,1.463156193494796753e-01,9.124229550361633301e-01,7.910361886024475098e-01
6.116654840297996998e-04,-1.685939932940527797e-04,-1.065448485314846039e-02,-6.339793093502521515e-03,-7.689693477004766464e-03,-2.739084884524345398e-03,3.076266031712293625e-03,-1.529685407876968384e-02,-3.922650590538978577e-03,-2.033635042607784271e-02,8.489748835563659668e-01,9.091324806213378906e-01,1.010378956794738770e+00,1.026153326034545898e+00,9.807177186012268066e-01,9.948889613151550293e-01,1.013269424438476562e+00,6.999152898788452148e-01,1.014244318008422852e+00,2.848177850246429443e-01
4.185974830761551857e-04,7.942814826965332031e-01,8.890303373336791992e-01,9.984244108200073242e-01,7.233016490936279297e-01,9.953944683074951172e-01,2.997975349426269531e-01,1.002252578735351562e+00,7.857204675674438477e-01,4.032607674598693848e-01,1.694602891802787781e-02,-2.303016080986708403e-04,6.323462584987282753e-04,4.575303290039300919e-03,-2.103497972711920738e-03,7.024782709777355194e-03,-5.299157928675413132e-04,1.078226836398243904e-03,-3.604972152970731258e-04,2.735336543992161751e-03
2.333275740966200829e-03,8.863878846168518066e-01,8.177369236946105957e-01,1.015306711196899414e+00,7.998888492584228516e-01,1.006154894828796387e+00,3.162616193294525146e-01,9.091216325759887695e-01,7.126053571701049805e-01,8.766124248504638672e-01,-6.359777413308620453e-03,-1.269216154469177127e-04,-5.972867365926504135e-03,7.830189133528620005e-05,-1.438809093087911606e-02,-6.609699688851833344e-03,-2.681065350770950317e-03,-2.784614451229572296e-03,1.227862085215747356e-03,1.861609634943306446e-03
-1.984478207305073738e-03,3.988998476415872574e-03,-5.269421380944550037e-04,2.028644317761063576e-03,-7.556043565273284912e-03,-1.038125250488519669e-03,-7.201189873740077019e-04,2.182001806795597076e-02,-3.156975377351045609e-03,2.344619249925017357e-03,8.905676603317260742e-01,7.688057422637939453e-01,9.112926721572875977e-01,1.000316977500915527e+00,9.410787224769592285e-01,9.295484423637390137e-01,9.871490597724914551e-01,2.912253141403198242e-01,9.192401766777038574e-01,9.727210402488708496e-01
1.709167286753654480e-02,1.003285720944404602e-01,3.189035058021545410e-01,6.542213559150695801e-01,2.306088805198669434e-01,2.734130993485450745e-02,2.249002642929553986e-02,6.946206092834472656e-01,2.962410151958465576e-01,7.037956118583679199e-01,-8.572693914175033569e-03,1.424396410584449768e-02,1.670219935476779938e-02,1.540048141032457352e-02,5.046477075666189194e-03,1.914316415786743164e-02,3.938890527933835983e-03,-4.890828393399715424e-03,-1.314074918627738953e-02,-4.130776505917310715e-03
-4.179205861873924732e-04,9.087334871292114258e-01,9.760805368423461914e-01,9.876498579978942871e-01,9.145165085792541504e-01,1.002674698829650879e+00,7.031521797180175781e-01,9.105188250541687012e-01,8.167002797126770020e-01,8.281784057617187500e-01,-3.937822475563734770e-05,-3.497597761452198029e-03,-2.234426792711019516e-03,-1.900699571706354618e-04,-2.371600829064846039e-03,-4.229729063808917999e-03,3.153795143589377403e-03,-5.339135532267391682e-04,5.608626641333103180e-03,1.939963258337229490e-04
7.069341372698545456e-04,5.913089844398200512e-04,1.992696197703480721e-03,1.860208809375762939e-02,4.527856037020683289e-02,-4.891956923529505730e-04,1.291992026381194592e-03,6.020899116992950439e-02,-6.331653799861669540e-03,1.175401173532009125e-02,9.089044928550720215e-01,6.584922671318054199e-01,5.539255738258361816e-01,5.343352556228637695e-01,5.832747220993041992e-01,9.525592327117919922e-01,9.404342174530029297e-01,-6.979930680245161057e-03,9.050793647766113281e-01,7.952598929405212402e-01
-1.076044718502089381e-04,9.835314750671386719e-01,9.882216453552246094e-01,9.989852905273437500e-01,9.942470192909240723e-01,9.885376095771789551e-01,6.994003057479858398e-01,9.965953826904296875e-01,9.950512647628784180e-01,9.760817885398864746e-01,-2.143257996067404747e-03,-2.760205185040831566e-03,1.896915258839726448e-03,1.642336137592792511e-03,-4.458842799067497253e-03,-3.539486322551965714e-03,-5.037106107920408249e-03,1.748174312524497509e-03,5.020498763769865036e-03,4.926816909573972225e-04
2.028935821726918221e-03,3.780808066949248314e-03,9.952070191502571106e-03,-1.734919147565960884e-03,1.028723642230033875e-02,5.553298164159059525e-03,2.203692216426134109e-03,1.561276335269212723e-02,8.634151890873908997e-03,1.105039101094007492e-02,-2.877985499799251556e-02,7.017695307731628418e-01,9.798583984375000000e-01,9.945916533470153809e-01,9.850395917892456055e-01,9.790714383125305176e-01,9.800019860267639160e-01,7.954132743179798126e-04,9.546979665756225586e-01,1.001290678977966309e+00
1.930061131715774536e-01,1.060221195220947266e-01,6.897978782653808594e-01,9.044245481491088867e-01,5.933263897895812988e-01,9.939689636230468750e-01,3.080849647521972656e-01,8.902806639671325684e-01,7.833013534545898438e-01,7.866471409797668457e-01,7.945271790958940983e-04,-3.195338184013962746e-03,-3.188282717019319534e-03,-5.067173624411225319e-04,-1.126889325678348541e-02,-8.512071333825588226e-03,-1.377348415553569794e-02,6.490693776868283749e-04,-1.158103928901255131e-03,-3.919441078323870897e-04
-1.000878284685313702e-03,7.991951704025268555e-01,9.144281744956970215e-01,9.995270371437072754e-01,9.809700846672058105e-01,9.978634119033813477e-01,6.861539483070373535e-01,9.772762060165405273e-01,7.820764780044555664e-01,2.999817728996276855e-01,3.149929689243435860e-03,-7.263260777108371258e-04,-1.107441843487322330e-03,1.967947231605648994e-03,1.008279435336589813e-02,1.010286994278430939e-02,3.785149310715496540e-04,2.417640760540962219e-03,1.242680940777063370e-03,1.040639821439981461e-03
3.639050191850401461e-05,-2.004026202484965324e-03,9.118198649957776070e-04,-2.571334829553961754e-03,-3.623856697231531143e-03,-1.601180294528603554e-03,-1.564370933920145035e-03,2.652684692293405533e-03,-3.674304578453302383e-03,6.495947018265724182e-03,9.489572048187255859e-01,8.770806789398193359e-01,9.698531031608581543e-01,9.684737324714660645e-01,9.846460223197937012e-01,1.002772092819213867e+00,1.002227783203125000e+00,6.933550834655761719e-01,9.926595091819763184e-01,1.962372362613677979e-01
-1.688170828856527805e-03,9.847817420959472656e-01,9.786253571510314941e-01,9.947208166122436523e-01,9.895445704460144043e-01,9.913441538810729980e-01,-5.206273053772747517e-04,9.937355518341064453e-01,9.865642189979553223e-01,9.761114716529846191e-01,2.139108255505561829e-02,-4.653666634112596512e-03,1.660473761148750782e-03,-1.413536956533789635e-03,1.310374867171049118e-02,6.745907594449818134e-04,1.007715798914432526e-02,5.454350728541612625e-03,2.922759624198079109e-03,1.769626745954155922e-03
5.750051233917474747e-03,1.601494103670120239e-02,3.028723411262035370e-02,4.831090196967124939e-02,7.181482762098312378e-02,-1.050057238899171352e-03,-3.452554345130920410e-03,1.189725697040557861e-01,1.675487309694290161e-02,4.222193732857704163e-02,8.050408363342285156e-01,6.772167682647705078e-01,6.197550296783447266e-01,6.594676375389099121e-01,5.413216948509216309e-01,7.507706880569458008e-01,7.608919739723205566e-01,2.312506288290023804e-01,9.130162000656127930e-01,7.871873378753662109e-01
2.937129465863108635e-06,4.558940418064594269e-03,3.348866477608680725e-03,2.162779215723276138e-03,1.309975050389766693e-03,3.205002285540103912e-03,-2.079196507111191750e-03,-4.455588292330503464e-03,-4.108345601707696915e-03,-1.645722985267639160e-02,8.111845254898071289e-01,6.958213448524475098e-01,9.877186417579650879e-01,9.862279295921325684e-01,7.949908375740051270e-01,9.994020462036132812e-01,1.022884488105773926e+00,2.815634906291961670e-01,1.000426769256591797e+00,1.260477863252162933e-02
4.078862257301807404e-04,8.091832995414733887e-01,8.905184864997863770e-01,1.002295136451721191e+00,6.954483985900878906e-01,9.921541213989257812e-01,6.004198193550109863e-01,9.881793856620788574e-01,7.972766160964965820e-01,8.801428675651550293e-01,-7.370379753410816193e-03,8.021512068808078766e-03,5.015163682401180267e-03,7.534699514508247375e-03,1.369698904454708099e-02,1.579602947458624840e-03,-1.674166531302034855e-03,1.267698360607028008e-03,4.388352390378713608e-03,5.722338100895285606e-04
-7.161012385040521622e-03,-8.450517430901527405e-03,-9.499095380306243896e-03,1.686269789934158325e-02,6.224015261977910995e-03,-4.326086957007646561e-03,1.887663034722208977e-03,3.583081439137458801e-02,5.238902289420366287e-03,1.785940607078373432e-03,9.562320113182067871e-01,9.142380952835083008e-01,9.230963587760925293e-01,9.594258069992065430e-01,9.334962368011474609e-01,9.955591559410095215e-01,9.783917069435119629e-01,5.160038825124502182e-03,9.939106106758117676e-01,9.720694422721862793e-01
1.820386823965236545e-04,9.698494076728820801e-01,9.554275870323181152e-01,1.003489255905151367e+00,9.667636156082153320e-01,1.008366703987121582e+00,3.322231397032737732e-02,1.004069685935974121e+00,9.825732111930847168e-01,9.818814992904663086e-01,-7.888209074735641479e-03,2.406326588243246078e-03,1.225194195285439491e-03,1.798809273168444633e-03,-6.816308596171438694e-04,-6.837254390120506287e-03,-3.541977377608418465e-03,1.083676324924454093e-04,-3.030986408703029156e-04,-2.783609670586884022e-04
-1.568708918057382107e-03,1.561333704739809036e-02,9.772658348083496094e-03,5.017966032028198242e-01,2.374415993690490723e-01,3.162723500281572342e-03,-4.086121451109647751e-03,7.203112840652465820e-01,5.892678163945674896e-03,1.213287785649299622e-01,-2.910632081329822540e-02,-1.101467013359069824e-02,-1.348276273347437382e-03,-1.963059883564710617e-03,-3.145366441458463669e-03,1.852644048631191254e-02,1.412525121122598648e-02,5.321220494806766510e-03,1.643906161189079285e-02,9.556040167808532715e-03
