2.176584763689195068e+00,5.441148694030143451e-01,1.537897810665886933e+00,-1.508641497838665746e+00,-3.481759119151261572e+00,-1.793709056635256260e+00,-4.582187390443441810e-01,-7.647587771265387246e-01,-3.262267364463408814e+00,-7.754069170249729970e-01,-8.092769052360058168e-01,-1.283645962745322056e+00,-4.196887180635389125e-01,-9.204096845965986651e-01
8.845047642927281739e-01,5.441148694030143451e-01,-1.117839943644278966e+00,-3.171476319498239826e-01,-1.474557526383528661e-01,7.299902954603146865e-01,-4.582187390443441810e-01,1.639105483795093132e+00,-6.983722343323787163e-01,-7.754069170249729970e-01,4.472713394927279595e-01,7.897014355131553032e-01,9.264826417629067334e-01,1.516270014335442173e+00
1.099851430858805879e+00,-1.837847219829066070e+00,1.537897810665886933e+00,8.743462339390176696e-01,4.638331978890137264e-01,6.850846130386852861e-01,-4.582187390443441810e-01,-7.647587771265387246e-01,2.226386376564379599e-01,1.289645446853545208e+00,8.825755528451835474e-02,7.897014355131553032e-01,-4.196887180635389125e-01,1.516270014335442173e+00
1.307914313114557359e-01,5.441148694030143451e-01,1.537897810665886933e+00,-1.508641497838665746e+00,3.526897523385834066e-01,4.964807468678419378e-01,-4.582187390443441810e-01,1.639105483795093132e+00,6.706979807861325193e-01,-7.754069170249729970e-01,2.677644473886231502e-01,7.897014355131553032e-01,9.264826417629067334e-01,1.516270014335442173e+00
-6.229219016698166467e-01,5.441148694030143451e-01,1.537897810665886933e+00,-1.508641497838665746e+00,-6.476012576152891942e-01,-1.793709056635256260e+00,-4.582187390443441810e-01,4.371733533342772038e-01,-5.241269342263863429e-01,1.289645446853545208e+00,8.825755528451835474e-02,1.826375134642393983e+00,-4.196887180635389125e-01,-9.204096845965986651e-01
9.921780975757670262e-01,5.441148694030143451e-01,1.537897810665886933e+00,8.743462339390176696e-01,2.971180295633683022e-01,-1.793709056635256260e+00,-4.582187390443441810e-01,-7.647587771265387246e-01,-1.171323763191500777e+00,1.289645446853545208e+00,-8.092769052360058168e-01,-1.283645962745322056e+00,-4.196887180635389125e-01,1.516270014335442173e+00
4.538114311605724871e-01,-1.837847219829066070e+00,-1.117839943644278966e+00,-3.171476319498239826e-01,2.971180295633683022e-01,1.071273481864697841e+00,2.182363824940011909e+00,1.639105483795093132e+00,5.213448664095676754e-01,-7.754069170249729970e-01,-8.092769052360058168e-01,-2.469722636160833762e-01,2.272654001589352379e+00,1.238816149457046267e-01
-1.922285685376610154e-01,5.441148694030143451e-01,-2.325940255408903146e-01,8.743462339390176696e-01,9.639787028659499990e-01,4.156505185089090504e-01,-4.582187390443441810e-01,4.371733533342772038e-01,-1.221108134650355614e+00,1.289645446853545208e+00,2.780860936846091036e+00,7.897014355131553032e-01,-4.196887180635389125e-01,-9.204096845965986651e-01
-5.152485683867777944e-01,5.441148694030143451e-01,1.537897810665886933e+00,-1.508641497838665746e+00,-3.481759119151261572e+00,-5.183876758609818891e-01,-4.582187390443441810e-01,-7.647587771265387246e-01,-3.262267364463408814e+00,-7.754069170249729970e-01,-8.092769052360058168e-01,-1.283645962745322056e+00,-4.196887180635389125e-01,-9.204096845965986651e-01
-8.382685682358945733e-01,-1.837847219829066070e+00,-2.325940255408903146e-01,8.743462339390176696e-01,1.304028612377228502e-01,3.438014266343020764e-01,-4.582187390443441810e-01,-7.647587771265387246e-01,-1.021970648814935823e+00,-7.754069170249729970e-01,-8.092769052360058168e-01,-1.283645962745322056e+00,-4.196887180635389125e-01,-9.204096845965986651e-01
-1.591981901217166984e+00,-1.837847219829066070e+00,-2.325940255408903146e-01,-1.508641497838665746e+00,-4.253143665144286101e-01,-1.591422164879469081e-01,-4.582187390443441810e-01,4.371733533342772038e-01,1.218326066833536947e+00,-7.754069170249729970e-01,-8.092769052360058168e-01,-1.283645962745322056e+00,-4.196887180635389125e-01,-9.204096845965986651e-01
-6.229219016698166467e-01,5.441148694030143451e-01,-2.325940255408903146e-01,8.743462339390176696e-01,-9.188402986313773391e-02,6.761034765543594283e-01,2.182363824940011909e+00,4.371733533342772038e-01,4.715604949507127275e-01,1.289645446853545208e+00,9.857920158050426096e-01,1.826375134642393983e+00,-4.196887180635389125e-01,-9.204096845965986651e-01
-1.376635234651089057e+00,5.441148694030143451e-01,-2.325940255408903146e-01,-3.171476319498239826e-01,-1.474557526383528661e-01,8.198016603035734873e-01,-4.582187390443441810e-01,4.371733533342772038e-01,7.204823522449874673e-01,-7.754069170249729970e-01,-8.092769052360058168e-01,-1.283645962745322056e+00,-4.196887180635389125e-01,-9.204096845965986651e-01
1.638218097274000584e+00,5.441148694030143451e-01,1.537897810665886933e+00,-1.508641497838665746e+00,4.082614751137985665e-01,-1.793709056635256260e+00,-4.582187390443441810e-01,4.371733533342772038e-01,-3.249894483909665510e-01,-7.754069170249729970e-01,1.434559246065304716e+00,1.826375134642393983e+00,-4.196887180635389125e-01,-9.204096845965986651e-01
2.311809802841681069e-02,5.441148694030143451e-01,-2.325940255408903146e-01,-3.171476319498239826e-01,-4.253143665144286101e-01,7.436733210452582676e-02,-4.582187390443441810e-01,-7.647587771265387246e-01,2.724230091152929356e-01,-7.754069170249729970e-01,-8.092769052360058168e-01,-1.283645962745322056e+00,-4.196887180635389125e-01,-9.204096845965986651e-01
-6.229219016698166467e-01,5.441148694030143451e-01,-1.117839943644278966e+00,-3.171476319498239826e-01,1.304028612377228502e-01,4.066693820245831925e-01,-4.582187390443441810e-01,1.639105483795093132e+00,1.218326066833536947e+00,-7.754069170249729970e-01,-6.297700131319009520e-01,7.897014355131553032e-01,-4.196887180635389125e-01,1.238816149457046267e-01
-1.484308567934127909e+00,5.441148694030143451e-01,-1.117839943644278966e+00,8.743462339390176696e-01,-4.253143665144286101e-01,-2.938592637528350537e-01,-4.582187390443441810e-01,1.639105483795093132e+00,-4.245581913086764470e-01,1.289645446853545208e+00,9.857920158050426096e-01,7.897014355131553032e-01,-4.196887180635389125e-01,1.516270014335442173e+00
1.530544763990961732e+00,5.441148694030143451e-01,6.526518925624983369e-01,8.743462339390176696e-01,5.471907820518364662e-01,-1.793709056635256260e+00,-4.582187390443441810e-01,-7.647587771265387246e-01,1.230698947387280501e-01,-7.754069170249729970e-01,8.062851237009377448e-01,-2.469722636160833762e-01,-4.196887180635389125e-01,-9.204096845965986651e-01
-1.591981901217166984e+00,-1.837847219829066070e+00,-1.117839943644278966e+00,-1.508641497838665746e+00,3.526897523385834066e-01,1.821409699164363294e-01,-4.582187390443441810e-01,-7.647587771265387246e-01,5.213448664095676754e-01,-7.754069170249729970e-01,-8.092769052360058168e-01,7.897014355131553032e-01,-4.196887180635389125e-01,1.238816149457046267e-01
-7.305952349528556100e-01,5.441148694030143451e-01,-1.117839943644278966e+00,8.743462339390176696e-01,-4.253143665144286101e-01,6.761034765543594283e-01,-4.582187390443441810e-01,1.639105483795093132e+00,-3.249894483909665510e-01,1.289645446853545208e+00,8.825755528451835474e-02,7.897014355131553032e-01,9.264826417629067334e-01,1.238816149457046267e-01
2.384647645944946437e-01,5.441148694030143451e-01,6.526518925624983369e-01,8.743462339390176696e-01,-1.474557526383528661e-01,-1.793709056635256260e+00,-4.582187390443441810e-01,4.371733533342772038e-01,4.217761234918577795e-01,-7.754069170249729970e-01,-8.092769052360058168e-01,7.897014355131553032e-01,-4.196887180635389125e-01,-9.204096845965986651e-01
-2.561041900764517099e+00,-1.837847219829066070e+00,-2.325940255408903146e-01,-9.128945648942448088e-01,1.241837316742025799e+00,3.348202901499762185e-01,-4.582187390443441810e-01,4.371733533342772038e-01,9.694042095392622072e-01,-7.754069170249729970e-01,-8.092769052360058168e-01,-1.283645962745322056e+00,-4.196887180635389125e-01,1.168172914488007974e+00
3.461380978775335793e-01,5.441148694030143451e-01,-1.117839943644278966e+00,8.743462339390176696e-01,1.859745840129379824e-01,6.538619562019995501e-02,-4.582187390443441810e-01,-7.647587771265387246e-01,9.196198380804072592e-01,1.289645446853545208e+00,-8.092769052360058168e-01,-2.469722636160833762e-01,-4.196887180635389125e-01,1.516270014335442173e+00
-2.022675234349322615e+00,5.441148694030143451e-01,1.537897810665886933e+00,-1.508641497838665746e+00,-3.481759119151261572e+00,-3.477460826587903120e-01,-4.582187390443441810e-01,4.371733533342772038e-01,-3.262267364463408814e+00,-7.754069170249729970e-01,-8.092769052360058168e-01,-1.283645962745322056e+00,-4.196887180635389125e-01,-9.204096845965986651e-01
-1.161288568085011352e+00,5.441148694030143451e-01,-1.117839943644278966e+00,-1.508641497838665746e+00,1.304028612377228502e-01,1.035348935927394409e+00,-4.582187390443441810e-01,-7.647587771265387246e-01,7.702667237038424153e-01,-7.754069170249729970e-01,8.960385697529900106e-01,-2.469722636160833762e-01,9.264826417629067334e-01,1.238816149457046267e-01
5.614847644436113949e-01,5.441148694030143451e-01,-2.325940255408903146e-01,8.743462339390176696e-01,4.082614751137985665e-01,-1.793709056635256260e+00,-4.582187390443441810e-01,-7.647587771265387246e-01,2.226386376564379599e-01,-7.754069170249729970e-01,-8.092769052360058168e-01,-1.283645962745322056e+00,-4.196887180635389125e-01,-9.204096845965986651e-01
6.691580977266503583e-01,5.441148694030143451e-01,-1.117839943644278966e+00,8.743462339390176696e-01,5.471907820518364662e-01,7.389714319446405444e-01,-4.582187390443441810e-01,1.639105483795093132e+00,2.724230091152929356e-01,1.289645446853545208e+00,1.703819584221461847e+00,7.897014355131553032e-01,2.272654001589352379e+00,1.516270014335442173e+00
5.614847644436113949e-01,5.441148694030143451e-01,-1.117839943644278966e+00,-9.128945648942448088e-01,1.241837316742025799e+00,7.928582508505958026e-01,-4.582187390443441810e-01,1.639105483795093132e+00,6.955901665155600488e-01,-7.754069170249729970e-01,-6.297700131319009520e-01,7.897014355131553032e-01,-4.196887180635389125e-01,1.516270014335442173e+00
-8.455523525462210754e-02,-1.837847219829066070e+00,-2.325940255408903146e-01,-1.508641497838665746e+00,-1.474557526383528661e-01,6.671223400700335704e-01,-4.582187390443441810e-01,-7.647587771265387246e-01,-2.628321963783680770e-02,-7.754069170249729970e-01,-8.092769052360058168e-01,-1.283645962745322056e+00,-4.196887180635389125e-01,-9.204096845965986651e-01
3.461380978775335793e-01,5.441148694030143451e-01,-2.325940255408903146e-01,-3.171476319498239826e-01,4.082614751137985665e-01,5.862921117111007385e-01,-4.582187390443441810e-01,4.371733533342772038e-01,3.470995663035753576e-01,1.289645446853545208e+00,8.825755528451835474e-02,7.897014355131553032e-01,-4.196887180635389125e-01,-9.204096845965986651e-01
8.845047642927281739e-01,5.441148694030143451e-01,1.537897810665886933e+00,-1.508641497838665746e+00,-3.481759119151261572e+00,3.844278616722233283e-02,-4.582187390443441810e-01,4.371733533342772038e-01,-3.262267364463408814e+00,-7.754069170249729970e-01,-8.092769052360058168e-01,-1.283645962745322056e+00,-4.196887180635389125e-01,-9.204096845965986651e-01
-2.999019018206999232e-01,-1.837847219829066070e+00,-2.325940255408903146e-01,-1.508641497838665746e+00,-4.253143665144286101e-01,-8.729312461333992024e-02,-4.582187390443441810e-01,-7.647587771265387246e-01,-2.752050769321116030e-01,-7.754069170249729970e-01,-8.092769052360058168e-01,-1.283645962745322056e+00,-4.196887180635389125e-01,-9.204096845965986651e-01
-5.152485683867777944e-01,-1.837847219829066070e+00,-2.325940255408903146e-01,-3.171476319498239826e-01,-4.253143665144286101e-01,-1.793709056635256260e+00,-4.582187390443441810e-01,-7.647587771265387246e-01,7.204823522449874673e-01,-7.754069170249729970e-01,-8.092769052360058168e-01,-1.283645962745322056e+00,-4.196887180635389125e-01,-9.204096845965986651e-01
6.691580977266503583e-01,5.441148694030143451e-01,6.526518925624983369e-01,8.743462339390176696e-01,9.639787028659499990e-01,-1.793709056635256260e+00,-4.582187390443441810e-01,-7.647587771265387246e-01,4.466683092212852535e-01,-7.754069170249729970e-01,-4.502631210277961427e-01,7.897014355131553032e-01,-4.196887180635389125e-01,-9.204096845965986651e-01
-1.268961901368050205e+00,5.441148694030143451e-01,-1.117839943644278966e+00,8.743462339390176696e-01,2.971180295633683022e-01,1.035348935927394409e+00,-4.582187390443441810e-01,-7.647587771265387246e-01,-1.507441482849742054e-01,1.289645446853545208e+00,8.062851237009377448e-01,7.897014355131553032e-01,-4.196887180635389125e-01,1.168172914488007974e+00
2.384647645944946437e-01,5.441148694030143451e-01,1.537897810665886933e+00,8.743462339390176696e-01,-3.481759119151261572e+00,7.389714319446405444e-01,2.182363824940011909e+00,-7.647587771265387246e-01,-3.262267364463408814e+00,-7.754069170249729970e-01,-8.092769052360058168e-01,-1.283645962745322056e+00,-4.196887180635389125e-01,-9.204096845965986651e-01
-1.053615234801972278e+00,5.441148694030143451e-01,-1.117839943644278966e+00,8.743462339390176696e-01,-1.474557526383528661e-01,-2.758969907841832825e-01,-4.582187390443441810e-01,-7.647587771265387246e-01,3.222073805741478836e-01,1.289645446853545208e+00,1.703819584221461847e+00,1.826375134642393983e+00,-4.196887180635389125e-01,1.168172914488007974e+00
2.311809802841681069e-02,-1.837847219829066070e+00,-1.117839943644278966e+00,-1.508641497838665746e+00,-4.808860892896437700e-01,6.042543846797524543e-01,-4.582187390443441810e-01,1.639105483795093132e+00,8.947276523509798407e-01,-7.754069170249729970e-01,-8.092769052360058168e-01,-2.469722636160833762e-01,-4.196887180635389125e-01,1.238816149457046267e-01
5.614847644436113949e-01,5.441148694030143451e-01,1.537897810665886933e+00,8.743462339390176696e-01,-3.631230708792258788e-02,-1.793709056635256260e+00,-4.582187390443441810e-01,-7.647587771265387246e-01,-3.498816341203940250e-01,1.289645446853545208e+00,8.825755528451835474e-02,7.897014355131553032e-01,-4.196887180635389125e-01,-9.204096845965986651e-01
2.311809802841681069e-02,5.441148694030143451e-01,-1.117839943644278966e+00,8.743462339390176696e-01,-9.188402986313773391e-02,7.748959778819440869e-01,-4.582187390443441810e-01,1.639105483795093132e+00,-3.747738198498214990e-01,1.289645446853545208e+00,2.062833368429671577e+00,7.897014355131553032e-01,2.272654001589352379e+00,1.238816149457046267e-01
6.691580977266503583e-01,5.441148694030143451e-01,-2.325940255408903146e-01,8.743462339390176696e-01,-7.031729803905043541e-01,4.336127914775608216e-01,-4.582187390443441810e-01,-7.647587771265387246e-01,-1.507441482849742054e-01,-7.754069170249729970e-01,8.825755528451835474e-02,7.897014355131553032e-01,-4.196887180635389125e-01,-9.204096845965986651e-01
-1.161288568085011352e+00,5.441148694030143451e-01,-1.117839943644278966e+00,8.743462339390176696e-01,1.859745840129379824e-01,4.246316549932349638e-01,2.182363824940011909e+00,1.639105483795093132e+00,2.973151948447204096e-01,1.289645446853545208e+00,-7.195234591839534399e-01,7.897014355131553032e-01,-4.196887180635389125e-01,1.516270014335442173e+00
-1.915001901066283763e+00,5.441148694030143451e-01,-2.325940255408903146e-01,-1.508641497838665746e+00,1.304028612377228502e-01,8.334846858885169851e-02,-4.582187390443441810e-01,-7.647587771265387246e-01,1.168541695374682110e+00,-7.754069170249729970e-01,-8.092769052360058168e-01,-1.283645962745322056e+00,-4.196887180635389125e-01,-9.204096845965986651e-01
-8.455523525462210754e-02,5.441148694030143451e-01,-1.117839943644278966e+00,-1.508641497838665746e+00,1.304028612377228502e-01,-2.442516922305879370e-02,2.182363824940011909e+00,1.639105483795093132e+00,5.213448664095676754e-01,-7.754069170249729970e-01,2.677644473886231502e-01,1.826375134642393983e+00,-4.196887180635389125e-01,1.238816149457046267e-01
-1.807328567783244688e+00,5.441148694030143451e-01,1.537897810665886933e+00,-1.508641497838665746e+00,-2.030274754135680260e-01,3.617636996029538476e-01,-4.582187390443441810e-01,1.639105483795093132e+00,8.449432808921248927e-01,-7.754069170249729970e-01,8.825755528451835474e-02,7.897014355131553032e-01,-4.196887180635389125e-01,1.238816149457046267e-01
1.422871430707922658e+00,5.441148694030143451e-01,-1.117839943644278966e+00,8.743462339390176696e-01,-1.474557526383528661e-01,2.629711982753691890e-01,-4.582187390443441810e-01,1.639105483795093132e+00,-5.117540536726428863e-02,1.289645446853545208e+00,1.524312692117357093e+00,7.897014355131553032e-01,2.272654001589352379e+00,1.516270014335442173e+00
8.845047642927281739e-01,5.441148694030143451e-01,1.537897810665886933e+00,-9.128945648942448088e-01,-3.697426437392134502e-01,5.234241563208196224e-01,-4.582187390443441810e-01,4.371733533342772038e-01,4.715604949507127275e-01,1.289645446853545208e+00,-8.092769052360058168e-01,-1.283645962745322056e+00,-4.196887180635389125e-01,-9.204096845965986651e-01
-1.053615234801972278e+00,-1.837847219829066070e+00,-2.325940255408903146e-01,8.743462339390176696e-01,-1.474557526383528661e-01,1.641786969477845859e-01,-4.582187390443441810e-01,4.371733533342772038e-01,-3.996660055792489730e-01,-7.754069170249729970e-01,-8.092769052360058168e-01,-1.283645962745322056e+00,-4.196887180635389125e-01,-9.204096845965986651e-01
5.614847644436113949e-01,-1.837847219829066070e+00,-2.325940255408903146e-01,8.743462339390176696e-01,6.861200889898743105e-01,8.826696156938546034e-01,2.182363824940011909e+00,1.639105483795093132e+00,-2.628321963783680770e-02,1.289645446853545208e+00,1.703819584221461847e+00,7.897014355131553032e-01,2.272654001589352379e+00,1.516270014335442173e+00
8.845047642927281739e-01,5.441148694030143451e-01,-1.117839943644278966e+00,-3.171476319498239826e-01,7.483113846250770418e-02,7.436733210452582676e-02,2.182363824940011909e+00,1.639105483795093132e+00,2.226386376564379599e-01,-7.754069170249729970e-01,-8.092769052360058168e-01,-2.469722636160833762e-01,-4.196887180635389125e-01,1.238816149457046267e-01
2.311809802841681069e-02,5.441148694030143451e-01,-2.325940255408903146e-01,8.743462339390176696e-01,2.075413158370253086e+00,-1.544403273873291849e-02,-4.582187390443441810e-01,-7.647587771265387246e-01,2.724230091152929356e-01,1.289645446853545208e+00,9.857920158050426096e-01,7.897014355131553032e-01,-4.196887180635389125e-01,-9.204096845965986651e-01
-1.922285685376610154e-01,5.441148694030143451e-01,-2.325940255408903146e-01,-3.171476319498239826e-01,9.639787028659499990e-01,-3.340630570738466892e-02,-4.582187390443441810e-01,-7.647587771265387246e-01,8.449432808921248927e-01,-7.754069170249729970e-01,-8.092769052360058168e-01,-1.283645962745322056e+00,-4.196887180635389125e-01,-9.204096845965986651e-01
-1.922285685376610154e-01,-1.837847219829066070e+00,-1.117839943644278966e+00,-1.508641497838665746e+00,2.415463067881531423e-01,2.988957442126726760e-01,-4.582187390443441810e-01,-7.647587771265387246e-01,7.453745379744149968e-01,-7.754069170249729970e-01,-9.124933681958644072e-02,7.897014355131553032e-01,-4.196887180635389125e-01,1.238816149457046267e-01
-7.305952349528556100e-01,5.441148694030143451e-01,-2.325940255408903146e-01,-1.508641497838665746e+00,4.082614751137985665e-01,-6.034971516036229111e-02,-4.582187390443441810e-01,-7.647587771265387246e-01,3.470995663035753576e-01,1.289645446853545208e+00,8.825755528451835474e-02,7.897014355131553032e-01,-4.196887180635389125e-01,-9.204096845965986651e-01
5.614847644436113949e-01,5.441148694030143451e-01,-1.117839943644278966e+00,8.743462339390176696e-01,2.693321681757607222e-01,3.078768806969985894e-01,-4.582187390443441810e-01,-7.647587771265387246e-01,7.453745379744149968e-01,-7.754069170249729970e-01,-3.605096749757437102e-01,7.897014355131553032e-01,-4.196887180635389125e-01,1.516270014335442173e+00
-1.161288568085011352e+00,5.441148694030143451e-01,-1.117839943644278966e+00,8.743462339390176696e-01,-4.253143665144286101e-01,1.013107415575034559e-01,-4.582187390443441810e-01,-7.647587771265387246e-01,7.453745379744149968e-01,-7.754069170249729970e-01,-8.092769052360058168e-01,-2.469722636160833762e-01,-4.196887180635389125e-01,1.516270014335442173e+00
3.461380978775335793e-01,5.441148694030143451e-01,1.537897810665886933e+00,-3.171476319498239826e-01,1.519695930618101487e+00,7.659148413976182290e-01,2.182363824940011909e+00,4.371733533342772038e-01,-2.752050769321116030e-01,-7.754069170249729970e-01,-9.124933681958644072e-02,-1.283645962745322056e+00,-4.196887180635389125e-01,-9.204096845965986651e-01
-5.152485683867777944e-01,5.441148694030143451e-01,-2.325940255408903146e-01,8.743462339390176696e-01,6.861200889898743105e-01,2.001032428850880729e-01,-4.582187390443441810e-01,-7.647587771265387246e-01,-2.254207054732566273e-01,-7.754069170249729970e-01,9.857920158050426096e-01,7.897014355131553032e-01,-4.196887180635389125e-01,-9.204096845965986651e-01
2.384647645944946437e-01,5.441148694030143451e-01,1.537897810665886933e+00,-3.171476319498239826e-01,1.925941568729255815e-02,-3.028404002371609116e-01,-4.582187390443441810e-01,4.371733533342772038e-01,2.226386376564379599e-01,-7.754069170249729970e-01,-8.092769052360058168e-01,-1.283645962745322056e+00,-4.196887180635389125e-01,-9.204096845965986651e-01
-2.999019018206999232e-01,-1.837847219829066070e+00,-1.117839943644278966e+00,-1.508641497838665746e+00,4.082614751137985665e-01,9.724809805371132931e-01,-4.582187390443441810e-01,1.639105483795093132e+00,2.724230091152929356e-01,-7.754069170249729970e-01,5.370247855447803920e-01,-2.469722636160833762e-01,9.264826417629067334e-01,1.238816149457046267e-01
-1.922285685376610154e-01,5.441148694030143451e-01,-1.117839943644278966e+00,-3.171476319498239826e-01,-1.474557526383528661e-01,1.125160300770653210e+00,-4.582187390443441810e-01,-7.647587771265387246e-01,1.019188580998117155e+00,-7.754069170249729970e-01,-6.297700131319009520e-01,-2.469722636160833762e-01,-4.196887180635389125e-01,1.238816149457046267e-01
-2.668715234047556173e+00,5.441148694030143451e-01,-2.325940255408903146e-01,-3.171476319498239826e-01,4.082614751137985665e-01,-1.793709056635256260e+00,-4.582187390443441810e-01,-7.647587771265387246e-01,9.694042095392622072e-01,-7.754069170249729970e-01,-8.092769052360058168e-01,-1.283645962745322056e+00,-4.196887180635389125e-01,-9.204096845965986651e-01
-1.591981901217166984e+00,5.441148694030143451e-01,-1.117839943644278966e+00,-1.508641497838665746e+00,4.082614751137985665e-01,1.089235754833349779e+00,-4.582187390443441810e-01,1.639105483795093132e+00,1.268110438292392006e+00,-7.754069170249729970e-01,-8.092769052360058168e-01,-2.469722636160833762e-01,-4.196887180635389125e-01,1.238816149457046267e-01
2.311809802841681069e-02,-1.837847219829066070e+00,-2.325940255408903146e-01,-3.171476319498239826e-01,6.861200889898743105e-01,2.719523347596951024e-01,-4.582187390443441810e-01,-7.647587771265387246e-01,-2.628321963783680770e-02,-7.754069170249729970e-01,-8.092769052360058168e-01,-1.283645962745322056e+00,-4.196887180635389125e-01,-9.204096845965986651e-01
5.614847644436113949e-01,5.441148694030143451e-01,6.526518925624983369e-01,-1.508641497838665746e+00,3.526897523385834066e-01,2.539900617910433311e-01,-4.582187390443441810e-01,-7.647587771265387246e-01,7.204823522449874673e-01,-7.754069170249729970e-01,-1.810027828716389287e-01,-2.469722636160833762e-01,-4.196887180635389125e-01,1.238816149457046267e-01
2.499604763538311847e+00,5.441148694030143451e-01,1.537897810665886933e+00,8.743462339390176696e-01,-3.631230708792258788e-02,-2.579347178155315667e-01,-4.582187390443441810e-01,4.371733533342772038e-01,-5.241269342263863429e-01,1.289645446853545208e+00,9.857920158050426096e-01,-2.469722636160833762e-01,-4.196887180635389125e-01,-9.204096845965986651e-01
-1.484308567934127909e+00,-1.837847219829066070e+00,-2.325940255408903146e-01,8.743462339390176696e-01,6.861200889898743105e-01,1.726896445220486909e+00,-4.582187390443441810e-01,-7.647587771265387246e-01,-2.628321963783680770e-02,-7.754069170249729970e-01,9.857920158050426096e-01,7.897014355131553032e-01,-4.196887180635389125e-01,1.168172914488007974e+00
-1.807328567783244688e+00,-1.837847219829066070e+00,-2.325940255408903146e-01,-3.171476319498239826e-01,-1.474557526383528661e-01,5.413864292894713381e-01,-4.582187390443441810e-01,-7.647587771265387246e-01,-2.628321963783680770e-02,-7.754069170249729970e-01,-8.092769052360058168e-01,-1.283645962745322056e+00,-4.196887180635389125e-01,-9.204096845965986651e-01
-1.915001901066283763e+00,5.441148694030143451e-01,-2.325940255408903146e-01,-3.171476319498239826e-01,-1.474557526383528661e-01,6.042543846797524543e-01,-4.582187390443441810e-01,-7.647587771265387246e-01,7.204823522449874673e-01,-7.754069170249729970e-01,1.883326476325566823e+00,7.897014355131553032e-01,-4.196887180635389125e-01,-9.204096845965986651e-01
-2.999019018206999232e-01,-1.837847219829066070e+00,1.537897810665886933e+00,8.743462339390176696e-01,-3.141709209639982903e-01,5.234241563208196224e-01,2.182363824940011909e+00,1.639105483795093132e+00,-8.726175344383709787e-01,-7.754069170249729970e-01,8.825755528451835474e-02,-2.469722636160833762e-01,-4.196887180635389125e-01,-9.204096845965986651e-01
2.384647645944946437e-01,5.441148694030143451e-01,-1.117839943644278966e+00,-3.171476319498239826e-01,-1.474557526383528661e-01,3.258391536656503051e-01,-4.582187390443441810e-01,-7.647587771265387246e-01,1.168541695374682110e+00,-7.754069170249729970e-01,-9.124933681958644072e-02,-2.469722636160833762e-01,-4.196887180635389125e-01,1.238816149457046267e-01
-2.999019018206999232e-01,5.441148694030143451e-01,-2.325940255408903146e-01,8.743462339390176696e-01,1.304028612377228502e-01,-1.860856259409245372e-01,-4.582187390443441810e-01,-7.647587771265387246e-01,-7.730487915206610827e-01,-7.754069170249729970e-01,-8.092769052360058168e-01,-1.283645962745322056e+00,-4.196887180635389125e-01,1.516270014335442173e+00
8.845047642927281739e-01,5.441148694030143451e-01,-2.325940255408903146e-01,-3.171476319498239826e-01,4.082614751137985665e-01,6.401789306170559968e-01,-4.582187390443441810e-01,-7.647587771265387246e-01,5.213448664095676754e-01,-7.754069170249729970e-01,8.825755528451835474e-02,-2.469722636160833762e-01,-4.196887180635389125e-01,-9.204096845965986651e-01
6.691580977266503583e-01,-1.837847219829066070e+00,-1.117839943644278966e+00,8.743462339390176696e-01,6.861200889898743105e-01,5.234241563208196224e-01,-4.582187390443441810e-01,1.639105483795093132e+00,6.458057950567051009e-01,-7.754069170249729970e-01,1.524312692117357093e+00,7.897014355131553032e-01,2.272654001589352379e+00,1.516270014335442173e+00
1.207524764141844953e+00,5.441148694030143451e-01,-1.117839943644278966e+00,8.743462339390176696e-01,9.084069800907348391e-01,9.904432535057651199e-01,2.182363824940011909e+00,1.639105483795093132e+00,-2.752050769321116030e-01,1.289645446853545208e+00,1.793573030273514224e+00,7.897014355131553032e-01,3.618825361415798358e+00,1.516270014335442173e+00
-2.999019018206999232e-01,-1.837847219829066070e+00,-2.325940255408903146e-01,-1.508641497838665746e+00,6.861200889898743105e-01,2.518240229918830651e-03,-4.582187390443441810e-01,-7.647587771265387246e-01,-2.752050769321116030e-01,-7.754069170249729970e-01,-3.605096749757437102e-01,-2.469722636160833762e-01,-4.196887180635389125e-01,-9.204096845965986651e-01
-6.229219016698166467e-01,5.441148694030143451e-01,1.537897810665886933e+00,8.743462339390176696e-01,4.082614751137985665e-01,-1.793709056635256260e+00,-4.582187390443441810e-01,-7.647587771265387246e-01,6.955901665155600488e-01,1.289645446853545208e+00,5.370247855447803920e-01,-2.469722636160833762e-01,-4.196887180635389125e-01,-9.204096845965986651e-01
-7.305952349528556100e-01,5.441148694030143451e-01,-1.117839943644278966e+00,-1.508641497838665746e+00,1.304028612377228502e-01,4.785184738991902220e-01,-4.582187390443441810e-01,-7.647587771265387246e-01,1.193433881104109640e+00,-7.754069170249729970e-01,-8.092769052360058168e-01,-2.469722636160833762e-01,-4.196887180635389125e-01,1.238816149457046267e-01
-1.922285685376610154e-01,5.441148694030143451e-01,-1.117839943644278966e+00,8.743462339390176696e-01,7.483113846250770418e-02,3.844278616722233283e-02,2.182363824940011909e+00,-7.647587771265387246e-01,6.209136093272775714e-01,1.289645446853545208e+00,8.825755528451835474e-02,7.897014355131553032e-01,-4.196887180635389125e-01,-9.204096845965986651e-01
-8.455523525462210754e-02,5.441148694030143451e-01,-2.325940255408903146e-01,8.743462339390176696e-01,4.082614751137985665e-01,3.887071090559314768e-01,-4.582187390443441810e-01,-7.647587771265387246e-01,5.960214235978501529e-01,-7.754069170249729970e-01,-8.092769052360058168e-01,-1.283645962745322056e+00,-4.196887180635389125e-01,-9.204096845965986651e-01
1.638218097274000584e+00,5.441148694030143451e-01,1.537897810665886933e+00,8.743462339390176696e-01,1.304028612377228502e-01,-1.793709056635256260e+00,2.182363824940011909e+00,4.371733533342772038e-01,-5.117540536726428863e-02,-7.754069170249729970e-01,8.825755528451835474e-02,7.897014355131553032e-01,-4.196887180635389125e-01,1.168172914488007974e+00
-8.382685682358945733e-01,5.441148694030143451e-01,-2.325940255408903146e-01,-3.171476319498239826e-01,4.082614751137985665e-01,6.761034765543594283e-01,-4.582187390443441810e-01,-7.647587771265387246e-01,8.449432808921248927e-01,1.289645446853545208e+00,-8.092769052360058168e-01,-1.283645962745322056e+00,-4.196887180635389125e-01,-9.204096845965986651e-01
8.845047642927281739e-01,5.441148694030143451e-01,6.526518925624983369e-01,-1.508641497838665746e+00,9.639787028659499990e-01,-1.793709056635256260e+00,-4.582187390443441810e-01,-7.647587771265387246e-01,-1.470029991944630465e+00,1.289645446853545208e+00,-8.092769052360058168e-01,7.897014355131553032e-01,-4.196887180635389125e-01,1.238816149457046267e-01
2.176584763689195068e+00,5.441148694030143451e-01,1.537897810665886933e+00,-1.508641497838665746e+00,4.082614751137985665e-01,3.348202901499762185e-01,2.182363824940011909e+00,-7.647587771265387246e-01,-9.224019058972259266e-01,-7.754069170249729970e-01,-8.092769052360058168e-01,-1.283645962745322056e+00,-4.196887180635389125e-01,-9.204096845965986651e-01
-8.382685682358945733e-01,5.441148694030143451e-01,-2.325940255408903146e-01,8.743462339390176696e-01,-1.474557526383528661e-01,2.809334712440209603e-01,-4.582187390443441810e-01,-7.647587771265387246e-01,-3.996660055792489730e-01,1.289645446853545208e+00,-8.092769052360058168e-01,-1.283645962745322056e+00,-4.196887180635389125e-01,-9.204096845965986651e-01
9.921780975757670262e-01,5.441148694030143451e-01,-1.117839943644278966e+00,8.743462339390176696e-01,1.304028612377228502e-01,1.170065983192282610e+00,2.182363824940011909e+00,1.639105483795093132e+00,2.350115182101814373e-02,1.289645446853545208e+00,8.062851237009377448e-01,-2.469722636160833762e-01,3.618825361415798358e+00,1.516270014335442173e+00
-7.305952349528556100e-01,-1.837847219829066070e+00,-2.325940255408903146e-01,-3.171476319498239826e-01,4.082614751137985665e-01,5.144430198364936535e-01,-4.582187390443441810e-01,-7.647587771265387246e-01,9.817770900930057609e-02,-7.754069170249729970e-01,8.825755528451835474e-02,-2.469722636160833762e-01,-4.196887180635389125e-01,-9.204096845965986651e-01
3.461380978775335793e-01,5.441148694030143451e-01,-1.117839943644278966e+00,8.743462339390176696e-01,-4.253143665144286101e-01,1.149937671424470544e-02,-4.582187390443441810e-01,-7.647587771265387246e-01,-1.258519625555467036e-01,1.289645446853545208e+00,5.370247855447803920e-01,7.897014355131553032e-01,-4.196887180635389125e-01,1.168172914488007974e+00
1.307914313114557359e-01,-1.837847219829066070e+00,-2.325940255408903146e-01,-1.508641497838665746e+00,2.693321681757607222e-01,5.054618833521677956e-01,-4.582187390443441810e-01,-7.647587771265387246e-01,9.196198380804072592e-01,-7.754069170249729970e-01,-2.707562289236913333e-01,7.897014355131553032e-01,-4.196887180635389125e-01,1.238816149457046267e-01
2.311809802841681069e-02,5.441148694030143451e-01,-2.325940255408903146e-01,-3.171476319498239826e-01,-1.474557526383528661e-01,4.156505185089090504e-01,-4.582187390443441810e-01,-7.647587771265387246e-01,-5.241269342263863429e-01,-7.754069170249729970e-01,-8.092769052360058168e-01,-1.283645962745322056e+00,-4.196887180635389125e-01,-9.204096845965986651e-01
-8.455523525462210754e-02,5.441148694030143451e-01,-1.117839943644278966e+00,8.743462339390176696e-01,4.082614751137985665e-01,2.946164968289645414e-02,2.182363824940011909e+00,1.639105483795093132e+00,5.960214235978501529e-01,1.289645446853545208e+00,1.973079922377619200e+00,1.826375134642393983e+00,-4.196887180635389125e-01,1.516270014335442173e+00
1.638218097274000584e+00,5.441148694030143451e-01,-1.117839943644278966e+00,-9.128945648942448088e-01,9.639787028659499990e-01,3.078768806969985894e-01,2.182363824940011909e+00,1.639105483795093132e+00,-1.391033908409332418e-03,-7.754069170249729970e-01,-7.195234591839534399e-01,7.897014355131553032e-01,9.264826417629067334e-01,1.238816149457046267e-01
-7.305952349528556100e-01,5.441148694030143451e-01,6.526518925624983369e-01,-1.508641497838665746e+00,8.250493959279121547e-01,-1.793709056635256260e+00,-4.582187390443441810e-01,-7.647587771265387246e-01,-3.249894483909665510e-01,1.289645446853545208e+00,8.825755528451835474e-02,7.897014355131553032e-01,-4.196887180635389125e-01,1.238816149457046267e-01
-8.455523525462210754e-02,-1.837847219829066070e+00,-1.117839943644278966e+00,8.743462339390176696e-01,1.304028612377228502e-01,5.773109752267747696e-01,-4.582187390443441810e-01,1.639105483795093132e+00,2.973151948447204096e-01,-7.754069170249729970e-01,-4.502631210277961427e-01,7.897014355131553032e-01,-4.196887180635389125e-01,1.238816149457046267e-01
-6.229219016698166467e-01,-1.837847219829066070e+00,-2.325940255408903146e-01,8.743462339390176696e-01,-1.474557526383528661e-01,4.874996103835160799e-01,-4.582187390443441810e-01,4.371733533342772038e-01,-5.241269342263863429e-01,-7.754069170249729970e-01,-8.092769052360058168e-01,-1.283645962745322056e+00,-4.196887180635389125e-01,-9.204096845965986651e-01
-1.376635234651089057e+00,5.441148694030143451e-01,-2.325940255408903146e-01,8.743462339390176696e-01,-4.253143665144286101e-01,8.018393873349216605e-01,-4.582187390443441810e-01,-7.647587771265387246e-01,9.694042095392622072e-01,-7.754069170249729970e-01,-8.092769052360058168e-01,-1.283645962745322056e+00,-4.196887180635389125e-01,1.168172914488007974e+00
-1.922285685376610154e-01,5.441148694030143451e-01,6.526518925624983369e-01,8.743462339390176696e-01,2.693321681757607222e-01,-1.793709056635256260e+00,-4.582187390443441810e-01,-7.647587771265387246e-01,-7.606759109669175567e-02,1.289645446853545208e+00,9.857920158050426096e-01,7.897014355131553032e-01,-4.196887180635389125e-01,1.516270014335442173e+00
-1.268961901368050205e+00,5.441148694030143451e-01,-1.117839943644278966e+00,-3.171476319498239826e-01,-1.474557526383528661e-01,8.557262062408769188e-01,-4.582187390443441810e-01,-7.647587771265387246e-01,7.702667237038424153e-01,-7.754069170249729970e-01,-8.092769052360058168e-01,-2.469722636160833762e-01,-4.196887180635389125e-01,1.238816149457046267e-01
-2.345695234198439394e+00,5.441148694030143451e-01,-2.325940255408903146e-01,-3.171476319498239826e-01,-4.253143665144286101e-01,2.270466523380657020e-01,-4.582187390443441810e-01,-7.647587771265387246e-01,1.317894809751246843e+00,-7.754069170249729970e-01,-8.092769052360058168e-01,-1.283645962745322056e+00,-4.196887180635389125e-01,-9.204096845965986651e-01
-1.699655234500205836e+00,5.441148694030143451e-01,-1.117839943644278966e+00,-9.128945648942448088e-01,-1.474557526383528661e-01,2.809334712440209603e-01,-4.582187390443441810e-01,-7.647587771265387246e-01,1.268110438292392006e+00,1.289645446853545208e+00,2.601354044741985838e+00,7.897014355131553032e-01,-4.196887180635389125e-01,1.516270014335442173e+00
-4.075752351037388310e-01,5.441148694030143451e-01,1.537897810665886933e+00,8.743462339390176696e-01,-3.481759119151261572e+00,1.641786969477845859e-01,-4.582187390443441810e-01,-7.647587771265387246e-01,-3.262267364463408814e+00,-7.754069170249729970e-01,-8.092769052360058168e-01,-1.283645962745322056e+00,-4.196887180635389125e-01,-9.204096845965986651e-01
-9.459419015189334257e-01,5.441148694030143451e-01,-2.325940255408903146e-01,8.743462339390176696e-01,4.082614751137985665e-01,2.180655158537398164e-01,-4.582187390443441810e-01,-7.647587771265387246e-01,3.222073805741478836e-01,-7.754069170249729970e-01,-8.092769052360058168e-01,-1.283645962745322056e+00,-4.196887180635389125e-01,-9.204096845965986651e-01
-1.699655234500205836e+00,-1.837847219829066070e+00,6.526518925624983369e-01,8.743462339390176696e-01,-5.642436734524665098e-01,-1.793709056635256260e+00,-4.582187390443441810e-01,-7.647587771265387246e-01,8.698354666215523112e-01,-7.754069170249729970e-01,1.703819584221461847e+00,-2.469722636160833762e-01,-4.196887180635389125e-01,-9.204096845965986651e-01
1.422871430707922658e+00,-1.837847219829066070e+00,-1.117839943644278966e+00,-1.508641497838665746e+00,7.416918117650894704e-01,6.940657495230111440e-01,-4.582187390443441810e-01,-7.647587771265387246e-01,1.019188580998117155e+00,-7.754069170249729970e-01,-8.092769052360058168e-01,-2.469722636160833762e-01,9.264826417629067334e-01,1.238816149457046267e-01
1.307914313114557359e-01,5.441148694030143451e-01,1.537897810665886933e+00,8.743462339390176696e-01,9.084069800907348391e-01,1.551975604634587003e-01,-4.582187390443441810e-01,-7.647587771265387246e-01,-5.241269342263863429e-01,1.289645446853545208e+00,1.434559246065304716e+00,7.897014355131553032e-01,-4.196887180635389125e-01,-9.204096845965986651e-01
-1.268961901368050205e+00,5.441148694030143451e-01,-2.325940255408903146e-01,-1.508641497838665746e+00,-1.474557526383528661e-01,2.539900617910433311e-01,-4.582187390443441810e-01,-7.647587771265387246e-01,5.213448664095676754e-01,1.289645446853545208e+00,5.370247855447803920e-01,7.897014355131553032e-01,-4.196887180635389125e-01,-9.204096845965986651e-01
4.538114311605724871e-01,5.441148694030143451e-01,1.537897810665886933e+00,8.743462339390176696e-01,-4.253143665144286101e-01,-1.544403273873291849e-02,-4.582187390443441810e-01,-7.647587771265387246e-01,-5.241269342263863429e-01,-7.754069170249729970e-01,-8.092769052360058168e-01,-1.283645962745322056e+00,-4.196887180635389125e-01,-9.204096845965986651e-01
2.384647645944946437e-01,5.441148694030143451e-01,-1.117839943644278966e+00,8.743462339390176696e-01,1.859745840129379824e-01,-1.411799435192951646e-01,-4.582187390443441810e-01,1.639105483795093132e+00,-6.485878628735237683e-01,1.289645446853545208e+00,1.075545461857095209e+00,7.897014355131553032e-01,9.264826417629067334e-01,1.168172914488007974e+00
-7.305952349528556100e-01,5.441148694030143451e-01,-1.117839943644278966e+00,-1.508641497838665746e+00,1.859745840129379824e-01,3.617636996029538476e-01,-4.582187390443441810e-01,-7.647587771265387246e-01,9.196198380804072592e-01,-7.754069170249729970e-01,-2.707562289236913333e-01,7.897014355131553032e-01,-4.196887180635389125e-01,1.238816149457046267e-01
6.691580977266503583e-01,5.441148694030143451e-01,1.537897810665886933e+00,8.743462339390176696e-01,-3.481759119151261572e+00,7.299902954603146865e-01,-4.582187390443441810e-01,4.371733533342772038e-01,-3.262267364463408814e+00,-7.754069170249729970e-01,-8.092769052360058168e-01,-1.283645962745322056e+00,-4.196887180635389125e-01,-9.204096845965986651e-01
-2.130348567632361689e+00,5.441148694030143451e-01,-2.325940255408903146e-01,-9.128945648942448088e-01,4.082614751137985665e-01,-3.926517650804196569e-01,-4.582187390443441810e-01,-7.647587771265387246e-01,1.218326066833536947e+00,-7.754069170249729970e-01,-8.092769052360058168e-01,-1.283645962745322056e+00,-4.196887180635389125e-01,-9.204096845965986651e-01
-1.591981901217166984e+00,5.441148694030143451e-01,-2.325940255408903146e-01,-3.171476319498239826e-01,-1.474557526383528661e-01,-1.793709056635256260e+00,-4.582187390443441810e-01,4.371733533342772038e-01,3.719917520330028315e-01,-7.754069170249729970e-01,9.857920158050426096e-01,-2.469722636160833762e-01,-4.196887180635389125e-01,-9.204096845965986651e-01
1.422871430707922658e+00,5.441148694030143451e-01,1.537897810665886933e+00,8.743462339390176696e-01,4.082614751137985665e-01,1.731598334321104438e-01,-4.582187390443441810e-01,4.371733533342772038e-01,-2.254207054732566273e-01,1.289645446853545208e+00,9.857920158050426096e-01,7.897014355131553032e-01,-4.196887180635389125e-01,1.516270014335442173e+00
3.461380978775335793e-01,-1.837847219829066070e+00,-1.117839943644278966e+00,8.743462339390176696e-01,-1.474557526383528661e-01,1.385613258816103643e+00,-4.582187390443441810e-01,-7.647587771265387246e-01,7.951589094332699448e-01,1.289645446853545208e+00,-2.707562289236913333e-01,-2.469722636160833762e-01,-4.196887180635389125e-01,1.238816149457046267e-01
1.745891430557039437e+00,5.441148694030143451e-01,-1.117839943644278966e+00,8.743462339390176696e-01,1.304028612377228502e-01,1.098216891317675525e+00,-4.582187390443441810e-01,1.639105483795093132e+00,-5.490191199558138724e-01,-7.754069170249729970e-01,1.344805800013252117e+00,7.897014355131553032e-01,3.618825361415798358e+00,1.238816149457046267e-01
2.311809802841681069e-02,5.441148694030143451e-01,1.537897810665886933e+00,8.743462339390176696e-01,1.304028612377228502e-01,2.048051319857057892e-02,2.182363824940011909e+00,-7.647587771265387246e-01,-4.743425627675313949e-01,1.289645446853545208e+00,9.857920158050426096e-01,7.897014355131553032e-01,-4.196887180635389125e-01,-9.204096845965986651e-01
2.311809802841681069e-02,5.441148694030143451e-01,1.537897810665886933e+00,8.743462339390176696e-01,-3.481759119151261572e+00,-1.793709056635256260e+00,-4.582187390443441810e-01,4.371733533342772038e-01,-3.262267364463408814e+00,-7.754069170249729970e-01,-8.092769052360058168e-01,-1.283645962745322056e+00,-4.196887180635389125e-01,-9.204096845965986651e-01
-6.229219016698166467e-01,-1.837847219829066070e+00,1.537897810665886933e+00,-9.128945648942448088e-01,-1.474557526383528661e-01,2.719523347596951024e-01,-4.582187390443441810e-01,-7.647587771265387246e-01,1.019188580998117155e+00,-7.754069170249729970e-01,-6.297700131319009520e-01,-2.469722636160833762e-01,-4.196887180635389125e-01,1.238816149457046267e-01
5.614847644436113949e-01,5.441148694030143451e-01,-2.325940255408903146e-01,-3.171476319498239826e-01,4.082614751137985665e-01,7.838771143662699448e-01,-4.582187390443441810e-01,-7.647587771265387246e-01,4.715604949507127275e-01,-7.754069170249729970e-01,-8.092769052360058168e-01,-1.283645962745322056e+00,-4.196887180635389125e-01,-9.204096845965986651e-01
2.311809802841681069e-02,-1.837847219829066070e+00,1.537897810665886933e+00,8.743462339390176696e-01,3.526897523385834066e-01,6.671223400700335704e-01,-4.582187390443441810e-01,-7.647587771265387246e-01,-6.485878628735237683e-01,1.289645446853545208e+00,5.370247855447803920e-01,7.897014355131553032e-01,-4.196887180635389125e-01,-9.204096845965986651e-01
1.307914313114557359e-01,5.441148694030143451e-01,1.537897810665886933e+00,-1.508641497838665746e+00,-3.481759119151261572e+00,2.539900617910433311e-01,-4.582187390443441810e-01,4.371733533342772038e-01,-3.262267364463408814e+00,-7.754069170249729970e-01,-8.092769052360058168e-01,-1.283645962745322056e+00,-4.196887180635389125e-01,-9.204096845965986651e-01
2.384647645944946437e-01,5.441148694030143451e-01,1.537897810665886933e+00,8.743462339390176696e-01,1.304028612377228502e-01,2.946164968289645414e-02,2.182363824940011909e+00,-7.647587771265387246e-01,-8.228331629795160307e-01,-7.754069170249729970e-01,5.370247855447803920e-01,7.897014355131553032e-01,-4.196887180635389125e-01,1.516270014335442173e+00
-1.922285685376610154e-01,5.441148694030143451e-01,-2.325940255408903146e-01,8.743462339390176696e-01,4.082614751137985665e-01,5.952732481954265964e-01,-4.582187390443441810e-01,-7.647587771265387246e-01,7.328552327987310211e-02,1.289645446853545208e+00,9.857920158050426096e-01,7.897014355131553032e-01,-4.196887180635389125e-01,-9.204096845965986651e-01
8.845047642927281739e-01,5.441148694030143451e-01,6.526518925624983369e-01,8.743462339390176696e-01,8.250493959279121547e-01,7.659148413976182290e-01,2.182363824940011909e+00,1.639105483795093132e+00,-1.507441482849742054e-01,1.289645446853545208e+00,1.703819584221461847e+00,7.897014355131553032e-01,2.272654001589352379e+00,1.516270014335442173e+00
1.207524764141844953e+00,5.441148694030143451e-01,-2.325940255408903146e-01,8.743462339390176696e-01,1.241837316742025799e+00,5.683298387424489118e-01,2.182363824940011909e+00,-7.647587771265387246e-01,-4.743425627675313949e-01,1.289645446853545208e+00,9.857920158050426096e-01,7.897014355131553032e-01,-4.196887180635389125e-01,-9.204096845965986651e-01
-8.455523525462210754e-02,5.441148694030143451e-01,-2.325940255408903146e-01,-1.508641497838665746e+00,-1.474557526383528661e-01,-4.238744219171054067e-02,-4.582187390443441810e-01,-7.647587771265387246e-01,2.226386376564379599e-01,-7.754069170249729970e-01,-8.092769052360058168e-01,-1.283645962745322056e+00,-4.196887180635389125e-01,-9.204096845965986651e-01
-1.922285685376610154e-01,5.441148694030143451e-01,-2.325940255408903146e-01,8.743462339390176696e-01,1.241837316742025799e+00,-1.793709056635256260e+00,-4.582187390443441810e-01,-7.647587771265387246e-01,-1.258519625555467036e-01,1.289645446853545208e+00,5.370247855447803920e-01,7.897014355131553032e-01,-4.196887180635389125e-01,-9.204096845965986651e-01
1.207524764141844953e+00,5.441148694030143451e-01,-2.325940255408903146e-01,8.743462339390176696e-01,1.304028612377228502e-01,6.761034765543594283e-01,-4.582187390443441810e-01,4.371733533342772038e-01,-3.996660055792489730e-01,1.289645446853545208e+00,8.825755528451835474e-02,7.897014355131553032e-01,-4.196887180635389125e-01,-9.204096845965986651e-01
1.307914313114557359e-01,5.441148694030143451e-01,1.537897810665886933e+00,8.743462339390176696e-01,4.638331978890137264e-01,2.539900617910433311e-01,-4.582187390443441810e-01,4.371733533342772038e-01,4.466683092212852535e-01,1.289645446853545208e+00,1.434559246065304716e+00,-2.469722636160833762e-01,-4.196887180635389125e-01,-9.204096845965986651e-01
6.691580977266503583e-01,5.441148694030143451e-01,6.526518925624983369e-01,8.743462339390176696e-01,2.693321681757607222e-01,-1.793709056635256260e+00,-4.582187390443441810e-01,-7.647587771265387246e-01,-1.694059663509477787e+00,1.289645446853545208e+00,-3.605096749757437102e-01,-2.469722636160833762e-01,-4.196887180635389125e-01,1.516270014335442173e+00
4.538114311605724871e-01,5.441148694030143451e-01,-2.325940255408903146e-01,-3.171476319498239826e-01,1.304028612377228502e-01,4.605562009305384508e-01,-4.582187390443441810e-01,-7.647587771265387246e-01,-5.241269342263863429e-01,-7.754069170249729970e-01,-8.092769052360058168e-01,-1.283645962745322056e+00,-4.196887180635389125e-01,-9.204096845965986651e-01
2.311809802841681069e-02,5.441148694030143451e-01,-1.117839943644278966e+00,8.743462339390176696e-01,-4.253143665144286101e-01,5.640505913587408326e-02,-4.582187390443441810e-01,1.639105483795093132e+00,-5.739113056852412909e-01,1.289645446853545208e+00,-8.092769052360058168e-01,7.897014355131553032e-01,9.264826417629067334e-01,1.238816149457046267e-01
9.921780975757670262e-01,5.441148694030143451e-01,-1.117839943644278966e+00,8.743462339390176696e-01,9.084069800907348391e-01,8.557262062408769188e-01,2.182363824940011909e+00,1.639105483795093132e+00,-2.752050769321116030e-01,1.289645446853545208e+00,1.883326476325566823e+00,7.897014355131553032e-01,3.618825361415798358e+00,1.168172914488007974e+00
6.691580977266503583e-01,5.441148694030143451e-01,1.537897810665886933e+00,8.743462339390176696e-01,-3.481759119151261572e+00,-4.238744219171054067e-02,-4.582187390443441810e-01,-7.647587771265387246e-01,-3.262267364463408814e+00,-7.754069170249729970e-01,-8.092769052360058168e-01,-1.283645962745322056e+00,-4.196887180635389125e-01,-9.204096845965986651e-01
-1.376635234651089057e+00,5.441148694030143451e-01,-1.117839943644278966e+00,-1.508641497838665746e+00,1.304028612377228502e-01,1.282541510104810711e-01,-4.582187390443441810e-01,1.639105483795093132e+00,9.196198380804072592e-01,-7.754069170249729970e-01,9.857920158050426096e-01,7.897014355131553032e-01,-4.196887180635389125e-01,1.238816149457046267e-01
4.538114311605724871e-01,5.441148694030143451e-01,-1.117839943644278966e+00,8.743462339390176696e-01,6.861200889898743105e-01,6.311977941327300279e-01,-4.582187390443441810e-01,1.639105483795093132e+00,-4.992347484969588689e-01,1.289645446853545208e+00,-9.124933681958644072e-02,-2.469722636160833762e-01,-4.196887180635389125e-01,1.516270014335442173e+00
-9.459419015189334257e-01,5.441148694030143451e-01,-1.117839943644278966e+00,-3.171476319498239826e-01,7.483113846250770418e-02,9.724809805371132931e-01,-4.582187390443441810e-01,1.639105483795093132e+00,9.694042095392622072e-01,-7.754069170249729970e-01,-8.092769052360058168e-01,-2.469722636160833762e-01,-4.196887180635389125e-01,1.238816149457046267e-01
-1.699655234500205836e+00,5.441148694030143451e-01,-1.117839943644278966e+00,-1.508641497838665746e+00,3.526897523385834066e-01,-2.220101718782280520e-01,-4.582187390443441810e-01,-7.647587771265387246e-01,1.044080766727544685e+00,-7.754069170249729970e-01,-8.092769052360058168e-01,-2.469722636160833762e-01,-4.196887180635389125e-01,1.238816149457046267e-01
-1.268961901368050205e+00,-1.837847219829066070e+00,-2.325940255408903146e-01,-1.508641497838665746e+00,-2.863850595763907658e-01,1.013107415575034559e-01,-4.582187390443441810e-01,4.371733533342772038e-01,1.479620804681555379e-01,-7.754069170249729970e-01,-8.092769052360058168e-01,-1.283645962745322056e+00,-4.196887180635389125e-01,-9.204096845965986651e-01
-1.922285685376610154e-01,-1.837847219829066070e+00,-2.325940255408903146e-01,8.743462339390176696e-01,1.304028612377228502e-01,-1.771044894565986794e-01,-4.582187390443441810e-01,-7.647587771265387246e-01,2.226386376564379599e-01,1.289645446853545208e+00,5.370247855447803920e-01,7.897014355131553032e-01,-4.196887180635389125e-01,-9.204096845965986651e-01
2.311809802841681069e-02,5.441148694030143451e-01,-2.325940255408903146e-01,8.743462339390176696e-01,-8.526445700315014864e-03,1.462164239791328424e-01,-4.582187390443441810e-01,-7.647587771265387246e-01,2.226386376564379599e-01,-7.754069170249729970e-01,-8.092769052360058168e-01,-1.283645962745322056e+00,-4.196887180635389125e-01,-9.204096845965986651e-01
-1.161288568085011352e+00,-1.837847219829066070e+00,-2.325940255408903146e-01,-9.128945648942448088e-01,-7.031729803905043541e-01,2.090843793694139585e-01,-4.582187390443441810e-01,-7.647587771265387246e-01,2.724230091152929356e-01,-7.754069170249729970e-01,-8.092769052360058168e-01,-1.283645962745322056e+00,-4.196887180635389125e-01,-9.204096845965986651e-01
2.384647645944946437e-01,5.441148694030143451e-01,-2.325940255408903146e-01,8.743462339390176696e-01,8.250493959279121547e-01,1.277839621004193127e+00,2.182363824940011909e+00,-7.647587771265387246e-01,4.715604949507127275e-01,1.289645446853545208e+00,1.883326476325566823e+00,7.897014355131553032e-01,-4.196887180635389125e-01,-9.204096845965986651e-01
-1.268961901368050205e+00,5.441148694030143451e-01,-2.325940255408903146e-01,-3.171476319498239826e-01,-1.474557526383528661e-01,-1.544403273873291849e-02,-4.582187390443441810e-01,-7.647587771265387246e-01,5.960214235978501529e-01,-7.754069170249729970e-01,-8.092769052360058168e-01,-1.283645962745322056e+00,-4.196887180635389125e-01,-9.204096845965986651e-01
-2.999019018206999232e-01,5.441148694030143451e-01,-1.117839943644278966e+00,8.743462339390176696e-01,4.082614751137985665e-01,5.503675657737971960e-01,-4.582187390443441810e-01,1.639105483795093132e+00,1.367679181210101902e+00,1.289645446853545208e+00,-8.092769052360058168e-01,-2.469722636160833762e-01,-4.196887180635389125e-01,1.238816149457046267e-01
-9.459419015189334257e-01,5.441148694030143451e-01,1.537897810665886933e+00,-1.508641497838665746e+00,-3.481759119151261572e+00,3.258391536656503051e-01,-4.582187390443441810e-01,-7.647587771265387246e-01,-3.262267364463408814e+00,-7.754069170249729970e-01,-8.092769052360058168e-01,-1.283645962745322056e+00,-4.196887180635389125e-01,-9.204096845965986651e-01
-2.238021900915400320e+00,5.441148694030143451e-01,-2.325940255408903146e-01,-1.508641497838665746e+00,-1.474557526383528661e-01,8.826696156938546034e-01,-4.582187390443441810e-01,-7.647587771265387246e-01,1.342786995480674372e+00,-7.754069170249729970e-01,-8.092769052360058168e-01,-1.283645962745322056e+00,-4.196887180635389125e-01,-9.204096845965986651e-01
-6.229219016698166467e-01,5.441148694030143451e-01,6.526518925624983369e-01,8.743462339390176696e-01,-2.863850595763907658e-01,-1.793709056635256260e+00,-4.582187390443441810e-01,-7.647587771265387246e-01,-7.606759109669175567e-02,-7.754069170249729970e-01,-8.092769052360058168e-01,7.897014355131553032e-01,-4.196887180635389125e-01,1.168172914488007974e+00
1.307914313114557359e-01,5.441148694030143451e-01,-2.325940255408903146e-01,-3.171476319498239826e-01,5.471907820518364662e-01,1.134141437254979179e+00,-4.582187390443441810e-01,-7.647587771265387246e-01,5.960214235978501529e-01,-7.754069170249729970e-01,-8.092769052360058168e-01,-1.283645962745322056e+00,-4.196887180635389125e-01,-9.204096845965986651e-01
7.768314310096892106e-01,5.441148694030143451e-01,1.537897810665886933e+00,8.743462339390176696e-01,8.250493959279121547e-01,8.557262062408769188e-01,2.182363824940011909e+00,1.639105483795093132e+00,-1.507441482849742054e-01,1.289645446853545208e+00,1.703819584221461847e+00,7.897014355131553032e-01,2.272654001589352379e+00,1.516270014335442173e+00
9.921780975757670262e-01,5.441148694030143451e-01,-1.117839943644278966e+00,-9.128945648942448088e-01,5.471907820518364662e-01,2.988957442126726760e-01,2.182363824940011909e+00,1.639105483795093132e+00,4.715604949507127275e-01,-7.754069170249729970e-01,1.255052353961199740e+00,1.826375134642393983e+00,-4.196887180635389125e-01,1.168172914488007974e+00
-2.022675234349322615e+00,-1.837847219829066070e+00,-2.325940255408903146e-01,8.743462339390176696e-01,4.082614751137985665e-01,-2.938592637528350537e-01,-4.582187390443441810e-01,-7.647587771265387246e-01,4.715604949507127275e-01,-7.754069170249729970e-01,-8.092769052360058168e-01,-1.283645962745322056e+00,-4.196887180635389125e-01,-9.204096845965986651e-01
6.691580977266503583e-01,5.441148694030143451e-01,1.537897810665886933e+00,8.743462339390176696e-01,1.859745840129379824e-01,1.641786969477845859e-01,-4.582187390443441810e-01,4.371733533342772038e-01,2.226386376564379599e-01,1.289645446853545208e+00,5.370247855447803920e-01,1.826375134642393983e+00,-4.196887180635389125e-01,-9.204096845965986651e-01
-7.305952349528556100e-01,-1.837847219829066070e+00,-2.325940255408903146e-01,-1.508641497838665746e+00,2.693321681757607222e-01,4.336127914775608216e-01,2.182363824940011909e+00,-7.647587771265387246e-01,9.694042095392622072e-01,-7.754069170249729970e-01,-8.092769052360058168e-01,-1.283645962745322056e+00,-4.196887180635389125e-01,-9.204096845965986651e-01
-1.053615234801972278e+00,5.441148694030143451e-01,-2.325940255408903146e-01,-3.171476319498239826e-01,-1.474557526383528661e-01,-1.411799435192951646e-01,-4.582187390443441810e-01,-7.647587771265387246e-01,2.724230091152929356e-01,-7.754069170249729970e-01,8.825755528451835474e-02,7.897014355131553032e-01,-4.196887180635389125e-01,-9.204096845965986651e-01
2.311809802841681069e-02,5.441148694030143451e-01,-2.325940255408903146e-01,-1.508641497838665746e+00,-1.474557526383528661e-01,3.348202901499762185e-01,-4.582187390443441810e-01,-7.647587771265387246e-01,4.715604949507127275e-01,1.289645446853545208e+00,5.370247855447803920e-01,-1.283645962745322056e+00,-4.196887180635389125e-01,1.516270014335442173e+00
-6.229219016698166467e-01,5.441148694030143451e-01,1.537897810665886933e+00,8.743462339390176696e-01,-3.481759119151261572e+00,6.491600671013818546e-01,-4.582187390443441810e-01,4.371733533342772038e-01,-3.262267364463408814e+00,-7.754069170249729970e-01,-8.092769052360058168e-01,-1.283645962745322056e+00,-4.196887180635389125e-01,-9.204096845965986651e-01
-6.229219016698166467e-01,-1.837847219829066070e+00,-2.325940255408903146e-01,-3.171476319498239826e-01,-1.474557526383528661e-01,-1.793709056635256260e+00,2.182363824940011909e+00,4.371733533342772038e-01,4.217761234918577795e-01,-7.754069170249729970e-01,-8.092769052360058168e-01,-1.283645962745322056e+00,-4.196887180635389125e-01,-9.204096845965986651e-01
5.614847644436113949e-01,-1.837847219829066070e+00,-1.117839943644278966e+00,8.743462339390176696e-01,1.352980762292456118e+00,4.425939279618866795e-01,-4.582187390443441810e-01,-7.647587771265387246e-01,2.973151948447204096e-01,1.289645446853545208e+00,-8.092769052360058168e-01,7.897014355131553032e-01,-4.196887180635389125e-01,1.238816149457046267e-01
-9.459419015189334257e-01,-1.837847219829066070e+00,-1.117839943644278966e+00,-3.171476319498239826e-01,1.304028612377228502e-01,3.078768806969985894e-01,-4.582187390443441810e-01,1.639105483795093132e+00,1.093865138186399744e+00,-7.754069170249729970e-01,-2.707562289236913333e-01,7.897014355131553032e-01,-4.196887180635389125e-01,1.238816149457046267e-01
4.538114311605724871e-01,5.441148694030143451e-01,1.537897810665886933e+00,8.743462339390176696e-01,9.639787028659499990e-01,5.054618833521677956e-01,2.182363824940011909e+00,1.639105483795093132e+00,-4.494503770381039209e-01,1.289645446853545208e+00,8.825755528451835474e-02,-2.469722636160833762e-01,-4.196887180635389125e-01,-9.204096845965986651e-01
5.614847644436113949e-01,5.441148694030143451e-01,-2.325940255408903146e-01,8.743462339390176696e-01,1.304028612377228502e-01,-1.793709056635256260e+00,-4.582187390443441810e-01,-7.647587771265387246e-01,-1.507441482849742054e-01,-7.754069170249729970e-01,-8.092769052360058168e-01,-1.283645962745322056e+00,-4.196887180635389125e-01,-9.204096845965986651e-01
5.614847644436113949e-01,5.441148694030143451e-01,6.526518925624983369e-01,-1.508641497838665746e+00,4.638331978890137264e-01,6.311977941327300279e-01,2.182363824940011909e+00,1.639105483795093132e+00,4.715604949507127275e-01,-7.754069170249729970e-01,5.370247855447803920e-01,7.897014355131553032e-01,9.264826417629067334e-01,1.516270014335442173e+00
-8.382685682358945733e-01,5.441148694030143451e-01,-1.117839943644278966e+00,-1.508641497838665746e+00,7.483113846250770418e-02,3.617636996029538476e-01,-4.582187390443441810e-01,-7.647587771265387246e-01,9.694042095392622072e-01,-7.754069170249729970e-01,-2.707562289236913333e-01,-2.469722636160833762e-01,-4.196887180635389125e-01,1.238816149457046267e-01
1.315198097424883805e+00,5.441148694030143451e-01,-1.117839943644278966e+00,8.743462339390176696e-01,-1.474557526383528661e-01,9.185941616311580349e-01,-4.582187390443441810e-01,1.639105483795093132e+00,4.964526806801402015e-01,-7.754069170249729970e-01,-4.502631210277961427e-01,7.897014355131553032e-01,-4.196887180635389125e-01,1.238816149457046267e-01
-1.053615234801972278e+00,-1.837847219829066070e+00,-1.117839943644278966e+00,-9.128945648942448088e-01,-2.030274754135680260e-01,4.742392265154820458e-02,-4.582187390443441810e-01,-7.647587771265387246e-01,1.118757323915827051e+00,-7.754069170249729970e-01,-8.092769052360058168e-01,-2.469722636160833762e-01,-4.196887180635389125e-01,1.238816149457046267e-01
2.384647645944946437e-01,-1.837847219829066070e+00,-1.117839943644278966e+00,8.743462339390176696e-01,2.415463067881531423e-01,1.879575765454026604e+00,-4.582187390443441810e-01,1.639105483795093132e+00,4.715604949507127275e-01,1.289645446853545208e+00,8.960385697529900106e-01,7.897014355131553032e-01,2.272654001589352379e+00,1.516270014335442173e+00
-1.161288568085011352e+00,-1.837847219829066070e+00,-2.325940255408903146e-01,-3.171476319498239826e-01,-1.474557526383528661e-01,1.149937671424470544e-02,-4.582187390443441810e-01,-7.647587771265387246e-01,8.449432808921248927e-01,-7.754069170249729970e-01,-8.092769052360058168e-01,-1.283645962745322056e+00,-4.196887180635389125e-01,-9.204096845965986651e-01
5.614847644436113949e-01,5.441148694030143451e-01,-1.117839943644278966e+00,-9.128945648942448088e-01,2.415463067881531423e-01,3.844278616722233283e-02,-4.582187390443441810e-01,-7.647587771265387246e-01,7.702667237038424153e-01,-7.754069170249729970e-01,-9.124933681958644072e-02,-2.469722636160833762e-01,2.272654001589352379e+00,1.238816149457046267e-01
-8.455523525462210754e-02,5.441148694030143451e-01,1.537897810665886933e+00,8.743462339390176696e-01,5.194049206642288308e-01,9.006318886625063191e-01,2.182363824940011909e+00,4.371733533342772038e-01,-7.606759109669175567e-02,1.289645446853545208e+00,5.370247855447803920e-01,7.897014355131553032e-01,-4.196887180635389125e-01,-9.204096845965986651e-01
-8.382685682358945733e-01,5.441148694030143451e-01,-1.117839943644278966e+00,-1.508641497838665746e+00,6.861200889898743105e-01,2.809334712440209603e-01,-4.582187390443441810e-01,-7.647587771265387246e-01,3.968839377624303055e-01,-7.754069170249729970e-01,2.421847152637881528e+00,7.897014355131553032e-01,-4.196887180635389125e-01,1.238816149457046267e-01
1.307914313114557359e-01,-1.837847219829066070e+00,-1.117839943644278966e+00,-3.171476319498239826e-01,1.859745840129379824e-01,1.277839621004193127e+00,-4.582187390443441810e-01,-7.647587771265387246e-01,8.698354666215523112e-01,-7.754069170249729970e-01,2.677644473886231502e-01,-2.469722636160833762e-01,-4.196887180635389125e-01,1.238816149457046267e-01
-2.999019018206999232e-01,5.441148694030143451e-01,-1.117839943644278966e+00,-1.508641497838665746e+00,-8.698881487161497228e-01,2.450089253067174455e-01,-4.582187390443441810e-01,-7.647587771265387246e-01,5.711292378684226234e-01,1.289645446853545208e+00,-8.092769052360058168e-01,-2.469722636160833762e-01,9.264826417629067334e-01,1.516270014335442173e+00
3.461380978775335793e-01,5.441148694030143451e-01,-1.117839943644278966e+00,8.743462339390176696e-01,1.304028612377228502e-01,-6.171801771885665477e-01,-4.582187390443441810e-01,-7.647587771265387246e-01,-3.996660055792489730e-01,1.289645446853545208e+00,2.677644473886231502e-01,7.897014355131553032e-01,9.264826417629067334e-01,1.516270014335442173e+00
2.311809802841681069e-02,-1.837847219829066070e+00,-2.325940255408903146e-01,-3.171476319498239826e-01,4.082614751137985665e-01,9.814621170214391510e-01,-4.582187390443441810e-01,4.371733533342772038e-01,2.226386376564379599e-01,-7.754069170249729970e-01,-8.092769052360058168e-01,-1.283645962745322056e+00,-4.196887180635389125e-01,-9.204096845965986651e-01
-1.807328567783244688e+00,5.441148694030143451e-01,-2.325940255408903146e-01,-3.171476319498239826e-01,1.304028612377228502e-01,7.479525684289664023e-01,-4.582187390443441810e-01,4.371733533342772038e-01,-8.228331629795160307e-01,-7.754069170249729970e-01,-8.092769052360058168e-01,-1.283645962745322056e+00,-4.196887180635389125e-01,-9.204096845965986651e-01
4.538114311605724871e-01,5.441148694030143451e-01,-1.117839943644278966e+00,-1.508641497838665746e+00,-5.642436734524665098e-01,3.617636996029538476e-01,-4.582187390443441810e-01,1.639105483795093132e+00,5.711292378684226234e-01,1.289645446853545208e+00,-2.707562289236913333e-01,7.897014355131553032e-01,-4.196887180635389125e-01,1.516270014335442173e+00
3.461380978775335793e-01,5.441148694030143451e-01,-2.325940255408903146e-01,8.743462339390176696e-01,6.861200889898743105e-01,4.964807468678419378e-01,-4.582187390443441810e-01,-7.647587771265387246e-01,-9.721862773560808746e-01,1.289645446853545208e+00,1.883326476325566823e+00,7.897014355131553032e-01,-4.196887180635389125e-01,-9.204096845965986651e-01
4.538114311605724871e-01,-1.837847219829066070e+00,-2.325940255408903146e-01,-3.171476319498239826e-01,1.519695930618101487e+00,1.735877581704812656e+00,-4.582187390443441810e-01,-7.647587771265387246e-01,-5.241269342263863429e-01,1.289645446853545208e+00,8.825755528451835474e-02,7.897014355131553032e-01,-4.196887180635389125e-01,1.516270014335442173e+00
2.384647645944946437e-01,5.441148694030143451e-01,6.526518925624983369e-01,8.743462339390176696e-01,-2.863850595763907658e-01,-1.793709056635256260e+00,-4.582187390443441810e-01,4.371733533342772038e-01,-1.221108134650355614e+00,-7.754069170249729970e-01,-1.706811365756529808e+00,-2.469722636160833762e-01,-4.196887180635389125e-01,-9.204096845965986651e-01
1.307914313114557359e-01,-1.837847219829066070e+00,-1.117839943644278966e+00,-3.171476319498239826e-01,2.693321681757607222e-01,4.515750644462125929e-01,-4.582187390443441810e-01,1.639105483795093132e+00,7.453745379744149968e-01,-7.754069170249729970e-01,4.472713394927279595e-01,7.897014355131553032e-01,-4.196887180635389125e-01,1.238816149457046267e-01
-1.922285685376610154e-01,5.441148694030143451e-01,-2.325940255408903146e-01,-3.171476319498239826e-01,-1.474557526383528661e-01,7.569337049132923712e-01,-4.582187390443441810e-01,-7.647587771265387246e-01,-3.249894483909665510e-01,-7.754069170249729970e-01,-8.092769052360058168e-01,-1.283645962745322056e+00,-4.196887180635389125e-01,-9.204096845965986651e-01
-6.229219016698166467e-01,5.441148694030143451e-01,-1.117839943644278966e+00,-1.508641497838665746e+00,-3.631230708792258788e-02,4.964807468678419378e-01,2.182363824940011909e+00,-7.647587771265387246e-01,1.093865138186399744e+00,-7.754069170249729970e-01,-8.092769052360058168e-01,-2.469722636160833762e-01,2.272654001589352379e+00,1.238816149457046267e-01
-1.161288568085011352e+00,5.441148694030143451e-01,-1.117839943644278966e+00,8.743462339390176696e-01,6.861200889898743105e-01,4.246316549932349638e-01,-4.582187390443441810e-01,-7.647587771265387246e-01,9.942963952686897366e-01,-7.754069170249729970e-01,5.370247855447803920e-01,-2.469722636160833762e-01,-4.196887180635389125e-01,1.238816149457046267e-01
-5.152485683867777944e-01,5.441148694030143451e-01,-2.325940255408903146e-01,8.743462339390176696e-01,7.483113846250770418e-02,1.102918780418293276e-01,-4.582187390443441810e-01,-7.647587771265387246e-01,-8.726175344383709787e-01,1.289645446853545208e+00,-8.092769052360058168e-01,-1.283645962745322056e+00,-4.196887180635389125e-01,-9.204096845965986651e-01
8.845047642927281739e-01,-1.837847219829066070e+00,-1.117839943644278966e+00,8.743462339390176696e-01,3.526897523385834066e-01,8.467450697565510609e-01,2.182363824940011909e+00,-7.647587771265387246e-01,-6.236956771440962388e-01,-7.754069170249729970e-01,8.960385697529900106e-01,7.897014355131553032e-01,3.618825361415798358e+00,1.238816149457046267e-01
1.307914313114557359e-01,5.441148694030143451e-01,1.537897810665886933e+00,-3.171476319498239826e-01,-4.253143665144286101e-01,1.282541510104810711e-01,2.182363824940011909e+00,4.371733533342772038e-01,1.218326066833536947e+00,-7.754069170249729970e-01,-8.092769052360058168e-01,-1.283645962745322056e+00,-4.196887180635389125e-01,-9.204096845965986651e-01
2.384647645944946437e-01,5.441148694030143451e-01,6.526518925624983369e-01,-1.508641497838665746e+00,-1.474557526383528661e-01,-1.793709056635256260e+00,-4.582187390443441810e-01,-7.647587771265387246e-01,-8.477253487089435602e-01,-7.754069170249729970e-01,-8.092769052360058168e-01,7.897014355131553032e-01,-4.196887180635389125e-01,1.516270014335442173e+00
-9.459419015189334257e-01,-1.837847219829066070e+00,-1.117839943644278966e+00,-3.171476319498239826e-01,-3.697426437392134502e-01,-3.567272191431161699e-01,-4.582187390443441810e-01,-7.647587771265387246e-01,1.728542661975830119e-01,-7.754069170249729970e-01,-8.092769052360058168e-01,7.897014355131553032e-01,-4.196887180635389125e-01,1.238816149457046267e-01
-5.152485683867777944e-01,5.441148694030143451e-01,-2.325940255408903146e-01,-1.508641497838665746e+00,-2.863850595763907658e-01,5.862921117111007385e-01,-4.582187390443441810e-01,-7.647587771265387246e-01,1.093865138186399744e+00,-7.754069170249729970e-01,-8.092769052360058168e-01,-1.283645962745322056e+00,-4.196887180635389125e-01,-9.204096845965986651e-01
5.614847644436113949e-01,5.441148694030143451e-01,-1.117839943644278966e+00,-3.171476319498239826e-01,4.082614751137985665e-01,1.911221064007622150e-01,-4.582187390443441810e-01,-7.647587771265387246e-01,8.200510951626973633e-01,1.289645446853545208e+00,-8.092769052360058168e-01,-2.469722636160833762e-01,-4.196887180635389125e-01,1.238816149457046267e-01
8.845047642927281739e-01,-1.837847219829066070e+00,-1.117839943644278966e+00,8.743462339390176696e-01,4.082614751137985665e-01,1.744858718189138624e+00,-4.582187390443441810e-01,1.639105483795093132e+00,6.458057950567051009e-01,-7.754069170249729970e-01,2.677644473886231502e-01,7.897014355131553032e-01,-4.196887180635389125e-01,1.238816149457046267e-01
8.845047642927281739e-01,-1.837847219829066070e+00,-1.117839943644278966e+00,8.743462339390176696e-01,4.082614751137985665e-01,6.132355211640783121e-01,-4.582187390443441810e-01,1.639105483795093132e+00,7.204823522449874673e-01,-7.754069170249729970e-01,2.421847152637881528e+00,1.826375134642393983e+00,2.272654001589352379e+00,1.238816149457046267e-01
2.384647645944946437e-01,5.441148694030143451e-01,6.526518925624983369e-01,8.743462339390176696e-01,-1.474557526383528661e-01,-1.793709056635256260e+00,-4.582187390443441810e-01,4.371733533342772038e-01,-7.730487915206610827e-01,1.289645446853545208e+00,-1.706811365756529808e+00,1.826375134642393983e+00,-4.196887180635389125e-01,1.516270014335442173e+00
-6.229219016698166467e-01,-1.837847219829066070e+00,6.526518925624983369e-01,-3.171476319498239826e-01,-9.188402986313773391e-02,2.270466523380657020e-01,-4.582187390443441810e-01,-7.647587771265387246e-01,9.694042095392622072e-01,-7.754069170249729970e-01,-5.400165670798485751e-01,-2.469722636160833762e-01,-4.196887180635389125e-01,1.238816149457046267e-01
1.207524764141844953e+00,5.441148694030143451e-01,-1.117839943644278966e+00,8.743462339390176696e-01,-4.253143665144286101e-01,4.336127914775608216e-01,-4.582187390443441810e-01,1.639105483795093132e+00,6.706979807861325193e-01,-7.754069170249729970e-01,-2.707562289236913333e-01,-2.469722636160833762e-01,2.272654001589352379e+00,1.168172914488007974e+00
3.461380978775335793e-01,5.441148694030143451e-01,1.537897810665886933e+00,8.743462339390176696e-01,-3.481759119151261572e+00,6.940657495230111440e-01,2.182363824940011909e+00,4.371733533342772038e-01,-3.262267364463408814e+00,-7.754069170249729970e-01,-8.092769052360058168e-01,-1.283645962745322056e+00,-4.196887180635389125e-01,-9.204096845965986651e-01
2.384647645944946437e-01,5.441148694030143451e-01,6.526518925624983369e-01,-1.508641497838665746e+00,-8.526445700315014864e-03,-1.793709056635256260e+00,-4.582187390443441810e-01,-7.647587771265387246e-01,-8.228331629795160307e-01,-7.754069170249729970e-01,-2.604345826277054243e+00,7.897014355131553032e-01,-4.196887180635389125e-01,1.516270014335442173e+00
-5.152485683867777944e-01,-1.837847219829066070e+00,-1.117839943644278966e+00,-3.171476319498239826e-01,2.415463067881531423e-01,6.401789306170559968e-01,-4.582187390443441810e-01,-7.647587771265387246e-01,7.702667237038424153e-01,-7.754069170249729970e-01,-8.092769052360058168e-01,7.897014355131553032e-01,-4.196887180635389125e-01,1.238816149457046267e-01
-7.305952349528556100e-01,5.441148694030143451e-01,-1.117839943644278966e+00,-1.508641497838665746e+00,-4.808860892896437700e-01,3.887071090559314768e-01,-4.582187390443441810e-01,-7.647587771265387246e-01,5.213448664095676754e-01,-7.754069170249729970e-01,-8.092769052360058168e-01,-2.469722636160833762e-01,-4.196887180635389125e-01,1.238816149457046267e-01
8.845047642927281739e-01,5.441148694030143451e-01,1.537897810665886933e+00,8.743462339390176696e-01,9.084069800907348391e-01,9.232960507317758414e-02,2.182363824940011909e+00,-7.647587771265387246e-01,-4.743425627675313949e-01,1.289645446853545208e+00,1.883326476325566823e+00,1.826375134642393983e+00,-4.196887180635389125e-01,-9.204096845965986651e-01
2.311809802841681069e-02,-1.837847219829066070e+00,-1.117839943644278966e+00,-1.508641497838665746e+00,9.639787028659499990e-01,1.149937671424470544e-02,-4.582187390443441810e-01,-7.647587771265387246e-01,7.951589094332699448e-01,-7.754069170249729970e-01,-8.092769052360058168e-01,-2.469722636160833762e-01,9.264826417629067334e-01,1.238816149457046267e-01
-1.376635234651089057e+00,-1.837847219829066070e+00,-1.117839943644278966e+00,-1.508641497838665746e+00,-3.697426437392134502e-01,6.132355211640783121e-01,-4.582187390443441810e-01,1.639105483795093132e+00,1.019188580998117155e+00,1.289645446853545208e+00,-8.092769052360058168e-01,-2.469722636160833762e-01,-4.196887180635389125e-01,1.238816149457046267e-01
-1.484308567934127909e+00,5.441148694030143451e-01,-2.325940255408903146e-01,8.743462339390176696e-01,-1.474557526383528661e-01,2.391500545060601279e+00,-4.582187390443441810e-01,-7.647587771265387246e-01,5.213448664095676754e-01,1.289645446853545208e+00,8.825755528451835474e-02,7.897014355131553032e-01,-4.196887180635389125e-01,1.168172914488007974e+00
5.614847644436113949e-01,5.441148694030143451e-01,6.526518925624983369e-01,8.743462339390176696e-01,2.693321681757607222e-01,-1.793709056635256260e+00,-4.582187390443441810e-01,-7.647587771265387246e-01,-3.996660055792489730e-01,1.289645446853545208e+00,8.825755528451835474e-02,7.897014355131553032e-01,-4.196887180635389125e-01,1.516270014335442173e+00
-2.668715234047556173e+00,5.441148694030143451e-01,-1.117839943644278966e+00,-3.171476319498239826e-01,1.304028612377228502e-01,3.844278616722233283e-02,-4.582187390443441810e-01,1.639105483795093132e+00,1.765954152880941486e+00,-7.754069170249729970e-01,-8.092769052360058168e-01,-2.469722636160833762e-01,-4.196887180635389125e-01,1.238816149457046267e-01
4.538114311605724871e-01,5.441148694030143451e-01,1.537897810665886933e+00,-1.508641497838665746e+00,4.082614751137985665e-01,5.503675657737971960e-01,-4.582187390443441810e-01,1.639105483795093132e+00,5.960214235978501529e-01,-7.754069170249729970e-01,8.062851237009377448e-01,7.897014355131553032e-01,9.264826417629067334e-01,1.516270014335442173e+00
-1.922285685376610154e-01,5.441148694030143451e-01,-2.325940255408903146e-01,-1.508641497838665746e+00,4.082614751137985665e-01,5.324052928051454803e-01,-4.582187390443441810e-01,4.371733533342772038e-01,9.694042095392622072e-01,-7.754069170249729970e-01,-8.092769052360058168e-01,-1.283645962745322056e+00,-4.196887180635389125e-01,-9.204096845965986651e-01
5.614847644436113949e-01,5.441148694030143451e-01,6.526518925624983369e-01,8.743462339390176696e-01,-4.253143665144286101e-01,-1.793709056635256260e+00,-4.582187390443441810e-01,-7.647587771265387246e-01,-9.224019058972259266e-01,-7.754069170249729970e-01,-8.092769052360058168e-01,-1.283645962745322056e+00,-4.196887180635389125e-01,1.168172914488007974e+00
9.921780975757670262e-01,-1.837847219829066070e+00,-1.117839943644278966e+00,-3.171476319498239826e-01,4.082614751137985665e-01,-4.238744219171054067e-02,-4.582187390443441810e-01,-7.647587771265387246e-01,1.193433881104109640e+00,-7.754069170249729970e-01,-8.092769052360058168e-01,-2.469722636160833762e-01,2.272654001589352379e+00,1.238816149457046267e-01
-1.484308567934127909e+00,5.441148694030143451e-01,-1.117839943644278966e+00,-9.128945648942448088e-01,4.082614751137985665e-01,-6.462896254407044135e-03,-4.582187390443441810e-01,-7.647587771265387246e-01,1.168541695374682110e+00,1.289645446853545208e+00,4.472713394927279595e-01,-2.469722636160833762e-01,-4.196887180635389125e-01,1.516270014335442173e+00
-4.075752351037388310e-01,5.441148694030143451e-01,6.526518925624983369e-01,8.743462339390176696e-01,5.471907820518364662e-01,-1.793709056635256260e+00,-4.582187390443441810e-01,-7.647587771265387246e-01,1.977464519270104859e-01,1.289645446853545208e+00,-1.810027828716389287e-01,7.897014355131553032e-01,-4.196887180635389125e-01,-9.204096845965986651e-01
7.768314310096892106e-01,5.441148694030143451e-01,-1.117839943644278966e+00,8.743462339390176696e-01,-1.474557526383528661e-01,5.413864292894713381e-01,-4.582187390443441810e-01,-7.647587771265387246e-01,2.226386376564379599e-01,1.289645446853545208e+00,2.421847152637881528e+00,7.897014355131553032e-01,9.264826417629067334e-01,1.516270014335442173e+00
-1.699655234500205836e+00,5.441148694030143451e-01,6.526518925624983369e-01,-1.508641497838665746e+00,-7.031729803905043541e-01,-1.793709056635256260e+00,-4.582187390443441810e-01,-7.647587771265387246e-01,1.193433881104109640e+00,-7.754069170249729970e-01,-1.796564811808582407e+00,-2.469722636160833762e-01,-4.196887180635389125e-01,-9.204096845965986651e-01
-4.075752351037388310e-01,5.441148694030143451e-01,-1.117839943644278966e+00,-1.508641497838665746e+00,4.082614751137985665e-01,2.988957442126726760e-01,-4.582187390443441810e-01,-7.647587771265387246e-01,7.951589094332699448e-01,-7.754069170249729970e-01,-2.707562289236913333e-01,7.897014355131553032e-01,9.264826417629067334e-01,1.516270014335442173e+00
-1.922285685376610154e-01,-1.837847219829066070e+00,-2.325940255408903146e-01,-1.508641497838665746e+00,-8.526445700315014864e-03,6.491600671013818546e-01,-4.582187390443441810e-01,-7.647587771265387246e-01,1.977464519270104859e-01,-7.754069170249729970e-01,-8.092769052360058168e-01,-1.283645962745322056e+00,-4.196887180635389125e-01,-9.204096845965986651e-01
1.307914313114557359e-01,5.441148694030143451e-01,-2.325940255408903146e-01,8.743462339390176696e-01,4.082614751137985665e-01,2.629711982753691890e-01,-4.582187390443441810e-01,-7.647587771265387246e-01,-5.241269342263863429e-01,1.289645446853545208e+00,-3.605096749757437102e-01,7.897014355131553032e-01,-4.196887180635389125e-01,-9.204096845965986651e-01
2.384647645944946437e-01,5.441148694030143451e-01,-2.325940255408903146e-01,8.743462339390176696e-01,1.241837316742025799e+00,1.690971899283183255e+00,-4.582187390443441810e-01,4.371733533342772038e-01,-2.254207054732566273e-01,1.289645446853545208e+00,9.857920158050426096e-01,7.897014355131553032e-01,-4.196887180635389125e-01,-9.204096845965986651e-01
1.961238097123117363e+00,5.441148694030143451e-01,1.537897810665886933e+00,8.743462339390176696e-01,9.639787028659499990e-01,-1.793709056635256260e+00,2.182363824940011909e+00,1.639105483795093132e+00,-2.628321963783680770e-02,-7.754069170249729970e-01,5.370247855447803920e-01,-1.283645962745322056e+00,-4.196887180635389125e-01,-9.204096845965986651e-01
6.691580977266503583e-01,5.441148694030143451e-01,-1.117839943644278966e+00,8.743462339390176696e-01,1.304028612377228502e-01,5.640505913587408326e-02,-4.582187390443441810e-01,1.639105483795093132e+00,2.350115182101814373e-02,1.289645446853545208e+00,1.344805800013252117e+00,7.897014355131553032e-01,2.272654001589352379e+00,1.516270014335442173e+00
-8.455523525462210754e-02,5.441148694030143451e-01,-2.325940255408903146e-01,8.743462339390176696e-01,-3.631230708792258788e-02,5.413864292894713381e-01,-4.582187390443441810e-01,4.371733533342772038e-01,-4.743425627675313949e-01,1.289645446853545208e+00,1.883326476325566823e+00,7.897014355131553032e-01,-4.196887180635389125e-01,-9.204096845965986651e-01
3.461380978775335793e-01,5.441148694030143451e-01,1.537897810665886933e+00,8.743462339390176696e-01,8.528352573155197902e-01,-2.399724448468797955e-01,-4.582187390443441810e-01,1.639105483795093132e+00,-3.000972626615390770e-01,1.289645446853545208e+00,1.883326476325566823e+00,1.826375134642393983e+00,-4.196887180635389125e-01,-9.204096845965986651e-01
-8.455523525462210754e-02,5.441148694030143451e-01,-2.325940255408903146e-01,8.743462339390176696e-01,-1.474557526383528661e-01,4.156505185089090504e-01,-4.582187390443441810e-01,-7.647587771265387246e-01,-3.747738198498214990e-01,1.289645446853545208e+00,-8.092769052360058168e-01,-1.283645962745322056e+00,-4.196887180635389125e-01,-9.204096845965986651e-01
-1.922285685376610154e-01,5.441148694030143451e-01,6.526518925624983369e-01,8.743462339390176696e-01,1.304028612377228502e-01,-1.793709056635256260e+00,-4.582187390443441810e-01,-7.647587771265387246e-01,-2.752050769321116030e-01,-7.754069170249729970e-01,-8.092769052360058168e-01,7.897014355131553032e-01,-4.196887180635389125e-01,1.516270014335442173e+00
1.207524764141844953e+00,5.441148694030143451e-01,1.537897810665886933e+00,8.743462339390176696e-01,-3.481759119151261572e+00,1.008405526474416725e+00,-4.582187390443441810e-01,1.639105483795093132e+00,-3.262267364463408814e+00,-7.754069170249729970e-01,-8.092769052360058168e-01,-1.283645962745322056e+00,-4.196887180635389125e-01,-9.204096845965986651e-01
9.921780975757670262e-01,5.441148694030143451e-01,6.526518925624983369e-01,8.743462339390176696e-01,6.305483662146591506e-01,8.557262062408769188e-01,2.182363824940011909e+00,1.639105483795093132e+00,-2.628321963783680770e-02,1.289645446853545208e+00,1.793573030273514224e+00,7.897014355131553032e-01,2.272654001589352379e+00,1.516270014335442173e+00
-1.591981901217166984e+00,5.441148694030143451e-01,-2.325940255408903146e-01,-3.171476319498239826e-01,1.797554544494177176e+00,3.707448360872797055e-01,-4.582187390443441810e-01,-7.647587771265387246e-01,-6.236956771440962388e-01,-7.754069170249729970e-01,-8.092769052360058168e-01,-1.283645962745322056e+00,-4.196887180635389125e-01,-9.204096845965986651e-01
1.207524764141844953e+00,5.441148694030143451e-01,-1.117839943644278966e+00,8.743462339390176696e-01,-1.474557526383528661e-01,-2.040478989095762807e-01,-4.582187390443441810e-01,-7.647587771265387246e-01,2.226386376564379599e-01,-7.754069170249729970e-01,-4.502631210277961427e-01,-2.469722636160833762e-01,-4.196887180635389125e-01,1.516270014335442173e+00
-8.382685682358945733e-01,5.441148694030143451e-01,-2.325940255408903146e-01,-1.508641497838665746e+00,-1.474557526383528661e-01,2.719523347596951024e-01,-4.582187390443441810e-01,-7.647587771265387246e-01,4.715604949507127275e-01,-7.754069170249729970e-01,-8.092769052360058168e-01,-1.283645962745322056e+00,-4.196887180635389125e-01,-9.204096845965986651e-01
1.207524764141844953e+00,5.441148694030143451e-01,-2.325940255408903146e-01,8.743462339390176696e-01,4.082614751137985665e-01,9.545187075684615774e-01,2.182363824940011909e+00,-7.647587771265387246e-01,-1.096647206003218411e+00,1.289645446853545208e+00,5.370247855447803920e-01,7.897014355131553032e-01,-4.196887180635389125e-01,-9.204096845965986651e-01
1.099851430858805879e+00,5.441148694030143451e-01,-1.117839943644278966e+00,8.743462339390176696e-01,6.861200889898743105e-01,7.210091589759888286e-01,2.182363824940011909e+00,1.639105483795093132e+00,-1.507441482849742054e-01,1.289645446853545208e+00,1.344805800013252117e+00,7.897014355131553032e-01,2.272654001589352379e+00,1.516270014335442173e+00
1.638218097274000584e+00,5.441148694030143451e-01,1.537897810665886933e+00,-1.508641497838665746e+00,-3.481759119151261572e+00,6.401789306170559968e-01,-4.582187390443441810e-01,1.639105483795093132e+00,-3.262267364463408814e+00,-7.754069170249729970e-01,-8.092769052360058168e-01,-1.283645962745322056e+00,-4.196887180635389125e-01,-9.204096845965986651e-01
7.768314310096892106e-01,5.441148694030143451e-01,-1.117839943644278966e+00,8.743462339390176696e-01,3.526897523385834066e-01,-3.028404002371609116e-01,-4.582187390443441810e-01,1.639105483795093132e+00,-1.507441482849742054e-01,1.289645446853545208e+00,2.421847152637881528e+00,7.897014355131553032e-01,9.264826417629067334e-01,1.238816149457046267e-01
1.307914313114557359e-01,5.441148694030143451e-01,-2.325940255408903146e-01,8.743462339390176696e-01,4.082614751137985665e-01,6.132355211640783121e-01,-4.582187390443441810e-01,-7.647587771265387246e-01,-7.606759109669175567e-02,1.289645446853545208e+00,5.370247855447803920e-01,7.897014355131553032e-01,-4.196887180635389125e-01,-9.204096845965986651e-01
8.845047642927281739e-01,5.441148694030143451e-01,1.537897810665886933e+00,8.743462339390176696e-01,9.084069800907348391e-01,-2.669158542998574246e-01,-4.582187390443441810e-01,4.371733533342772038e-01,1.728542661975830119e-01,1.289645446853545208e+00,-8.092769052360058168e-01,-1.283645962745322056e+00,-4.196887180635389125e-01,-9.204096845965986651e-01
9.921780975757670262e-01,5.441148694030143451e-01,6.526518925624983369e-01,8.743462339390176696e-01,4.082614751137985665e-01,-1.793709056635256260e+00,-4.582187390443441810e-01,1.639105483795093132e+00,4.466683092212852535e-01,-7.754069170249729970e-01,9.857920158050426096e-01,-2.469722636160833762e-01,-4.196887180635389125e-01,-9.204096845965986651e-01
-6.229219016698166467e-01,-1.837847219829066070e+00,-2.325940255408903146e-01,-3.171476319498239826e-01,-1.474557526383528661e-01,7.569337049132923712e-01,-4.582187390443441810e-01,-7.647587771265387246e-01,-2.752050769321116030e-01,-7.754069170249729970e-01,-8.092769052360058168e-01,-1.283645962745322056e+00,-4.196887180635389125e-01,-9.204096845965986651e-01
-1.699655234500205836e+00,5.441148694030143451e-01,-2.325940255408903146e-01,8.743462339390176696e-01,-4.253143665144286101e-01,-1.793709056635256260e+00,-4.582187390443441810e-01,-7.647587771265387246e-01,4.715604949507127275e-01,1.289645446853545208e+00,8.825755528451835474e-02,7.897014355131553032e-01,-4.196887180635389125e-01,-9.204096845965986651e-01
3.461380978775335793e-01,5.441148694030143451e-01,1.537897810665886933e+00,8.743462339390176696e-01,5.194049206642288308e-01,6.311977941327300279e-01,2.182363824940011909e+00,4.371733533342772038e-01,7.204823522449874673e-01,1.289645446853545208e+00,9.857920158050426096e-01,7.897014355131553032e-01,-4.196887180635389125e-01,-9.204096845965986651e-01
-6.229219016698166467e-01,-1.837847219829066070e+00,-1.117839943644278966e+00,-1.508641497838665746e+00,1.304028612377228502e-01,6.761034765543594283e-01,-4.582187390443441810e-01,-7.647587771265387246e-01,1.977464519270104859e-01,-7.754069170249729970e-01,-6.297700131319009520e-01,-2.469722636160833762e-01,-4.196887180635389125e-01,1.238816149457046267e-01
5.614847644436113949e-01,5.441148694030143451e-01,1.537897810665886933e+00,8.743462339390176696e-01,4.082614751137985665e-01,-1.793709056635256260e+00,-4.582187390443441810e-01,4.371733533342772038e-01,-3.498816341203940250e-01,1.289645446853545208e+00,8.825755528451835474e-02,7.897014355131553032e-01,-4.196887180635389125e-01,-9.204096845965986651e-01
6.691580977266503583e-01,5.441148694030143451e-01,6.526518925624983369e-01,8.743462339390176696e-01,9.639787028659499990e-01,-1.793709056635256260e+00,-4.582187390443441810e-01,4.371733533342772038e-01,-7.979409772500886122e-01,1.289645446853545208e+00,-3.605096749757437102e-01,7.897014355131553032e-01,-4.196887180635389125e-01,1.516270014335442173e+00
1.315198097424883805e+00,5.441148694030143451e-01,-2.325940255408903146e-01,8.743462339390176696e-01,4.082614751137985665e-01,-1.793709056635256260e+00,-4.582187390443441810e-01,-7.647587771265387246e-01,-9.224019058972259266e-01,1.289645446853545208e+00,8.825755528451835474e-02,7.897014355131553032e-01,-4.196887180635389125e-01,-9.204096845965986651e-01
6.691580977266503583e-01,5.441148694030143451e-01,6.526518925624983369e-01,8.743462339390176696e-01,6.861200889898743105e-01,7.659148413976182290e-01,2.182363824940011909e+00,1.639105483795093132e+00,-2.254207054732566273e-01,1.289645446853545208e+00,1.703819584221461847e+00,7.897014355131553032e-01,2.272654001589352379e+00,1.516270014335442173e+00
-1.161288568085011352e+00,-1.837847219829066070e+00,-2.325940255408903146e-01,-3.171476319498239826e-01,6.861200889898743105e-01,-1.232176705506434211e-01,-4.582187390443441810e-01,-7.647587771265387246e-01,5.711292378684226234e-01,-7.754069170249729970e-01,-8.092769052360058168e-01,-1.283645962745322056e+00,-4.196887180635389125e-01,-9.204096845965986651e-01
1.530544763990961732e+00,5.441148694030143451e-01,-1.117839943644278966e+00,-1.508641497838665746e+00,1.519695930618101487e+00,6.671223400700335704e-01,2.182363824940011909e+00,1.639105483795093132e+00,4.715604949507127275e-01,1.289645446853545208e+00,6.267782315968328799e-01,7.897014355131553032e-01,-4.196887180635389125e-01,1.516270014335442173e+00
-8.382685682358945733e-01,-1.837847219829066070e+00,-1.117839943644278966e+00,-1.508641497838665746e+00,4.638331978890137264e-01,-2.040478989095762807e-01,-4.582187390443441810e-01,1.639105483795093132e+00,7.204823522449874673e-01,1.289645446853545208e+00,4.472713394927279595e-01,1.826375134642393983e+00,-4.196887180635389125e-01,1.238816149457046267e-01
2.176584763689195068e+00,5.441148694030143451e-01,1.537897810665886933e+00,8.743462339390176696e-01,6.861200889898743105e-01,5.234241563208196224e-01,2.182363824940011909e+00,4.371733533342772038e-01,-2.628321963783680770e-02,1.289645446853545208e+00,2.780860936846091036e+00,1.826375134642393983e+00,-4.196887180635389125e-01,-9.204096845965986651e-01
-8.382685682358945733e-01,5.441148694030143451e-01,-1.117839943644278966e+00,8.743462339390176696e-01,4.082614751137985665e-01,9.994243899900909778e-01,-4.582187390443441810e-01,-7.647587771265387246e-01,-2.752050769321116030e-01,1.289645446853545208e+00,8.062851237009377448e-01,7.897014355131553032e-01,2.272654001589352379e+00,1.516270014335442173e+00
4.538114311605724871e-01,5.441148694030143451e-01,-1.117839943644278966e+00,8.743462339390176696e-01,-3.141709209639982903e-01,1.062292345380372094e+00,-4.582187390443441810e-01,4.371733533342772038e-01,2.226386376564379599e-01,-7.754069170249729970e-01,3.139874721054300988e+00,1.826375134642393983e+00,3.618825361415798358e+00,1.168172914488007974e+00
-1.268961901368050205e+00,5.441148694030143451e-01,-2.325940255408903146e-01,-1.508641497838665746e+00,9.639787028659499990e-01,-4.734819934393525442e-01,-4.582187390443441810e-01,-7.647587771265387246e-01,3.719917520330028315e-01,-7.754069170249729970e-01,-8.092769052360058168e-01,-1.283645962745322056e+00,-4.196887180635389125e-01,-9.204096845965986651e-01
-1.376635234651089057e+00,5.441148694030143451e-01,-2.325940255408903146e-01,8.743462339390176696e-01,-3.697426437392134502e-01,4.515750644462125929e-01,-4.582187390443441810e-01,-7.647587771265387246e-01,2.724230091152929356e-01,-7.754069170249729970e-01,-8.092769052360058168e-01,-1.283645962745322056e+00,-4.196887180635389125e-01,-9.204096845965986651e-01
5.614847644436113949e-01,-1.837847219829066070e+00,-2.325940255408903146e-01,-3.171476319498239826e-01,1.304028612377228502e-01,-1.052553975819916637e-01,-4.582187390443441810e-01,-7.647587771265387246e-01,-1.756363340144016794e-01,-7.754069170249729970e-01,8.825755528451835474e-02,7.897014355131553032e-01,-4.196887180635389125e-01,-9.204096845965986651e-01
3.461380978775335793e-01,5.441148694030143451e-01,-1.117839943644278966e+00,-3.171476319498239826e-01,7.972635345403046303e-01,2.899146077283468181e-01,-4.582187390443441810e-01,1.639105483795093132e+00,8.200510951626973633e-01,-7.754069170249729970e-01,-8.092769052360058168e-01,-2.469722636160833762e-01,9.264826417629067334e-01,1.238816149457046267e-01
2.384647645944946437e-01,5.441148694030143451e-01,-1.117839943644278966e+00,-1.508641497838665746e+00,1.304028612377228502e-01,5.054618833521677956e-01,2.182363824940011909e+00,1.639105483795093132e+00,2.724230091152929356e-01,1.289645446853545208e+00,-2.707562289236913333e-01,7.897014355131553032e-01,9.264826417629067334e-01,1.168172914488007974e+00
-1.268961901368050205e+00,5.441148694030143451e-01,-1.117839943644278966e+00,-9.128945648942448088e-01,6.305483662146591506e-01,3.976882455402573346e-01,-4.582187390443441810e-01,1.639105483795093132e+00,1.168541695374682110e+00,-7.754069170249729970e-01,-9.124933681958644072e-02,-2.469722636160833762e-01,2.272654001589352379e+00,1.238816149457046267e-01
-1.161288568085011352e+00,-1.837847219829066070e+00,-2.325940255408903146e-01,-1.508641497838665746e+00,6.861200889898743105e-01,-1.793709056635256260e+00,-4.582187390443441810e-01,-7.647587771265387246e-01,1.093865138186399744e+00,-7.754069170249729970e-01,-8.092769052360058168e-01,-1.283645962745322056e+00,-4.196887180635389125e-01,1.238816149457046267e-01
-2.022675234349322615e+00,5.441148694030143451e-01,6.526518925624983369e-01,8.743462339390176696e-01,-3.481759119151261572e+00,-1.793709056635256260e+00,-4.582187390443441810e-01,-7.647587771265387246e-01,-2.628321963783680770e-02,1.289645446853545208e+00,-8.092769052360058168e-01,-1.283645962745322056e+00,-4.196887180635389125e-01,1.516270014335442173e+00
-2.999019018206999232e-01,5.441148694030143451e-01,6.526518925624983369e-01,8.743462339390176696e-01,1.304028612377228502e-01,-1.793709056635256260e+00,-4.582187390443441810e-01,4.371733533342772038e-01,7.951589094332699448e-01,-7.754069170249729970e-01,-8.092769052360058168e-01,-1.283645962745322056e+00,-4.196887180635389125e-01,1.516270014335442173e+00
-8.455523525462210754e-02,5.441148694030143451e-01,-1.117839943644278966e+00,8.743462339390176696e-01,-6.409816847553016783e-02,7.389714319446405444e-01,-4.582187390443441810e-01,-7.647587771265387246e-01,-8.975097201677985082e-01,1.289645446853545208e+00,9.857920158050426096e-01,7.897014355131553032e-01,2.272654001589352379e+00,1.516270014335442173e+00
2.384647645944946437e-01,5.441148694030143451e-01,-2.325940255408903146e-01,-1.508641497838665746e+00,4.082614751137985665e-01,5.413864292894713381e-01,-4.582187390443441810e-01,-7.647587771265387246e-01,4.715604949507127275e-01,-7.754069170249729970e-01,4.472713394927279595e-01,7.897014355131553032e-01,9.264826417629067334e-01,1.516270014335442173e+00
1.638218097274000584e+00,5.441148694030143451e-01,6.526518925624983369e-01,8.743462339390176696e-01,-3.481759119151261572e+00,-1.793709056635256260e+00,-4.582187390443441810e-01,4.371733533342772038e-01,-3.262267364463408814e+00,-7.754069170249729970e-01,-8.092769052360058168e-01,-1.283645962745322056e+00,-4.196887180635389125e-01,1.516270014335442173e+00
6.691580977266503583e-01,5.441148694030143451e-01,1.537897810665886933e+00,-1.508641497838665746e+00,-3.481759119151261572e+00,1.044330072411720378e+00,2.182363824940011909e+00,4.371733533342772038e-01,-3.262267364463408814e+00,-7.754069170249729970e-01,-8.092769052360058168e-01,-1.283645962745322056e+00,-4.196887180635389125e-01,-9.204096845965986651e-01
-1.053615234801972278e+00,5.441148694030143451e-01,-2.325940255408903146e-01,8.743462339390176696e-01,1.304028612377228502e-01,8.108205238192475184e-01,-4.582187390443441810e-01,-7.647587771265387246e-01,-7.730487915206610827e-01,1.289645446853545208e+00,9.857920158050426096e-01,7.897014355131553032e-01,-4.196887180635389125e-01,-9.204096845965986651e-01
1.307914313114557359e-01,5.441148694030143451e-01,-2.325940255408903146e-01,-1.508641497838665746e+00,-4.253143665144286101e-01,6.940657495230111440e-01,-4.582187390443441810e-01,-7.647587771265387246e-01,7.204823522449874673e-01,-7.754069170249729970e-01,-8.092769052360058168e-01,-1.283645962745322056e+00,-4.196887180635389125e-01,-9.204096845965986651e-01
-2.345695234198439394e+00,5.441148694030143451e-01,6.526518925624983369e-01,-9.128945648942448088e-01,-8.421022873285421984e-01,-1.793709056635256260e+00,-4.582187390443441810e-01,-7.647587771265387246e-01,-1.009597768261192435e-01,-7.754069170249729970e-01,-1.810027828716389287e-01,-2.469722636160833762e-01,-4.196887180635389125e-01,-9.204096845965986651e-01
1.207524764141844953e+00,5.441148694030143451e-01,6.526518925624983369e-01,8.743462339390176696e-01,9.639787028659499990e-01,-1.793709056635256260e+00,2.182363824940011909e+00,4.371733533342772038e-01,-2.254207054732566273e-01,-7.754069170249729970e-01,-8.092769052360058168e-01,-1.283645962745322056e+00,-4.196887180635389125e-01,1.516270014335442173e+00
-1.922285685376610154e-01,5.441148694030143451e-01,-1.117839943644278966e+00,8.743462339390176696e-01,-4.808860892896437700e-01,2.988957442126726760e-01,2.182363824940011909e+00,-7.647587771265387246e-01,3.968839377624303055e-01,-7.754069170249729970e-01,-7.195234591839534399e-01,-2.469722636160833762e-01,3.618825361415798358e+00,1.516270014335442173e+00
7.768314310096892106e-01,5.441148694030143451e-01,6.526518925624983369e-01,-1.508641497838665746e+00,2.075413158370253086e+00,-1.793709056635256260e+00,-4.582187390443441810e-01,4.371733533342772038e-01,-1.519814363403485302e+00,-7.754069170249729970e-01,-8.092769052360058168e-01,-1.283645962745322056e+00,-4.196887180635389125e-01,1.238816149457046267e-01
1.530544763990961732e+00,5.441148694030143451e-01,1.537897810665886933e+00,-9.128945648942448088e-01,-3.481759119151261572e+00,-1.681233529722727937e-01,2.182363824940011909e+00,4.371733533342772038e-01,-3.262267364463408814e+00,-7.754069170249729970e-01,-8.092769052360058168e-01,-1.283645962745322056e+00,-4.196887180635389125e-01,-9.204096845965986651e-01
1.530544763990961732e+00,5.441148694030143451e-01,-1.117839943644278966e+00,8.743462339390176696e-01,9.639787028659499990e-01,1.080254618349023810e+00,2.182363824940011909e+00,1.639105483795093132e+00,-5.241269342263863429e-01,1.289645446853545208e+00,2.242340260533776330e+00,1.826375134642393983e+00,3.618825361415798358e+00,1.168172914488007974e+00
2.311809802841681069e-02,5.441148694030143451e-01,-2.325940255408903146e-01,-1.508641497838665746e+00,-1.474557526383528661e-01,1.551975604634587003e-01,-4.582187390443441810e-01,-7.647587771265387246e-01,1.479620804681555379e-01,-7.754069170249729970e-01,-8.092769052360058168e-01,-1.283645962745322056e+00,-4.196887180635389125e-01,-9.204096845965986651e-01
-1.161288568085011352e+00,5.441148694030143451e-01,-2.325940255408903146e-01,-9.128945648942448088e-01,-1.474557526383528661e-01,8.198016603035734873e-01,-4.582187390443441810e-01,4.371733533342772038e-01,5.960214235978501529e-01,-7.754069170249729970e-01,-8.092769052360058168e-01,-1.283645962745322056e+00,-4.196887180635389125e-01,-9.204096845965986651e-01
-6.229219016698166467e-01,-1.837847219829066070e+00,-2.325940255408903146e-01,-3.171476319498239826e-01,-3.481759119151261572e+00,9.724809805371132931e-01,-4.582187390443441810e-01,4.371733533342772038e-01,-3.262267364463408814e+00,-7.754069170249729970e-01,9.857920158050426096e-01,-2.469722636160833762e-01,-4.196887180635389125e-01,-9.204096845965986651e-01
4.538114311605724871e-01,-1.837847219829066070e+00,-1.117839943644278966e+00,8.743462339390176696e-01,-7.031729803905043541e-01,4.336127914775608216e-01,-4.582187390443441810e-01,1.639105483795093132e+00,-2.254207054732566273e-01,-7.754069170249729970e-01,8.825755528451835474e-02,7.897014355131553032e-01,-4.196887180635389125e-01,1.238816149457046267e-01
-1.922285685376610154e-01,5.441148694030143451e-01,-1.117839943644278966e+00,8.743462339390176696e-01,-8.526445700315014864e-03,1.102918780418293276e-01,-4.582187390443441810e-01,-7.647587771265387246e-01,9.196198380804072592e-01,-7.754069170249729970e-01,8.825755528451835474e-02,-2.469722636160833762e-01,2.272654001589352379e+00,1.516270014335442173e+00
1.307914313114557359e-01,5.441148694030143451e-01,6.526518925624983369e-01,8.743462339390176696e-01,-2.863850595763907658e-01,-1.793709056635256260e+00,-4.582187390443441810e-01,-7.647587771265387246e-01,5.960214235978501529e-01,-7.754069170249729970e-01,-7.195234591839534399e-01,7.897014355131553032e-01,-4.196887180635389125e-01,-9.204096845965986651e-01
1.307914313114557359e-01,5.441148694030143451e-01,1.537897810665886933e+00,8.743462339390176696e-01,-1.474557526383528661e-01,2.360277888223915876e-01,-4.582187390443441810e-01,1.639105483795093132e+00,-1.009597768261192435e-01,1.289645446853545208e+00,7.165316776488852568e-01,1.826375134642393983e+00,-4.196887180635389125e-01,1.516270014335442173e+00
7.768314310096892106e-01,5.441148694030143451e-01,6.526518925624983369e-01,8.743462339390176696e-01,1.304028612377228502e-01,-1.793709056635256260e+00,-4.582187390443441810e-01,1.639105483795093132e+00,-3.996660055792489730e-01,-7.754069170249729970e-01,-8.092769052360058168e-01,7.897014355131553032e-01,-4.196887180635389125e-01,1.516270014335442173e+00
-9.459419015189334257e-01,-1.837847219829066070e+00,-2.325940255408903146e-01,-3.171476319498239826e-01,1.519695930618101487e+00,-1.793709056635256260e+00,-4.582187390443441810e-01,-7.647587771265387246e-01,1.218326066833536947e+00,-7.754069170249729970e-01,-8.092769052360058168e-01,-1.283645962745322056e+00,-4.196887180635389125e-01,-9.204096845965986651e-01
-4.075752351037388310e-01,-1.837847219829066070e+00,-2.325940255408903146e-01,-3.171476319498239826e-01,-4.253143665144286101e-01,2.048051319857057892e-02,-4.582187390443441810e-01,-7.647587771265387246e-01,3.470995663035753576e-01,-7.754069170249729970e-01,-8.092769052360058168e-01,-1.283645962745322056e+00,-4.196887180635389125e-01,-9.204096845965986651e-01
-1.053615234801972278e+00,5.441148694030143451e-01,-1.117839943644278966e+00,8.743462339390176696e-01,-4.253143665144286101e-01,-2.442516922305879370e-02,-4.582187390443441810e-01,1.639105483795093132e+00,1.143649509645254581e+00,-7.754069170249729970e-01,-8.092769052360058168e-01,-2.469722636160833762e-01,9.264826417629067334e-01,1.238816149457046267e-01
-1.161288568085011352e+00,-1.837847219829066070e+00,-1.117839943644278966e+00,8.743462339390176696e-01,1.859745840129379824e-01,1.268858484519867158e+00,2.182363824940011909e+00,1.639105483795093132e+00,1.230698947387280501e-01,1.289645446853545208e+00,1.883326476325566823e+00,7.897014355131553032e-01,-4.196887180635389125e-01,1.516270014335442173e+00
-1.161288568085011352e+00,5.441148694030143451e-01,-2.325940255408903146e-01,8.743462339390176696e-01,4.082614751137985665e-01,7.928582508505958026e-01,-4.582187390443441810e-01,-7.647587771265387246e-01,9.817770900930057609e-02,1.289645446853545208e+00,9.857920158050426096e-01,7.897014355131553032e-01,-4.196887180635389125e-01,-9.204096845965986651e-01
1.307914313114557359e-01,5.441148694030143451e-01,-2.325940255408903146e-01,-3.171476319498239826e-01,9.639787028659499990e-01,8.287827967878993451e-01,2.182363824940011909e+00,-7.647587771265387246e-01,2.973151948447204096e-01,1.289645446853545208e+00,9.857920158050426096e-01,7.897014355131553032e-01,-4.196887180635389125e-01,-9.204096845965986651e-01
-7.305952349528556100e-01,5.441148694030143451e-01,-2.325940255408903146e-01,-9.128945648942448088e-01,-4.253143665144286101e-01,4.425939279618866795e-01,-4.582187390443441810e-01,-7.647587771265387246e-01,4.715604949507127275e-01,-7.754069170249729970e-01,-8.092769052360058168e-01,-1.283645962745322056e+00,-4.196887180635389125e-01,-9.204096845965986651e-01
-5.152485683867777944e-01,5.441148694030143451e-01,-1.117839943644278966e+00,-1.508641497838665746e+00,-1.474557526383528661e-01,-1.052553975819916637e-01,-4.582187390443441810e-01,-7.647587771265387246e-01,1.977464519270104859e-01,-7.754069170249729970e-01,9.857920158050426096e-01,7.897014355131553032e-01,3.618825361415798358e+00,1.516270014335442173e+00
8.845047642927281739e-01,-1.837847219829066070e+00,-1.117839943644278966e+00,-1.508641497838665746e+00,1.304028612377228502e-01,5.683298387424489118e-01,-4.582187390443441810e-01,-7.647587771265387246e-01,-8.477253487089435602e-01,-7.754069170249729970e-01,2.677644473886231502e-01,7.897014355131553032e-01,9.264826417629067334e-01,1.516270014335442173e+00
-4.075752351037388310e-01,5.441148694030143451e-01,-2.325940255408903146e-01,8.743462339390176696e-01,4.082614751137985665e-01,-6.351424501572182635e-01,-4.582187390443441810e-01,-7.647587771265387246e-01,9.817770900930057609e-02,-7.754069170249729970e-01,-8.092769052360058168e-01,-1.283645962745322056e+00,-4.196887180635389125e-01,-9.204096845965986651e-01
4.538114311605724871e-01,5.441148694030143451e-01,6.526518925624983369e-01,8.743462339390176696e-01,1.241837316742025799e+00,-1.793709056635256260e+00,-4.582187390443441810e-01,4.371733533342772038e-01,-6.485878628735237683e-01,1.289645446853545208e+00,-8.092769052360058168e-01,-1.283645962745322056e+00,-4.196887180635389125e-01,1.238816149457046267e-01
2.311809802841681069e-02,5.441148694030143451e-01,-2.325940255408903146e-01,-1.508641497838665746e+00,6.861200889898743105e-01,-1.793709056635256260e+00,-4.582187390443441810e-01,-7.647587771265387246e-01,-2.254207054732566273e-01,-7.754069170249729970e-01,-8.092769052360058168e-01,-1.283645962745322056e+00,-4.196887180635389125e-01,-9.204096845965986651e-01
-5.152485683867777944e-01,5.441148694030143451e-01,-2.325940255408903146e-01,-1.508641497838665746e+00,4.082614751137985665e-01,-1.142365340663175494e-01,-4.582187390443441810e-01,-7.647587771265387246e-01,1.019188580998117155e+00,-7.754069170249729970e-01,-8.092769052360058168e-01,-1.283645962745322056e+00,-4.196887180635389125e-01,-9.204096845965986651e-01
8.845047642927281739e-01,5.441148694030143451e-01,-1.117839943644278966e+00,-1.508641497838665746e+00,1.304028612377228502e-01,2.809334712440209603e-01,-4.582187390443441810e-01,-7.647587771265387246e-01,3.719917520330028315e-01,-7.754069170249729970e-01,8.062851237009377448e-01,7.897014355131553032e-01,3.618825361415798358e+00,1.516270014335442173e+00
9.921780975757670262e-01,5.441148694030143451e-01,1.537897810665886933e+00,-1.508641497838665746e+00,1.304028612377228502e-01,-1.793709056635256260e+00,2.182363824940011909e+00,4.371733533342772038e-01,7.204823522449874673e-01,-7.754069170249729970e-01,1.883326476325566823e+00,7.897014355131553032e-01,-4.196887180635389125e-01,-9.204096845965986651e-01
-2.999019018206999232e-01,-1.837847219829066070e+00,-1.117839943644278966e+00,-1.508641497838665746e+00,1.304028612377228502e-01,5.054618833521677956e-01,-4.582187390443441810e-01,1.639105483795093132e+00,4.466683092212852535e-01,-7.754069170249729970e-01,-3.605096749757437102e-01,-2.469722636160833762e-01,-4.196887180635389125e-01,1.238816149457046267e-01
-1.591981901217166984e+00,5.441148694030143451e-01,-2.325940255408903146e-01,-3.171476319498239826e-01,-1.474557526383528661e-01,3.844278616722233283e-02,-4.582187390443441810e-01,-7.647587771265387246e-01,3.470995663035753576e-01,-7.754069170249729970e-01,-8.092769052360058168e-01,-1.283645962745322056e+00,-4.196887180635389125e-01,-9.204096845965986651e-01
1.530544763990961732e+00,5.441148694030143451e-01,-1.117839943644278966e+00,8.743462339390176696e-01,9.639787028659499990e-01,7.928582508505958026e-01,2.182363824940011909e+00,1.639105483795093132e+00,-6.485878628735237683e-01,1.289645446853545208e+00,2.242340260533776330e+00,7.897014355131553032e-01,3.618825361415798358e+00,1.168172914488007974e+00
5.614847644436113949e-01,-1.837847219829066070e+00,-2.325940255408903146e-01,-3.171476319498239826e-01,-8.526445700315014864e-03,4.066693820245831925e-01,-4.582187390443441810e-01,-7.647587771265387246e-01,7.702667237038424153e-01,-7.754069170249729970e-01,-4.502631210277961427e-01,-2.469722636160833762e-01,-4.196887180635389125e-01,1.238816149457046267e-01
-9.459419015189334257e-01,-1.837847219829066070e+00,-2.325940255408903146e-01,-9.128945648942448088e-01,-1.474557526383528661e-01,2.518240229918830651e-03,-4.582187390443441810e-01,-7.647587771265387246e-01,1.218326066833536947e+00,-7.754069170249729970e-01,-8.092769052360058168e-01,-2.469722636160833762e-01,-4.196887180635389125e-01,1.238816149457046267e-01
1.638218097274000584e+00,5.441148694030143451e-01,1.537897810665886933e+00,8.743462339390176696e-01,-3.481759119151261572e+00,8.018393873349216605e-01,2.182363824940011909e+00,4.371733533342772038e-01,-3.262267364463408814e+00,-7.754069170249729970e-01,-8.092769052360058168e-01,-1.283645962745322056e+00,-4.196887180635389125e-01,-9.204096845965986651e-01
-7.305952349528556100e-01,5.441148694030143451e-01,6.526518925624983369e-01,8.743462339390176696e-01,9.639787028659499990e-01,-1.793709056635256260e+00,-4.582187390443441810e-01,-7.647587771265387246e-01,-1.756363340144016794e-01,1.289645446853545208e+00,-8.092769052360058168e-01,7.897014355131553032e-01,-4.196887180635389125e-01,1.516270014335442173e+00
9.921780975757670262e-01,5.441148694030143451e-01,1.537897810665886933e+00,-3.171476319498239826e-01,-3.481759119151261572e+00,1.551975604634587003e-01,2.182363824940011909e+00,4.371733533342772038e-01,-3.262267364463408814e+00,-7.754069170249729970e-01,-8.092769052360058168e-01,-1.283645962745322056e+00,-4.196887180635389125e-01,-9.204096845965986651e-01
-2.999019018206999232e-01,-1.837847219829066070e+00,6.526518925624983369e-01,8.743462339390176696e-01,-1.474557526383528661e-01,-1.793709056635256260e+00,-4.582187390443441810e-01,-7.647587771265387246e-01,-1.009597768261192435e-01,1.289645446853545208e+00,5.370247855447803920e-01,-2.469722636160833762e-01,-4.196887180635389125e-01,-9.204096845965986651e-01
9.921780975757670262e-01,-1.837847219829066070e+00,-1.117839943644278966e+00,-1.508641497838665746e+00,2.693321681757607222e-01,4.695373374148643086e-01,-4.582187390443441810e-01,1.639105483795093132e+00,1.019188580998117155e+00,-7.754069170249729970e-01,-8.092769052360058168e-01,-2.469722636160833762e-01,-4.196887180635389125e-01,1.238816149457046267e-01
2.384647645944946437e-01,-1.837847219829066070e+00,-1.117839943644278966e+00,-3.171476319498239826e-01,4.082614751137985665e-01,8.467450697565510609e-01,-4.582187390443441810e-01,1.639105483795093132e+00,5.462370521389952049e-01,-7.754069170249729970e-01,3.575178934406756381e-01,7.897014355131553032e-01,-4.196887180635389125e-01,1.238816149457046267e-01
-6.229219016698166467e-01,-1.837847219829066070e+00,-2.325940255408903146e-01,-1.508641497838665746e+00,-1.474557526383528661e-01,-4.238744219171054067e-02,-4.582187390443441810e-01,-7.647587771265387246e-01,-1.507441482849742054e-01,-7.754069170249729970e-01,-8.092769052360058168e-01,-1.283645962745322056e+00,-4.196887180635389125e-01,-9.204096845965986651e-01
2.311809802841681069e-02,5.441148694030143451e-01,-2.325940255408903146e-01,8.743462339390176696e-01,1.304028612377228502e-01,3.797259725716055634e-01,-4.582187390443441810e-01,-7.647587771265387246e-01,-9.970784630855084041e-01,1.289645446853545208e+00,8.825755528451835474e-02,7.897014355131553032e-01,-4.196887180635389125e-01,-9.204096845965986651e-01
5.614847644436113949e-01,5.441148694030143451e-01,-1.117839943644278966e+00,-1.508641497838665746e+00,6.861200889898743105e-01,1.102918780418293276e-01,2.182363824940011909e+00,-7.647587771265387246e-01,6.458057950567051009e-01,-7.754069170249729970e-01,6.267782315968328799e-01,-2.469722636160833762e-01,-4.196887180635389125e-01,1.238816149457046267e-01
1.853564763840078289e+00,-1.837847219829066070e+00,-1.117839943644278966e+00,-3.171476319498239826e-01,9.639787028659499990e-01,9.185941616311580349e-01,-4.582187390443441810e-01,-7.647587771265387246e-01,7.702667237038424153e-01,-7.754069170249729970e-01,-4.502631210277961427e-01,-2.469722636160833762e-01,2.272654001589352379e+00,1.238816149457046267e-01
2.311809802841681069e-02,-1.837847219829066070e+00,-1.117839943644278966e+00,-3.171476319498239826e-01,1.859745840129379824e-01,7.928582508505958026e-01,2.182363824940011909e+00,1.639105483795093132e+00,6.955901665155600488e-01,1.289645446853545208e+00,-8.092769052360058168e-01,-2.469722636160833762e-01,9.264826417629067334e-01,1.238816149457046267e-01
-4.075752351037388310e-01,5.441148694030143451e-01,-2.325940255408903146e-01,-3.171476319498239826e-01,1.241837316742025799e+00,8.334846858885169851e-02,-4.582187390443441810e-01,4.371733533342772038e-01,-3.747738198498214990e-01,-7.754069170249729970e-01,-8.092769052360058168e-01,-1.283645962745322056e+00,-4.196887180635389125e-01,-9.204096845965986651e-01
1.099851430858805879e+00,5.441148694030143451e-01,1.537897810665886933e+00,8.743462339390176696e-01,6.861200889898743105e-01,-6.034971516036229111e-02,-4.582187390443441810e-01,4.371733533342772038e-01,9.817770900930057609e-02,1.289645446853545208e+00,-3.605096749757437102e-01,7.897014355131553032e-01,-4.196887180635389125e-01,-9.204096845965986651e-01
-1.922285685376610154e-01,-1.837847219829066070e+00,-2.325940255408903146e-01,-3.171476319498239826e-01,-1.474557526383528661e-01,9.232960507317758414e-02,-4.582187390443441810e-01,-7.647587771265387246e-01,4.217761234918577795e-01,-7.754069170249729970e-01,-8.092769052360058168e-01,-1.283645962745322056e+00,-4.196887180635389125e-01,-9.204096845965986651e-01
6.691580977266503583e-01,5.441148694030143451e-01,1.537897810665886933e+00,8.743462339390176696e-01,1.304028612377228502e-01,-1.232176705506434211e-01,2.182363824940011909e+00,1.639105483795093132e+00,2.226386376564379599e-01,1.289645446853545208e+00,-3.605096749757437102e-01,7.897014355131553032e-01,-4.196887180635389125e-01,-9.204096845965986651e-01
1.307914313114557359e-01,5.441148694030143451e-01,6.526518925624983369e-01,-1.508641497838665746e+00,3.526897523385834066e-01,5.413864292894713381e-01,-4.582187390443441810e-01,-7.647587771265387246e-01,5.960214235978501529e-01,-7.754069170249729970e-01,2.677644473886231502e-01,7.897014355131553032e-01,9.264826417629067334e-01,1.516270014335442173e+00
2.311809802841681069e-02,-1.837847219829066070e+00,-2.325940255408903146e-01,-1.508641497838665746e+00,2.693321681757607222e-01,4.964807468678419378e-01,-4.582187390443441810e-01,-7.647587771265387246e-01,7.204823522449874673e-01,-7.754069170249729970e-01,-1.495890767534042119e-03,7.897014355131553032e-01,-4.196887180635389125e-01,1.238816149457046267e-01
7.768314310096892106e-01,5.441148694030143451e-01,6.526518925624983369e-01,8.743462339390176696e-01,6.861200889898743105e-01,-1.793709056635256260e+00,-4.582187390443441810e-01,-7.647587771265387246e-01,-3.498816341203940250e-01,1.289645446853545208e+00,9.857920158050426096e-01,7.897014355131553032e-01,-4.196887180635389125e-01,1.516270014335442173e+00
2.391931430255272772e+00,-1.837847219829066070e+00,-1.117839943644278966e+00,-1.508641497838665746e+00,4.082614751137985665e-01,-2.442516922305879370e-02,-4.582187390443441810e-01,4.371733533342772038e-01,-3.747738198498214990e-01,-7.754069170249729970e-01,1.780110013365708566e-01,7.897014355131553032e-01,-4.196887180635389125e-01,1.238816149457046267e-01
-1.591981901217166984e+00,5.441148694030143451e-01,-2.325940255408903146e-01,-3.171476319498239826e-01,-1.474557526383528661e-01,2.518240229918830651e-03,-4.582187390443441810e-01,-7.647587771265387246e-01,7.204823522449874673e-01,1.289645446853545208e+00,8.825755528451835474e-02,7.897014355131553032e-01,-4.196887180635389125e-01,-9.204096845965986651e-01
3.461380978775335793e-01,5.441148694030143451e-01,-1.117839943644278966e+00,-1.508641497838665746e+00,6.861200889898743105e-01,-2.848781272685091404e-01,-4.582187390443441810e-01,-7.647587771265387246e-01,1.068972952456972214e+00,-7.754069170249729970e-01,6.267782315968328799e-01,-2.469722636160833762e-01,-4.196887180635389125e-01,1.238816149457046267e-01
-8.455523525462210754e-02,5.441148694030143451e-01,6.526518925624983369e-01,8.743462339390176696e-01,-1.258890208142655842e+00,-1.793709056635256260e+00,-4.582187390443441810e-01,-7.647587771265387246e-01,2.475308233858654339e-01,1.289645446853545208e+00,9.857920158050426096e-01,1.826375134642393983e+00,-4.196887180635389125e-01,-9.204096845965986651e-01
-1.807328567783244688e+00,-1.837847219829066070e+00,-2.325940255408903146e-01,-1.508641497838665746e+00,1.304028612377228502e-01,1.013107415575034559e-01,-4.582187390443441810e-01,-7.647587771265387246e-01,2.724230091152929356e-01,-7.754069170249729970e-01,-8.092769052360058168e-01,-1.283645962745322056e+00,-4.196887180635389125e-01,-9.204096845965986651e-01
-8.455523525462210754e-02,5.441148694030143451e-01,1.537897810665886933e+00,8.743462339390176696e-01,1.925941568729255815e-02,-1.793709056635256260e+00,-4.582187390443441810e-01,-7.647587771265387246e-01,-6.236956771440962388e-01,-7.754069170249729970e-01,-8.092769052360058168e-01,-1.283645962745322056e+00,-4.196887180635389125e-01,-9.204096845965986651e-01
-1.591981901217166984e+00,-1.837847219829066070e+00,-1.117839943644278966e+00,-1.508641497838665746e+00,-8.698881487161497228e-01,-6.462896254407044135e-03,-4.582187390443441810e-01,-7.647587771265387246e-01,1.193433881104109640e+00,-7.754069170249729970e-01,-8.092769052360058168e-01,-2.469722636160833762e-01,-4.196887180635389125e-01,1.238816149457046267e-01
-8.455523525462210754e-02,5.441148694030143451e-01,-1.117839943644278966e+00,-1.508641497838665746e+00,1.304028612377228502e-01,4.156505185089090504e-01,2.182363824940011909e+00,1.639105483795093132e+00,1.044080766727544685e+00,-7.754069170249729970e-01,-8.092769052360058168e-01,-2.469722636160833762e-01,3.618825361415798358e+00,1.238816149457046267e-01
3.461380978775335793e-01,5.441148694030143451e-01,-2.325940255408903146e-01,8.743462339390176696e-01,5.471907820518364662e-01,6.850846130386852861e-01,-4.582187390443441810e-01,1.639105483795093132e+00,2.724230091152929356e-01,1.289645446853545208e+00,1.344805800013252117e+00,7.897014355131553032e-01,9.264826417629067334e-01,1.516270014335442173e+00
1.307914313114557359e-01,5.441148694030143451e-01,-2.325940255408903146e-01,8.743462339390176696e-01,4.082614751137985665e-01,1.149937671424470544e-02,-4.582187390443441810e-01,-7.647587771265387246e-01,-2.628321963783680770e-02,1.289645446853545208e+00,1.883326476325566823e+00,7.897014355131553032e-01,-4.196887180635389125e-01,-9.204096845965986651e-01
4.538114311605724871e-01,5.441148694030143451e-01,-1.117839943644278966e+00,-3.171476319498239826e-01,-1.474557526383528661e-01,7.569337049132923712e-01,-4.582187390443441810e-01,1.639105483795093132e+00,7.204823522449874673e-01,-7.754069170249729970e-01,8.062851237009377448e-01,7.897014355131553032e-01,-4.196887180635389125e-01,1.238816149457046267e-01
-1.268961901368050205e+00,5.441148694030143451e-01,-2.325940255408903146e-01,-3.171476319498239826e-01,-1.474557526383528661e-01,-3.340630570738466892e-02,-4.582187390443441810e-01,-7.647587771265387246e-01,4.715604949507127275e-01,-7.754069170249729970e-01,-8.092769052360058168e-01,-1.283645962745322056e+00,-4.196887180635389125e-01,-9.204096845965986651e-01
-1.922285685376610154e-01,-1.837847219829066070e+00,1.537897810665886933e+00,-1.508641497838665746e+00,1.304028612377228502e-01,4.066693820245831925e-01,-4.582187390443441810e-01,-7.647587771265387246e-01,8.449432808921248927e-01,-7.754069170249729970e-01,-3.605096749757437102e-01,7.897014355131553032e-01,-4.196887180635389125e-01,1.238816149457046267e-01
7.768314310096892106e-01,5.441148694030143451e-01,1.537897810665886933e+00,-1.508641497838665746e+00,-3.481759119151261572e+00,7.569337049132923712e-01,-4.582187390443441810e-01,-7.647587771265387246e-01,-3.262267364463408814e+00,-7.754069170249729970e-01,-8.092769052360058168e-01,-1.283645962745322056e+00,-4.196887180635389125e-01,-9.204096845965986651e-01
-1.591981901217166984e+00,5.441148694030143451e-01,-2.325940255408903146e-01,-1.508641497838665746e+00,9.639787028659499990e-01,-4.734819934393525442e-01,2.182363824940011909e+00,-7.647587771265387246e-01,7.204823522449874673e-01,-7.754069170249729970e-01,-8.092769052360058168e-01,-1.283645962745322056e+00,-4.196887180635389125e-01,-9.204096845965986651e-01
-1.922285685376610154e-01,5.441148694030143451e-01,-2.325940255408903146e-01,-3.171476319498239826e-01,4.082614751137985665e-01,-8.955954082026686969e-01,-4.582187390443441810e-01,-7.647587771265387246e-01,1.728542661975830119e-01,1.289645446853545208e+00,-8.092769052360058168e-01,-1.283645962745322056e+00,-4.196887180635389125e-01,-9.204096845965986651e-01
2.384647645944946437e-01,5.441148694030143451e-01,1.537897810665886933e+00,-3.171476319498239826e-01,-3.631230708792258788e-02,2.180655158537398164e-01,2.182363824940011909e+00,-7.647587771265387246e-01,7.453745379744149968e-01,-7.754069170249729970e-01,9.857920158050426096e-01,7.897014355131553032e-01,-4.196887180635389125e-01,-9.204096845965986651e-01
-6.229219016698166467e-01,5.441148694030143451e-01,1.537897810665886933e+00,-1.508641497838665746e+00,1.859745840129379824e-01,1.821409699164363294e-01,2.182363824940011909e+00,4.371733533342772038e-01,7.702667237038424153e-01,-7.754069170249729970e-01,-8.092769052360058168e-01,-1.283645962745322056e+00,-4.196887180635389125e-01,1.168172914488007974e+00
1.099851430858805879e+00,-1.837847219829066070e+00,-1.117839943644278966e+00,-1.508641497838665746e+00,4.082614751137985665e-01,1.017386662958742694e+00,-4.582187390443441810e-01,-7.647587771265387246e-01,4.839333755044562119e-02,-7.754069170249729970e-01,-6.297700131319009520e-01,-2.469722636160833762e-01,-4.196887180635389125e-01,1.516270014335442173e+00
1.307914313114557359e-01,5.441148694030143451e-01,1.537897810665886933e+00,8.743462339390176696e-01,-9.188402986313773391e-02,2.090843793694139585e-01,2.182363824940011909e+00,4.371733533342772038e-01,-7.730487915206610827e-01,-7.754069170249729970e-01,-8.092769052360058168e-01,-1.283645962745322056e+00,-4.196887180635389125e-01,1.168172914488007974e+00
-1.053615234801972278e+00,-1.837847219829066070e+00,-1.117839943644278966e+00,-1.508641497838665746e+00,-4.808860892896437700e-01,-5.273688123453077470e-01,-4.582187390443441810e-01,-7.647587771265387246e-01,1.093865138186399744e+00,-7.754069170249729970e-01,-2.707562289236913333e-01,7.897014355131553032e-01,-4.196887180635389125e-01,1.238816149457046267e-01
2.311809802841681069e-02,5.441148694030143451e-01,-2.325940255408903146e-01,8.743462339390176696e-01,4.082614751137985665e-01,1.462164239791328424e-01,-4.582187390443441810e-01,-7.647587771265387246e-01,-6.485878628735237683e-01,-7.754069170249729970e-01,5.370247855447803920e-01,7.897014355131553032e-01,-4.196887180635389125e-01,-9.204096845965986651e-01
5.614847644436113949e-01,5.441148694030143451e-01,-1.117839943644278966e+00,8.743462339390176696e-01,1.241837316742025799e+00,1.134141437254979179e+00,-4.582187390443441810e-01,1.639105483795093132e+00,2.226386376564379599e-01,1.289645446853545208e+00,2.242340260533776330e+00,1.826375134642393983e+00,-4.196887180635389125e-01,1.516270014335442173e+00
-1.922285685376610154e-01,5.441148694030143451e-01,1.537897810665886933e+00,-1.508641497838665746e+00,-9.188402986313773391e-02,-1.793709056635256260e+00,-4.582187390443441810e-01,-7.647587771265387246e-01,-5.241269342263863429e-01,1.289645446853545208e+00,9.857920158050426096e-01,1.826375134642393983e+00,-4.196887180635389125e-01,-9.204096845965986651e-01
7.768314310096892106e-01,5.441148694030143451e-01,-1.117839943644278966e+00,8.743462339390176696e-01,6.305483662146591506e-01,2.946164968289645414e-02,-4.582187390443441810e-01,-7.647587771265387246e-01,7.453745379744149968e-01,-7.754069170249729970e-01,-8.092769052360058168e-01,-2.469722636160833762e-01,9.264826417629067334e-01,1.516270014335442173e+00
1.207524764141844953e+00,5.441148694030143451e-01,6.526518925624983369e-01,8.743462339390176696e-01,8.250493959279121547e-01,9.096130251468321770e-01,2.182363824940011909e+00,1.639105483795093132e+00,-4.245581913086764470e-01,1.289645446853545208e+00,1.793573030273514224e+00,7.897014355131553032e-01,2.272654001589352379e+00,1.516270014335442173e+00
-8.455523525462210754e-02,-1.837847219829066070e+00,-2.325940255408903146e-01,-3.171476319498239826e-01,-3.419567823516058702e-01,2.409462818029253217e+00,-4.582187390443441810e-01,-7.647587771265387246e-01,-1.009597768261192435e-01,-7.754069170249729970e-01,-8.092769052360058168e-01,-1.283645962745322056e+00,-4.196887180635389125e-01,-9.204096845965986651e-01
1.307914313114557359e-01,5.441148694030143451e-01,-1.117839943644278966e+00,8.743462339390176696e-01,9.639787028659499990e-01,8.018393873349216605e-01,-4.582187390443441810e-01,1.639105483795093132e+00,3.470995663035753576e-01,1.289645446853545208e+00,-9.124933681958644072e-02,7.897014355131553032e-01,9.264826417629067334e-01,1.516270014335442173e+00
1.207524764141844953e+00,-1.837847219829066070e+00,-1.117839943644278966e+00,-1.508641497838665746e+00,9.639787028659499990e-01,1.439500077722058791e+00,-4.582187390443441810e-01,1.639105483795093132e+00,4.964526806801402015e-01,-7.754069170249729970e-01,-9.124933681958644072e-02,-2.469722636160833762e-01,-4.196887180635389125e-01,1.238816149457046267e-01
-2.999019018206999232e-01,5.441148694030143451e-01,1.537897810665886933e+00,8.743462339390176696e-01,-3.481759119151261572e+00,-1.793709056635256260e+00,2.182363824940011909e+00,4.371733533342772038e-01,-3.262267364463408814e+00,-7.754069170249729970e-01,-8.092769052360058168e-01,-1.283645962745322056e+00,-4.196887180635389125e-01,-9.204096845965986651e-01
2.311809802841681069e-02,-1.837847219829066070e+00,-2.325940255408903146e-01,-3.171476319498239826e-01,1.304028612377228502e-01,4.785184738991902220e-01,-4.582187390443441810e-01,4.371733533342772038e-01,5.960214235978501529e-01,-7.754069170249729970e-01,-8.092769052360058168e-01,-1.283645962745322056e+00,-4.196887180635389125e-01,-9.204096845965986651e-01
2.311809802841681069e-02,5.441148694030143451e-01,-1.117839943644278966e+00,-3.171476319498239826e-01,1.853126267269392446e+00,7.479525684289664023e-01,-4.582187390443441810e-01,1.639105483795093132e+00,1.591708852774949223e+00,-7.754069170249729970e-01,-8.092769052360058168e-01,-2.469722636160833762e-01,9.264826417629067334e-01,1.516270014335442173e+00
1.315198097424883805e+00,5.441148694030143451e-01,-1.117839943644278966e+00,8.743462339390176696e-01,9.639787028659499990e-01,2.539900617910433311e-01,-4.582187390443441810e-01,1.639105483795093132e+00,1.728542661975830119e-01,-7.754069170249729970e-01,1.255052353961199740e+00,-2.469722636160833762e-01,-4.196887180635389125e-01,1.168172914488007974e+00
2.384647645944946437e-01,5.441148694030143451e-01,-1.117839943644278966e+00,8.743462339390176696e-01,1.304028612377228502e-01,7.479525684289664023e-01,2.182363824940011909e+00,1.639105483795093132e+00,-6.983722343323787163e-01,1.289645446853545208e+00,6.267782315968328799e-01,1.826375134642393983e+00,-4.196887180635389125e-01,1.516270014335442173e+00
7.768314310096892106e-01,-1.837847219829066070e+00,-2.325940255408903146e-01,8.743462339390176696e-01,1.304028612377228502e-01,8.467450697565510609e-01,-4.582187390443441810e-01,4.371733533342772038e-01,-2.752050769321116030e-01,1.289645446853545208e+00,8.825755528451835474e-02,7.897014355131553032e-01,-4.196887180635389125e-01,-9.204096845965986651e-01
-2.022675234349322615e+00,-1.837847219829066070e+00,-1.117839943644278966e+00,8.743462339390176696e-01,3.526897523385834066e-01,-1.501610800036210502e-01,-4.582187390443441810e-01,-7.647587771265387246e-01,1.268110438292392006e+00,-7.754069170249729970e-01,4.472713394927279595e-01,-2.469722636160833762e-01,-4.196887180635389125e-01,1.238816149457046267e-01
1.099851430858805879e+00,5.441148694030143451e-01,1.537897810665886933e+00,8.743462339390176696e-01,-3.481759119151261572e+00,9.545187075684615774e-01,2.182363824940011909e+00,4.371733533342772038e-01,-3.262267364463408814e+00,-7.754069170249729970e-01,-8.092769052360058168e-01,-1.283645962745322056e+00,-4.196887180635389125e-01,-9.204096845965986651e-01
-5.152485683867777944e-01,-1.837847219829066070e+00,-2.325940255408903146e-01,-1.508641497838665746e+00,9.639787028659499990e-01,-1.771044894565986794e-01,-4.582187390443441810e-01,-7.647587771265387246e-01,6.209136093272775714e-01,-7.754069170249729970e-01,8.825755528451835474e-02,7.897014355131553032e-01,-4.196887180635389125e-01,-9.204096845965986651e-01
1.099851430858805879e+00,-1.837847219829066070e+00,6.526518925624983369e-01,8.743462339390176696e-01,6.861200889898743105e-01,9.185941616311580349e-01,-4.582187390443441810e-01,1.639105483795093132e+00,-2.752050769321116030e-01,1.289645446853545208e+00,1.614066138169409692e+00,1.826375134642393983e+00,2.272654001589352379e+00,1.168172914488007974e+00
7.768314310096892106e-01,5.441148694030143451e-01,6.526518925624983369e-01,8.743462339390176696e-01,1.304028612377228502e-01,-1.793709056635256260e+00,-4.582187390443441810e-01,-7.647587771265387246e-01,-1.345569063297493040e+00,-7.754069170249729970e-01,1.434559246065304716e+00,7.897014355131553032e-01,-4.196887180635389125e-01,-9.204096845965986651e-01
2.384647645944946437e-01,-1.837847219829066070e+00,-1.117839943644278966e+00,8.743462339390176696e-01,2.075413158370253086e+00,7.928582508505958026e-01,2.182363824940011909e+00,1.639105483795093132e+00,4.839333755044562119e-02,1.289645446853545208e+00,2.780860936846091036e+00,1.826375134642393983e+00,2.272654001589352379e+00,1.516270014335442173e+00
4.538114311605724871e-01,5.441148694030143451e-01,-1.117839943644278966e+00,-1.508641497838665746e+00,4.082614751137985665e-01,1.013107415575034559e-01,2.182363824940011909e+00,1.639105483795093132e+00,8.449432808921248927e-01,-7.754069170249729970e-01,-8.092769052360058168e-01,-2.469722636160833762e-01,-4.196887180635389125e-01,1.238816149457046267e-01
2.384647645944946437e-01,5.441148694030143451e-01,-2.325940255408903146e-01,8.743462339390176696e-01,-1.474557526383528661e-01,-1.030312455467556676e+00,-4.582187390443441810e-01,-7.647587771265387246e-01,2.226386376564379599e-01,-7.754069170249729970e-01,-8.092769052360058168e-01,-1.283645962745322056e+00,-4.196887180635389125e-01,-9.204096845965986651e-01
1.315198097424883805e+00,-1.837847219829066070e+00,6.526518925624983369e-01,8.743462339390176696e-01,8.250493959279121547e-01,-1.793709056635256260e+00,-4.582187390443441810e-01,-7.647587771265387246e-01,-1.021970648814935823e+00,-7.754069170249729970e-01,-8.092769052360058168e-01,-1.283645962745322056e+00,-4.196887180635389125e-01,1.516270014335442173e+00
-1.376635234651089057e+00,5.441148694030143451e-01,-1.117839943644278966e+00,8.743462339390176696e-01,-4.253143665144286101e-01,-2.489535813312056534e-01,-4.582187390443441810e-01,1.639105483795093132e+00,6.706979807861325193e-01,-7.754069170249729970e-01,-8.092769052360058168e-01,-2.469722636160833762e-01,-4.196887180635389125e-01,1.516270014335442173e+00
8.845047642927281739e-01,-1.837847219829066070e+00,6.526518925624983369e-01,-9.128945648942448088e-01,4.082614751137985665e-01,-1.793709056635256260e+00,-4.582187390443441810e-01,-7.647587771265387246e-01,2.973151948447204096e-01,-7.754069170249729970e-01,-8.092769052360058168e-01,-1.283645962745322056e+00,-4.196887180635389125e-01,1.238816149457046267e-01
6.691580977266503583e-01,5.441148694030143451e-01,1.537897810665886933e+00,-1.508641497838665746e+00,4.082614751137985665e-01,6.850846130386852861e-01,-4.582187390443441810e-01,1.639105483795093132e+00,2.226386376564379599e-01,1.289645446853545208e+00,6.267782315968328799e-01,7.897014355131553032e-01,9.264826417629067334e-01,1.516270014335442173e+00
-1.161288568085011352e+00,5.441148694030143451e-01,-2.325940255408903146e-01,-3.171476319498239826e-01,4.638331978890137264e-01,6.538619562019995501e-02,-4.582187390443441810e-01,-7.647587771265387246e-01,1.728542661975830119e-01,-7.754069170249729970e-01,-8.092769052360058168e-01,-1.283645962745322056e+00,-4.196887180635389125e-01,-9.204096845965986651e-01
-1.484308567934127909e+00,5.441148694030143451e-01,-1.117839943644278966e+00,8.743462339390176696e-01,7.416918117650894704e-01,2.090843793694139585e-01,-4.582187390443441810e-01,-7.647587771265387246e-01,1.243218252562964476e+00,-7.754069170249729970e-01,-8.092769052360058168e-01,-2.469722636160833762e-01,-4.196887180635389125e-01,1.516270014335442173e+00
-2.999019018206999232e-01,5.441148694030143451e-01,-1.117839943644278966e+00,-1.508641497838665746e+00,-4.253143665144286101e-01,-2.220101718782280520e-01,-4.582187390443441810e-01,-7.647587771265387246e-01,-2.005285197438291533e-01,-7.754069170249729970e-01,-2.707562289236913333e-01,-2.469722636160833762e-01,-4.196887180635389125e-01,1.238816149457046267e-01
-1.376635234651089057e+00,-1.837847219829066070e+00,-2.325940255408903146e-01,-3.171476319498239826e-01,-8.526445700315014864e-03,-1.411799435192951646e-01,-4.582187390443441810e-01,-7.647587771265387246e-01,1.218326066833536947e+00,-7.754069170249729970e-01,-8.092769052360058168e-01,-1.283645962745322056e+00,-4.196887180635389125e-01,-9.204096845965986651e-01
1.422871430707922658e+00,5.441148694030143451e-01,-1.117839943644278966e+00,8.743462339390176696e-01,-7.031729803905043541e-01,8.916507521781804613e-01,-4.582187390443441810e-01,1.639105483795093132e+00,-1.507441482849742054e-01,1.289645446853545208e+00,-1.495890767534042119e-03,7.897014355131553032e-01,2.272654001589352379e+00,1.238816149457046267e-01
4.538114311605724871e-01,-1.837847219829066070e+00,6.526518925624983369e-01,-1.508641497838665746e+00,2.971180295633683022e-01,5.413864292894713381e-01,-4.582187390443441810e-01,-7.647587771265387246e-01,7.702667237038424153e-01,-7.754069170249729970e-01,8.825755528451835474e-02,7.897014355131553032e-01,-4.196887180635389125e-01,1.238816149457046267e-01
7.768314310096892106e-01,5.441148694030143451e-01,1.537897810665886933e+00,-9.128945648942448088e-01,4.638331978890137264e-01,2.518240229918830651e-03,2.182363824940011909e+00,4.371733533342772038e-01,-7.730487915206610827e-01,-7.754069170249729970e-01,5.370247855447803920e-01,1.826375134642393983e+00,-4.196887180635389125e-01,-9.204096845965986651e-01
1.207524764141844953e+00,5.441148694030143451e-01,6.526518925624983369e-01,8.743462339390176696e-01,8.250493959279121547e-01,-1.793709056635256260e+00,-4.582187390443441810e-01,-7.647587771265387246e-01,5.711292378684226234e-01,-7.754069170249729970e-01,8.825755528451835474e-02,-2.469722636160833762e-01,-4.196887180635389125e-01,-9.204096845965986651e-01
9.921780975757670262e-01,5.441148694030143451e-01,1.537897810665886933e+00,8.743462339390176696e-01,9.639787028659499990e-01,2.719523347596951024e-01,2.182363824940011909e+00,-7.647587771265387246e-01,-6.485878628735237683e-01,1.289645446853545208e+00,8.825755528451835474e-02,7.897014355131553032e-01,-4.196887180635389125e-01,-9.204096845965986651e-01
-1.053615234801972278e+00,5.441148694030143451e-01,-1.117839943644278966e+00,-1.508641497838665746e+00,-1.474557526383528661e-01,2.360277888223915876e-01,-4.582187390443441810e-01,-7.647587771265387246e-01,9.445120238098347887e-01,-7.754069170249729970e-01,-8.092769052360058168e-01,-2.469722636160833762e-01,-4.196887180635389125e-01,1.238816149457046267e-01
2.311809802841681069e-02,-1.837847219829066070e+00,-2.325940255408903146e-01,-3.171476319498239826e-01,-1.474557526383528661e-01,1.911221064007622150e-01,-4.582187390443441810e-01,-7.647587771265387246e-01,1.728542661975830119e-01,-7.754069170249729970e-01,8.825755528451835474e-02,-2.469722636160833762e-01,-4.196887180635389125e-01,-9.204096845965986651e-01
1.099851430858805879e+00,5.441148694030143451e-01,-1.117839943644278966e+00,8.743462339390176696e-01,8.250493959279121547e-01,8.557262062408769188e-01,2.182363824940011909e+00,1.639105483795093132e+00,-2.628321963783680770e-02,1.289645446853545208e+00,1.434559246065304716e+00,7.897014355131553032e-01,2.272654001589352379e+00,1.168172914488007974e+00
-2.668715234047556173e+00,5.441148694030143451e-01,-2.325940255408903146e-01,-3.171476319498239826e-01,-1.474557526383528661e-01,3.887071090559314768e-01,-4.582187390443441810e-01,-7.647587771265387246e-01,7.204823522449874673e-01,-7.754069170249729970e-01,-8.092769052360058168e-01,-1.283645962745322056e+00,-4.196887180635389125e-01,-9.204096845965986651e-01
-1.591981901217166984e+00,5.441148694030143451e-01,-2.325940255408903146e-01,8.743462339390176696e-01,-4.253143665144286101e-01,6.581412035857077125e-01,-4.582187390443441810e-01,-7.647587771265387246e-01,2.350115182101814373e-02,-7.754069170249729970e-01,-8.092769052360058168e-01,-1.283645962745322056e+00,-4.196887180635389125e-01,-9.204096845965986651e-01
-1.161288568085011352e+00,5.441148694030143451e-01,6.526518925624983369e-01,8.743462339390176696e-01,4.082614751137985665e-01,-1.793709056635256260e+00,-4.582187390443441810e-01,4.371733533342772038e-01,2.226386376564379599e-01,1.289645446853545208e+00,-3.605096749757437102e-01,-2.469722636160833762e-01,-4.196887180635389125e-01,1.516270014335442173e+00
1.315198097424883805e+00,5.441148694030143451e-01,-1.117839943644278966e+00,8.743462339390176696e-01,9.639787028659499990e-01,9.455375710841357195e-01,2.182363824940011909e+00,1.639105483795093132e+00,-3.996660055792489730e-01,1.289645446853545208e+00,2.152586814481723732e+00,7.897014355131553032e-01,3.618825361415798358e+00,1.168172914488007974e+00
6.691580977266503583e-01,-1.837847219829066070e+00,-1.117839943644278966e+00,-1.508641497838665746e+00,-6.476012576152891942e-01,1.062292345380372094e+00,-4.582187390443441810e-01,-7.647587771265387246e-01,7.204823522449874673e-01,-7.754069170249729970e-01,-8.092769052360058168e-01,-2.469722636160833762e-01,9.264826417629067334e-01,1.238816149457046267e-01
1.207524764141844953e+00,5.441148694030143451e-01,-1.117839943644278966e+00,-9.128945648942448088e-01,3.526897523385834066e-01,7.389714319446405444e-01,2.182363824940011909e+00,1.639105483795093132e+00,1.068972952456972214e+00,-7.754069170249729970e-01,4.472713394927279595e-01,7.897014355131553032e-01,9.264826417629067334e-01,1.238816149457046267e-01
1.422871430707922658e+00,5.441148694030143451e-01,1.537897810665886933e+00,8.743462339390176696e-01,9.639787028659499990e-01,1.655047353345879824e+00,2.182363824940011909e+00,4.371733533342772038e-01,-2.628321963783680770e-02,1.289645446853545208e+00,-8.092769052360058168e-01,7.897014355131553032e-01,-4.196887180635389125e-01,-9.204096845965986651e-01
7.768314310096892106e-01,5.441148694030143451e-01,1.537897810665886933e+00,8.743462339390176696e-01,-3.481759119151261572e+00,8.287827967878993451e-01,-4.582187390443441810e-01,4.371733533342772038e-01,-3.262267364463408814e+00,-7.754069170249729970e-01,-8.092769052360058168e-01,-1.283645962745322056e+00,-4.196887180635389125e-01,-9.204096845965986651e-01
-1.376635234651089057e+00,-1.837847219829066070e+00,-1.117839943644278966e+00,-3.171476319498239826e-01,-5.642436734524665098e-01,-1.544403273873291849e-02,-4.582187390443441810e-01,-7.647587771265387246e-01,9.196198380804072592e-01,-7.754069170249729970e-01,-8.092769052360058168e-01,-2.469722636160833762e-01,9.264826417629067334e-01,1.238816149457046267e-01
-1.376635234651089057e+00,5.441148694030143451e-01,-2.325940255408903146e-01,-3.171476319498239826e-01,-8.526445700315014864e-03,6.222166576484041700e-01,-4.582187390443441810e-01,-7.647587771265387246e-01,3.222073805741478836e-01,-7.754069170249729970e-01,-8.092769052360058168e-01,-1.283645962745322056e+00,-4.196887180635389125e-01,-9.204096845965986651e-01
-1.922285685376610154e-01,5.441148694030143451e-01,1.537897810665886933e+00,-1.508641497838665746e+00,2.971180295633683022e-01,4.515750644462125929e-01,-4.582187390443441810e-01,-7.647587771265387246e-01,7.204823522449874673e-01,-7.754069170249729970e-01,8.825755528451835474e-02,7.897014355131553032e-01,-4.196887180635389125e-01,1.238816149457046267e-01
-1.922285685376610154e-01,5.441148694030143451e-01,-1.117839943644278966e+00,-3.171476319498239826e-01,7.483113846250770418e-02,4.742392265154820458e-02,2.182363824940011909e+00,-7.647587771265387246e-01,1.317894809751246843e+00,-7.754069170249729970e-01,-8.092769052360058168e-01,-2.469722636160833762e-01,-4.196887180635389125e-01,1.238816149457046267e-01
2.384647645944946437e-01,5.441148694030143451e-01,-2.325940255408903146e-01,-3.171476319498239826e-01,1.304028612377228502e-01,-1.411799435192951646e-01,-4.582187390443441810e-01,-7.647587771265387246e-01,-7.730487915206610827e-01,-7.754069170249729970e-01,-8.092769052360058168e-01,-1.283645962745322056e+00,-4.196887180635389125e-01,-9.204096845965986651e-01
-6.229219016698166467e-01,-1.837847219829066070e+00,-2.325940255408903146e-01,8.743462339390176696e-01,6.861200889898743105e-01,2.450089253067174455e-01,-4.582187390443441810e-01,-7.647587771265387246e-01,-2.628321963783680770e-02,1.289645446853545208e+00,8.825755528451835474e-02,7.897014355131553032e-01,-4.196887180635389125e-01,-9.204096845965986651e-01
1.745891430557039437e+00,5.441148694030143451e-01,6.526518925624983369e-01,8.743462339390176696e-01,4.082614751137985665e-01,-1.793709056635256260e+00,2.182363824940011909e+00,-7.647587771265387246e-01,6.458057950567051009e-01,1.289645446853545208e+00,9.857920158050426096e-01,7.897014355131553032e-01,-4.196887180635389125e-01,1.516270014335442173e+00
-1.915001901066283763e+00,5.441148694030143451e-01,-2.325940255408903146e-01,-1.508641497838665746e+00,-3.697426437392134502e-01,1.259877348035541411e+00,-4.582187390443441810e-01,-7.647587771265387246e-01,1.317894809751246843e+00,-7.754069170249729970e-01,8.825755528451835474e-02,7.897014355131553032e-01,-4.196887180635389125e-01,1.238816149457046267e-01
-5.152485683867777944e-01,5.441148694030143451e-01,-1.117839943644278966e+00,-3.171476319498239826e-01,1.304028612377228502e-01,5.952732481954265964e-01,-4.582187390443441810e-01,-7.647587771265387246e-01,9.942963952686897366e-01,-7.754069170249729970e-01,-2.707562289236913333e-01,-2.469722636160833762e-01,-4.196887180635389125e-01,1.238816149457046267e-01
-4.075752351037388310e-01,5.441148694030143451e-01,1.537897810665886933e+00,8.743462339390176696e-01,5.194049206642288308e-01,1.340707576394474243e+00,-4.582187390443441810e-01,1.639105483795093132e+00,-2.752050769321116030e-01,1.289645446853545208e+00,8.825755528451835474e-02,-2.469722636160833762e-01,-4.196887180635389125e-01,1.516270014335442173e+00
1.638218097274000584e+00,5.441148694030143451e-01,1.537897810665886933e+00,8.743462339390176696e-01,4.082614751137985665e-01,7.436733210452582676e-02,-4.582187390443441810e-01,4.371733533342772038e-01,2.226386376564379599e-01,1.289645446853545208e+00,9.857920158050426096e-01,-1.283645962745322056e+00,-4.196887180635389125e-01,-9.204096845965986651e-01
7.768314310096892106e-01,5.441148694030143451e-01,1.537897810665886933e+00,8.743462339390176696e-01,-1.474557526383528661e-01,7.389714319446405444e-01,-4.582187390443441810e-01,4.371733533342772038e-01,9.817770900930057609e-02,1.289645446853545208e+00,2.780860936846091036e+00,1.826375134642393983e+00,-4.196887180635389125e-01,1.168172914488007974e+00
-5.152485683867777944e-01,-1.837847219829066070e+00,-2.325940255408903146e-01,-1.508641497838665746e+00,1.304028612377228502e-01,6.538619562019995501e-02,-4.582187390443441810e-01,4.371733533342772038e-01,9.817770900930057609e-02,-7.754069170249729970e-01,-8.092769052360058168e-01,-1.283645962745322056e+00,-4.196887180635389125e-01,-9.204096845965986651e-01
-6.229219016698166467e-01,5.441148694030143451e-01,-2.325940255408903146e-01,8.743462339390176696e-01,9.639787028659499990e-01,-6.034971516036229111e-02,-4.582187390443441810e-01,-7.647587771265387246e-01,-7.232644200618061348e-01,1.289645446853545208e+00,1.883326476325566823e+00,7.897014355131553032e-01,-4.196887180635389125e-01,-9.204096845965986651e-01
-1.922285685376610154e-01,5.441148694030143451e-01,6.526518925624983369e-01,8.743462339390176696e-01,1.102908009803987843e+00,-1.793709056635256260e+00,-4.582187390443441810e-01,-7.647587771265387246e-01,-2.254207054732566273e-01,1.289645446853545208e+00,8.825755528451835474e-02,-2.469722636160833762e-01,-4.196887180635389125e-01,1.516270014335442173e+00
1.307914313114557359e-01,5.441148694030143451e-01,-1.117839943644278966e+00,8.743462339390176696e-01,1.859745840129379824e-01,1.376632122331777675e+00,-4.582187390443441810e-01,-7.647587771265387246e-01,2.350115182101814373e-02,1.289645446853545208e+00,2.677644473886231502e-01,7.897014355131553032e-01,9.264826417629067334e-01,1.516270014335442173e+00
3.461380978775335793e-01,5.441148694030143451e-01,-1.117839943644278966e+00,8.743462339390176696e-01,7.416918117650894704e-01,6.671223400700335704e-01,-4.582187390443441810e-01,-7.647587771265387246e-01,-1.071755020273790882e+00,1.289645446853545208e+00,2.677644473886231502e-01,7.897014355131553032e-01,9.264826417629067334e-01,1.516270014335442173e+00
1.422871430707922658e+00,5.441148694030143451e-01,-1.117839943644278966e+00,8.743462339390176696e-01,-1.474557526383528661e-01,3.348202901499762185e-01,-4.582187390443441810e-01,-7.647587771265387246e-01,-1.494922177674057995e+00,-7.754069170249729970e-01,8.825755528451835474e-02,7.897014355131553032e-01,-4.196887180635389125e-01,1.238816149457046267e-01
2.391931430255272772e+00,5.441148694030143451e-01,1.537897810665886933e+00,-1.508641497838665746e+00,-5.920295348400740343e-01,-1.793709056635256260e+00,-4.582187390443441810e-01,1.639105483795093132e+00,-2.752050769321116030e-01,-7.754069170249729970e-01,2.332093706585828929e+00,1.826375134642393983e+00,-4.196887180635389125e-01,-9.204096845965986651e-01
7.768314310096892106e-01,5.441148694030143451e-01,6.526518925624983369e-01,8.743462339390176696e-01,-4.253143665144286101e-01,-1.793709056635256260e+00,-4.582187390443441810e-01,-7.647587771265387246e-01,-4.494503770381039209e-01,-7.754069170249729970e-01,4.472713394927279595e-01,7.897014355131553032e-01,-4.196887180635389125e-01,-9.204096845965986651e-01
1.307914313114557359e-01,5.441148694030143451e-01,1.537897810665886933e+00,-1.508641497838665746e+00,-1.474557526383528661e-01,-1.793709056635256260e+00,-4.582187390443441810e-01,4.371733533342772038e-01,-1.507441482849742054e-01,1.289645446853545208e+00,1.434559246065304716e+00,7.897014355131553032e-01,-4.196887180635389125e-01,1.516270014335442173e+00
-5.152485683867777944e-01,5.441148694030143451e-01,6.526518925624983369e-01,-1.508641497838665746e+00,1.304028612377228502e-01,3.617636996029538476e-01,-4.582187390443441810e-01,-7.647587771265387246e-01,9.196198380804072592e-01,-7.754069170249729970e-01,-2.707562289236913333e-01,-2.469722636160833762e-01,-4.196887180635389125e-01,1.238816149457046267e-01
1.099851430858805879e+00,5.441148694030143451e-01,-1.117839943644278966e+00,8.743462339390176696e-01,-1.474557526383528661e-01,4.156505185089090504e-01,-4.582187390443441810e-01,1.639105483795093132e+00,-8.726175344383709787e-01,1.289645446853545208e+00,1.165298907909147585e+00,1.826375134642393983e+00,9.264826417629067334e-01,1.238816149457046267e-01
4.538114311605724871e-01,5.441148694030143451e-01,-1.117839943644278966e+00,-3.171476319498239826e-01,-8.526445700315014864e-03,1.821409699164363294e-01,-4.582187390443441810e-01,-7.647587771265387246e-01,3.222073805741478836e-01,-7.754069170249729970e-01,-4.502631210277961427e-01,7.897014355131553032e-01,-4.196887180635389125e-01,1.516270014335442173e+00
-7.305952349528556100e-01,5.441148694030143451e-01,6.526518925624983369e-01,-1.508641497838665746e+00,-4.253143665144286101e-01,-1.793709056635256260e+00,-4.582187390443441810e-01,-7.647587771265387246e-01,-2.752050769321116030e-01,1.289645446853545208e+00,-8.092769052360058168e-01,-1.283645962745322056e+00,-4.196887180635389125e-01,1.238816149457046267e-01
-8.455523525462210754e-02,5.441148694030143451e-01,-2.325940255408903146e-01,8.743462339390176696e-01,1.519695930618101487e+00,7.659148413976182290e-01,-4.582187390443441810e-01,4.371733533342772038e-01,-2.752050769321116030e-01,1.289645446853545208e+00,5.370247855447803920e-01,7.897014355131553032e-01,-4.196887180635389125e-01,-9.204096845965986651e-01
5.614847644436113949e-01,5.441148694030143451e-01,1.537897810665886933e+00,8.743462339390176696e-01,7.972635345403046303e-01,-1.793709056635256260e+00,-4.582187390443441810e-01,4.371733533342772038e-01,-1.391033908409332418e-03,1.289645446853545208e+00,5.370247855447803920e-01,-1.283645962745322056e+00,-4.196887180635389125e-01,-9.204096845965986651e-01
2.311809802841681069e-02,5.441148694030143451e-01,-1.117839943644278966e+00,8.743462339390176696e-01,4.082614751137985665e-01,3.527825631186279343e-01,-4.582187390443441810e-01,-7.647587771265387246e-01,7.204823522449874673e-01,-7.754069170249729970e-01,2.677644473886231502e-01,-2.469722636160833762e-01,-4.196887180635389125e-01,1.238816149457046267e-01
2.311809802841681069e-02,5.441148694030143451e-01,-1.117839943644278966e+00,8.743462339390176696e-01,-4.253143665144286101e-01,3.527825631186279343e-01,-4.582187390443441810e-01,-7.647587771265387246e-01,-1.258519625555467036e-01,1.289645446853545208e+00,1.703819584221461847e+00,7.897014355131553032e-01,9.264826417629067334e-01,1.516270014335442173e+00
-1.915001901066283763e+00,5.441148694030143451e-01,-2.325940255408903146e-01,-1.508641497838665746e+00,6.861200889898743105e-01,-3.567272191431161699e-01,-4.582187390443441810e-01,-7.647587771265387246e-01,1.019188580998117155e+00,-7.754069170249729970e-01,-8.092769052360058168e-01,-1.283645962745322056e+00,-4.196887180635389125e-01,-9.204096845965986651e-01
-1.268961901368050205e+00,-1.837847219829066070e+00,-1.117839943644278966e+00,-1.508641497838665746e+00,-1.474557526383528661e-01,8.334846858885169851e-02,-4.582187390443441810e-01,-7.647587771265387246e-01,1.044080766727544685e+00,-7.754069170249729970e-01,-8.092769052360058168e-01,7.897014355131553032e-01,-4.196887180635389125e-01,1.238816149457046267e-01
7.768314310096892106e-01,5.441148694030143451e-01,6.526518925624983369e-01,8.743462339390176696e-01,9.639787028659499990e-01,-1.793709056635256260e+00,2.182363824940011909e+00,4.371733533342772038e-01,3.470995663035753576e-01,-7.754069170249729970e-01,8.825755528451835474e-02,7.897014355131553032e-01,-4.196887180635389125e-01,1.516270014335442173e+00
-1.922285685376610154e-01,5.441148694030143451e-01,6.526518925624983369e-01,-1.508641497838665746e+00,4.082614751137985665e-01,4.515750644462125929e-01,-4.582187390443441810e-01,-7.647587771265387246e-01,7.204823522449874673e-01,1.289645446853545208e+00,8.062851237009377448e-01,7.897014355131553032e-01,9.264826417629067334e-01,1.516270014335442173e+00
-4.075752351037388310e-01,5.441148694030143451e-01,-1.117839943644278966e+00,-1.508641497838665746e+00,1.026169998501152703e-01,-3.340630570738466892e-02,-4.582187390443441810e-01,-7.647587771265387246e-01,7.951589094332699448e-01,-7.754069170249729970e-01,-8.092769052360058168e-01,-2.469722636160833762e-01,-4.196887180635389125e-01,1.238816149457046267e-01
-1.376635234651089057e+00,5.441148694030143451e-01,-1.117839943644278966e+00,-3.171476319498239826e-01,2.693321681757607222e-01,2.946164968289645414e-02,-4.582187390443441810e-01,-7.647587771265387246e-01,2.350115182101814373e-02,-7.754069170249729970e-01,-8.092769052360058168e-01,7.897014355131553032e-01,-4.196887180635389125e-01,1.168172914488007974e+00
-2.999019018206999232e-01,5.441148694030143451e-01,6.526518925624983369e-01,8.743462339390176696e-01,4.082614751137985665e-01,-1.793709056635256260e+00,-4.582187390443441810e-01,-7.647587771265387246e-01,-1.768736220697760153e+00,-7.754069170249729970e-01,-8.092769052360058168e-01,7.897014355131553032e-01,-4.196887180635389125e-01,1.238816149457046267e-01
-1.699655234500205836e+00,5.441148694030143451e-01,6.526518925624983369e-01,8.743462339390176696e-01,6.861200889898743105e-01,-1.793709056635256260e+00,-4.582187390443441810e-01,-7.647587771265387246e-01,-2.752050769321116030e-01,1.289645446853545208e+00,-8.092769052360058168e-01,-1.283645962745322056e+00,-4.196887180635389125e-01,1.238816149457046267e-01
-6.229219016698166467e-01,5.441148694030143451e-01,-1.117839943644278966e+00,8.743462339390176696e-01,-3.631230708792258788e-02,6.671223400700335704e-01,-4.582187390443441810e-01,1.639105483795093132e+00,8.698354666215523112e-01,-7.754069170249729970e-01,-3.605096749757437102e-01,7.897014355131553032e-01,-4.196887180635389125e-01,1.516270014335442173e+00
3.461380978775335793e-01,-1.837847219829066070e+00,-1.117839943644278966e+00,-3.171476319498239826e-01,1.304028612377228502e-01,3.258391536656503051e-01,-4.582187390443441810e-01,1.639105483795093132e+00,1.068972952456972214e+00,-7.754069170249729970e-01,-8.092769052360058168e-01,7.897014355131553032e-01,9.264826417629067334e-01,1.238816149457046267e-01
3.461380978775335793e-01,5.441148694030143451e-01,6.526518925624983369e-01,-1.508641497838665746e+00,4.082614751137985665e-01,6.761034765543594283e-01,-4.582187390443441810e-01,-7.647587771265387246e-01,5.960214235978501529e-01,1.289645446853545208e+00,8.062851237009377448e-01,7.897014355131553032e-01,9.264826417629067334e-01,1.516270014335442173e+00
6.691580977266503583e-01,5.441148694030143451e-01,1.537897810665886933e+00,-1.508641497838665746e+00,-1.474557526383528661e-01,-1.793709056635256260e+00,-4.582187390443441810e-01,-7.647587771265387246e-01,2.475308233858654339e-01,1.289645446853545208e+00,9.857920158050426096e-01,-2.469722636160833762e-01,-4.196887180635389125e-01,-9.204096845965986651e-01
6.691580977266503583e-01,5.441148694030143451e-01,1.537897810665886933e+00,8.743462339390176696e-01,7.416918117650894704e-01,-1.793709056635256260e+00,-4.582187390443441810e-01,4.371733533342772038e-01,-3.249894483909665510e-01,1.289645446853545208e+00,-8.092769052360058168e-01,-1.283645962745322056e+00,-4.196887180635389125e-01,1.516270014335442173e+00
1.853564763840078289e+00,5.441148694030143451e-01,1.537897810665886933e+00,8.743462339390176696e-01,1.102908009803987843e+00,9.814621170214391510e-01,2.182363824940011909e+00,1.639105483795093132e+00,-7.979409772500886122e-01,1.289645446853545208e+00,2.421847152637881528e+00,7.897014355131553032e-01,3.618825361415798358e+00,1.516270014335442173e+00
4.538114311605724871e-01,5.441148694030143451e-01,1.537897810665886933e+00,8.743462339390176696e-01,-1.474557526383528661e-01,-1.793709056635256260e+00,-4.582187390443441810e-01,1.639105483795093132e+00,-6.236956771440962388e-01,1.289645446853545208e+00,5.370247855447803920e-01,1.826375134642393983e+00,-4.196887180635389125e-01,1.516270014335442173e+00
-2.999019018206999232e-01,-1.837847219829066070e+00,-2.325940255408903146e-01,8.743462339390176696e-01,9.639787028659499990e-01,9.275752981154838928e-01,-4.582187390443441810e-01,-7.647587771265387246e-01,4.715604949507127275e-01,1.289645446853545208e+00,8.825755528451835474e-02,7.897014355131553032e-01,-4.196887180635389125e-01,-9.204096845965986651e-01
-5.152485683867777944e-01,-1.837847219829066070e+00,6.526518925624983369e-01,-3.171476319498239826e-01,1.304028612377228502e-01,1.731598334321104438e-01,-4.582187390443441810e-01,-7.647587771265387246e-01,1.068972952456972214e+00,-7.754069170249729970e-01,-4.502631210277961427e-01,-2.469722636160833762e-01,-4.196887180635389125e-01,1.238816149457046267e-01
4.538114311605724871e-01,5.441148694030143451e-01,-1.117839943644278966e+00,-1.508641497838665746e+00,-3.697426437392134502e-01,2.719523347596951024e-01,-4.582187390443441810e-01,1.639105483795093132e+00,8.449432808921248927e-01,-7.754069170249729970e-01,1.434559246065304716e+00,7.897014355131553032e-01,9.264826417629067334e-01,1.516270014335442173e+00
-7.305952349528556100e-01,-1.837847219829066070e+00,-1.117839943644278966e+00,-9.128945648942448088e-01,-2.030274754135680260e-01,9.232960507317758414e-02,-4.582187390443441810e-01,-7.647587771265387246e-01,1.168541695374682110e+00,-7.754069170249729970e-01,-8.092769052360058168e-01,-2.469722636160833762e-01,-4.196887180635389125e-01,1.238816149457046267e-01
4.538114311605724871e-01,5.441148694030143451e-01,-1.117839943644278966e+00,8.743462339390176696e-01,-8.526445700315014864e-03,9.006318886625063191e-01,-4.582187390443441810e-01,1.639105483795093132e+00,9.942963952686897366e-01,-7.754069170249729970e-01,-8.092769052360058168e-01,-2.469722636160833762e-01,2.272654001589352379e+00,1.516270014335442173e+00
7.768314310096892106e-01,5.441148694030143451e-01,1.537897810665886933e+00,-1.508641497838665746e+00,-1.474557526383528661e-01,-1.793709056635256260e+00,-4.582187390443441810e-01,-7.647587771265387246e-01,-1.270892506109210673e+00,1.289645446853545208e+00,-8.092769052360058168e-01,7.897014355131553032e-01,-4.196887180635389125e-01,-9.204096845965986651e-01
-8.455523525462210754e-02,5.441148694030143451e-01,-1.117839943644278966e+00,8.743462339390176696e-01,4.638331978890137264e-01,2.360277888223915876e-01,-4.582187390443441810e-01,1.639105483795093132e+00,-4.992347484969588689e-01,1.289645446853545208e+00,-8.092769052360058168e-01,-2.469722636160833762e-01,-4.196887180635389125e-01,1.516270014335442173e+00
-6.229219016698166467e-01,5.441148694030143451e-01,-1.117839943644278966e+00,-3.171476319498239826e-01,-4.253143665144286101e-01,2.629711982753691890e-01,-4.582187390443441810e-01,-7.647587771265387246e-01,9.196198380804072592e-01,-7.754069170249729970e-01,8.825755528451835474e-02,1.826375134642393983e+00,-4.196887180635389125e-01,1.516270014335442173e+00
-6.229219016698166467e-01,5.441148694030143451e-01,-2.325940255408903146e-01,8.743462339390176696e-01,9.639787028659499990e-01,6.132355211640783121e-01,-4.582187390443441810e-01,-7.647587771265387246e-01,-6.983722343323787163e-01,1.289645446853545208e+00,8.825755528451835474e-02,7.897014355131553032e-01,-4.196887180635389125e-01,-9.204096845965986651e-01
1.207524764141844953e+00,-1.837847219829066070e+00,-1.117839943644278966e+00,-1.508641497838665746e+00,4.082614751137985665e-01,1.951424857328633689e+00,2.182363824940011909e+00,1.639105483795093132e+00,6.458057950567051009e-01,-7.754069170249729970e-01,-9.124933681958644072e-02,-2.469722636160833762e-01,9.264826417629067334e-01,1.238816149457046267e-01
1.099851430858805879e+00,5.441148694030143451e-01,-2.325940255408903146e-01,8.743462339390176696e-01,9.084069800907348391e-01,9.455375710841357195e-01,2.182363824940011909e+00,1.639105483795093132e+00,-3.249894483909665510e-01,1.289645446853545208e+00,1.883326476325566823e+00,7.897014355131553032e-01,2.272654001589352379e+00,1.516270014335442173e+00
2.176584763689195068e+00,5.441148694030143451e-01,1.537897810665886933e+00,-9.128945648942448088e-01,-3.481759119151261572e+00,1.462164239791328424e-01,2.182363824940011909e+00,-7.647587771265387246e-01,-3.262267364463408814e+00,-7.754069170249729970e-01,-8.092769052360058168e-01,-1.283645962745322056e+00,-4.196887180635389125e-01,-9.204096845965986651e-01
-4.075752351037388310e-01,-1.837847219829066070e+00,-2.325940255408903146e-01,-1.508641497838665746e+00,4.082614751137985665e-01,7.928582508505958026e-01,-4.582187390443441810e-01,-7.647587771265387246e-01,2.226386376564379599e-01,1.289645446853545208e+00,-8.092769052360058168e-01,-1.283645962745322056e+00,-4.196887180635389125e-01,1.516270014335442173e+00
8.845047642927281739e-01,5.441148694030143451e-01,1.537897810665886933e+00,8.743462339390176696e-01,9.639787028659499990e-01,4.874996103835160799e-01,2.182363824940011909e+00,4.371733533342772038e-01,-5.739113056852412909e-01,1.289645446853545208e+00,1.883326476325566823e+00,7.897014355131553032e-01,-4.196887180635389125e-01,-9.204096845965986651e-01
4.538114311605724871e-01,5.441148694030143451e-01,-2.325940255408903146e-01,8.743462339390176696e-01,2.693321681757607222e-01,2.001032428850880729e-01,-4.582187390443441810e-01,-7.647587771265387246e-01,-7.730487915206610827e-01,-7.754069170249729970e-01,-8.092769052360058168e-01,-1.283645962745322056e+00,-4.196887180635389125e-01,-9.204096845965986651e-01
-2.022675234349322615e+00,5.441148694030143451e-01,-1.117839943644278966e+00,-3.171476319498239826e-01,-9.188402986313773391e-02,-6.933085164468816286e-02,-4.582187390443441810e-01,-7.647587771265387246e-01,1.068972952456972214e+00,-7.754069170249729970e-01,-8.092769052360058168e-01,-2.469722636160833762e-01,-4.196887180635389125e-01,1.238816149457046267e-01
3.461380978775335793e-01,5.441148694030143451e-01,1.537897810665886933e+00,8.743462339390176696e-01,7.483113846250770418e-02,-1.793709056635256260e+00,2.182363824940011909e+00,4.371733533342772038e-01,4.217761234918577795e-01,1.289645446853545208e+00,8.825755528451835474e-02,7.897014355131553032e-01,-4.196887180635389125e-01,-9.204096845965986651e-01
5.614847644436113949e-01,5.441148694030143451e-01,6.526518925624983369e-01,-1.508641497838665746e+00,-8.526445700315014864e-03,-1.793709056635256260e+00,-4.582187390443441810e-01,-7.647587771265387246e-01,1.093865138186399744e+00,-7.754069170249729970e-01,1.524312692117357093e+00,7.897014355131553032e-01,-4.196887180635389125e-01,-9.204096845965986651e-01
-2.130348567632361689e+00,-1.837847219829066070e+00,-1.117839943644278966e+00,-3.171476319498239826e-01,-2.030274754135680260e-01,9.232960507317758414e-02,-4.582187390443441810e-01,-7.647587771265387246e-01,1.517032295586666857e+00,-7.754069170249729970e-01,-1.810027828716389287e-01,-2.469722636160833762e-01,-4.196887180635389125e-01,1.238816149457046267e-01
4.538114311605724871e-01,-1.837847219829066070e+00,-1.117839943644278966e+00,-1.508641497838665746e+00,-1.474557526383528661e-01,1.259877348035541411e+00,-4.582187390443441810e-01,-7.647587771265387246e-01,1.019188580998117155e+00,-7.754069170249729970e-01,-8.092769052360058168e-01,-2.469722636160833762e-01,-4.196887180635389125e-01,1.238816149457046267e-01
6.691580977266503583e-01,5.441148694030143451e-01,1.537897810665886933e+00,8.743462339390176696e-01,4.638331978890137264e-01,1.462164239791328424e-01,-4.582187390443441810e-01,-7.647587771265387246e-01,-5.241269342263863429e-01,1.289645446853545208e+00,1.434559246065304716e+00,7.897014355131553032e-01,-4.196887180635389125e-01,-9.204096845965986651e-01
-8.455523525462210754e-02,5.441148694030143451e-01,-2.325940255408903146e-01,-3.171476319498239826e-01,-1.474557526383528661e-01,-1.793709056635256260e+00,-4.582187390443441810e-01,-7.647587771265387246e-01,2.350115182101814373e-02,-7.754069170249729970e-01,-8.092769052360058168e-01,-1.283645962745322056e+00,-4.196887180635389125e-01,-9.204096845965986651e-01
1.207524764141844953e+00,5.441148694030143451e-01,1.537897810665886933e+00,8.743462339390176696e-01,9.639787028659499990e-01,1.035348935927394409e+00,2.182363824940011909e+00,1.639105483795093132e+00,-5.241269342263863429e-01,1.289645446853545208e+00,2.152586814481723732e+00,1.826375134642393983e+00,3.618825361415798358e+00,1.168172914488007974e+00
-1.161288568085011352e+00,-1.837847219829066070e+00,-2.325940255408903146e-01,-3.171476319498239826e-01,-1.474557526383528661e-01,1.372352874948069568e-01,-4.582187390443441810e-01,4.371733533342772038e-01,1.093865138186399744e+00,-7.754069170249729970e-01,-8.092769052360058168e-01,-1.283645962745322056e+00,-4.196887180635389125e-01,-9.204096845965986651e-01
1.315198097424883805e+00,5.441148694030143451e-01,-1.117839943644278966e+00,8.743462339390176696e-01,-3.697426437392134502e-01,1.102918780418293276e-01,-4.582187390443441810e-01,1.639105483795093132e+00,2.350115182101814373e-02,1.289645446853545208e+00,-7.195234591839534399e-01,-2.469722636160833762e-01,9.264826417629067334e-01,1.238816149457046267e-01
3.461380978775335793e-01,5.441148694030143451e-01,-1.117839943644278966e+00,8.743462339390176696e-01,6.861200889898743105e-01,6.850846130386852861e-01,-4.582187390443441810e-01,1.639105483795093132e+00,-4.743425627675313949e-01,1.289645446853545208e+00,-2.707562289236913333e-01,7.897014355131553032e-01,9.264826417629067334e-01,1.168172914488007974e+00
5.614847644436113949e-01,-1.837847219829066070e+00,1.537897810665886933e+00,-1.508641497838665746e+00,1.859745840129379824e-01,3.617636996029538476e-01,-4.582187390443441810e-01,-7.647587771265387246e-01,9.196198380804072592e-01,-7.754069170249729970e-01,-9.124933681958644072e-02,7.897014355131553032e-01,-4.196887180635389125e-01,1.238816149457046267e-01
-9.459419015189334257e-01,-1.837847219829066070e+00,-2.325940255408903146e-01,-3.171476319498239826e-01,1.304028612377228502e-01,3.348202901499762185e-01,-4.582187390443441810e-01,-7.647587771265387246e-01,9.694042095392622072e-01,-7.754069170249729970e-01,-8.092769052360058168e-01,-1.283645962745322056e+00,-4.196887180635389125e-01,-9.204096845965986651e-01
2.384647645944946437e-01,-1.837847219829066070e+00,-2.325940255408903146e-01,-1.508641497838665746e+00,1.304028612377228502e-01,1.731598334321104438e-01,-4.582187390443441810e-01,4.371733533342772038e-01,8.200510951626973633e-01,-7.754069170249729970e-01,-8.092769052360058168e-01,-1.283645962745322056e+00,-4.196887180635389125e-01,1.516270014335442173e+00
-9.459419015189334257e-01,-1.837847219829066070e+00,-2.325940255408903146e-01,-9.128945648942448088e-01,-2.030274754135680260e-01,9.232960507317758414e-02,-4.582187390443441810e-01,-7.647587771265387246e-01,1.118757323915827051e+00,-7.754069170249729970e-01,-8.092769052360058168e-01,-2.469722636160833762e-01,-4.196887180635389125e-01,1.238816149457046267e-01
1.307914313114557359e-01,5.441148694030143451e-01,1.537897810665886933e+00,8.743462339390176696e-01,-3.481759119151261572e+00,3.844278616722233283e-02,2.182363824940011909e+00,4.371733533342772038e-01,-3.262267364463408814e+00,-7.754069170249729970e-01,-8.092769052360058168e-01,-1.283645962745322056e+00,-4.196887180635389125e-01,-9.204096845965986651e-01
2.176584763689195068e+00,5.441148694030143451e-01,1.537897810665886933e+00,8.743462339390176696e-01,8.250493959279121547e-01,9.904432535057651199e-01,-4.582187390443441810e-01,-7.647587771265387246e-01,-4.743425627675313949e-01,1.289645446853545208e+00,5.370247855447803920e-01,1.826375134642393983e+00,-4.196887180635389125e-01,-9.204096845965986651e-01
1.099851430858805879e+00,5.441148694030143451e-01,1.537897810665886933e+00,8.743462339390176696e-01,-1.474557526383528661e-01,-1.793709056635256260e+00,2.182363824940011909e+00,4.371733533342772038e-01,-6.236956771440962388e-01,-7.754069170249729970e-01,9.857920158050426096e-01,7.897014355131553032e-01,-4.196887180635389125e-01,-9.204096845965986651e-01
1.530544763990961732e+00,-1.837847219829066070e+00,-1.117839943644278966e+00,-1.508641497838665746e+00,-1.474557526383528661e-01,1.013107415575034559e-01,-4.582187390443441810e-01,1.639105483795093132e+00,-3.996660055792489730e-01,-7.754069170249729970e-01,5.370247855447803920e-01,7.897014355131553032e-01,-4.196887180635389125e-01,1.238816149457046267e-01
8.845047642927281739e-01,-1.837847219829066070e+00,-1.117839943644278966e+00,8.743462339390176696e-01,7.416918117650894704e-01,8.557262062408769188e-01,2.182363824940011909e+00,1.639105483795093132e+00,-2.752050769321116030e-01,1.289645446853545208e+00,1.614066138169409692e+00,7.897014355131553032e-01,2.272654001589352379e+00,1.516270014335442173e+00
1.422871430707922658e+00,5.441148694030143451e-01,1.537897810665886933e+00,8.743462339390176696e-01,-3.481759119151261572e+00,1.520330306080991623e+00,-4.582187390443441810e-01,-7.647587771265387246e-01,-3.262267364463408814e+00,-7.754069170249729970e-01,-8.092769052360058168e-01,-1.283645962745322056e+00,-4.196887180635389125e-01,-9.204096845965986651e-01
-1.161288568085011352e+00,5.441148694030143451e-01,-2.325940255408903146e-01,8.743462339390176696e-01,6.861200889898743105e-01,4.246316549932349638e-01,-4.582187390443441810e-01,-7.647587771265387246e-01,-2.628321963783680770e-02,1.289645446853545208e+00,9.857920158050426096e-01,7.897014355131553032e-01,-4.196887180635389125e-01,-9.204096845965986651e-01
6.691580977266503583e-01,5.441148694030143451e-01,1.537897810665886933e+00,8.743462339390176696e-01,6.861200889898743105e-01,8.557262062408769188e-01,2.182363824940011909e+00,1.639105483795093132e+00,-2.752050769321116030e-01,1.289645446853545208e+00,1.614066138169409692e+00,7.897014355131553032e-01,2.272654001589352379e+00,1.168172914488007974e+00
1.745891430557039437e+00,5.441148694030143451e-01,1.537897810665886933e+00,8.743462339390176696e-01,1.241837316742025799e+00,-6.933085164468816286e-02,-4.582187390443441810e-01,4.371733533342772038e-01,-5.117540536726428863e-02,1.289645446853545208e+00,1.883326476325566823e+00,1.826375134642393983e+00,-4.196887180635389125e-01,-9.204096845965986651e-01
5.614847644436113949e-01,5.441148694030143451e-01,-2.325940255408903146e-01,8.743462339390176696e-01,4.082614751137985665e-01,5.773109752267747696e-01,2.182363824940011909e+00,1.639105483795093132e+00,-3.000972626615390770e-01,1.289645446853545208e+00,-8.092769052360058168e-01,-1.283645962745322056e+00,-4.196887180635389125e-01,-9.204096845965986651e-01
3.461380978775335793e-01,5.441148694030143451e-01,6.526518925624983369e-01,-1.508641497838665746e+00,3.526897523385834066e-01,5.862921117111007385e-01,-4.582187390443441810e-01,-7.647587771265387246e-01,5.960214235978501529e-01,-7.754069170249729970e-01,4.472713394927279595e-01,7.897014355131553032e-01,9.264826417629067334e-01,1.516270014335442173e+00
2.311809802841681069e-02,-1.837847219829066070e+00,-1.117839943644278966e+00,-1.508641497838665746e+00,-4.253143665144286101e-01,1.282541510104810711e-01,-4.582187390443441810e-01,-7.647587771265387246e-01,6.706979807861325193e-01,-7.754069170249729970e-01,6.267782315968328799e-01,7.897014355131553032e-01,-4.196887180635389125e-01,1.238816149457046267e-01
1.961238097123117363e+00,5.441148694030143451e-01,6.526518925624983369e-01,-1.508641497838665746e+00,9.639787028659499990e-01,-1.793709056635256260e+00,-4.582187390443441810e-01,1.639105483795093132e+00,-4.245581913086764470e-01,-7.754069170249729970e-01,6.267782315968328799e-01,7.897014355131553032e-01,2.272654001589352379e+00,-9.204096845965986651e-01
1.422871430707922658e+00,-1.837847219829066070e+00,-1.117839943644278966e+00,-1.508641497838665746e+00,-2.863850595763907658e-01,3.271651920524536905e+00,-4.582187390443441810e-01,1.639105483795093132e+00,7.204823522449874673e-01,-7.754069170249729970e-01,6.267782315968328799e-01,7.897014355131553032e-01,-4.196887180635389125e-01,1.516270014335442173e+00
9.921780975757670262e-01,5.441148694030143451e-01,6.526518925624983369e-01,8.743462339390176696e-01,-7.031729803905043541e-01,-1.793709056635256260e+00,-4.582187390443441810e-01,-7.647587771265387246e-01,-5.490191199558138724e-01,-7.754069170249729970e-01,-1.617057919704477653e+00,7.897014355131553032e-01,-4.196887180635389125e-01,-9.204096845965986651e-01
1.745891430557039437e+00,5.441148694030143451e-01,6.526518925624983369e-01,8.743462339390176696e-01,-2.863850595763907658e-01,-1.793709056635256260e+00,-4.582187390443441810e-01,4.371733533342772038e-01,-9.721862773560808746e-01,1.289645446853545208e+00,-8.092769052360058168e-01,7.897014355131553032e-01,-4.196887180635389125e-01,1.516270014335442173e+00
-8.455523525462210754e-02,-1.837847219829066070e+00,-2.325940255408903146e-01,-3.171476319498239826e-01,2.693321681757607222e-01,5.413864292894713381e-01,-4.582187390443441810e-01,-7.647587771265387246e-01,7.204823522449874673e-01,-7.754069170249729970e-01,-9.124933681958644072e-02,-2.469722636160833762e-01,-4.196887180635389125e-01,1.238816149457046267e-01
2.384647645944946437e-01,5.441148694030143451e-01,-1.117839943644278966e+00,8.743462339390176696e-01,-8.526445700315014864e-03,4.425939279618866795e-01,2.182363824940011909e+00,1.639105483795093132e+00,3.222073805741478836e-01,1.289645446853545208e+00,2.677644473886231502e-01,7.897014355131553032e-01,9.264826417629067334e-01,1.238816149457046267e-01
-7.305952349528556100e-01,5.441148694030143451e-01,-1.117839943644278966e+00,8.743462339390176696e-01,-3.697426437392134502e-01,3.844278616722233283e-02,-4.582187390443441810e-01,-7.647587771265387246e-01,2.973151948447204096e-01,-7.754069170249729970e-01,-7.195234591839534399e-01,-2.469722636160833762e-01,-4.196887180635389125e-01,1.238816149457046267e-01
1.099851430858805879e+00,5.441148694030143451e-01,6.526518925624983369e-01,8.743462339390176696e-01,-4.253143665144286101e-01,-1.793709056635256260e+00,-4.582187390443441810e-01,-7.647587771265387246e-01,-4.245581913086764470e-01,1.289645446853545208e+00,3.575178934406756381e-01,1.826375134642393983e+00,-4.196887180635389125e-01,-9.204096845965986651e-01
1.853564763840078289e+00,-1.837847219829066070e+00,-1.117839943644278966e+00,-1.508641497838665746e+00,-4.253143665144286101e-01,5.862921117111007385e-01,2.182363824940011909e+00,1.639105483795093132e+00,-2.628321963783680770e-02,-7.754069170249729970e-01,-8.092769052360058168e-01,-2.469722636160833762e-01,9.264826417629067334e-01,1.238816149457046267e-01
-2.999019018206999232e-01,-1.837847219829066070e+00,-2.325940255408903146e-01,-1.508641497838665746e+00,1.304028612377228502e-01,1.821409699164363294e-01,-4.582187390443441810e-01,-7.647587771265387246e-01,7.204823522449874673e-01,1.289645446853545208e+00,9.857920158050426096e-01,-2.469722636160833762e-01,-4.196887180635389125e-01,-9.204096845965986651e-01
-2.999019018206999232e-01,-1.837847219829066070e+00,-2.325940255408903146e-01,-3.171476319498239826e-01,9.639787028659499990e-01,-5.136857867603641936e-02,-4.582187390443441810e-01,-7.647587771265387246e-01,9.694042095392622072e-01,-7.754069170249729970e-01,-8.092769052360058168e-01,-1.283645962745322056e+00,-4.196887180635389125e-01,-9.204096845965986651e-01
7.768314310096892106e-01,-1.837847219829066070e+00,1.537897810665886933e+00,-3.171476319498239826e-01,4.082614751137985665e-01,8.826696156938546034e-01,2.182363824940011909e+00,-7.647587771265387246e-01,-2.752050769321116030e-01,1.289645446853545208e+00,-8.092769052360058168e-01,-1.283645962745322056e+00,-4.196887180635389125e-01,1.516270014335442173e+00
-7.305952349528556100e-01,5.441148694030143451e-01,-2.325940255408903146e-01,8.743462339390176696e-01,9.639787028659499990e-01,8.198016603035734873e-01,-4.582187390443441810e-01,4.371733533342772038e-01,6.706979807861325193e-01,1.289645446853545208e+00,1.883326476325566823e+00,7.897014355131553032e-01,-4.196887180635389125e-01,-9.204096845965986651e-01
-5.152485683867777944e-01,5.441148694030143451e-01,1.537897810665886933e+00,-9.128945648942448088e-01,1.304028612377228502e-01,-1.793709056635256260e+00,-4.582187390443441810e-01,4.371733533342772038e-01,3.470995663035753576e-01,-7.754069170249729970e-01,1.883326476325566823e+00,7.897014355131553032e-01,-4.196887180635389125e-01,-9.204096845965986651e-01
5.614847644436113949e-01,5.441148694030143451e-01,6.526518925624983369e-01,8.743462339390176696e-01,-8.526445700315014864e-03,-1.793709056635256260e+00,-4.582187390443441810e-01,-7.647587771265387246e-01,-3.000972626615390770e-01,1.289645446853545208e+00,-1.495890767534042119e-03,-2.469722636160833762e-01,-4.196887180635389125e-01,-9.204096845965986651e-01
1.207524764141844953e+00,5.441148694030143451e-01,-1.117839943644278966e+00,8.743462339390176696e-01,2.693321681757607222e-01,4.874996103835160799e-01,-4.582187390443441810e-01,1.639105483795093132e+00,-1.009597768261192435e-01,-7.754069170249729970e-01,1.703819584221461847e+00,7.897014355131553032e-01,9.264826417629067334e-01,1.516270014335442173e+00
-1.053615234801972278e+00,5.441148694030143451e-01,-1.117839943644278966e+00,-3.171476319498239826e-01,1.304028612377228502e-01,1.731598334321104438e-01,-4.582187390443441810e-01,1.639105483795093132e+00,1.417463552668956739e+00,-7.754069170249729970e-01,-8.092769052360058168e-01,-2.469722636160833762e-01,-4.196887180635389125e-01,1.238816149457046267e-01
-1.268961901368050205e+00,-1.837847219829066070e+00,-1.117839943644278966e+00,8.743462339390176696e-01,-6.476012576152891942e-01,5.862921117111007385e-01,-4.582187390443441810e-01,1.639105483795093132e+00,-2.254207054732566273e-01,-7.754069170249729970e-01,-2.707562289236913333e-01,7.897014355131553032e-01,-4.196887180635389125e-01,1.238816149457046267e-01
-6.229219016698166467e-01,5.441148694030143451e-01,-2.325940255408903146e-01,-1.508641497838665746e+00,-4.253143665144286101e-01,1.013107415575034559e-01,-4.582187390443441810e-01,-7.647587771265387246e-01,1.728542661975830119e-01,-7.754069170249729970e-01,-8.092769052360058168e-01,-1.283645962745322056e+00,-4.196887180635389125e-01,1.168172914488007974e+00
6.691580977266503583e-01,5.441148694030143451e-01,-2.325940255408903146e-01,8.743462339390176696e-01,6.861200889898743105e-01,8.108205238192475184e-01,2.182363824940011909e+00,1.639105483795093132e+00,-1.507441482849742054e-01,1.289645446853545208e+00,1.614066138169409692e+00,7.897014355131553032e-01,2.272654001589352379e+00,1.516270014335442173e+00
-4.075752351037388310e-01,5.441148694030143451e-01,-1.117839943644278966e+00,8.743462339390176696e-01,5.194049206642288308e-01,2.518240229918830651e-03,-4.582187390443441810e-01,1.639105483795093132e+00,-1.258519625555467036e-01,1.289645446853545208e+00,-1.495890767534042119e-03,7.897014355131553032e-01,-4.196887180635389125e-01,1.516270014335442173e+00
2.384647645944946437e-01,5.441148694030143451e-01,6.526518925624983369e-01,8.743462339390176696e-01,-8.526445700315014864e-03,-1.793709056635256260e+00,2.182363824940011909e+00,-7.647587771265387246e-01,-6.983722343323787163e-01,1.289645446853545208e+00,8.825755528451835474e-02,7.897014355131553032e-01,-4.196887180635389125e-01,1.516270014335442173e+00
2.311809802841681069e-02,-1.837847219829066070e+00,1.537897810665886933e+00,-1.508641497838665746e+00,1.304028612377228502e-01,3.617636996029538476e-01,-4.582187390443441810e-01,-7.647587771265387246e-01,7.702667237038424153e-01,-7.754069170249729970e-01,4.472713394927279595e-01,-2.469722636160833762e-01,-4.196887180635389125e-01,1.238816149457046267e-01
8.845047642927281739e-01,5.441148694030143451e-01,1.537897810665886933e+00,-3.171476319498239826e-01,-3.481759119151261572e+00,-1.793709056635256260e+00,-4.582187390443441810e-01,-7.647587771265387246e-01,-3.262267364463408814e+00,-7.754069170249729970e-01,-8.092769052360058168e-01,-1.283645962745322056e+00,-4.196887180635389125e-01,-9.204096845965986651e-01
9.921780975757670262e-01,5.441148694030143451e-01,-1.117839943644278966e+00,8.743462339390176696e-01,1.304028612377228502e-01,4.874996103835160799e-01,-4.582187390443441810e-01,1.639105483795093132e+00,3.968839377624303055e-01,-7.754069170249729970e-01,4.472713394927279595e-01,7.897014355131553032e-01,9.264826417629067334e-01,1.516270014335442173e+00
1.099851430858805879e+00,5.441148694030143451e-01,1.537897810665886933e+00,8.743462339390176696e-01,1.304028612377228502e-01,2.090843793694139585e-01,-4.582187390443441810e-01,4.371733533342772038e-01,-7.606759109669175567e-02,-7.754069170249729970e-01,-3.605096749757437102e-01,7.897014355131553032e-01,-4.196887180635389125e-01,-9.204096845965986651e-01
-1.161288568085011352e+00,5.441148694030143451e-01,-1.117839943644278966e+00,8.743462339390176696e-01,-1.474557526383528661e-01,-2.040478989095762807e-01,-4.582187390443441810e-01,1.639105483795093132e+00,-2.752050769321116030e-01,1.289645446853545208e+00,1.434559246065304716e+00,7.897014355131553032e-01,-4.196887180635389125e-01,1.516270014335442173e+00
2.311809802841681069e-02,5.441148694030143451e-01,-2.325940255408903146e-01,-3.171476319498239826e-01,-1.474557526383528661e-01,3.438014266343020764e-01,-4.582187390443441810e-01,-7.647587771265387246e-01,5.711292378684226234e-01,-7.754069170249729970e-01,-8.092769052360058168e-01,-1.283645962745322056e+00,-4.196887180635389125e-01,-9.204096845965986651e-01
1.307914313114557359e-01,5.441148694030143451e-01,6.526518925624983369e-01,8.743462339390176696e-01,4.082614751137985665e-01,-1.793709056635256260e+00,-4.582187390443441810e-01,-7.647587771265387246e-01,-1.196215948920928307e+00,-7.754069170249729970e-01,-8.092769052360058168e-01,7.897014355131553032e-01,-4.196887180635389125e-01,1.516270014335442173e+00
-2.999019018206999232e-01,-1.837847219829066070e+00,-1.117839943644278966e+00,-1.508641497838665746e+00,-1.474557526383528661e-01,8.557262062408769188e-01,-4.582187390443441810e-01,1.639105483795093132e+00,6.458057950567051009e-01,-7.754069170249729970e-01,-2.707562289236913333e-01,-2.469722636160833762e-01,-4.196887180635389125e-01,1.238816149457046267e-01
-2.776388567330594803e+00,5.441148694030143451e-01,-1.117839943644278966e+00,-3.171476319498239826e-01,1.304028612377228502e-01,-6.081990407042406899e-01,-4.582187390443441810e-01,1.639105483795093132e+00,1.342786995480674372e+00,-7.754069170249729970e-01,-8.092769052360058168e-01,-1.283645962745322056e+00,-4.196887180635389125e-01,-9.204096845965986651e-01
7.768314310096892106e-01,5.441148694030143451e-01,1.537897810665886933e+00,8.743462339390176696e-01,-3.481759119151261572e+00,-1.793709056635256260e+00,2.182363824940011909e+00,4.371733533342772038e-01,-1.121539391732645718e+00,-7.754069170249729970e-01,5.370247855447803920e-01,7.897014355131553032e-01,-4.196887180635389125e-01,1.516270014335442173e+00
1.307914313114557359e-01,5.441148694030143451e-01,-2.325940255408903146e-01,-9.128945648942448088e-01,4.082614751137985665e-01,8.557262062408769188e-01,-4.582187390443441810e-01,-7.647587771265387246e-01,1.230698947387280501e-01,-7.754069170249729970e-01,-8.092769052360058168e-01,-1.283645962745322056e+00,-4.196887180635389125e-01,-9.204096845965986651e-01
-4.075752351037388310e-01,5.441148694030143451e-01,6.526518925624983369e-01,8.743462339390176696e-01,-2.863850595763907658e-01,-1.793709056635256260e+00,-4.582187390443441810e-01,-7.647587771265387246e-01,-2.752050769321116030e-01,1.289645446853545208e+00,-3.605096749757437102e-01,7.897014355131553032e-01,-4.196887180635389125e-01,1.168172914488007974e+00
-8.455523525462210754e-02,5.441148694030143451e-01,1.537897810665886933e+00,-1.508641497838665746e+00,8.250493959279121547e-01,-2.220101718782280520e-01,2.182363824940011909e+00,4.371733533342772038e-01,7.204823522449874673e-01,-7.754069170249729970e-01,-8.092769052360058168e-01,-1.283645962745322056e+00,-4.196887180635389125e-01,1.168172914488007974e+00
4.538114311605724871e-01,5.441148694030143451e-01,1.537897810665886933e+00,8.743462339390176696e-01,-3.481759119151261572e+00,2.946164968289645414e-02,2.182363824940011909e+00,-7.647587771265387246e-01,-3.262267364463408814e+00,-7.754069170249729970e-01,-8.092769052360058168e-01,-1.283645962745322056e+00,-4.196887180635389125e-01,-9.204096845965986651e-01
6.691580977266503583e-01,-1.837847219829066070e+00,-1.117839943644278966e+00,-9.128945648942448088e-01,6.861200889898743105e-01,3.617636996029538476e-01,-4.582187390443441810e-01,-7.647587771265387246e-01,9.942963952686897366e-01,-7.754069170249729970e-01,-1.495890767534042119e-03,-2.469722636160833762e-01,-4.196887180635389125e-01,1.238816149457046267e-01
-1.268961901368050205e+00,5.441148694030143451e-01,6.526518925624983369e-01,8.743462339390176696e-01,5.471907820518364662e-01,-1.793709056635256260e+00,-4.582187390443441810e-01,-7.647587771265387246e-01,-7.979409772500886122e-01,1.289645446853545208e+00,-8.092769052360058168e-01,7.897014355131553032e-01,-4.196887180635389125e-01,-9.204096845965986651e-01
3.461380978775335793e-01,-1.837847219829066070e+00,-1.117839943644278966e+00,8.743462339390176696e-01,4.082614751137985665e-01,3.707448360872797055e-01,-4.582187390443441810e-01,-7.647587771265387246e-01,-2.005285197438291533e-01,1.289645446853545208e+00,-6.297700131319009520e-01,7.897014355131553032e-01,-4.196887180635389125e-01,1.516270014335442173e+00
-4.075752351037388310e-01,5.441148694030143451e-01,-2.325940255408903146e-01,-3.171476319498239826e-01,-1.474557526383528661e-01,-2.848781272685091404e-01,-4.582187390443441810e-01,-7.647587771265387246e-01,7.204823522449874673e-01,-7.754069170249729970e-01,-8.092769052360058168e-01,-1.283645962745322056e+00,-4.196887180635389125e-01,-9.204096845965986651e-01
-1.922285685376610154e-01,5.441148694030143451e-01,-1.117839943644278966e+00,-9.128945648942448088e-01,7.416918117650894704e-01,8.826696156938546034e-01,2.182363824940011909e+00,-7.647587771265387246e-01,1.168541695374682110e+00,-7.754069170249729970e-01,2.677644473886231502e-01,7.897014355131553032e-01,-4.196887180635389125e-01,1.516270014335442173e+00
2.384647645944946437e-01,5.441148694030143451e-01,1.537897810665886933e+00,-1.508641497838665746e+00,-3.481759119151261572e+00,7.436733210452582676e-02,2.182363824940011909e+00,4.371733533342772038e-01,-3.262267364463408814e+00,-7.754069170249729970e-01,-8.092769052360058168e-01,-1.283645962745322056e+00,-4.196887180635389125e-01,-9.204096845965986651e-01
-8.455523525462210754e-02,5.441148694030143451e-01,6.526518925624983369e-01,-1.508641497838665746e+00,9.639787028659499990e-01,-1.793709056635256260e+00,-4.582187390443441810e-01,1.639105483795093132e+00,-2.254207054732566273e-01,1.289645446853545208e+00,-8.092769052360058168e-01,-1.283645962745322056e+00,-4.196887180635389125e-01,1.516270014335442173e+00
7.768314310096892106e-01,5.441148694030143451e-01,1.537897810665886933e+00,-1.508641497838665746e+00,-1.474557526383528661e-01,1.232933938582563727e+00,-4.582187390443441810e-01,-7.647587771265387246e-01,-8.228331629795160307e-01,1.289645446853545208e+00,-8.092769052360058168e-01,-1.283645962745322056e+00,-4.196887180635389125e-01,-9.204096845965986651e-01
2.384647645944946437e-01,5.441148694030143451e-01,-2.325940255408903146e-01,8.743462339390176696e-01,6.861200889898743105e-01,1.192730145261551994e-01,2.182363824940011909e+00,-7.647587771265387246e-01,-1.507441482849742054e-01,1.289645446853545208e+00,8.825755528451835474e-02,7.897014355131553032e-01,-4.196887180635389125e-01,-9.204096845965986651e-01
-2.999019018206999232e-01,5.441148694030143451e-01,1.537897810665886933e+00,8.743462339390176696e-01,-3.481759119151261572e+00,2.450089253067174455e-01,2.182363824940011909e+00,4.371733533342772038e-01,-3.262267364463408814e+00,-7.754069170249729970e-01,-8.092769052360058168e-01,-1.283645962745322056e+00,-4.196887180635389125e-01,-9.204096845965986651e-01
7.768314310096892106e-01,5.441148694030143451e-01,-2.325940255408903146e-01,8.743462339390176696e-01,-8.526445700315014864e-03,8.287827967878993451e-01,-4.582187390443441810e-01,4.371733533342772038e-01,-3.996660055792489730e-01,1.289645446853545208e+00,-8.092769052360058168e-01,-1.283645962745322056e+00,-4.196887180635389125e-01,-9.204096845965986651e-01
1.422871430707922658e+00,5.441148694030143451e-01,6.526518925624983369e-01,-9.128945648942448088e-01,5.471907820518364662e-01,-1.793709056635256260e+00,-4.582187390443441810e-01,1.639105483795093132e+00,-1.507441482849742054e-01,-7.754069170249729970e-01,-8.092769052360058168e-01,7.897014355131553032e-01,-4.196887180635389125e-01,1.238816149457046267e-01
-1.376635234651089057e+00,5.441148694030143451e-01,-1.117839943644278966e+00,-1.508641497838665746e+00,-3.697426437392134502e-01,4.515750644462125929e-01,-4.582187390443441810e-01,-7.647587771265387246e-01,1.193433881104109640e+00,-7.754069170249729970e-01,-8.092769052360058168e-01,-2.469722636160833762e-01,-4.196887180635389125e-01,1.238816149457046267e-01
3.461380978775335793e-01,5.441148694030143451e-01,-1.117839943644278966e+00,8.743462339390176696e-01,1.102908009803987843e+00,8.018393873349216605e-01,2.182363824940011909e+00,1.639105483795093132e+00,-1.756363340144016794e-01,-7.754069170249729970e-01,8.825755528451835474e-02,7.897014355131553032e-01,3.618825361415798358e+00,1.516270014335442173e+00
9.921780975757670262e-01,5.441148694030143451e-01,1.537897810665886933e+00,8.743462339390176696e-01,1.241837316742025799e+00,-2.040478989095762807e-01,-4.582187390443441810e-01,-7.647587771265387246e-01,-1.171323763191500777e+00,1.289645446853545208e+00,1.434559246065304716e+00,1.826375134642393983e+00,-4.196887180635389125e-01,-9.204096845965986651e-01
6.691580977266503583e-01,-1.837847219829066070e+00,1.537897810665886933e+00,8.743462339390176696e-01,6.861200889898743105e-01,8.108205238192475184e-01,2.182363824940011909e+00,1.639105483795093132e+00,-1.507441482849742054e-01,1.289645446853545208e+00,1.524312692117357093e+00,7.897014355131553032e-01,2.272654001589352379e+00,1.168172914488007974e+00
1.099851430858805879e+00,5.441148694030143451e-01,1.537897810665886933e+00,8.743462339390176696e-01,5.194049206642288308e-01,-1.793709056635256260e+00,-4.582187390443441810e-01,4.371733533342772038e-01,-2.254207054732566273e-01,1.289645446853545208e+00,8.825755528451835474e-02,7.897014355131553032e-01,-4.196887180635389125e-01,-9.204096845965986651e-01
2.384647645944946437e-01,5.441148694030143451e-01,6.526518925624983369e-01,8.743462339390176696e-01,4.082614751137985665e-01,-1.793709056635256260e+00,-4.582187390443441810e-01,-7.647587771265387246e-01,-2.503128912026840736e-01,1.289645446853545208e+00,8.062851237009377448e-01,-2.469722636160833762e-01,-4.196887180635389125e-01,-9.204096845965986651e-01
-1.376635234651089057e+00,-1.837847219829066070e+00,-2.325940255408903146e-01,-3.171476319498239826e-01,-4.253143665144286101e-01,4.515750644462125929e-01,-4.582187390443441810e-01,4.371733533342772038e-01,2.724230091152929356e-01,-7.754069170249729970e-01,-8.092769052360058168e-01,-1.283645962745322056e+00,-4.196887180635389125e-01,-9.204096845965986651e-01
1.307914313114557359e-01,5.441148694030143451e-01,-2.325940255408903146e-01,-3.171476319498239826e-01,4.082614751137985665e-01,-3.340630570738466892e-02,-4.582187390443441810e-01,-7.647587771265387246e-01,4.715604949507127275e-01,-7.754069170249729970e-01,-8.092769052360058168e-01,-1.283645962745322056e+00,-4.196887180635389125e-01,1.516270014335442173e+00
-1.807328567783244688e+00,-1.837847219829066070e+00,-2.325940255408903146e-01,8.743462339390176696e-01,1.304028612377228502e-01,-2.399724448468797955e-01,-4.582187390443441810e-01,4.371733533342772038e-01,1.317894809751246843e+00,-7.754069170249729970e-01,-8.092769052360058168e-01,-1.283645962745322056e+00,-4.196887180635389125e-01,-9.204096845965986651e-01
-1.268961901368050205e+00,5.441148694030143451e-01,-1.117839943644278966e+00,-1.508641497838665746e+00,-1.474557526383528661e-01,3.617636996029538476e-01,2.182363824940011909e+00,-7.647587771265387246e-01,1.566816667045521694e+00,-7.754069170249729970e-01,-9.124933681958644072e-02,1.826375134642393983e+00,-4.196887180635389125e-01,1.516270014335442173e+00
1.307914313114557359e-01,5.441148694030143451e-01,-1.117839943644278966e+00,8.743462339390176696e-01,4.082614751137985665e-01,1.551975604634587003e-01,-4.582187390443441810e-01,-7.647587771265387246e-01,-4.992347484969588689e-01,1.289645446853545208e+00,4.216916073678929067e+00,1.826375134642393983e+00,-4.196887180635389125e-01,1.516270014335442173e+00
-1.376635234651089057e+00,5.441148694030143451e-01,1.537897810665886933e+00,8.743462339390176696e-01,6.861200889898743105e-01,-2.579347178155315667e-01,-4.582187390443441810e-01,-7.647587771265387246e-01,-7.606759109669175567e-02,1.289645446853545208e+00,5.370247855447803920e-01,7.897014355131553032e-01,-4.196887180635389125e-01,-9.204096845965986651e-01
-1.376635234651089057e+00,5.441148694030143451e-01,6.526518925624983369e-01,8.743462339390176696e-01,-8.526445700315014864e-03,-1.793709056635256260e+00,-4.582187390443441810e-01,-7.647587771265387246e-01,1.118757323915827051e+00,-7.754069170249729970e-01,6.267782315968328799e-01,-2.469722636160833762e-01,-4.196887180635389125e-01,-9.204096845965986651e-01
1.099851430858805879e+00,5.441148694030143451e-01,-1.117839943644278966e+00,-1.508641497838665746e+00,-8.526445700315014864e-03,9.814621170214391510e-01,-4.582187390443441810e-01,-7.647587771265387246e-01,-1.391033908409332418e-03,1.289645446853545208e+00,8.062851237009377448e-01,7.897014355131553032e-01,-4.196887180635389125e-01,1.516270014335442173e+00
1.422871430707922658e+00,5.441148694030143451e-01,-1.117839943644278966e+00,8.743462339390176696e-01,1.019550425641165159e+00,9.904432535057651199e-01,2.182363824940011909e+00,1.639105483795093132e+00,-5.739113056852412909e-01,1.289645446853545208e+00,2.332093706585828929e+00,1.826375134642393983e+00,3.618825361415798358e+00,1.168172914488007974e+00
-9.459419015189334257e-01,-1.837847219829066070e+00,-1.117839943644278966e+00,8.743462339390176696e-01,3.526897523385834066e-01,3.258391536656503051e-01,-4.582187390443441810e-01,1.639105483795093132e+00,5.213448664095676754e-01,1.289645446853545208e+00,-6.297700131319009520e-01,7.897014355131553032e-01,-4.196887180635389125e-01,1.238816149457046267e-01
-1.268961901368050205e+00,5.441148694030143451e-01,6.526518925624983369e-01,8.743462339390176696e-01,-5.642436734524665098e-01,-1.793709056635256260e+00,-4.582187390443441810e-01,-7.647587771265387246e-01,-7.606759109669175567e-02,1.289645446853545208e+00,-2.155578596016792137e+00,1.826375134642393983e+00,-4.196887180635389125e-01,-9.204096845965986651e-01
4.538114311605724871e-01,-1.837847219829066070e+00,-1.117839943644278966e+00,8.743462339390176696e-01,1.304028612377228502e-01,-2.442516922305879370e-02,-4.582187390443441810e-01,-7.647587771265387246e-01,-1.391033908409332418e-03,-7.754069170249729970e-01,-2.707562289236913333e-01,7.897014355131553032e-01,-4.196887180635389125e-01,1.238816149457046267e-01
9.921780975757670262e-01,5.441148694030143451e-01,-1.117839943644278966e+00,8.743462339390176696e-01,4.082614751137985665e-01,-1.142365340663175494e-01,-4.582187390443441810e-01,1.639105483795093132e+00,3.222073805741478836e-01,1.289645446853545208e+00,2.780860936846091036e+00,-2.469722636160833762e-01,2.272654001589352379e+00,1.516270014335442173e+00
-6.229219016698166467e-01,5.441148694030143451e-01,-2.325940255408903146e-01,-3.171476319498239826e-01,-7.031729803905043541e-01,-1.793709056635256260e+00,-4.582187390443441810e-01,-7.647587771265387246e-01,-7.730487915206610827e-01,-7.754069170249729970e-01,-8.092769052360058168e-01,-1.283645962745322056e+00,-4.196887180635389125e-01,-9.204096845965986651e-01
-2.999019018206999232e-01,5.441148694030143451e-01,-1.117839943644278966e+00,-1.508641497838665746e+00,-7.031729803905043541e-01,2.001032428850880729e-01,-4.582187390443441810e-01,-7.647587771265387246e-01,2.973151948447204096e-01,1.289645446853545208e+00,2.677644473886231502e-01,7.897014355131553032e-01,-4.196887180635389125e-01,1.238816149457046267e-01
5.614847644436113949e-01,5.441148694030143451e-01,-1.117839943644278966e+00,-9.128945648942448088e-01,1.464124207842886438e+00,6.311977941327300279e-01,-4.582187390443441810e-01,1.639105483795093132e+00,3.470995663035753576e-01,-7.754069170249729970e-01,2.960367828950195790e+00,1.826375134642393983e+00,-4.196887180635389125e-01,1.516270014335442173e+00
3.461380978775335793e-01,5.441148694030143451e-01,-1.117839943644278966e+00,-1.508641497838665746e+00,6.861200889898743105e-01,-6.620858596101959481e-01,2.182363824940011909e+00,-7.647587771265387246e-01,1.044080766727544685e+00,-7.754069170249729970e-01,-6.297700131319009520e-01,-2.469722636160833762e-01,9.264826417629067334e-01,1.516270014335442173e+00
-8.455523525462210754e-02,5.441148694030143451e-01,-2.325940255408903146e-01,-3.171476319498239826e-01,4.082614751137985665e-01,1.080254618349023810e+00,-4.582187390443441810e-01,-7.647587771265387246e-01,7.702667237038424153e-01,-7.754069170249729970e-01,-8.092769052360058168e-01,-1.283645962745322056e+00,-4.196887180635389125e-01,-9.204096845965986651e-01
4.538114311605724871e-01,5.441148694030143451e-01,-1.117839943644278966e+00,8.743462339390176696e-01,-7.031729803905043541e-01,3.078768806969985894e-01,-4.582187390443441810e-01,-7.647587771265387246e-01,6.209136093272775714e-01,-7.754069170249729970e-01,-7.195234591839534399e-01,-2.469722636160833762e-01,9.264826417629067334e-01,1.516270014335442173e+00
-4.075752351037388310e-01,5.441148694030143451e-01,-2.325940255408903146e-01,-3.171476319498239826e-01,4.082614751137985665e-01,1.462164239791328424e-01,-4.582187390443441810e-01,-7.647587771265387246e-01,9.694042095392622072e-01,-7.754069170249729970e-01,-8.092769052360058168e-01,-1.283645962745322056e+00,-4.196887180635389125e-01,1.238816149457046267e-01
1.207524764141844953e+00,5.441148694030143451e-01,1.537897810665886933e+00,-9.128945648942448088e-01,-3.481759119151261572e+00,4.695373374148643086e-01,-4.582187390443441810e-01,-7.647587771265387246e-01,-3.262267364463408814e+00,-7.754069170249729970e-01,-8.092769052360058168e-01,-1.283645962745322056e+00,-4.196887180635389125e-01,-9.204096845965986651e-01
7.768314310096892106e-01,5.441148694030143451e-01,1.537897810665886933e+00,8.743462339390176696e-01,-4.253143665144286101e-01,-1.793709056635256260e+00,-4.582187390443441810e-01,-7.647587771265387246e-01,-5.739113056852412909e-01,1.289645446853545208e+00,9.857920158050426096e-01,1.826375134642393983e+00,-4.196887180635389125e-01,-9.204096845965986651e-01
-4.075752351037388310e-01,-1.837847219829066070e+00,-1.117839943644278966e+00,-3.171476319498239826e-01,-1.474557526383528661e-01,2.270466523380657020e-01,-4.582187390443441810e-01,-7.647587771265387246e-01,1.019188580998117155e+00,-7.754069170249729970e-01,-4.502631210277961427e-01,-2.469722636160833762e-01,-4.196887180635389125e-01,1.238816149457046267e-01
4.538114311605724871e-01,5.441148694030143451e-01,1.537897810665886933e+00,-3.171476319498239826e-01,1.925941568729255815e-02,-1.793709056635256260e+00,2.182363824940011909e+00,-7.647587771265387246e-01,-5.241269342263863429e-01,1.289645446853545208e+00,9.857920158050426096e-01,7.897014355131553032e-01,-4.196887180635389125e-01,-9.204096845965986651e-01
3.461380978775335793e-01,5.441148694030143451e-01,1.537897810665886933e+00,8.743462339390176696e-01,1.304028612377228502e-01,6.538619562019995501e-02,-4.582187390443441810e-01,4.371733533342772038e-01,-8.726175344383709787e-01,1.289645446853545208e+00,8.825755528451835474e-02,7.897014355131553032e-01,-4.196887180635389125e-01,-9.204096845965986651e-01
8.845047642927281739e-01,-1.837847219829066070e+00,-1.117839943644278966e+00,8.743462339390176696e-01,-3.631230708792258788e-02,8.334846858885169851e-02,-4.582187390443441810e-01,-7.647587771265387246e-01,7.951589094332699448e-01,-7.754069170249729970e-01,-8.092769052360058168e-01,-2.469722636160833762e-01,-4.196887180635389125e-01,1.238816149457046267e-01
-8.455523525462210754e-02,5.441148694030143451e-01,6.526518925624983369e-01,-3.171476319498239826e-01,-1.474557526383528661e-01,-1.793709056635256260e+00,-4.582187390443441810e-01,-7.647587771265387246e-01,-8.975097201677985082e-01,-7.754069170249729970e-01,-8.092769052360058168e-01,7.897014355131553032e-01,-4.196887180635389125e-01,1.238816149457046267e-01
-6.229219016698166467e-01,5.441148694030143451e-01,-2.325940255408903146e-01,-3.171476319498239826e-01,4.082614751137985665e-01,3.438014266343020764e-01,-4.582187390443441810e-01,-7.647587771265387246e-01,-3.249894483909665510e-01,-7.754069170249729970e-01,-8.092769052360058168e-01,-1.283645962745322056e+00,-4.196887180635389125e-01,-9.204096845965986651e-01
4.538114311605724871e-01,5.441148694030143451e-01,1.537897810665886933e+00,8.743462339390176696e-01,1.859745840129379824e-01,2.319651453185994416e+00,2.182363824940011909e+00,-7.647587771265387246e-01,-1.544706549132912832e+00,-7.754069170249729970e-01,8.825755528451835474e-02,1.826375134642393983e+00,-4.196887180635389125e-01,-9.204096845965986651e-01
1.422871430707922658e+00,5.441148694030143451e-01,1.537897810665886933e+00,-9.128945648942448088e-01,4.638331978890137264e-01,6.311977941327300279e-01,2.182363824940011909e+00,-7.647587771265387246e-01,-1.507441482849742054e-01,-7.754069170249729970e-01,1.434559246065304716e+00,-2.469722636160833762e-01,-4.196887180635389125e-01,-9.204096845965986651e-01
8.845047642927281739e-01,5.441148694030143451e-01,1.537897810665886933e+00,8.743462339390176696e-01,-1.474557526383528661e-01,1.821409699164363294e-01,-4.582187390443441810e-01,4.371733533342772038e-01,-1.121539391732645718e+00,-7.754069170249729970e-01,-8.092769052360058168e-01,-1.283645962745322056e+00,-4.196887180635389125e-01,-9.204096845965986651e-01
-2.999019018206999232e-01,5.441148694030143451e-01,-1.117839943644278966e+00,-1.508641497838665746e+00,3.526897523385834066e-01,3.797259725716055634e-01,-4.582187390443441810e-01,-7.647587771265387246e-01,8.698354666215523112e-01,-7.754069170249729970e-01,-9.124933681958644072e-02,-2.469722636160833762e-01,-4.196887180635389125e-01,1.238816149457046267e-01
5.614847644436113949e-01,5.441148694030143451e-01,-1.117839943644278966e+00,8.743462339390176696e-01,3.526897523385834066e-01,6.401789306170559968e-01,-4.582187390443441810e-01,1.639105483795093132e+00,1.268110438292392006e+00,-7.754069170249729970e-01,-8.092769052360058168e-01,-2.469722636160833762e-01,-4.196887180635389125e-01,1.238816149457046267e-01
-8.455523525462210754e-02,5.441148694030143451e-01,6.526518925624983369e-01,8.743462339390176696e-01,-1.474557526383528661e-01,-1.793709056635256260e+00,-4.582187390443441810e-01,-7.647587771265387246e-01,-2.752050769321116030e-01,-7.754069170249729970e-01,-8.092769052360058168e-01,7.897014355131553032e-01,-4.196887180635389125e-01,1.516270014335442173e+00
-5.152485683867777944e-01,-1.837847219829066070e+00,6.526518925624983369e-01,-3.171476319498239826e-01,-3.631230708792258788e-02,1.641786969477845859e-01,-4.582187390443441810e-01,-7.647587771265387246e-01,1.093865138186399744e+00,-7.754069170249729970e-01,-6.297700131319009520e-01,-2.469722636160833762e-01,-4.196887180635389125e-01,1.238816149457046267e-01
1.315198097424883805e+00,5.441148694030143451e-01,1.537897810665886933e+00,8.743462339390176696e-01,-3.697426437392134502e-01,5.503675657737971960e-01,-4.582187390443441810e-01,-7.647587771265387246e-01,2.226386376564379599e-01,-7.754069170249729970e-01,5.370247855447803920e-01,-2.469722636160833762e-01,-4.196887180635389125e-01,-9.204096845965986651e-01
9.921780975757670262e-01,5.441148694030143451e-01,1.537897810665886933e+00,8.743462339390176696e-01,-8.143164259409346739e-01,9.455375710841357195e-01,-4.582187390443441810e-01,4.371733533342772038e-01,-2.503128912026840736e-01,1.289645446853545208e+00,8.825755528451835474e-02,-2.469722636160833762e-01,-4.196887180635389125e-01,-9.204096845965986651e-01
-1.922285685376610154e-01,-1.837847219829066070e+00,1.537897810665886933e+00,-1.508641497838665746e+00,7.483113846250770418e-02,3.078768806969985894e-01,-4.582187390443441810e-01,-7.647587771265387246e-01,9.445120238098347887e-01,-7.754069170249729970e-01,-1.810027828716389287e-01,7.897014355131553032e-01,-4.196887180635389125e-01,1.238816149457046267e-01
-4.075752351037388310e-01,5.441148694030143451e-01,6.526518925624983369e-01,8.743462339390176696e-01,-1.474557526383528661e-01,-1.793709056635256260e+00,-4.582187390443441810e-01,4.371733533342772038e-01,6.209136093272775714e-01,1.289645446853545208e+00,-8.092769052360058168e-01,-2.469722636160833762e-01,-4.196887180635389125e-01,1.168172914488007974e+00
8.845047642927281739e-01,5.441148694030143451e-01,1.537897810665886933e+00,-1.508641497838665746e+00,-1.474557526383528661e-01,1.821409699164363294e-01,-4.582187390443441810e-01,1.639105483795093132e+00,-1.121539391732645718e+00,-7.754069170249729970e-01,-8.092769052360058168e-01,-1.283645962745322056e+00,-4.196887180635389125e-01,-9.204096845965986651e-01
-4.075752351037388310e-01,5.441148694030143451e-01,-1.117839943644278966e+00,-1.508641497838665746e+00,2.693321681757607222e-01,5.413864292894713381e-01,-4.582187390443441810e-01,-7.647587771265387246e-01,7.204823522449874673e-01,-7.754069170249729970e-01,2.677644473886231502e-01,7.897014355131553032e-01,-4.196887180635389125e-01,1.238816149457046267e-01
-8.382685682358945733e-01,5.441148694030143451e-01,-2.325940255408903146e-01,8.743462339390176696e-01,-4.253143665144286101e-01,3.617636996029538476e-01,-4.582187390443441810e-01,4.371733533342772038e-01,2.226386376564379599e-01,-7.754069170249729970e-01,-8.092769052360058168e-01,-1.283645962745322056e+00,-4.196887180635389125e-01,1.238816149457046267e-01
-8.455523525462210754e-02,-1.837847219829066070e+00,6.526518925624983369e-01,-1.508641497838665746e+00,2.693321681757607222e-01,4.515750644462125929e-01,-4.582187390443441810e-01,-7.647587771265387246e-01,8.449432808921248927e-01,-7.754069170249729970e-01,-1.495890767534042119e-03,7.897014355131553032e-01,-4.196887180635389125e-01,1.238816149457046267e-01
-6.229219016698166467e-01,5.441148694030143451e-01,-2.325940255408903146e-01,8.743462339390176696e-01,-5.364578120648588744e-01,5.683298387424489118e-01,2.182363824940011909e+00,-7.647587771265387246e-01,-5.241269342263863429e-01,-7.754069170249729970e-01,-8.092769052360058168e-01,-1.283645962745322056e+00,-4.196887180635389125e-01,-9.204096845965986651e-01
5.614847644436113949e-01,5.441148694030143451e-01,-1.117839943644278966e+00,-1.508641497838665746e+00,1.925941568729255815e-02,1.641786969477845859e-01,2.182363824940011909e+00,-7.647587771265387246e-01,7.328552327987310211e-02,-7.754069170249729970e-01,1.165298907909147585e+00,7.897014355131553032e-01,9.264826417629067334e-01,1.168172914488007974e+00
1.307914313114557359e-01,5.441148694030143451e-01,1.537897810665886933e+00,8.743462339390176696e-01,-2.585991981887831859e-01,-1.232176705506434211e-01,2.182363824940011909e+00,4.371733533342772038e-01,-7.232644200618061348e-01,-7.754069170249729970e-01,-8.092769052360058168e-01,-1.283645962745322056e+00,-4.196887180635389125e-01,-9.204096845965986651e-01
-8.455523525462210754e-02,5.441148694030143451e-01,-2.325940255408903146e-01,8.743462339390176696e-01,1.304028612377228502e-01,-1.591422164879469081e-01,-4.582187390443441810e-01,-7.647587771265387246e-01,4.217761234918577795e-01,-7.754069170249729970e-01,-8.092769052360058168e-01,-1.283645962745322056e+00,-4.196887180635389125e-01,-9.204096845965986651e-01
-1.807328567783244688e+00,5.441148694030143451e-01,-2.325940255408903146e-01,8.743462339390176696e-01,4.082614751137985665e-01,6.538619562019995501e-02,-4.582187390443441810e-01,-7.647587771265387246e-01,-2.628321963783680770e-02,1.289645446853545208e+00,5.370247855447803920e-01,7.897014355131553032e-01,-4.196887180635389125e-01,-9.204096845965986651e-01
-1.922285685376610154e-01,5.441148694030143451e-01,-1.117839943644278966e+00,-9.128945648942448088e-01,-2.030274754135680260e-01,-1.232176705506434211e-01,-4.582187390443441810e-01,1.639105483795093132e+00,1.467247924127811798e+00,-7.754069170249729970e-01,-8.092769052360058168e-01,7.897014355131553032e-01,-4.196887180635389125e-01,1.168172914488007974e+00
8.845047642927281739e-01,5.441148694030143451e-01,6.526518925624983369e-01,-9.128945648942448088e-01,-1.474557526383528661e-01,-1.793709056635256260e+00,-4.582187390443441810e-01,1.639105483795093132e+00,7.328552327987310211e-02,-7.754069170249729970e-01,-1.527304473652425276e+00,7.897014355131553032e-01,2.272654001589352379e+00,-9.204096845965986651e-01
-5.152485683867777944e-01,5.441148694030143451e-01,-1.117839943644278966e+00,-1.508641497838665746e+00,-2.030274754135680260e-01,-4.555197204707007730e-01,-4.582187390443441810e-01,1.639105483795093132e+00,-1.258519625555467036e-01,-7.754069170249729970e-01,-9.124933681958644072e-02,-2.469722636160833762e-01,3.618825361415798358e+00,1.238816149457046267e-01
1.638218097274000584e+00,5.441148694030143451e-01,1.537897810665886933e+00,8.743462339390176696e-01,-9.188402986313773391e-02,1.462164239791328424e-01,2.182363824940011909e+00,1.639105483795093132e+00,-1.171323763191500777e+00,1.289645446853545208e+00,-8.092769052360058168e-01,-1.283645962745322056e+00,-4.196887180635389125e-01,1.516270014335442173e+00
-1.484308567934127909e+00,5.441148694030143451e-01,6.526518925624983369e-01,8.743462339390176696e-01,-8.421022873285421984e-01,-1.793709056635256260e+00,-4.582187390443441810e-01,4.371733533342772038e-01,3.222073805741478836e-01,-7.754069170249729970e-01,-8.092769052360058168e-01,-2.469722636160833762e-01,-4.196887180635389125e-01,-9.204096845965986651e-01
5.614847644436113949e-01,5.441148694030143451e-01,6.526518925624983369e-01,8.743462339390176696e-01,-1.474557526383528661e-01,-1.793709056635256260e+00,-4.582187390443441810e-01,-7.647587771265387246e-01,-3.996660055792489730e-01,-7.754069170249729970e-01,-8.092769052360058168e-01,7.897014355131553032e-01,-4.196887180635389125e-01,1.238816149457046267e-01
-1.053615234801972278e+00,5.441148694030143451e-01,-2.325940255408903146e-01,8.743462339390176696e-01,6.861200889898743105e-01,1.906519174907004288e+00,-4.582187390443441810e-01,-7.647587771265387246e-01,9.694042095392622072e-01,-7.754069170249729970e-01,-8.092769052360058168e-01,-1.283645962745322056e+00,-4.196887180635389125e-01,-9.204096845965986651e-01
-1.268961901368050205e+00,5.441148694030143451e-01,6.526518925624983369e-01,-3.171476319498239826e-01,-1.474557526383528661e-01,1.013107415575034559e-01,-4.582187390443441810e-01,-7.647587771265387246e-01,1.268110438292392006e+00,-7.754069170249729970e-01,-6.297700131319009520e-01,-2.469722636160833762e-01,-4.196887180635389125e-01,1.238816149457046267e-01
4.538114311605724871e-01,5.441148694030143451e-01,1.537897810665886933e+00,-1.508641497838665746e+00,6.861200889898743105e-01,1.731598334321104438e-01,-4.582187390443441810e-01,4.371733533342772038e-01,-3.249894483909665510e-01,1.289645446853545208e+00,-8.092769052360058168e-01,-1.283645962745322056e+00,-4.196887180635389125e-01,-9.204096845965986651e-01
2.176584763689195068e+00,-1.837847219829066070e+00,-1.117839943644278966e+00,-3.171476319498239826e-01,-1.474557526383528661e-01,6.222166576484041700e-01,-4.582187390443441810e-01,1.639105483795093132e+00,-2.503128912026840736e-01,1.289645446853545208e+00,-6.297700131319009520e-01,-2.469722636160833762e-01,9.264826417629067334e-01,1.238816149457046267e-01
7.768314310096892106e-01,5.441148694030143451e-01,1.537897810665886933e+00,8.743462339390176696e-01,5.749766434394439907e-01,3.707448360872797055e-01,-4.582187390443441810e-01,-7.647587771265387246e-01,4.217761234918577795e-01,1.289645446853545208e+00,1.883326476325566823e+00,1.826375134642393983e+00,-4.196887180635389125e-01,-9.204096845965986651e-01
6.691580977266503583e-01,5.441148694030143451e-01,6.526518925624983369e-01,8.743462339390176696e-01,1.304028612377228502e-01,-1.793709056635256260e+00,-4.582187390443441810e-01,4.371733533342772038e-01,-2.628321963783680770e-02,1.289645446853545208e+00,1.780110013365708566e-01,1.826375134642393983e+00,9.264826417629067334e-01,-9.204096845965986651e-01
-2.022675234349322615e+00,5.441148694030143451e-01,-2.325940255408903146e-01,-3.171476319498239826e-01,-1.474557526383528661e-01,9.724809805371132931e-01,-4.582187390443441810e-01,1.639105483795093132e+00,1.218326066833536947e+00,-7.754069170249729970e-01,-8.092769052360058168e-01,-1.283645962745322056e+00,-4.196887180635389125e-01,-9.204096845965986651e-01
1.307914313114557359e-01,5.441148694030143451e-01,6.526518925624983369e-01,-3.171476319498239826e-01,4.082614751137985665e-01,-1.793709056635256260e+00,-4.582187390443441810e-01,4.371733533342772038e-01,4.715604949507127275e-01,-7.754069170249729970e-01,-6.297700131319009520e-01,-2.469722636160833762e-01,-4.196887180635389125e-01,-9.204096845965986651e-01
-5.152485683867777944e-01,5.441148694030143451e-01,-2.325940255408903146e-01,8.743462339390176696e-01,-1.474557526383528661e-01,8.736884792095287455e-01,-4.582187390443441810e-01,-7.647587771265387246e-01,2.350115182101814373e-02,-7.754069170249729970e-01,8.825755528451835474e-02,7.897014355131553032e-01,-4.196887180635389125e-01,-9.204096845965986651e-01
2.311809802841681069e-02,-1.837847219829066070e+00,1.537897810665886933e+00,8.743462339390176696e-01,4.704527707490013116e-02,1.197009392645260295e+00,2.182363824940011909e+00,4.371733533342772038e-01,5.711292378684226234e-01,-7.754069170249729970e-01,-8.092769052360058168e-01,-1.283645962745322056e+00,-4.196887180635389125e-01,-9.204096845965986651e-01
1.315198097424883805e+00,5.441148694030143451e-01,6.526518925624983369e-01,8.743462339390176696e-01,6.861200889898743105e-01,-1.793709056635256260e+00,-4.582187390443441810e-01,-7.647587771265387246e-01,-5.739113056852412909e-01,1.289645446853545208e+00,9.857920158050426096e-01,7.897014355131553032e-01,-4.196887180635389125e-01,1.516270014335442173e+00
-1.268961901368050205e+00,5.441148694030143451e-01,-2.325940255408903146e-01,-3.171476319498239826e-01,6.861200889898743105e-01,6.132355211640783121e-01,-4.582187390443441810e-01,-7.647587771265387246e-01,1.230698947387280501e-01,-7.754069170249729970e-01,-8.092769052360058168e-01,-1.283645962745322056e+00,-4.196887180635389125e-01,-9.204096845965986651e-01
1.745891430557039437e+00,5.441148694030143451e-01,-1.117839943644278966e+00,-3.171476319498239826e-01,8.528352573155197902e-01,4.066693820245831925e-01,-4.582187390443441810e-01,1.639105483795093132e+00,2.973151948447204096e-01,-7.754069170249729970e-01,-8.092769052360058168e-01,-2.469722636160833762e-01,-4.196887180635389125e-01,1.238816149457046267e-01
-1.922285685376610154e-01,5.441148694030143451e-01,1.537897810665886933e+00,-1.508641497838665746e+00,7.483113846250770418e-02,-1.793709056635256260e+00,-4.582187390443441810e-01,4.371733533342772038e-01,1.218326066833536947e+00,-7.754069170249729970e-01,1.883326476325566823e+00,-2.469722636160833762e-01,-4.196887180635389125e-01,-9.204096845965986651e-01
-2.999019018206999232e-01,5.441148694030143451e-01,6.526518925624983369e-01,8.743462339390176696e-01,-4.253143665144286101e-01,-1.793709056635256260e+00,-4.582187390443441810e-01,-7.647587771265387246e-01,-9.721862773560808746e-01,-7.754069170249729970e-01,-8.092769052360058168e-01,7.897014355131553032e-01,-4.196887180635389125e-01,-9.204096845965986651e-01
-2.999019018206999232e-01,5.441148694030143451e-01,6.526518925624983369e-01,8.743462339390176696e-01,-8.421022873285421984e-01,-1.793709056635256260e+00,-4.582187390443441810e-01,-7.647587771265387246e-01,-1.258519625555467036e-01,-7.754069170249729970e-01,1.165298907909147585e+00,7.897014355131553032e-01,-4.196887180635389125e-01,-9.204096845965986651e-01
1.307914313114557359e-01,-1.837847219829066070e+00,-1.117839943644278966e+00,8.743462339390176696e-01,7.483113846250770418e-02,4.742392265154820458e-02,-4.582187390443441810e-01,4.371733533342772038e-01,-2.628321963783680770e-02,1.289645446853545208e+00,9.857920158050426096e-01,7.897014355131553032e-01,9.264826417629067334e-01,1.516270014335442173e+00
-9.459419015189334257e-01,-1.837847219829066070e+00,-2.325940255408903146e-01,8.743462339390176696e-01,1.859745840129379824e-01,8.736884792095287455e-01,-4.582187390443441810e-01,-7.647587771265387246e-01,3.222073805741478836e-01,-7.754069170249729970e-01,-8.092769052360058168e-01,-1.283645962745322056e+00,-4.196887180635389125e-01,-9.204096845965986651e-01
-8.382685682358945733e-01,5.441148694030143451e-01,-2.325940255408903146e-01,-1.508641497838665746e+00,6.861200889898743105e-01,-3.297838096901385407e-01,-4.582187390443441810e-01,-7.647587771265387246e-01,-3.747738198498214990e-01,-7.754069170249729970e-01,-8.092769052360058168e-01,-1.283645962745322056e+00,-4.196887180635389125e-01,-9.204096845965986651e-01
9.921780975757670262e-01,-1.837847219829066070e+00,-1.117839943644278966e+00,8.743462339390176696e-01,-4.808860892896437700e-01,6.222166576484041700e-01,-4.582187390443441810e-01,-7.647587771265387246e-01,9.445120238098347887e-01,1.289645446853545208e+00,8.062851237009377448e-01,7.897014355131553032e-01,2.272654001589352379e+00,1.238816149457046267e-01
-4.075752351037388310e-01,-1.837847219829066070e+00,1.537897810665886933e+00,-3.171476319498239826e-01,-8.526445700315014864e-03,2.719523347596951024e-01,-4.582187390443441810e-01,-7.647587771265387246e-01,9.694042095392622072e-01,-7.754069170249729970e-01,-4.502631210277961427e-01,-2.469722636160833762e-01,-4.196887180635389125e-01,1.238816149457046267e-01
8.845047642927281739e-01,5.441148694030143451e-01,1.537897810665886933e+00,8.743462339390176696e-01,8.250493959279121547e-01,9.455375710841357195e-01,2.182363824940011909e+00,1.639105483795093132e+00,-2.752050769321116030e-01,1.289645446853545208e+00,1.973079922377619200e+00,7.897014355131553032e-01,2.272654001589352379e+00,1.168172914488007974e+00
2.384647645944946437e-01,5.441148694030143451e-01,-2.325940255408903146e-01,-1.508641497838665746e+00,1.304028612377228502e-01,6.850846130386852861e-01,-4.582187390443441810e-01,-7.647587771265387246e-01,-7.606759109669175567e-02,1.289645446853545208e+00,8.825755528451835474e-02,-2.469722636160833762e-01,-4.196887180635389125e-01,1.168172914488007974e+00
-1.484308567934127909e+00,5.441148694030143451e-01,-2.325940255408903146e-01,-1.508641497838665746e+00,4.082614751137985665e-01,-1.793709056635256260e+00,-4.582187390443441810e-01,-7.647587771265387246e-01,1.417463552668956739e+00,-7.754069170249729970e-01,-8.092769052360058168e-01,-1.283645962745322056e+00,-4.196887180635389125e-01,-9.204096845965986651e-01
-8.382685682358945733e-01,5.441148694030143451e-01,-2.325940255408903146e-01,8.743462339390176696e-01,-2.030274754135680260e-01,-1.232176705506434211e-01,-4.582187390443441810e-01,-7.647587771265387246e-01,-1.756363340144016794e-01,-7.754069170249729970e-01,-8.092769052360058168e-01,-1.283645962745322056e+00,-4.196887180635389125e-01,1.516270014335442173e+00
-8.455523525462210754e-02,5.441148694030143451e-01,6.526518925624983369e-01,-1.508641497838665746e+00,-5.642436734524665098e-01,-1.793709056635256260e+00,-4.582187390443441810e-01,-7.647587771265387246e-01,-3.996660055792489730e-01,-7.754069170249729970e-01,-8.092769052360058168e-01,7.897014355131553032e-01,-4.196887180635389125e-01,1.516270014335442173e+00
-8.455523525462210754e-02,-1.837847219829066070e+00,6.526518925624983369e-01,-1.508641497838665746e+00,7.483113846250770418e-02,6.042543846797524543e-01,-4.582187390443441810e-01,-7.647587771265387246e-01,6.955901665155600488e-01,-7.754069170249729970e-01,5.370247855447803920e-01,7.897014355131553032e-01,-4.196887180635389125e-01,1.238816149457046267e-01
-2.999019018206999232e-01,5.441148694030143451e-01,1.537897810665886933e+00,-1.508641497838665746e+00,-3.481759119151261572e+00,1.250896211551215442e+00,-4.582187390443441810e-01,-7.647587771265387246e-01,-3.262267364463408814e+00,-7.754069170249729970e-01,-8.092769052360058168e-01,-1.283645962745322056e+00,-4.196887180635389125e-01,-9.204096845965986651e-01
1.315198097424883805e+00,5.441148694030143451e-01,-1.117839943644278966e+00,8.743462339390176696e-01,9.084069800907348391e-01,9.904432535057651199e-01,2.182363824940011909e+00,1.639105483795093132e+00,-3.996660055792489730e-01,1.289645446853545208e+00,2.152586814481723732e+00,1.826375134642393983e+00,3.618825361415798358e+00,1.168172914488007974e+00
7.768314310096892106e-01,5.441148694030143451e-01,6.526518925624983369e-01,8.743462339390176696e-01,4.638331978890137264e-01,1.035348935927394409e+00,2.182363824940011909e+00,1.639105483795093132e+00,-1.507441482849742054e-01,1.289645446853545208e+00,2.242340260533776330e+00,1.826375134642393983e+00,3.618825361415798358e+00,1.168172914488007974e+00
-7.305952349528556100e-01,5.441148694030143451e-01,6.526518925624983369e-01,8.743462339390176696e-01,-4.253143665144286101e-01,-1.793709056635256260e+00,-4.582187390443441810e-01,4.371733533342772038e-01,4.466683092212852535e-01,-7.754069170249729970e-01,1.075545461857095209e+00,-2.469722636160833762e-01,-4.196887180635389125e-01,-9.204096845965986651e-01
-1.699655234500205836e+00,5.441148694030143451e-01,1.537897810665886933e+00,8.743462339390176696e-01,-4.253143665144286101e-01,8.018393873349216605e-01,-4.582187390443441810e-01,-7.647587771265387246e-01,-6.485878628735237683e-01,1.289645446853545208e+00,5.370247855447803920e-01,1.826375134642393983e+00,-4.196887180635389125e-01,-9.204096845965986651e-01
1.530544763990961732e+00,5.441148694030143451e-01,1.537897810665886933e+00,-1.508641497838665746e+00,6.861200889898743105e-01,-4.238744219171054067e-02,2.182363824940011909e+00,-7.647587771265387246e-01,2.350115182101814373e-02,-7.754069170249729970e-01,-8.092769052360058168e-01,-1.283645962745322056e+00,-4.196887180635389125e-01,1.168172914488007974e+00
2.311809802841681069e-02,5.441148694030143451e-01,6.526518925624983369e-01,8.743462339390176696e-01,-1.474557526383528661e-01,-1.793709056635256260e+00,-4.582187390443441810e-01,-7.647587771265387246e-01,5.960214235978501529e-01,-7.754069170249729970e-01,-8.092769052360058168e-01,7.897014355131553032e-01,-4.196887180635389125e-01,1.516270014335442173e+00
1.099851430858805879e+00,5.441148694030143451e-01,1.537897810665886933e+00,8.743462339390176696e-01,2.415463067881531423e-01,6.581412035857077125e-01,-4.582187390443441810e-01,-7.647587771265387246e-01,-7.232644200618061348e-01,1.289645446853545208e+00,2.780860936846091036e+00,1.826375134642393983e+00,-4.196887180635389125e-01,-9.204096845965986651e-01
-1.053615234801972278e+00,5.441148694030143451e-01,-2.325940255408903146e-01,-3.171476319498239826e-01,6.861200889898743105e-01,7.928582508505958026e-01,-4.582187390443441810e-01,-7.647587771265387246e-01,4.715604949507127275e-01,1.289645446853545208e+00,1.883326476325566823e+00,7.897014355131553032e-01,-4.196887180635389125e-01,-9.204096845965986651e-01
-8.382685682358945733e-01,-1.837847219829066070e+00,1.537897810665886933e+00,-9.128945648942448088e-01,-1.474557526383528661e-01,1.372352874948069568e-01,-4.582187390443441810e-01,-7.647587771265387246e-01,1.068972952456972214e+00,-7.754069170249729970e-01,-8.092769052360058168e-01,-2.469722636160833762e-01,-4.196887180635389125e-01,1.238816149457046267e-01
4.538114311605724871e-01,5.441148694030143451e-01,-2.325940255408903146e-01,-3.171476319498239826e-01,2.971180295633683022e-01,-3.208026732058126829e-01,-4.582187390443441810e-01,4.371733533342772038e-01,-7.979409772500886122e-01,1.289645446853545208e+00,9.857920158050426096e-01,7.897014355131553032e-01,-4.196887180635389125e-01,-9.204096845965986651e-01
2.284258096972234142e+00,5.441148694030143451e-01,1.537897810665886933e+00,8.743462339390176696e-01,1.241837316742025799e+00,2.946164968289645414e-02,2.182363824940011909e+00,4.371733533342772038e-01,-5.739113056852412909e-01,-7.754069170249729970e-01,-8.092769052360058168e-01,-1.283645962745322056e+00,-4.196887180635389125e-01,1.516270014335442173e+00
-1.053615234801972278e+00,5.441148694030143451e-01,-1.117839943644278966e+00,-1.508641497838665746e+00,4.082614751137985665e-01,3.168580171813244473e-01,-4.582187390443441810e-01,1.639105483795093132e+00,1.218326066833536947e+00,-7.754069170249729970e-01,-8.092769052360058168e-01,-2.469722636160833762e-01,-4.196887180635389125e-01,1.238816149457046267e-01
-5.152485683867777944e-01,-1.837847219829066070e+00,-1.117839943644278966e+00,8.743462339390176696e-01,1.304028612377228502e-01,6.222166576484041700e-01,-4.582187390443441810e-01,-7.647587771265387246e-01,7.951589094332699448e-01,-7.754069170249729970e-01,-8.092769052360058168e-01,-2.469722636160833762e-01,-4.196887180635389125e-01,1.238816149457046267e-01
9.921780975757670262e-01,5.441148694030143451e-01,6.526518925624983369e-01,8.743462339390176696e-01,6.861200889898743105e-01,-1.793709056635256260e+00,-4.582187390443441810e-01,-7.647587771265387246e-01,-1.121539391732645718e+00,1.289645446853545208e+00,9.857920158050426096e-01,7.897014355131553032e-01,-4.196887180635389125e-01,-9.204096845965986651e-01
1.530544763990961732e+00,5.441148694030143451e-01,-1.117839943644278966e+00,-1.508641497838665746e+00,-2.030274754135680260e-01,6.940657495230111440e-01,-4.582187390443441810e-01,-7.647587771265387246e-01,4.964526806801402015e-01,-7.754069170249729970e-01,8.825755528451835474e-02,-2.469722636160833762e-01,9.264826417629067334e-01,1.516270014335442173e+00
5.614847644436113949e-01,-1.837847219829066070e+00,-2.325940255408903146e-01,8.743462339390176696e-01,1.304028612377228502e-01,1.241915075066889473e+00,2.182363824940011909e+00,4.371733533342772038e-01,-2.628321963783680770e-02,1.289645446853545208e+00,5.370247855447803920e-01,7.897014355131553032e-01,-4.196887180635389125e-01,-9.204096845965986651e-01
-1.268961901368050205e+00,5.441148694030143451e-01,-1.117839943644278966e+00,8.743462339390176696e-01,4.082614751137985665e-01,2.360277888223915876e-01,-4.582187390443441810e-01,-7.647587771265387246e-01,1.168541695374682110e+00,-7.754069170249729970e-01,-8.092769052360058168e-01,-2.469722636160833762e-01,-4.196887180635389125e-01,1.238816149457046267e-01
-4.075752351037388310e-01,5.441148694030143451e-01,-2.325940255408903146e-01,8.743462339390176696e-01,1.304028612377228502e-01,2.988957442126726760e-01,-4.582187390443441810e-01,-7.647587771265387246e-01,-2.503128912026840736e-01,1.289645446853545208e+00,9.857920158050426096e-01,7.897014355131553032e-01,-4.196887180635389125e-01,1.516270014335442173e+00
1.745891430557039437e+00,5.441148694030143451e-01,-1.117839943644278966e+00,-1.508641497838665746e+00,9.639787028659499990e-01,6.222166576484041700e-01,-4.582187390443441810e-01,-7.647587771265387246e-01,-4.743425627675313949e-01,1.289645446853545208e+00,1.793573030273514224e+00,7.897014355131553032e-01,9.264826417629067334e-01,1.516270014335442173e+00
2.384647645944946437e-01,5.441148694030143451e-01,6.526518925624983369e-01,-1.508641497838665746e+00,8.250493959279121547e-01,-1.793709056635256260e+00,-4.582187390443441810e-01,4.371733533342772038e-01,-7.979409772500886122e-01,-7.754069170249729970e-01,-8.092769052360058168e-01,7.897014355131553032e-01,-4.196887180635389125e-01,1.238816149457046267e-01
4.538114311605724871e-01,5.441148694030143451e-01,1.537897810665886933e+00,-1.508641497838665746e+00,6.861200889898743105e-01,1.731598334321104438e-01,-4.582187390443441810e-01,4.371733533342772038e-01,-3.249894483909665510e-01,1.289645446853545208e+00,-8.092769052360058168e-01,-1.283645962745322056e+00,-4.196887180635389125e-01,-9.204096845965986651e-01
2.384647645944946437e-01,5.441148694030143451e-01,1.537897810665886933e+00,8.743462339390176696e-01,7.483113846250770418e-02,2.090843793694139585e-01,-4.582187390443441810e-01,4.371733533342772038e-01,-3.000972626615390770e-01,1.289645446853545208e+00,9.857920158050426096e-01,1.826375134642393983e+00,-4.196887180635389125e-01,-9.204096845965986651e-01
2.311809802841681069e-02,5.441148694030143451e-01,1.537897810665886933e+00,-1.508641497838665746e+00,-3.481759119151261572e+00,2.946164968289645414e-02,-4.582187390443441810e-01,4.371733533342772038e-01,-3.262267364463408814e+00,-7.754069170249729970e-01,-8.092769052360058168e-01,-1.283645962745322056e+00,-4.196887180635389125e-01,-9.204096845965986651e-01
1.307914313114557359e-01,5.441148694030143451e-01,-1.117839943644278966e+00,-1.508641497838665746e+00,3.526897523385834066e-01,5.413864292894713381e-01,-4.582187390443441810e-01,-7.647587771265387246e-01,6.706979807861325193e-01,1.289645446853545208e+00,6.267782315968328799e-01,7.897014355131553032e-01,9.264826417629067334e-01,1.516270014335442173e+00
9.921780975757670262e-01,5.441148694030143451e-01,1.537897810665886933e+00,-1.508641497838665746e+00,-3.481759119151261572e+00,-1.793709056635256260e+00,-4.582187390443441810e-01,1.639105483795093132e+00,-3.262267364463408814e+00,-7.754069170249729970e-01,-8.092769052360058168e-01,-1.283645962745322056e+00,-4.196887180635389125e-01,-9.204096845965986651e-01
-1.922285685376610154e-01,5.441148694030143451e-01,-1.117839943644278966e+00,8.743462339390176696e-01,7.483113846250770418e-02,4.964807468678419378e-01,-4.582187390443441810e-01,-7.647587771265387246e-01,7.453745379744149968e-01,1.289645446853545208e+00,-8.092769052360058168e-01,-2.469722636160833762e-01,9.264826417629067334e-01,1.516270014335442173e+00
-2.999019018206999232e-01,5.441148694030143451e-01,-2.325940255408903146e-01,-1.508641497838665746e+00,2.693321681757607222e-01,-3.567272191431161699e-01,-4.582187390443441810e-01,-7.647587771265387246e-01,4.715604949507127275e-01,-7.754069170249729970e-01,9.857920158050426096e-01,7.897014355131553032e-01,-4.196887180635389125e-01,-9.204096845965986651e-01
-1.376635234651089057e+00,5.441148694030143451e-01,-1.117839943644278966e+00,-3.171476319498239826e-01,-4.253143665144286101e-01,3.168580171813244473e-01,-4.582187390443441810e-01,-7.647587771265387246e-01,5.462370521389952049e-01,-7.754069170249729970e-01,-8.092769052360058168e-01,-2.469722636160833762e-01,-4.196887180635389125e-01,1.238816149457046267e-01
9.921780975757670262e-01,5.441148694030143451e-01,1.537897810665886933e+00,-1.508641497838665746e+00,1.304028612377228502e-01,-1.793709056635256260e+00,-4.582187390443441810e-01,4.371733533342772038e-01,-4.992347484969588689e-01,1.289645446853545208e+00,-8.092769052360058168e-01,-1.283645962745322056e+00,-4.196887180635389125e-01,-9.204096845965986651e-01
2.384647645944946437e-01,-1.837847219829066070e+00,-2.325940255408903146e-01,-3.171476319498239826e-01,-1.474557526383528661e-01,7.120280224916629708e-01,-4.582187390443441810e-01,-7.647587771265387246e-01,4.715604949507127275e-01,-7.754069170249729970e-01,8.825755528451835474e-02,7.897014355131553032e-01,-4.196887180635389125e-01,-9.204096845965986651e-01
8.845047642927281739e-01,-1.837847219829066070e+00,6.526518925624983369e-01,8.743462339390176696e-01,-1.474557526383528661e-01,-1.793709056635256260e+00,-4.582187390443441810e-01,4.371733533342772038e-01,-2.005285197438291533e-01,1.289645446853545208e+00,7.165316776488852568e-01,1.826375134642393983e+00,-4.196887180635389125e-01,-9.204096845965986651e-01
1.307914313114557359e-01,-1.837847219829066070e+00,-2.325940255408903146e-01,-3.171476319498239826e-01,-9.188402986313773391e-02,1.080254618349023810e+00,-4.582187390443441810e-01,-7.647587771265387246e-01,5.960214235978501529e-01,-7.754069170249729970e-01,-8.092769052360058168e-01,-1.283645962745322056e+00,-4.196887180635389125e-01,-9.204096845965986651e-01
4.538114311605724871e-01,5.441148694030143451e-01,-2.325940255408903146e-01,8.743462339390176696e-01,1.304028612377228502e-01,5.683298387424489118e-01,-4.582187390443441810e-01,-7.647587771265387246e-01,2.226386376564379599e-01,1.289645446853545208e+00,9.857920158050426096e-01,7.897014355131553032e-01,-4.196887180635389125e-01,-9.204096845965986651e-01
4.538114311605724871e-01,5.441148694030143451e-01,1.537897810665886933e+00,8.743462339390176696e-01,-7.031729803905043541e-01,1.192730145261551994e-01,-4.582187390443441810e-01,4.371733533342772038e-01,-5.241269342263863429e-01,-7.754069170249729970e-01,-8.092769052360058168e-01,-1.283645962745322056e+00,-4.196887180635389125e-01,-9.204096845965986651e-01
4.538114311605724871e-01,5.441148694030143451e-01,-1.117839943644278966e+00,8.743462339390176696e-01,7.483113846250770418e-02,5.324052928051454803e-01,-4.582187390443441810e-01,1.639105483795093132e+00,-2.628321963783680770e-02,1.289645446853545208e+00,1.883326476325566823e+00,7.897014355131553032e-01,2.272654001589352379e+00,1.516270014335442173e+00
-7.305952349528556100e-01,5.441148694030143451e-01,-2.325940255408903146e-01,8.743462339390176696e-01,4.082614751137985665e-01,6.850846130386852861e-01,2.182363824940011909e+00,-7.647587771265387246e-01,-1.507441482849742054e-01,1.289645446853545208e+00,-8.092769052360058168e-01,-1.283645962745322056e+00,-4.196887180635389125e-01,-9.204096845965986651e-01
1.961238097123117363e+00,5.441148694030143451e-01,1.537897810665886933e+00,-1.508641497838665746e+00,-1.474557526383528661e-01,1.282541510104810711e-01,-4.582187390443441810e-01,-7.647587771265387246e-01,-7.232644200618061348e-01,1.289645446853545208e+00,8.825755528451835474e-02,7.897014355131553032e-01,-4.196887180635389125e-01,-9.204096845965986651e-01
-6.229219016698166467e-01,-1.837847219829066070e+00,-2.325940255408903146e-01,8.743462339390176696e-01,-4.808860892896437700e-01,-3.297838096901385407e-01,-4.582187390443441810e-01,-7.647587771265387246e-01,1.093865138186399744e+00,-7.754069170249729970e-01,9.857920158050426096e-01,-2.469722636160833762e-01,-4.196887180635389125e-01,-9.204096845965986651e-01
5.614847644436113949e-01,5.441148694030143451e-01,1.537897810665886933e+00,8.743462339390176696e-01,-9.188402986313773391e-02,2.988957442126726760e-01,-4.582187390443441810e-01,-7.647587771265387246e-01,-3.498816341203940250e-01,1.289645446853545208e+00,3.575178934406756381e-01,1.826375134642393983e+00,-4.196887180635389125e-01,-9.204096845965986651e-01
2.311809802841681069e-02,5.441148694030143451e-01,1.537897810665886933e+00,-3.171476319498239826e-01,-3.481759119151261572e+00,-1.591422164879469081e-01,-4.582187390443441810e-01,4.371733533342772038e-01,-3.262267364463408814e+00,-7.754069170249729970e-01,-8.092769052360058168e-01,-1.283645962745322056e+00,-4.196887180635389125e-01,-9.204096845965986651e-01
-8.382685682358945733e-01,-1.837847219829066070e+00,-1.117839943644278966e+00,8.743462339390176696e-01,3.526897523385834066e-01,3.887071090559314768e-01,-4.582187390443441810e-01,1.639105483795093132e+00,5.213448664095676754e-01,1.289645446853545208e+00,-8.092769052360058168e-01,7.897014355131553032e-01,-4.196887180635389125e-01,1.238816149457046267e-01
-1.376635234651089057e+00,-1.837847219829066070e+00,-1.117839943644278966e+00,-3.171476319498239826e-01,1.304028612377228502e-01,3.844278616722233283e-02,-4.582187390443441810e-01,1.639105483795093132e+00,1.019188580998117155e+00,-7.754069170249729970e-01,4.472713394927279595e-01,-2.469722636160833762e-01,-4.196887180635389125e-01,1.238816149457046267e-01
5.614847644436113949e-01,5.441148694030143451e-01,1.537897810665886933e+00,-1.508641497838665746e+00,-3.481759119151261572e+00,-1.793709056635256260e+00,-4.582187390443441810e-01,-7.647587771265387246e-01,-7.606759109669175567e-02,1.289645446853545208e+00,9.857920158050426096e-01,1.826375134642393983e+00,-4.196887180635389125e-01,-9.204096845965986651e-01
-8.455523525462210754e-02,5.441148694030143451e-01,6.526518925624983369e-01,8.743462339390176696e-01,-8.526445700315014864e-03,-1.793709056635256260e+00,-4.582187390443441810e-01,-7.647587771265387246e-01,-2.752050769321116030e-01,-7.754069170249729970e-01,5.370247855447803920e-01,-2.469722636160833762e-01,-4.196887180635389125e-01,-9.204096845965986651e-01
-8.382685682358945733e-01,5.441148694030143451e-01,1.537897810665886933e+00,8.743462339390176696e-01,2.415463067881531423e-01,9.904432535057651199e-01,-4.582187390443441810e-01,-7.647587771265387246e-01,-1.258519625555467036e-01,-7.754069170249729970e-01,-8.092769052360058168e-01,-1.283645962745322056e+00,-4.196887180635389125e-01,1.238816149457046267e-01
-1.161288568085011352e+00,5.441148694030143451e-01,6.526518925624983369e-01,8.743462339390176696e-01,-2.863850595763907658e-01,-1.793709056635256260e+00,-4.582187390443441810e-01,-7.647587771265387246e-01,3.470995663035753576e-01,1.289645446853545208e+00,9.857920158050426096e-01,7.897014355131553032e-01,-4.196887180635389125e-01,1.516270014335442173e+00
9.921780975757670262e-01,5.441148694030143451e-01,1.537897810665886933e+00,8.743462339390176696e-01,1.925941568729255815e-02,-1.793709056635256260e+00,-4.582187390443441810e-01,4.371733533342772038e-01,-2.752050769321116030e-01,-7.754069170249729970e-01,5.370247855447803920e-01,1.826375134642393983e+00,-4.196887180635389125e-01,-9.204096845965986651e-01
2.311809802841681069e-02,5.441148694030143451e-01,-2.325940255408903146e-01,8.743462339390176696e-01,1.304028612377228502e-01,3.621916243413246139e+00,2.182363824940011909e+00,-7.647587771265387246e-01,-1.507441482849742054e-01,1.289645446853545208e+00,8.825755528451835474e-02,7.897014355131553032e-01,-4.196887180635389125e-01,-9.204096845965986651e-01
1.315198097424883805e+00,5.441148694030143451e-01,1.537897810665886933e+00,-1.508641497838665746e+00,-1.474557526383528661e-01,-1.793709056635256260e+00,-4.582187390443441810e-01,4.371733533342772038e-01,-2.752050769321116030e-01,-7.754069170249729970e-01,-1.258044135496267701e+00,-2.469722636160833762e-01,-4.196887180635389125e-01,-9.204096845965986651e-01
7.768314310096892106e-01,5.441148694030143451e-01,6.526518925624983369e-01,8.743462339390176696e-01,-8.526445700315014864e-03,-1.793709056635256260e+00,-4.582187390443441810e-01,-7.647587771265387246e-01,-6.485878628735237683e-01,1.289645446853545208e+00,-8.092769052360058168e-01,1.826375134642393983e+00,-4.196887180635389125e-01,1.516270014335442173e+00
-1.922285685376610154e-01,5.441148694030143451e-01,-1.117839943644278966e+00,-3.171476319498239826e-01,2.415463067881531423e-01,1.149937671424470544e-02,-4.582187390443441810e-01,-7.647587771265387246e-01,6.706979807861325193e-01,-7.754069170249729970e-01,-9.124933681958644072e-02,-2.469722636160833762e-01,9.264826417629067334e-01,1.238816149457046267e-01
1.207524764141844953e+00,5.441148694030143451e-01,1.537897810665886933e+00,8.743462339390176696e-01,2.971180295633683022e-01,4.336127914775608216e-01,-4.582187390443441810e-01,-7.647587771265387246e-01,2.226386376564379599e-01,1.289645446853545208e+00,2.780860936846091036e+00,1.826375134642393983e+00,-4.196887180635389125e-01,-9.204096845965986651e-01
6.691580977266503583e-01,5.441148694030143451e-01,1.537897810665886933e+00,-1.508641497838665746e+00,1.519695930618101487e+00,-1.793709056635256260e+00,-4.582187390443441810e-01,4.371733533342772038e-01,2.226386376564379599e-01,1.289645446853545208e+00,5.370247855447803920e-01,7.897014355131553032e-01,-4.196887180635389125e-01,-9.204096845965986651e-01
1.307914313114557359e-01,5.441148694030143451e-01,-2.325940255408903146e-01,8.743462339390176696e-01,5.471907820518364662e-01,4.336127914775608216e-01,-4.582187390443441810e-01,-7.647587771265387246e-01,-8.726175344383709787e-01,1.289645446853545208e+00,9.857920158050426096e-01,7.897014355131553032e-01,-4.196887180635389125e-01,-9.204096845965986651e-01
-5.152485683867777944e-01,-1.837847219829066070e+00,-2.325940255408903146e-01,-3.171476319498239826e-01,-3.631230708792258788e-02,1.149937671424470544e-02,-4.582187390443441810e-01,-7.647587771265387246e-01,8.200510951626973633e-01,-7.754069170249729970e-01,-8.092769052360058168e-01,-1.283645962745322056e+00,-4.196887180635389125e-01,-9.204096845965986651e-01
-1.376635234651089057e+00,5.441148694030143451e-01,-2.325940255408903146e-01,8.743462339390176696e-01,-1.474557526383528661e-01,3.348202901499762185e-01,-4.582187390443441810e-01,-7.647587771265387246e-01,1.728542661975830119e-01,1.289645446853545208e+00,8.825755528451835474e-02,7.897014355131553032e-01,-4.196887180635389125e-01,-9.204096845965986651e-01
-4.075752351037388310e-01,5.441148694030143451e-01,-1.117839943644278966e+00,8.743462339390176696e-01,6.861200889898743105e-01,3.887071090559314768e-01,-4.582187390443441810e-01,1.639105483795093132e+00,-7.606759109669175567e-02,-7.754069170249729970e-01,1.524312692117357093e+00,7.897014355131553032e-01,-4.196887180635389125e-01,1.516270014335442173e+00
1.099851430858805879e+00,5.441148694030143451e-01,-1.117839943644278966e+00,-1.508641497838665746e+00,4.082614751137985665e-01,1.214971665613912011e+00,-4.582187390443441810e-01,-7.647587771265387246e-01,6.706979807861325193e-01,-7.754069170249729970e-01,-8.092769052360058168e-01,-2.469722636160833762e-01,-4.196887180635389125e-01,1.238816149457046267e-01
5.614847644436113949e-01,5.441148694030143451e-01,1.537897810665886933e+00,8.743462339390176696e-01,1.464124207842886438e+00,-1.793709056635256260e+00,2.182363824940011909e+00,1.639105483795093132e+00,-2.752050769321116030e-01,1.289645446853545208e+00,-8.092769052360058168e-01,-1.283645962745322056e+00,-4.196887180635389125e-01,1.516270014335442173e+00
2.384647645944946437e-01,5.441148694030143451e-01,1.537897810665886933e+00,8.743462339390176696e-01,-3.481759119151261572e+00,-1.793709056635256260e+00,-4.582187390443441810e-01,1.639105483795093132e+00,-3.262267364463408814e+00,-7.754069170249729970e-01,-8.092769052360058168e-01,-1.283645962745322056e+00,-4.196887180635389125e-01,-9.204096845965986651e-01
-4.075752351037388310e-01,-1.837847219829066070e+00,-1.117839943644278966e+00,8.743462339390176696e-01,-4.253143665144286101e-01,4.874996103835160799e-01,-4.582187390443441810e-01,1.639105483795093132e+00,6.955901665155600488e-01,-7.754069170249729970e-01,-8.092769052360058168e-01,-2.469722636160833762e-01,-4.196887180635389125e-01,1.238816149457046267e-01
-1.161288568085011352e+00,-1.837847219829066070e+00,-1.117839943644278966e+00,-1.508641497838665746e+00,-9.188402986313773391e-02,1.192730145261551994e-01,-4.582187390443441810e-01,-7.647587771265387246e-01,8.449432808921248927e-01,-7.754069170249729970e-01,-6.297700131319009520e-01,7.897014355131553032e-01,-4.196887180635389125e-01,1.238816149457046267e-01
1.315198097424883805e+00,-1.837847219829066070e+00,-1.117839943644278966e+00,-9.128945648942448088e-01,6.861200889898743105e-01,2.360277888223915876e-01,-4.582187390443441810e-01,-7.647587771265387246e-01,-4.245581913086764470e-01,-7.754069170249729970e-01,1.524312692117357093e+00,1.826375134642393983e+00,-4.196887180635389125e-01,1.238816149457046267e-01
-1.161288568085011352e+00,-1.837847219829066070e+00,-2.325940255408903146e-01,-3.171476319498239826e-01,-2.030274754135680260e-01,1.372352874948069568e-01,-4.582187390443441810e-01,-7.647587771265387246e-01,1.068972952456972214e+00,-7.754069170249729970e-01,-8.092769052360058168e-01,-2.469722636160833762e-01,-4.196887180635389125e-01,1.238816149457046267e-01
-1.922285685376610154e-01,-1.837847219829066070e+00,-1.117839943644278966e+00,-1.508641497838665746e+00,2.971180295633683022e-01,-3.340630570738466892e-02,-4.582187390443441810e-01,1.639105483795093132e+00,9.445120238098347887e-01,-7.754069170249729970e-01,-7.195234591839534399e-01,7.897014355131553032e-01,-4.196887180635389125e-01,1.238816149457046267e-01
8.845047642927281739e-01,-1.837847219829066070e+00,-2.325940255408903146e-01,-9.128945648942448088e-01,9.639787028659499990e-01,-6.034971516036229111e-02,-4.582187390443441810e-01,-7.647587771265387246e-01,-3.747738198498214990e-01,-7.754069170249729970e-01,-8.092769052360058168e-01,-1.283645962745322056e+00,-4.196887180635389125e-01,-9.204096845965986651e-01
8.845047642927281739e-01,5.441148694030143451e-01,1.537897810665886933e+00,8.743462339390176696e-01,7.416918117650894704e-01,-4.195951745333972860e-01,-4.582187390443441810e-01,4.371733533342772038e-01,-8.477253487089435602e-01,1.289645446853545208e+00,6.267782315968328799e-01,-2.469722636160833762e-01,-4.196887180635389125e-01,1.516270014335442173e+00
-9.459419015189334257e-01,5.441148694030143451e-01,-2.325940255408903146e-01,-1.508641497838665746e+00,2.693321681757607222e-01,-1.793709056635256260e+00,-4.582187390443441810e-01,-7.647587771265387246e-01,-5.241269342263863429e-01,-7.754069170249729970e-01,-8.092769052360058168e-01,-1.283645962745322056e+00,-4.196887180635389125e-01,-9.204096845965986651e-01
2.384647645944946437e-01,5.441148694030143451e-01,-1.117839943644278966e+00,-3.171476319498239826e-01,1.304028612377228502e-01,1.911221064007622150e-01,-4.582187390443441810e-01,1.639105483795093132e+00,7.951589094332699448e-01,-7.754069170249729970e-01,-8.092769052360058168e-01,-2.469722636160833762e-01,-4.196887180635389125e-01,1.516270014335442173e+00
-4.075752351037388310e-01,5.441148694030143451e-01,-2.325940255408903146e-01,8.743462339390176696e-01,6.861200889898743105e-01,1.372352874948069568e-01,-4.582187390443441810e-01,-7.647587771265387246e-01,2.226386376564379599e-01,1.289645446853545208e+00,-8.092769052360058168e-01,-1.283645962745322056e+00,-4.196887180635389125e-01,-9.204096845965986651e-01
6.691580977266503583e-01,5.441148694030143451e-01,6.526518925624983369e-01,-1.508641497838665746e+00,-2.863850595763907658e-01,-1.793709056635256260e+00,-4.582187390443441810e-01,-7.647587771265387246e-01,2.973151948447204096e-01,-7.754069170249729970e-01,1.344805800013252117e+00,-2.469722636160833762e-01,-4.196887180635389125e-01,-9.204096845965986651e-01
-7.305952349528556100e-01,5.441148694030143451e-01,-2.325940255408903146e-01,-3.171476319498239826e-01,9.639787028659499990e-01,5.683298387424489118e-01,-4.582187390443441810e-01,-7.647587771265387246e-01,1.068972952456972214e+00,-7.754069170249729970e-01,-8.092769052360058168e-01,-1.283645962745322056e+00,-4.196887180635389125e-01,-9.204096845965986651e-01
-1.922285685376610154e-01,5.441148694030143451e-01,-2.325940255408903146e-01,8.743462339390176696e-01,9.639787028659499990e-01,1.179047119676608357e+00,-4.582187390443441810e-01,-7.647587771265387246e-01,-9.224019058972259266e-01,1.289645446853545208e+00,1.434559246065304716e+00,-1.283645962745322056e+00,-4.196887180635389125e-01,-9.204096845965986651e-01
-1.699655234500205836e+00,5.441148694030143451e-01,-2.325940255408903146e-01,8.743462339390176696e-01,-1.474557526383528661e-01,7.389714319446405444e-01,-4.582187390443441810e-01,-7.647587771265387246e-01,9.694042095392622072e-01,-7.754069170249729970e-01,-8.092769052360058168e-01,-1.283645962745322056e+00,-4.196887180635389125e-01,-9.204096845965986651e-01
-2.022675234349322615e+00,5.441148694030143451e-01,-1.117839943644278966e+00,8.743462339390176696e-01,-1.474557526383528661e-01,-1.544403273873291849e-02,-4.582187390443441810e-01,-7.647587771265387246e-01,-2.628321963783680770e-02,1.289645446853545208e+00,6.267782315968328799e-01,7.897014355131553032e-01,-4.196887180635389125e-01,1.516270014335442173e+00
4.538114311605724871e-01,5.441148694030143451e-01,-1.117839943644278966e+00,8.743462339390176696e-01,7.483113846250770418e-02,1.462164239791328424e-01,-4.582187390443441810e-01,1.639105483795093132e+00,-1.391033908409332418e-03,1.289645446853545208e+00,1.165298907909147585e+00,7.897014355131553032e-01,3.618825361415798358e+00,1.516270014335442173e+00
2.384647645944946437e-01,5.441148694030143451e-01,-2.325940255408903146e-01,-1.508641497838665746e+00,1.304028612377228502e-01,-1.793709056635256260e+00,-4.582187390443441810e-01,-7.647587771265387246e-01,-4.245581913086764470e-01,-7.754069170249729970e-01,-8.092769052360058168e-01,-1.283645962745322056e+00,-4.196887180635389125e-01,-9.204096845965986651e-01
2.311809802841681069e-02,5.441148694030143451e-01,6.526518925624983369e-01,8.743462339390176696e-01,1.519695930618101487e+00,-1.793709056635256260e+00,-4.582187390443441810e-01,-7.647587771265387246e-01,4.715604949507127275e-01,-7.754069170249729970e-01,5.370247855447803920e-01,7.897014355131553032e-01,-4.196887180635389125e-01,1.516270014335442173e+00
-1.053615234801972278e+00,5.441148694030143451e-01,-1.117839943644278966e+00,-3.171476319498239826e-01,-1.474557526383528661e-01,1.821409699164363294e-01,-4.582187390443441810e-01,-7.647587771265387246e-01,9.694042095392622072e-01,-7.754069170249729970e-01,-8.092769052360058168e-01,-2.469722636160833762e-01,-4.196887180635389125e-01,1.238816149457046267e-01
7.768314310096892106e-01,-1.837847219829066070e+00,-2.325940255408903146e-01,8.743462339390176696e-01,5.471907820518364662e-01,9.634998440527874353e-01,-4.582187390443441810e-01,1.639105483795093132e+00,9.817770900930057609e-02,1.289645446853545208e+00,1.075545461857095209e+00,7.897014355131553032e-01,2.272654001589352379e+00,1.516270014335442173e+00
2.311809802841681069e-02,5.441148694030143451e-01,-2.325940255408903146e-01,8.743462339390176696e-01,-8.526445700315014864e-03,2.180655158537398164e-01,-4.582187390443441810e-01,-7.647587771265387246e-01,-2.254207054732566273e-01,-7.754069170249729970e-01,9.857920158050426096e-01,7.897014355131553032e-01,-4.196887180635389125e-01,-9.204096845965986651e-01
5.614847644436113949e-01,5.441148694030143451e-01,1.537897810665886933e+00,8.743462339390176696e-01,-8.526445700315014864e-03,2.001032428850880729e-01,-4.582187390443441810e-01,-7.647587771265387246e-01,9.817770900930057609e-02,1.289645446853545208e+00,1.434559246065304716e+00,1.826375134642393983e+00,-4.196887180635389125e-01,-9.204096845965986651e-01
-6.229219016698166467e-01,-1.837847219829066070e+00,-1.117839943644278966e+00,-3.171476319498239826e-01,-9.188402986313773391e-02,2.270466523380657020e-01,-4.582187390443441810e-01,-7.647587771265387246e-01,1.019188580998117155e+00,-7.754069170249729970e-01,-6.297700131319009520e-01,-2.469722636160833762e-01,-4.196887180635389125e-01,1.238816149457046267e-01
2.311809802841681069e-02,5.441148694030143451e-01,-1.117839943644278966e+00,8.743462339390176696e-01,-1.474557526383528661e-01,-1.052553975819916637e-01,-4.582187390443441810e-01,-7.647587771265387246e-01,-4.494503770381039209e-01,-7.754069170249729970e-01,4.472713394927279595e-01,7.897014355131553032e-01,9.264826417629067334e-01,1.516270014335442173e+00
1.422871430707922658e+00,5.441148694030143451e-01,1.537897810665886933e+00,8.743462339390176696e-01,-1.474557526383528661e-01,-1.793709056635256260e+00,2.182363824940011909e+00,-7.647587771265387246e-01,4.715604949507127275e-01,-7.754069170249729970e-01,5.370247855447803920e-01,1.826375134642393983e+00,-4.196887180635389125e-01,-9.204096845965986651e-01
-1.922285685376610154e-01,5.441148694030143451e-01,-1.117839943644278966e+00,-1.508641497838665746e+00,1.297409039517240847e+00,-6.462896254407044135e-03,2.182363824940011909e+00,-7.647587771265387246e-01,7.702667237038424153e-01,-7.754069170249729970e-01,-3.605096749757437102e-01,-2.469722636160833762e-01,-4.196887180635389125e-01,1.516270014335442173e+00
-2.999019018206999232e-01,5.441148694030143451e-01,-1.117839943644278966e+00,8.743462339390176696e-01,4.082614751137985665e-01,8.916507521781804613e-01,-4.582187390443441810e-01,-7.647587771265387246e-01,1.044080766727544685e+00,1.289645446853545208e+00,6.267782315968328799e-01,-2.469722636160833762e-01,-4.196887180635389125e-01,1.516270014335442173e+00
1.207524764141844953e+00,-1.837847219829066070e+00,-1.117839943644278966e+00,8.743462339390176696e-01,6.861200889898743105e-01,2.270466523380657020e-01,-4.582187390443441810e-01,1.639105483795093132e+00,-4.245581913086764470e-01,-7.754069170249729970e-01,8.825755528451835474e-02,7.897014355131553032e-01,3.618825361415798358e+00,1.516270014335442173e+00
-2.238021900915400320e+00,-1.837847219829066070e+00,-2.325940255408903146e-01,8.743462339390176696e-01,-7.031729803905043541e-01,4.156505185089090504e-01,-4.582187390443441810e-01,-7.647587771265387246e-01,4.715604949507127275e-01,1.289645446853545208e+00,8.825755528451835474e-02,7.897014355131553032e-01,-4.196887180635389125e-01,-9.204096845965986651e-01
-9.459419015189334257e-01,5.441148694030143451e-01,-2.325940255408903146e-01,8.743462339390176696e-01,-1.474557526383528661e-01,2.270466523380657020e-01,-4.582187390443441810e-01,-7.647587771265387246e-01,2.226386376564379599e-01,-7.754069170249729970e-01,-8.092769052360058168e-01,-1.283645962745322056e+00,-4.196887180635389125e-01,-9.204096845965986651e-01
1.315198097424883805e+00,5.441148694030143451e-01,-1.117839943644278966e+00,-3.171476319498239826e-01,9.639787028659499990e-01,4.156505185089090504e-01,-4.582187390443441810e-01,-7.647587771265387246e-01,-2.752050769321116030e-01,1.289645446853545208e+00,-8.092769052360058168e-01,7.897014355131553032e-01,3.618825361415798358e+00,1.168172914488007974e+00
-1.376635234651089057e+00,5.441148694030143451e-01,1.537897810665886933e+00,8.743462339390176696e-01,-5.920295348400740343e-01,-1.793709056635256260e+00,-4.582187390443441810e-01,4.371733533342772038e-01,-4.992347484969588689e-01,-7.754069170249729970e-01,-8.092769052360058168e-01,-1.283645962745322056e+00,-4.196887180635389125e-01,-9.204096845965986651e-01
-8.382685682358945733e-01,-1.837847219829066070e+00,-1.117839943644278966e+00,-3.171476319498239826e-01,-5.642436734524665098e-01,3.844278616722233283e-02,-4.582187390443441810e-01,-7.647587771265387246e-01,1.019188580998117155e+00,-7.754069170249729970e-01,-8.092769052360058168e-01,-2.469722636160833762e-01,-4.196887180635389125e-01,1.238816149457046267e-01
3.461380978775335793e-01,5.441148694030143451e-01,1.537897810665886933e+00,8.743462339390176696e-01,4.082614751137985665e-01,1.282541510104810711e-01,-4.582187390443441810e-01,4.371733533342772038e-01,3.222073805741478836e-01,1.289645446853545208e+00,9.857920158050426096e-01,7.897014355131553032e-01,-4.196887180635389125e-01,1.168172914488007974e+00
-1.053615234801972278e+00,5.441148694030143451e-01,-1.117839943644278966e+00,8.743462339390176696e-01,-3.697426437392134502e-01,8.108205238192475184e-01,-4.582187390443441810e-01,1.639105483795093132e+00,5.462370521389952049e-01,-7.754069170249729970e-01,-8.092769052360058168e-01,-2.469722636160833762e-01,9.264826417629067334e-01,1.238816149457046267e-01
1.638218097274000584e+00,5.441148694030143451e-01,1.537897810665886933e+00,8.743462339390176696e-01,-3.481759119151261572e+00,9.232960507317758414e-02,2.182363824940011909e+00,4.371733533342772038e-01,-3.262267364463408814e+00,-7.754069170249729970e-01,-8.092769052360058168e-01,-1.283645962745322056e+00,-4.196887180635389125e-01,-9.204096845965986651e-01
-1.591981901217166984e+00,5.441148694030143451e-01,-2.325940255408903146e-01,-3.171476319498239826e-01,1.304028612377228502e-01,-1.793709056635256260e+00,-4.582187390443441810e-01,-7.647587771265387246e-01,-2.752050769321116030e-01,-7.754069170249729970e-01,-8.092769052360058168e-01,-1.283645962745322056e+00,-4.196887180635389125e-01,-9.204096845965986651e-01
2.384647645944946437e-01,5.441148694030143451e-01,1.537897810665886933e+00,8.743462339390176696e-01,-1.474557526383528661e-01,-8.955954082026686969e-01,-4.582187390443441810e-01,-7.647587771265387246e-01,-2.752050769321116030e-01,1.289645446853545208e+00,5.370247855447803920e-01,7.897014355131553032e-01,-4.196887180635389125e-01,1.516270014335442173e+00
2.176584763689195068e+00,5.441148694030143451e-01,6.526518925624983369e-01,-3.171476319498239826e-01,5.471907820518364662e-01,-1.793709056635256260e+00,-4.582187390443441810e-01,4.371733533342772038e-01,-2.005285197438291533e-01,-7.754069170249729970e-01,3.575178934406756381e-01,-2.469722636160833762e-01,-4.196887180635389125e-01,-9.204096845965986651e-01
1.315198097424883805e+00,5.441148694030143451e-01,1.537897810665886933e+00,-1.508641497838665746e+00,-4.253143665144286101e-01,1.192730145261551994e-01,2.182363824940011909e+00,1.639105483795093132e+00,-7.979409772500886122e-01,1.289645446853545208e+00,3.575178934406756381e-01,7.897014355131553032e-01,-4.196887180635389125e-01,-9.204096845965986651e-01
-1.376635234651089057e+00,5.441148694030143451e-01,-1.117839943644278966e+00,-3.171476319498239826e-01,-1.474557526383528661e-01,-3.836706285960937990e-01,-4.582187390443441810e-01,-7.647587771265387246e-01,1.268110438292392006e+00,-7.754069170249729970e-01,-8.092769052360058168e-01,-2.469722636160833762e-01,-4.196887180635389125e-01,1.238816149457046267e-01
1.099851430858805879e+00,-1.837847219829066070e+00,6.526518925624983369e-01,8.743462339390176696e-01,2.075413158370253086e+00,-1.793709056635256260e+00,-4.582187390443441810e-01,-7.647587771265387246e-01,2.226386376564379599e-01,1.289645446853545208e+00,8.825755528451835474e-02,7.897014355131553032e-01,-4.196887180635389125e-01,1.238816149457046267e-01
4.538114311605724871e-01,5.441148694030143451e-01,-1.117839943644278966e+00,8.743462339390176696e-01,5.749766434394439907e-01,1.641786969477845859e-01,-4.582187390443441810e-01,-7.647587771265387246e-01,-6.485878628735237683e-01,-7.754069170249729970e-01,9.857920158050426096e-01,7.897014355131553032e-01,9.264826417629067334e-01,1.516270014335442173e+00
1.207524764141844953e+00,5.441148694030143451e-01,1.537897810665886933e+00,8.743462339390176696e-01,6.861200889898743105e-01,3.258391536656503051e-01,2.182363824940011909e+00,4.371733533342772038e-01,-6.485878628735237683e-01,1.289645446853545208e+00,-8.092769052360058168e-01,-1.283645962745322056e+00,-4.196887180635389125e-01,-9.204096845965986651e-01
1.307914313114557359e-01,-1.837847219829066070e+00,-2.325940255408903146e-01,-3.171476319498239826e-01,1.304028612377228502e-01,1.744858718189138624e+00,-4.582187390443441810e-01,1.639105483795093132e+00,4.715604949507127275e-01,-7.754069170249729970e-01,-8.092769052360058168e-01,-1.283645962745322056e+00,-4.196887180635389125e-01,-9.204096845965986651e-01
2.311809802841681069e-02,5.441148694030143451e-01,-2.325940255408903146e-01,-3.171476319498239826e-01,9.639787028659499990e-01,9.455375710841357195e-01,-4.582187390443441810e-01,-7.647587771265387246e-01,1.093865138186399744e+00,-7.754069170249729970e-01,-8.092769052360058168e-01,-1.283645962745322056e+00,-4.196887180635389125e-01,-9.204096845965986651e-01
8.845047642927281739e-01,5.441148694030143451e-01,-2.325940255408903146e-01,8.743462339390176696e-01,7.416918117650894704e-01,7.030468860073371129e-01,2.182363824940011909e+00,1.639105483795093132e+00,1.479620804681555379e-01,1.289645446853545208e+00,1.165298907909147585e+00,7.897014355131553032e-01,2.272654001589352379e+00,1.168172914488007974e+00
9.921780975757670262e-01,5.441148694030143451e-01,1.537897810665886933e+00,8.743462339390176696e-01,9.639787028659499990e-01,6.042543846797524543e-01,2.182363824940011909e+00,4.371733533342772038e-01,-1.071755020273790882e+00,1.289645446853545208e+00,9.857920158050426096e-01,-1.283645962745322056e+00,-4.196887180635389125e-01,-9.204096845965986651e-01
4.538114311605724871e-01,5.441148694030143451e-01,1.537897810665886933e+00,-1.508641497838665746e+00,-3.481759119151261572e+00,2.899146077283468181e-01,-4.582187390443441810e-01,4.371733533342772038e-01,-3.262267364463408814e+00,-7.754069170249729970e-01,-8.092769052360058168e-01,-1.283645962745322056e+00,-4.196887180635389125e-01,-9.204096845965986651e-01
-1.268961901368050205e+00,5.441148694030143451e-01,-1.117839943644278966e+00,-1.508641497838665746e+00,1.304028612377228502e-01,-1.771044894565986794e-01,-4.582187390443441810e-01,-7.647587771265387246e-01,4.715604949507127275e-01,-7.754069170249729970e-01,-8.092769052360058168e-01,-2.469722636160833762e-01,-4.196887180635389125e-01,1.238816149457046267e-01
1.099851430858805879e+00,-1.837847219829066070e+00,-1.117839943644278966e+00,8.743462339390176696e-01,1.519695930618101487e+00,1.125160300770653210e+00,-4.582187390443441810e-01,-7.647587771265387246e-01,5.711292378684226234e-01,1.289645446853545208e+00,-8.092769052360058168e-01,-2.469722636160833762e-01,-4.196887180635389125e-01,1.238816149457046267e-01
2.499604763538311847e+00,5.441148694030143451e-01,-1.117839943644278966e+00,8.743462339390176696e-01,-8.526445700315014864e-03,9.365564345998098617e-01,-4.582187390443441810e-01,1.639105483795093132e+00,7.702667237038424153e-01,1.289645446853545208e+00,-8.092769052360058168e-01,-2.469722636160833762e-01,3.618825361415798358e+00,1.238816149457046267e-01
-1.161288568085011352e+00,5.441148694030143451e-01,-2.325940255408903146e-01,8.743462339390176696e-01,-1.474557526383528661e-01,-2.220101718782280520e-01,-4.582187390443441810e-01,-7.647587771265387246e-01,-2.752050769321116030e-01,1.289645446853545208e+00,8.825755528451835474e-02,7.897014355131553032e-01,-4.196887180635389125e-01,1.516270014335442173e+00
6.691580977266503583e-01,5.441148694030143451e-01,1.537897810665886933e+00,-3.171476319498239826e-01,9.639787028659499990e-01,6.042543846797524543e-01,2.182363824940011909e+00,4.371733533342772038e-01,6.458057950567051009e-01,-7.754069170249729970e-01,-3.605096749757437102e-01,7.897014355131553032e-01,-4.196887180635389125e-01,-9.204096845965986651e-01
-6.229219016698166467e-01,5.441148694030143451e-01,-2.325940255408903146e-01,-3.171476319498239826e-01,1.304028612377228502e-01,4.066693820245831925e-01,-4.582187390443441810e-01,-7.647587771265387246e-01,7.204823522449874673e-01,-7.754069170249729970e-01,-8.092769052360058168e-01,-1.283645962745322056e+00,-4.196887180635389125e-01,-9.204096845965986651e-01
1.099851430858805879e+00,-1.837847219829066070e+00,6.526518925624983369e-01,8.743462339390176696e-01,-8.421022873285421984e-01,-1.793709056635256260e+00,-4.582187390443441810e-01,-7.647587771265387246e-01,3.470995663035753576e-01,-7.754069170249729970e-01,1.780110013365708566e-01,1.826375134642393983e+00,-4.196887180635389125e-01,-9.204096845965986651e-01
3.461380978775335793e-01,5.441148694030143451e-01,-2.325940255408903146e-01,-3.171476319498239826e-01,4.082614751137985665e-01,5.413864292894713381e-01,2.182363824940011909e+00,-7.647587771265387246e-01,2.226386376564379599e-01,-7.754069170249729970e-01,-8.092769052360058168e-01,-1.283645962745322056e+00,-4.196887180635389125e-01,1.168172914488007974e+00
1.207524764141844953e+00,5.441148694030143451e-01,1.537897810665886933e+00,8.743462339390176696e-01,6.861200889898743105e-01,3.168580171813244473e-01,-4.582187390443441810e-01,-7.647587771265387246e-01,-2.752050769321116030e-01,1.289645446853545208e+00,5.370247855447803920e-01,7.897014355131553032e-01,-4.196887180635389125e-01,-9.204096845965986651e-01
9.921780975757670262e-01,-1.837847219829066070e+00,1.537897810665886933e+00,-3.171476319498239826e-01,-3.481759119151261572e+00,-1.793709056635256260e+00,-4.582187390443441810e-01,-7.647587771265387246e-01,-3.262267364463408814e+00,-7.754069170249729970e-01,-8.092769052360058168e-01,-1.283645962745322056e+00,-4.196887180635389125e-01,-9.204096845965986651e-01
2.311809802841681069e-02,5.441148694030143451e-01,-1.117839943644278966e+00,-3.171476319498239826e-01,-4.808860892896437700e-01,9.814621170214391510e-01,-4.582187390443441810e-01,-7.647587771265387246e-01,6.209136093272775714e-01,-7.754069170249729970e-01,-8.092769052360058168e-01,-2.469722636160833762e-01,-4.196887180635389125e-01,1.516270014335442173e+00
-1.922285685376610154e-01,5.441148694030143451e-01,-2.325940255408903146e-01,8.743462339390176696e-01,1.304028612377228502e-01,8.826696156938546034e-01,-4.582187390443441810e-01,-7.647587771265387246e-01,-5.241269342263863429e-01,1.289645446853545208e+00,8.825755528451835474e-02,7.897014355131553032e-01,-4.196887180635389125e-01,-9.204096845965986651e-01
-7.305952349528556100e-01,-1.837847219829066070e+00,-2.325940255408903146e-01,-1.508641497838665746e+00,1.304028612377228502e-01,-1.793709056635256260e+00,-4.582187390443441810e-01,-7.647587771265387246e-01,3.470995663035753576e-01,-7.754069170249729970e-01,9.857920158050426096e-01,7.897014355131553032e-01,-4.196887180635389125e-01,-9.204096845965986651e-01
1.422871430707922658e+00,5.441148694030143451e-01,-1.117839943644278966e+00,8.743462339390176696e-01,9.639787028659499990e-01,7.748959778819440869e-01,-4.582187390443441810e-01,1.639105483795093132e+00,-5.739113056852412909e-01,1.289645446853545208e+00,5.370247855447803920e-01,7.897014355131553032e-01,3.618825361415798358e+00,1.238816149457046267e-01
-4.075752351037388310e-01,-1.837847219829066070e+00,-1.117839943644278966e+00,-3.171476319498239826e-01,-8.526445700315014864e-03,2.719523347596951024e-01,-4.582187390443441810e-01,-7.647587771265387246e-01,9.694042095392622072e-01,-7.754069170249729970e-01,-4.502631210277961427e-01,-2.469722636160833762e-01,-4.196887180635389125e-01,1.238816149457046267e-01
1.315198097424883805e+00,-1.837847219829066070e+00,1.537897810665886933e+00,8.743462339390176696e-01,8.250493959279121547e-01,1.098216891317675525e+00,2.182363824940011909e+00,1.639105483795093132e+00,-2.628321963783680770e-02,1.289645446853545208e+00,1.793573030273514224e+00,7.897014355131553032e-01,2.272654001589352379e+00,1.168172914488007974e+00
-5.152485683867777944e-01,5.441148694030143451e-01,-2.325940255408903146e-01,8.743462339390176696e-01,1.304028612377228502e-01,1.268858484519867158e+00,-4.582187390443441810e-01,-7.647587771265387246e-01,-2.752050769321116030e-01,1.289645446853545208e+00,8.825755528451835474e-02,7.897014355131553032e-01,-4.196887180635389125e-01,-9.204096845965986651e-01
1.745891430557039437e+00,5.441148694030143451e-01,-2.325940255408903146e-01,8.743462339390176696e-01,1.102908009803987843e+00,9.814621170214391510e-01,2.182363824940011909e+00,1.639105483795093132e+00,-3.996660055792489730e-01,1.289645446853545208e+00,1.973079922377619200e+00,7.897014355131553032e-01,3.618825361415798358e+00,1.168172914488007974e+00
-9.459419015189334257e-01,5.441148694030143451e-01,-1.117839943644278966e+00,8.743462339390176696e-01,-5.920295348400740343e-01,7.436733210452582676e-02,-4.582187390443441810e-01,1.639105483795093132e+00,4.217761234918577795e-01,1.289645446853545208e+00,1.883326476325566823e+00,7.897014355131553032e-01,-4.196887180635389125e-01,1.238816149457046267e-01
-9.459419015189334257e-01,5.441148694030143451e-01,-1.117839943644278966e+00,8.743462339390176696e-01,4.638331978890137264e-01,9.814621170214391510e-01,-4.582187390443441810e-01,1.639105483795093132e+00,3.968839377624303055e-01,1.289645446853545208e+00,-8.092769052360058168e-01,7.897014355131553032e-01,3.618825361415798358e+00,1.516270014335442173e+00
-1.053615234801972278e+00,5.441148694030143451e-01,-1.117839943644278966e+00,-1.508641497838665746e+00,1.304028612377228502e-01,2.988957442126726760e-01,-4.582187390443441810e-01,-7.647587771265387246e-01,1.193433881104109640e+00,1.289645446853545208e+00,-4.502631210277961427e-01,-2.469722636160833762e-01,-4.196887180635389125e-01,1.238816149457046267e-01
1.530544763990961732e+00,5.441148694030143451e-01,1.537897810665886933e+00,8.743462339390176696e-01,3.526897523385834066e-01,-1.793709056635256260e+00,-4.582187390443441810e-01,-7.647587771265387246e-01,-2.628321963783680770e-02,1.289645446853545208e+00,1.883326476325566823e+00,7.897014355131553032e-01,-4.196887180635389125e-01,-9.204096845965986651e-01
-7.305952349528556100e-01,5.441148694030143451e-01,-2.325940255408903146e-01,8.743462339390176696e-01,6.861200889898743105e-01,2.360277888223915876e-01,-4.582187390443441810e-01,-7.647587771265387246e-01,-8.228331629795160307e-01,1.289645446853545208e+00,5.370247855447803920e-01,7.897014355131553032e-01,-4.196887180635389125e-01,1.516270014335442173e+00
-1.922285685376610154e-01,-1.837847219829066070e+00,-2.325940255408903146e-01,-3.171476319498239826e-01,4.082614751137985665e-01,-1.793709056635256260e+00,-4.582187390443441810e-01,-7.647587771265387246e-01,2.226386376564379599e-01,-7.754069170249729970e-01,-8.092769052360058168e-01,-1.283645962745322056e+00,-4.196887180635389125e-01,-9.204096845965986651e-01
2.311809802841681069e-02,5.441148694030143451e-01,-2.325940255408903146e-01,-3.171476319498239826e-01,9.639787028659499990e-01,-4.238744219171054067e-02,-4.582187390443441810e-01,4.371733533342772038e-01,-2.628321963783680770e-02,-7.754069170249729970e-01,8.825755528451835474e-02,-2.469722636160833762e-01,-4.196887180635389125e-01,-9.204096845965986651e-01
-1.161288568085011352e+00,-1.837847219829066070e+00,-2.325940255408903146e-01,-3.171476319498239826e-01,-1.474557526383528661e-01,5.952732481954265964e-01,-4.582187390443441810e-01,-7.647587771265387246e-01,-3.249894483909665510e-01,-7.754069170249729970e-01,-8.092769052360058168e-01,-1.283645962745322056e+00,-4.196887180635389125e-01,-9.204096845965986651e-01
8.845047642927281739e-01,-1.837847219829066070e+00,-1.117839943644278966e+00,8.743462339390176696e-01,9.639787028659499990e-01,-3.208026732058126829e-01,-4.582187390443441810e-01,1.639105483795093132e+00,3.470995663035753576e-01,-7.754069170249729970e-01,4.755436749991244660e+00,1.826375134642393983e+00,3.618825361415798358e+00,1.516270014335442173e+00
-1.591981901217166984e+00,5.441148694030143451e-01,-2.325940255408903146e-01,-1.508641497838665746e+00,-1.474557526383528661e-01,1.250896211551215442e+00,-4.582187390443441810e-01,-7.647587771265387246e-01,9.694042095392622072e-01,-7.754069170249729970e-01,-8.092769052360058168e-01,-1.283645962745322056e+00,-4.196887180635389125e-01,-9.204096845965986651e-01
1.099851430858805879e+00,5.441148694030143451e-01,1.537897810665886933e+00,8.743462339390176696e-01,1.304028612377228502e-01,5.234241563208196224e-01,2.182363824940011909e+00,1.639105483795093132e+00,-2.628321963783680770e-02,-7.754069170249729970e-01,-8.092769052360058168e-01,-1.283645962745322056e+00,-4.196887180635389125e-01,1.168172914488007974e+00
-1.922285685376610154e-01,5.441148694030143451e-01,-2.325940255408903146e-01,8.743462339390176696e-01,-3.697426437392134502e-01,1.277839621004193127e+00,-4.582187390443441810e-01,4.371733533342772038e-01,-8.726175344383709787e-01,1.289645446853545208e+00,8.825755528451835474e-02,7.897014355131553032e-01,-4.196887180635389125e-01,-9.204096845965986651e-01
-1.484308567934127909e+00,5.441148694030143451e-01,-2.325940255408903146e-01,-1.508641497838665746e+00,1.304028612377228502e-01,1.372352874948069568e-01,-4.582187390443441810e-01,-7.647587771265387246e-01,1.728542661975830119e-01,-7.754069170249729970e-01,-8.092769052360058168e-01,-1.283645962745322056e+00,-4.196887180635389125e-01,-9.204096845965986651e-01
-8.455523525462210754e-02,5.441148694030143451e-01,1.537897810665886933e+00,8.743462339390176696e-01,7.972635345403046303e-01,-1.793709056635256260e+00,-4.582187390443441810e-01,4.371733533342772038e-01,2.226386376564379599e-01,1.289645446853545208e+00,5.370247855447803920e-01,7.897014355131553032e-01,-4.196887180635389125e-01,-9.204096845965986651e-01
-1.376635234651089057e+00,-1.837847219829066070e+00,-1.117839943644278966e+00,-3.171476319498239826e-01,1.925941568729255815e-02,9.545187075684615774e-01,-4.582187390443441810e-01,-7.647587771265387246e-01,7.951589094332699448e-01,-7.754069170249729970e-01,-8.092769052360058168e-01,-2.469722636160833762e-01,-4.196887180635389125e-01,1.238816149457046267e-01
-1.053615234801972278e+00,5.441148694030143451e-01,-1.117839943644278966e+00,-3.171476319498239826e-01,-1.474557526383528661e-01,5.683298387424489118e-01,-4.582187390443441810e-01,-7.647587771265387246e-01,1.044080766727544685e+00,-7.754069170249729970e-01,-8.092769052360058168e-01,-2.469722636160833762e-01,-4.196887180635389125e-01,1.516270014335442173e+00
-2.022675234349322615e+00,-1.837847219829066070e+00,-2.325940255408903146e-01,-9.128945648942448088e-01,-1.474557526383528661e-01,-3.567272191431161699e-01,-4.582187390443441810e-01,4.371733533342772038e-01,1.342786995480674372e+00,-7.754069170249729970e-01,-8.092769052360058168e-01,-1.283645962745322056e+00,-4.196887180635389125e-01,-9.204096845965986651e-01
-1.915001901066283763e+00,5.441148694030143451e-01,6.526518925624983369e-01,8.743462339390176696e-01,-4.253143665144286101e-01,-1.793709056635256260e+00,-4.582187390443441810e-01,-7.647587771265387246e-01,-1.507441482849742054e-01,1.289645446853545208e+00,8.825755528451835474e-02,7.897014355131553032e-01,-4.196887180635389125e-01,1.168172914488007974e+00
-8.382685682358945733e-01,5.441148694030143451e-01,-2.325940255408903146e-01,8.743462339390176696e-01,1.519695930618101487e+00,7.210091589759888286e-01,-4.582187390443441810e-01,4.371733533342772038e-01,-2.752050769321116030e-01,-7.754069170249729970e-01,-8.092769052360058168e-01,-1.283645962745322056e+00,-4.196887180635389125e-01,-9.204096845965986651e-01
1.853564763840078289e+00,-1.837847219829066070e+00,-1.117839943644278966e+00,8.743462339390176696e-01,-3.697426437392134502e-01,-4.555197204707007730e-01,-4.582187390443441810e-01,-7.647587771265387246e-01,-1.507441482849742054e-01,-7.754069170249729970e-01,6.267782315968328799e-01,7.897014355131553032e-01,-4.196887180635389125e-01,1.238816149457046267e-01
-1.922285685376610154e-01,5.441148694030143451e-01,-1.117839943644278966e+00,-1.508641497838665746e+00,3.526897523385834066e-01,2.090843793694139585e-01,-4.582187390443441810e-01,-7.647587771265387246e-01,9.445120238098347887e-01,-7.754069170249729970e-01,-8.092769052360058168e-01,-2.469722636160833762e-01,-4.196887180635389125e-01,1.238816149457046267e-01
8.845047642927281739e-01,5.441148694030143451e-01,1.537897810665886933e+00,-1.508641497838665746e+00,-3.481759119151261572e+00,-1.793709056635256260e+00,2.182363824940011909e+00,4.371733533342772038e-01,-3.262267364463408814e+00,-7.754069170249729970e-01,-8.092769052360058168e-01,-1.283645962745322056e+00,-4.196887180635389125e-01,-9.204096845965986651e-01
-1.591981901217166984e+00,5.441148694030143451e-01,-2.325940255408903146e-01,-3.171476319498239826e-01,-2.030274754135680260e-01,3.844278616722233283e-02,-4.582187390443441810e-01,-7.647587771265387246e-01,1.342786995480674372e+00,-7.754069170249729970e-01,-8.092769052360058168e-01,-2.469722636160833762e-01,-4.196887180635389125e-01,1.238816149457046267e-01
2.311809802841681069e-02,5.441148694030143451e-01,6.526518925624983369e-01,8.743462339390176696e-01,1.304028612377228502e-01,-1.793709056635256260e+00,-4.582187390443441810e-01,-7.647587771265387246e-01,-5.241269342263863429e-01,1.289645446853545208e+00,1.883326476325566823e+00,7.897014355131553032e-01,-4.196887180635389125e-01,1.516270014335442173e+00
-1.161288568085011352e+00,5.441148694030143451e-01,1.537897810665886933e+00,8.743462339390176696e-01,-9.188402986313773391e-02,-1.793709056635256260e+00,-4.582187390443441810e-01,-7.647587771265387246e-01,-2.752050769321116030e-01,-7.754069170249729970e-01,-3.605096749757437102e-01,-2.469722636160833762e-01,-4.196887180635389125e-01,-9.204096845965986651e-01
5.614847644436113949e-01,5.441148694030143451e-01,-2.325940255408903146e-01,-1.508641497838665746e+00,1.519695930618101487e+00,1.192730145261551994e-01,-4.582187390443441810e-01,-7.647587771265387246e-01,-7.730487915206610827e-01,-7.754069170249729970e-01,-8.092769052360058168e-01,-1.283645962745322056e+00,-4.196887180635389125e-01,-9.204096845965986651e-01
1.307914313114557359e-01,-1.837847219829066070e+00,-1.117839943644278966e+00,-1.508641497838665746e+00,2.693321681757607222e-01,4.515750644462125929e-01,-4.582187390443441810e-01,-7.647587771265387246e-01,8.449432808921248927e-01,-7.754069170249729970e-01,3.575178934406756381e-01,-2.469722636160833762e-01,-4.196887180635389125e-01,1.238816149457046267e-01
-8.382685682358945733e-01,5.441148694030143451e-01,-2.325940255408903146e-01,8.743462339390176696e-01,-4.253143665144286101e-01,2.048051319857057892e-02,-4.582187390443441810e-01,-7.647587771265387246e-01,4.715604949507127275e-01,1.289645446853545208e+00,-8.092769052360058168e-01,-1.283645962745322056e+00,-4.196887180635389125e-01,-9.204096845965986651e-01
7.768314310096892106e-01,5.441148694030143451e-01,1.537897810665886933e+00,-3.171476319498239826e-01,-3.481759119151261572e+00,7.479525684289664023e-01,-4.582187390443441810e-01,-7.647587771265387246e-01,-3.262267364463408814e+00,-7.754069170249729970e-01,-8.092769052360058168e-01,-1.283645962745322056e+00,-4.196887180635389125e-01,-9.204096845965986651e-01
7.768314310096892106e-01,5.441148694030143451e-01,-1.117839943644278966e+00,-9.128945648942448088e-01,2.415463067881531423e-01,3.078768806969985894e-01,-4.582187390443441810e-01,-7.647587771265387246e-01,3.470995663035753576e-01,-7.754069170249729970e-01,1.524312692117357093e+00,7.897014355131553032e-01,2.272654001589352379e+00,1.238816149457046267e-01
-1.922285685376610154e-01,5.441148694030143451e-01,-2.325940255408903146e-01,8.743462339390176696e-01,4.082614751137985665e-01,1.834670083032397203e+00,-4.582187390443441810e-01,-7.647587771265387246e-01,-1.756363340144016794e-01,1.289645446853545208e+00,9.857920158050426096e-01,7.897014355131553032e-01,-4.196887180635389125e-01,-9.204096845965986651e-01
1.638218097274000584e+00,5.441148694030143451e-01,1.537897810665886933e+00,8.743462339390176696e-01,-3.481759119151261572e+00,-1.793709056635256260e+00,2.182363824940011909e+00,-7.647587771265387246e-01,-3.262267364463408814e+00,-7.754069170249729970e-01,-8.092769052360058168e-01,-1.283645962745322056e+00,-4.196887180635389125e-01,-9.204096845965986651e-01
-5.152485683867777944e-01,5.441148694030143451e-01,-2.325940255408903146e-01,8.743462339390176696e-01,4.082614751137985665e-01,3.078768806969985894e-01,-4.582187390443441810e-01,-7.647587771265387246e-01,2.226386376564379599e-01,1.289645446853545208e+00,8.825755528451835474e-02,7.897014355131553032e-01,-4.196887180635389125e-01,-9.204096845965986651e-01
5.614847644436113949e-01,5.441148694030143451e-01,6.526518925624983369e-01,8.743462339390176696e-01,7.416918117650894704e-01,9.006318886625063191e-01,2.182363824940011909e+00,1.639105483795093132e+00,-7.606759109669175567e-02,1.289645446853545208e+00,1.614066138169409692e+00,7.897014355131553032e-01,2.272654001589352379e+00,1.516270014335442173e+00
7.768314310096892106e-01,5.441148694030143451e-01,6.526518925624983369e-01,8.743462339390176696e-01,6.861200889898743105e-01,-1.793709056635256260e+00,-4.582187390443441810e-01,-7.647587771265387246e-01,-6.485878628735237683e-01,1.289645446853545208e+00,-8.092769052360058168e-01,7.897014355131553032e-01,-4.196887180635389125e-01,1.516270014335442173e+00
4.538114311605724871e-01,-1.837847219829066070e+00,1.537897810665886933e+00,-1.508641497838665746e+00,2.693321681757607222e-01,5.413864292894713381e-01,-4.582187390443441810e-01,-7.647587771265387246e-01,7.204823522449874673e-01,-7.754069170249729970e-01,8.825755528451835474e-02,7.897014355131553032e-01,-4.196887180635389125e-01,1.238816149457046267e-01
1.638218097274000584e+00,5.441148694030143451e-01,-1.117839943644278966e+00,-1.508641497838665746e+00,4.082614751137985665e-01,4.874996103835160799e-01,-4.582187390443441810e-01,1.639105483795093132e+00,3.719917520330028315e-01,-7.754069170249729970e-01,9.857920158050426096e-01,7.897014355131553032e-01,3.618825361415798358e+00,1.516270014335442173e+00
3.461380978775335793e-01,5.441148694030143451e-01,1.537897810665886933e+00,8.743462339390176696e-01,1.304028612377228502e-01,9.994243899900909778e-01,-4.582187390443441810e-01,4.371733533342772038e-01,4.217761234918577795e-01,1.289645446853545208e+00,9.857920158050426096e-01,7.897014355131553032e-01,-4.196887180635389125e-01,-9.204096845965986651e-01
9.921780975757670262e-01,5.441148694030143451e-01,6.526518925624983369e-01,8.743462339390176696e-01,6.861200889898743105e-01,-1.793709056635256260e+00,-4.582187390443441810e-01,4.371733533342772038e-01,5.711292378684226234e-01,-7.754069170249729970e-01,2.511600598689933683e+00,-2.469722636160833762e-01,-4.196887180635389125e-01,-9.204096845965986651e-01
3.461380978775335793e-01,-1.837847219829066070e+00,-2.325940255408903146e-01,8.743462339390176696e-01,1.519695930618101487e+00,1.322745303425822527e+00,-4.582187390443441810e-01,4.371733533342772038e-01,-1.258519625555467036e-01,1.289645446853545208e+00,-9.124933681958644072e-02,7.897014355131553032e-01,-4.196887180635389125e-01,-9.204096845965986651e-01
7.768314310096892106e-01,5.441148694030143451e-01,6.526518925624983369e-01,8.743462339390176696e-01,-5.642436734524665098e-01,-1.793709056635256260e+00,-4.582187390443441810e-01,-7.647587771265387246e-01,-5.241269342263863429e-01,1.289645446853545208e+00,5.370247855447803920e-01,-2.469722636160833762e-01,-4.196887180635389125e-01,-9.204096845965986651e-01
-6.229219016698166467e-01,5.441148694030143451e-01,-2.325940255408903146e-01,8.743462339390176696e-01,-1.474557526383528661e-01,5.413864292894713381e-01,-4.582187390443441810e-01,-7.647587771265387246e-01,-3.996660055792489730e-01,-7.754069170249729970e-01,9.857920158050426096e-01,7.897014355131553032e-01,-4.196887180635389125e-01,-9.204096845965986651e-01
2.311809802841681069e-02,5.441148694030143451e-01,-1.117839943644278966e+00,-1.508641497838665746e+00,-8.526445700315014864e-03,6.581412035857077125e-01,-4.582187390443441810e-01,1.639105483795093132e+00,5.213448664095676754e-01,-7.754069170249729970e-01,-3.605096749757437102e-01,1.826375134642393983e+00,9.264826417629067334e-01,1.238816149457046267e-01
3.461380978775335793e-01,-1.837847219829066070e+00,-2.325940255408903146e-01,-9.128945648942448088e-01,1.304028612377228502e-01,9.724809805371132931e-01,-4.582187390443441810e-01,-7.647587771265387246e-01,-8.228331629795160307e-01,-7.754069170249729970e-01,8.825755528451835474e-02,7.897014355131553032e-01,-4.196887180635389125e-01,-9.204096845965986651e-01
-6.229219016698166467e-01,-1.837847219829066070e+00,-2.325940255408903146e-01,8.743462339390176696e-01,3.526897523385834066e-01,1.282541510104810711e-01,-4.582187390443441810e-01,-7.647587771265387246e-01,-5.739113056852412909e-01,1.289645446853545208e+00,5.370247855447803920e-01,7.897014355131553032e-01,-4.196887180635389125e-01,-9.204096845965986651e-01
1.853564763840078289e+00,5.441148694030143451e-01,1.537897810665886933e+00,-1.508641497838665746e+00,-3.481759119151261572e+00,1.911221064007622150e-01,-4.582187390443441810e-01,-7.647587771265387246e-01,-3.262267364463408814e+00,-7.754069170249729970e-01,-8.092769052360058168e-01,-1.283645962745322056e+00,-4.196887180635389125e-01,-9.204096845965986651e-01
6.691580977266503583e-01,5.441148694030143451e-01,1.537897810665886933e+00,8.743462339390176696e-01,1.304028612377228502e-01,-1.232176705506434211e-01,2.182363824940011909e+00,4.371733533342772038e-01,2.226386376564379599e-01,1.289645446853545208e+00,-3.605096749757437102e-01,7.897014355131553032e-01,-4.196887180635389125e-01,-9.204096845965986651e-01
1.099851430858805879e+00,5.441148694030143451e-01,-1.117839943644278966e+00,8.743462339390176696e-01,7.483113846250770418e-02,5.683298387424489118e-01,-4.582187390443441810e-01,-7.647587771265387246e-01,-6.485878628735237683e-01,1.289645446853545208e+00,-6.297700131319009520e-01,7.897014355131553032e-01,9.264826417629067334e-01,1.516270014335442173e+00
4.538114311605724871e-01,-1.837847219829066070e+00,-1.117839943644278966e+00,-9.128945648942448088e-01,6.861200889898743105e-01,7.479525684289664023e-01,2.182363824940011909e+00,1.639105483795093132e+00,7.702667237038424153e-01,-7.754069170249729970e-01,8.825755528451835474e-02,-2.469722636160833762e-01,-4.196887180635389125e-01,1.238816149457046267e-01
-2.130348567632361689e+00,5.441148694030143451e-01,-2.325940255408903146e-01,-3.171476319498239826e-01,6.861200889898743105e-01,1.282541510104810711e-01,-4.582187390443441810e-01,4.371733533342772038e-01,9.196198380804072592e-01,-7.754069170249729970e-01,-8.092769052360058168e-01,-1.283645962745322056e+00,-4.196887180635389125e-01,-9.204096845965986651e-01
1.307914313114557359e-01,-1.837847219829066070e+00,-2.325940255408903146e-01,-3.171476319498239826e-01,-4.253143665144286101e-01,1.295801893972844843e+00,-4.582187390443441810e-01,4.371733533342772038e-01,7.204823522449874673e-01,-7.754069170249729970e-01,-8.092769052360058168e-01,-1.283645962745322056e+00,-4.196887180635389125e-01,-9.204096845965986651e-01
-8.382685682358945733e-01,5.441148694030143451e-01,-1.117839943644278966e+00,-3.171476319498239826e-01,-6.753871190028967186e-01,-2.442516922305879370e-02,2.182363824940011909e+00,-7.647587771265387246e-01,6.209136093272775714e-01,-7.754069170249729970e-01,-8.092769052360058168e-01,-2.469722636160833762e-01,-4.196887180635389125e-01,1.516270014335442173e+00
1.315198097424883805e+00,-1.837847219829066070e+00,-1.117839943644278966e+00,-1.508641497838665746e+00,5.749766434394439907e-01,7.030468860073371129e-01,-4.582187390443441810e-01,1.639105483795093132e+00,5.213448664095676754e-01,-7.754069170249729970e-01,-8.092769052360058168e-01,7.897014355131553032e-01,9.264826417629067334e-01,1.238816149457046267e-01
-8.455523525462210754e-02,-1.837847219829066070e+00,-2.325940255408903146e-01,-1.508641497838665746e+00,-8.526445700315014864e-03,2.719523347596951024e-01,-4.582187390443441810e-01,-7.647587771265387246e-01,9.196198380804072592e-01,-7.754069170249729970e-01,-5.400165670798485751e-01,-2.469722636160833762e-01,-4.196887180635389125e-01,1.238816149457046267e-01
-2.999019018206999232e-01,5.441148694030143451e-01,-1.117839943644278966e+00,8.743462339390176696e-01,4.082614751137985665e-01,8.826696156938546034e-01,-4.582187390443441810e-01,-7.647587771265387246e-01,-2.254207054732566273e-01,1.289645446853545208e+00,2.960367828950195790e+00,7.897014355131553032e-01,3.618825361415798358e+00,1.516270014335442173e+00
-8.382685682358945733e-01,5.441148694030143451e-01,-2.325940255408903146e-01,8.743462339390176696e-01,-4.253143665144286101e-01,3.438014266343020764e-01,-4.582187390443441810e-01,4.371733533342772038e-01,2.226386376564379599e-01,1.289645446853545208e+00,8.825755528451835474e-02,7.897014355131553032e-01,-4.196887180635389125e-01,1.238816149457046267e-01
9.921780975757670262e-01,5.441148694030143451e-01,1.537897810665886933e+00,8.743462339390176696e-01,1.304028612377228502e-01,9.724809805371132931e-01,-4.582187390443441810e-01,-7.647587771265387246e-01,1.728542661975830119e-01,1.289645446853545208e+00,9.857920158050426096e-01,7.897014355131553032e-01,-4.196887180635389125e-01,-9.204096845965986651e-01
-4.075752351037388310e-01,-1.837847219829066070e+00,-2.325940255408903146e-01,8.743462339390176696e-01,-1.474557526383528661e-01,1.152103710223630895e+00,-4.582187390443441810e-01,-7.647587771265387246e-01,-5.241269342263863429e-01,1.289645446853545208e+00,8.825755528451835474e-02,7.897014355131553032e-01,-4.196887180635389125e-01,-9.204096845965986651e-01
-2.453368567481478468e+00,5.441148694030143451e-01,-2.325940255408903146e-01,8.743462339390176696e-01,-1.474557526383528661e-01,6.311977941327300279e-01,-4.582187390443441810e-01,-7.647587771265387246e-01,5.462370521389952049e-01,1.289645446853545208e+00,5.370247855447803920e-01,7.897014355131553032e-01,-4.196887180635389125e-01,-9.204096845965986651e-01
-1.484308567934127909e+00,5.441148694030143451e-01,-2.325940255408903146e-01,-3.171476319498239826e-01,1.304028612377228502e-01,6.761034765543594283e-01,-4.582187390443441810e-01,-7.647587771265387246e-01,4.715604949507127275e-01,-7.754069170249729970e-01,-8.092769052360058168e-01,-1.283645962745322056e+00,-4.196887180635389125e-01,-9.204096845965986651e-01
-1.268961901368050205e+00,5.441148694030143451e-01,1.537897810665886933e+00,-1.508641497838665746e+00,2.415463067881531423e-01,3.617636996029538476e-01,-4.582187390443441810e-01,-7.647587771265387246e-01,7.204823522449874673e-01,-7.754069170249729970e-01,-8.092769052360058168e-01,-1.283645962745322056e+00,-4.196887180635389125e-01,-9.204096845965986651e-01
-2.345695234198439394e+00,-1.837847219829066070e+00,-2.325940255408903146e-01,-3.171476319498239826e-01,-5.642436734524665098e-01,-1.544403273873291849e-02,-4.582187390443441810e-01,-7.647587771265387246e-01,8.449432808921248927e-01,-7.754069170249729970e-01,-8.092769052360058168e-01,-1.283645962745322056e+00,-4.196887180635389125e-01,-9.204096845965986651e-01
3.461380978775335793e-01,5.441148694030143451e-01,6.526518925624983369e-01,8.743462339390176696e-01,-4.253143665144286101e-01,-1.793709056635256260e+00,-4.582187390443441810e-01,4.371733533342772038e-01,-1.391033908409332418e-03,1.289645446853545208e+00,4.472713394927279595e-01,-2.469722636160833762e-01,9.264826417629067334e-01,-9.204096845965986651e-01
2.311809802841681069e-02,5.441148694030143451e-01,-1.117839943644278966e+00,-1.508641497838665746e+00,-1.474557526383528661e-01,5.234241563208196224e-01,-4.582187390443441810e-01,1.639105483795093132e+00,3.968839377624303055e-01,-7.754069170249729970e-01,-4.502631210277961427e-01,7.897014355131553032e-01,-4.196887180635389125e-01,1.516270014335442173e+00
3.461380978775335793e-01,5.441148694030143451e-01,6.526518925624983369e-01,8.743462339390176696e-01,4.082614751137985665e-01,-1.793709056635256260e+00,-4.582187390443441810e-01,-7.647587771265387246e-01,-7.730487915206610827e-01,1.289645446853545208e+00,-8.092769052360058168e-01,-1.283645962745322056e+00,-4.196887180635389125e-01,1.168172914488007974e+00
1.853564763840078289e+00,5.441148694030143451e-01,1.537897810665886933e+00,8.743462339390176696e-01,1.304028612377228502e-01,1.911221064007622150e-01,-4.582187390443441810e-01,4.371733533342772038e-01,-3.996660055792489730e-01,1.289645446853545208e+00,-8.092769052360058168e-01,-1.283645962745322056e+00,-4.196887180635389125e-01,-9.204096845965986651e-01
-6.229219016698166467e-01,5.441148694030143451e-01,-1.117839943644278966e+00,8.743462339390176696e-01,-9.188402986313773391e-02,2.001032428850880729e-01,-4.582187390443441810e-01,1.639105483795093132e+00,1.367679181210101902e+00,-7.754069170249729970e-01,-8.092769052360058168e-01,-2.469722636160833762e-01,-4.196887180635389125e-01,1.238816149457046267e-01
-1.053615234801972278e+00,5.441148694030143451e-01,-2.325940255408903146e-01,-3.171476319498239826e-01,1.304028612377228502e-01,1.372352874948069568e-01,-4.582187390443441810e-01,-7.647587771265387246e-01,9.817770900930057609e-02,-7.754069170249729970e-01,-8.092769052360058168e-01,-1.283645962745322056e+00,-4.196887180635389125e-01,-9.204096845965986651e-01
-8.455523525462210754e-02,-1.837847219829066070e+00,-1.117839943644278966e+00,-1.508641497838665746e+00,7.483113846250770418e-02,1.462164239791328424e-01,-4.582187390443441810e-01,1.639105483795093132e+00,-3.996660055792489730e-01,-7.754069170249729970e-01,-8.092769052360058168e-01,-2.469722636160833762e-01,-4.196887180635389125e-01,-9.204096845965986651e-01
2.311809802841681069e-02,5.441148694030143451e-01,-2.325940255408903146e-01,8.743462339390176696e-01,6.861200889898743105e-01,1.484405760143688191e+00,-4.582187390443441810e-01,4.371733533342772038e-01,7.328552327987310211e-02,-7.754069170249729970e-01,8.825755528451835474e-02,-2.469722636160833762e-01,-4.196887180635389125e-01,-9.204096845965986651e-01
-1.699655234500205836e+00,-1.837847219829066070e+00,-2.325940255408903146e-01,-3.171476319498239826e-01,-1.474557526383528661e-01,6.761034765543594283e-01,-4.582187390443441810e-01,-7.647587771265387246e-01,-5.117540536726428863e-02,-7.754069170249729970e-01,-8.092769052360058168e-01,-1.283645962745322056e+00,-4.196887180635389125e-01,-9.204096845965986651e-01
-1.922285685376610154e-01,5.441148694030143451e-01,-1.117839943644278966e+00,8.743462339390176696e-01,-3.697426437392134502e-01,2.719523347596951024e-01,-4.582187390443441810e-01,-7.647587771265387246e-01,7.204823522449874673e-01,-7.754069170249729970e-01,-8.092769052360058168e-01,-2.469722636160833762e-01,9.264826417629067334e-01,1.238816149457046267e-01
1.307914313114557359e-01,5.441148694030143451e-01,-2.325940255408903146e-01,-1.508641497838665746e+00,-1.474557526383528661e-01,1.821409699164363294e-01,-4.582187390443441810e-01,1.639105483795093132e+00,7.328552327987310211e-02,-7.754069170249729970e-01,-8.092769052360058168e-01,-1.283645962745322056e+00,-4.196887180635389125e-01,-9.204096845965986651e-01
9.921780975757670262e-01,-1.837847219829066070e+00,-1.117839943644278966e+00,8.743462339390176696e-01,6.861200889898743105e-01,1.861613492485374888e+00,-4.582187390443441810e-01,1.639105483795093132e+00,5.711292378684226234e-01,-7.754069170249729970e-01,2.780860936846091036e+00,7.897014355131553032e-01,3.618825361415798358e+00,1.516270014335442173e+00
-9.459419015189334257e-01,5.441148694030143451e-01,6.526518925624983369e-01,-1.508641497838665746e+00,-4.253143665144286101e-01,-1.793709056635256260e+00,-4.582187390443441810e-01,-7.647587771265387246e-01,1.728542661975830119e-01,-7.754069170249729970e-01,-8.990303512880581938e-01,-2.469722636160833762e-01,-4.196887180635389125e-01,-9.204096845965986651e-01
1.099851430858805879e+00,5.441148694030143451e-01,-1.117839943644278966e+00,-9.128945648942448088e-01,-4.253143665144286101e-01,1.013107415575034559e-01,-4.582187390443441810e-01,1.639105483795093132e+00,3.222073805741478836e-01,1.289645446853545208e+00,8.062851237009377448e-01,7.897014355131553032e-01,-4.196887180635389125e-01,1.238816149457046267e-01
9.921780975757670262e-01,5.441148694030143451e-01,6.526518925624983369e-01,8.743462339390176696e-01,1.658625237556139442e+00,-1.793709056635256260e+00,-4.582187390443441810e-01,-7.647587771265387246e-01,-8.228331629795160307e-01,1.289645446853545208e+00,-8.092769052360058168e-01,-2.469722636160833762e-01,-4.196887180635389125e-01,1.516270014335442173e+00
1.422871430707922658e+00,5.441148694030143451e-01,-1.117839943644278966e+00,8.743462339390176696e-01,-8.526445700315014864e-03,4.874996103835160799e-01,2.182363824940011909e+00,-7.647587771265387246e-01,7.951589094332699448e-01,-7.754069170249729970e-01,-6.297700131319009520e-01,7.897014355131553032e-01,2.272654001589352379e+00,1.516270014335442173e+00
5.614847644436113949e-01,5.441148694030143451e-01,-1.117839943644278966e+00,8.743462339390176696e-01,4.082614751137985665e-01,-2.040478989095762807e-01,-4.582187390443441810e-01,-7.647587771265387246e-01,7.702667237038424153e-01,1.289645446853545208e+00,-8.092769052360058168e-01,-2.469722636160833762e-01,9.264826417629067334e-01,1.516270014335442173e+00
7.768314310096892106e-01,5.441148694030143451e-01,-1.117839943644278966e+00,8.743462339390176696e-01,4.082614751137985665e-01,6.538619562019995501e-02,-4.582187390443441810e-01,1.639105483795093132e+00,1.728542661975830119e-01,1.289645446853545208e+00,8.960385697529900106e-01,-2.469722636160833762e-01,9.264826417629067334e-01,1.516270014335442173e+00
2.284258096972234142e+00,5.441148694030143451e-01,1.537897810665886933e+00,8.743462339390176696e-01,9.639787028659499990e-01,9.904432535057651199e-01,2.182363824940011909e+00,-7.647587771265387246e-01,-4.743425627675313949e-01,1.289645446853545208e+00,9.857920158050426096e-01,1.826375134642393983e+00,-4.196887180635389125e-01,1.516270014335442173e+00
-8.455523525462210754e-02,-1.837847219829066070e+00,-2.325940255408903146e-01,-3.171476319498239826e-01,4.082614751137985665e-01,1.462164239791328424e-01,-4.582187390443441810e-01,-7.647587771265387246e-01,2.724230091152929356e-01,1.289645446853545208e+00,9.857920158050426096e-01,7.897014355131553032e-01,-4.196887180635389125e-01,-9.204096845965986651e-01
3.461380978775335793e-01,-1.837847219829066070e+00,-1.117839943644278966e+00,8.743462339390176696e-01,7.483113846250770418e-02,9.275752981154838928e-01,-4.582187390443441810e-01,1.639105483795093132e+00,6.955901665155600488e-01,-7.754069170249729970e-01,-8.092769052360058168e-01,-2.469722636160833762e-01,9.264826417629067334e-01,1.238816149457046267e-01
