-2.592813107185065746e-04,8.026973605155944824e-01,8.962082862854003906e-01,8.936691284179687500e-01,9.934946298599243164e-01,4.970137178897857666e-01,4.933365881443023682e-01,6.748098731040954590e-01,4.918049871921539307e-01,8.038477301597595215e-01,1.355722080916166306e-02,2.623810200020670891e-03,-1.596340560354292393e-03,-5.451816832646727562e-04,-1.221739570610225201e-03,4.763015080243349075e-03,6.945617031306028366e-03,1.990088494494557381e-03,7.778732106089591980e-03,-7.148203440010547638e-05
4.552597180008888245e-03,2.954081399366259575e-03,-7.944343611598014832e-03,5.676689557731151581e-03,3.862683102488517761e-02,2.146722748875617981e-03,-3.985058865509927273e-04,6.505428254604339600e-02,-5.830583162605762482e-03,1.387097034603357315e-02,9.694855213165283203e-01,9.563565254211425781e-01,9.630780220031738281e-01,9.516692757606506348e-01,1.637872010469436646e-01,9.055464528501033783e-03,7.219162303954362869e-03,1.022225245833396912e-02,-3.522964660078287125e-03,-4.411253146827220917e-03
-2.728297607973217964e-03,-4.818096291273832321e-03,-9.374650195240974426e-03,-1.810066984035074711e-03,-3.688849974423646927e-03,-4.879517946392297745e-03,-6.753796478733420372e-04,6.855991482734680176e-01,-5.155943799763917923e-03,4.862319827079772949e-01,2.998574264347553253e-02,9.694874286651611328e-03,-8.330045267939567566e-03,1.772752963006496429e-02,5.425716750323772430e-03,6.648222915828227997e-04,5.030117928981781006e-03,-7.284536492079496384e-03,-1.252431247849017382e-04,8.899592794477939606e-04
-2.024551155045628548e-03,-7.479718886315822601e-03,3.167795483022928238e-03,1.041376497596502304e-02,-7.566046901047229767e-03,-1.570992404595017433e-03,-4.360957071185112000e-03,2.770802529994398355e-04,-9.629487991333007812e-03,1.469252631068229675e-02,9.184902906417846680e-01,6.598970890045166016e-01,3.056284785270690918e-01,6.622711420059204102e-01,5.940662622451782227e-01,1.016486287117004395e+00,9.982362985610961914e-01,5.834087729454040527e-01,9.870880842208862305e-01,8.116521239280700684e-01
-5.644707009196281433e-03,-8.780746720731258392e-03,-1.090773567557334900e-02,-1.018032617866992950e-02,-2.378333359956741333e-02,1.824509352445602417e-03,1.188460737466812134e-03,-1.476029586046934128e-02,-8.131780778057873249e-04,2.318725455552339554e-03,8.139092922210693359e-01,9.023974537849426270e-01,1.003079891204833984e+00,1.007930755615234375e+00,1.002194881439208984e+00,9.870319366455078125e-01,1.000479698181152344e+00,3.846141742542386055e-03,9.958680868148803711e-01,-1.111272023990750313e-03
-2.919384976848959923e-03,1.265498157590627670e-02,5.169837176799774170e-02,5.153275281190872192e-02,4.239110648632049561e-02,4.102170094847679138e-02,4.492787178605794907e-03,6.508318334817886353e-02,4.609052091836929321e-03,6.752998381853103638e-02,9.453443288803100586e-01,7.637519240379333496e-01,6.579672694206237793e-01,4.692726433277130127e-01,5.780439972877502441e-01,2.473497763276100159e-02,7.116216421127319336e-01,2.913070917129516602e-01,8.016210198402404785e-01,8.954185992479324341e-02
1.331097446382045746e-03,6.825400982052087784e-03,8.611953817307949066e-03,1.435376238077878952e-03,1.798121025785803795e-03,2.857330953702330589e-03,-1.885887817479670048e-03,4.264305904507637024e-02,-6.267813500016927719e-03,2.239805087447166443e-02,9.448667764663696289e-01,9.551296234130859375e-01,9.515450000762939453e-01,9.431555271148681641e-01,8.013430237770080566e-01,5.052914619445800781e-01,4.930867850780487061e-01,4.137064795941114426e-03,2.857197523117065430e-01,-3.444202244281768799e-03
-1.737999147735536098e-03,7.759091854095458984e-01,8.655359148979187012e-01,8.626593351364135742e-01,6.737196445465087891e-01,4.704998731613159180e-01,3.851972222328186035e-01,7.720198035240173340e-01,5.775318741798400879e-01,6.617631912231445312e-01,1.571730710566043854e-02,-1.287030521780252457e-02,-8.820661343634128571e-03,-4.859585023950785398e-04,4.351952578872442245e-03,1.659617642872035503e-03,1.509589329361915588e-02,-4.065054468810558319e-03,-1.005446029012091458e-04,4.116039723157882690e-03
3.600959025789052248e-04,9.938344359397888184e-01,6.525859702378511429e-03,-1.871511898934841156e-02,1.013051867485046387e+00,-2.231734804809093475e-03,3.066271077841520309e-03,2.463508211076259613e-02,-1.046403683722019196e-02,9.879847764968872070e-01,-3.568940609693527222e-02,-3.911028057336807251e-02,-1.291236467659473419e-02,-2.164101228117942810e-02,-1.567199081182479858e-02,-7.540347520262002945e-03,-1.297369971871376038e-02,-1.302868966013193130e-02,-5.681982263922691345e-03,-1.746984664350748062e-03
3.666511271148920059e-03,8.138398528099060059e-01,7.195979952812194824e-01,7.194271087646484375e-01,6.201138496398925781e-01,5.075027942657470703e-01,4.023560285568237305e-01,1.017061471939086914e+00,6.049347519874572754e-01,7.910936474800109863e-01,-1.379971299320459366e-02,-1.330475602298974991e-02,-8.175724186003208160e-03,7.332002278417348862e-04,-3.305429592728614807e-03,-2.909508300945162773e-03,-8.018068037927150726e-03,-3.335428424179553986e-03,3.331534098833799362e-03,-4.869564436376094818e-03
-1.969839679077267647e-03,-1.196751929819583893e-02,-5.021366290748119354e-03,8.067994494922459126e-04,-1.886173558887094259e-04,-2.651052782312035561e-03,-6.962998304516077042e-05,5.121698603034019470e-02,-4.166225437074899673e-03,4.542657732963562012e-02,8.933082818984985352e-01,6.619912385940551758e-01,9.774092435836791992e-01,9.435040950775146484e-01,7.789547443389892578e-01,-1.765088550746440887e-02,-1.264681294560432434e-02,4.468646657187491655e-04,-6.245586555451154709e-04,1.192476134747266769e-02
5.595951806753873825e-04,8.952936530113220215e-01,7.964480519294738770e-01,1.025064349174499512e+00,8.000289797782897949e-01,9.974525570869445801e-01,5.961633920669555664e-01,1.015404939651489258e+00,8.948194980621337891e-01,9.895492196083068848e-01,-1.946518942713737488e-02,-6.862510461360216141e-03,2.697216812521219254e-03,1.243007136508822441e-03,-2.514874329790472984e-03,4.327153146732598543e-05,3.544379258528351784e-03,-6.711799069307744503e-04,-8.326608804054558277e-04,-2.554471604526042938e-03
-3.626621793955564499e-03,-1.878571812994778156e-03,-1.426248694770038128e-03,-2.090437337756156921e-03,-1.344632729887962341e-02,2.363949781283736229e-03,-1.908892416395246983e-03,-7.756273262202739716e-03,-2.389602130278944969e-03,-2.198227308690547943e-02,1.010223150253295898e+00,1.012868881225585938e+00,1.020055294036865234e+00,1.014486551284790039e+00,1.014100670814514160e+00,1.006317377090454102e+00,1.007787227630615234e+00,2.719468623399734497e-02,5.273697376251220703e-01,1.221028063446283340e-02
2.526177093386650085e-03,-1.734722871333360672e-03,-6.495828740298748016e-03,5.232536699622869492e-03,5.879270844161510468e-03,1.653116196393966675e-02,2.077131066471338272e-03,5.947735160589218140e-02,3.305305261164903641e-03,8.852878957986831665e-02,8.751441836357116699e-01,9.155672192573547363e-01,8.846555352210998535e-01,9.147812724113464355e-01,9.490253329277038574e-01,9.966810941696166992e-01,9.705293774604797363e-01,5.532128214836120605e-01,7.418327331542968750e-01,8.137141168117523193e-02
-1.651142811169847846e-04,9.721326231956481934e-01,9.619521498680114746e-01,9.943991303443908691e-01,9.570405483245849609e-01,9.966014623641967773e-01,5.800880491733551025e-03,9.957279264926910400e-02,1.004096679389476776e-02,6.802764534950256348e-01,1.386923994868993759e-02,-4.418330732733011246e-03,-1.312819425947964191e-03,-1.592731568962335587e-03,-4.592311568558216095e-03,3.137616906315088272e-03,-2.596221165731549263e-03,8.138416451402008533e-04,-5.623327102512121201e-03,-2.673376351594924927e-03
2.680811157915741205e-04,7.969259619712829590e-01,9.000338912010192871e-01,1.016101956367492676e+00,9.933828115463256836e-01,9.913268685340881348e-01,6.878296732902526855e-01,8.863211870193481445e-01,7.976956367492675781e-01,8.271401524543762207e-01,-2.014206908643245697e-02,-3.095418214797973633e-03,-3.083939198404550552e-03,5.684582982212305069e-03,-7.479339372366666794e-03,1.740178093314170837e-03,-1.868591993115842342e-03,-7.349756546318531036e-03,-4.677099641412496567e-03,-6.093522533774375916e-04
-2.557248626544605941e-05,8.539941161870956421e-03,9.494131430983543396e-03,3.555041551589965820e-02,8.155258372426033020e-03,6.023692898452281952e-03,-8.124100277200341225e-04,3.705481812357902527e-02,-6.783860269933938980e-03,4.053181037306785583e-02,9.547953009605407715e-01,6.523720454424619675e-03,7.342009921558201313e-04,-4.753057844936847687e-03,1.962070818990468979e-03,-1.221512677147984505e-03,-1.451057754456996918e-02,3.702746005728840828e-03,-9.766520000994205475e-03,-3.760715480893850327e-04
-1.356380991637706757e-03,-2.785904332995414734e-03,2.750810002908110619e-03,2.754498720169067383e-01,3.478615581989288330e-01,9.807516932487487793e-01,-5.629692692309617996e-03,2.287441343069076538e-01,6.127557717263698578e-03,7.161833643913269043e-01,3.210864961147308350e-03,4.677408374845981598e-03,-9.400360286235809326e-04,-8.656444959342479706e-03,8.038393221795558929e-03,6.944741588085889816e-03,9.037382900714874268e-03,1.421070005744695663e-02,6.293833255767822266e-03,3.962350310757756233e-04
1.635625812923535705e-04,-3.243983373977243900e-04,2.953617572784423828e-01,5.924328565597534180e-01,1.925324797630310059e-01,4.147464409470558167e-03,2.002468099817633629e-03,6.184201221913099289e-03,-3.563842037692666054e-04,6.815177202224731445e-01,2.650911733508110046e-02,1.170232659205794334e-03,6.881645880639553070e-03,-1.223428547382354736e-02,-4.280416760593652725e-03,9.766469709575176239e-03,4.896968603134155273e-03,1.050556916743516922e-02,8.504170924425125122e-03,-2.201413502916693687e-03
-1.258890959434211254e-03,-1.133233215659856796e-02,-5.070204846560955048e-03,-1.082082465291023254e-02,-2.425507409498095512e-03,-1.233340613543987274e-02,-6.366596557199954987e-03,3.515332005918025970e-03,3.725153859704732895e-03,-9.335206123068928719e-04,9.825845956802368164e-01,9.479442238807678223e-01,9.797685742378234863e-01,1.015166640281677246e+00,4.266171157360076904e-02,-1.840335433371365070e-03,3.207578090950846672e-03,1.081294286996126175e-02,3.829273162409663200e-03,-1.820936100557446480e-03
1.269925292581319809e-02,1.090817525982856750e-02,1.229259930551052094e-02,2.438618056476116180e-02,2.452176250517368317e-02,7.007022388279438019e-03,4.161491058766841888e-03,3.440367802977561951e-02,1.504344958811998367e-02,4.453257843852043152e-02,-1.188213843852281570e-02,-7.288405671715736389e-03,9.361471980810165405e-02,-1.282888278365135193e-02,3.636543452739715576e-01,9.557093381881713867e-01,9.553185105323791504e-01,-4.930226714350283146e-04,-3.312289481982588768e-03,-1.179765444248914719e-03
5.968213547021150589e-03,-3.087681485339999199e-03,2.995414193719625473e-03,2.800668822601437569e-03,-1.931549166329205036e-03,-8.078885264694690704e-03,3.107285127043724060e-03,3.548235865309834480e-03,7.163974922150373459e-03,-5.275136791169643402e-03,8.813462257385253906e-01,3.747597336769104004e-03,1.994605176150798798e-02,5.612652748823165894e-03,2.419761009514331818e-02,-2.701666671782732010e-03,6.055708043277263641e-03,-2.217019442468881607e-03,-2.335945377126336098e-03,-4.532541614025831223e-03
1.500174636021256447e-03,-3.836204530671238899e-03,-2.242487668991088867e-02,8.448219858109951019e-03,7.077933289110660553e-03,-9.601828642189502716e-03,-3.058201633393764496e-03,-2.759905328275635839e-05,-5.193211603909730911e-03,-1.109022274613380432e-02,9.939836859703063965e-01,7.975645065307617188e-01,5.447549819946289062e-01,9.680648148059844971e-02,5.947341322898864746e-01,9.991076588630676270e-01,1.006112933158874512e+00,1.121192332357168198e-02,1.020460367202758789e+00,8.049322962760925293e-01
-3.882424789480865002e-04,1.910928189754486084e-01,4.932789206504821777e-01,8.026661276817321777e-01,7.079752683639526367e-01,9.811848402023315430e-01,-9.358555544167757034e-04,8.550184369087219238e-01,4.635851979255676270e-01,7.747194766998291016e-01,5.794090032577514648e-02,2.324751764535903931e-02,2.610569819808006287e-02,1.578649389557540417e-03,5.813521333038806915e-03,-9.363715536892414093e-03,6.398433819413185120e-03,2.640151884406805038e-03,1.969569129869341850e-03,7.200369727797806263e-04
3.173300623893737793e-02,3.677344322204589844e-02,6.661718711256980896e-03,6.944179534912109375e-03,4.020832479000091553e-02,7.155355066061019897e-03,1.185176079161465168e-03,6.149767711758613586e-02,1.477028802037239075e-02,9.601848572492599487e-02,-2.462028339505195618e-02,6.350047588348388672e-01,7.375035881996154785e-01,6.843663454055786133e-01,6.734618544578552246e-01,-1.545047014951705933e-02,-2.917317487299442291e-02,-1.143529731780290604e-02,-2.432278357446193695e-02,6.163728539831936359e-04
-2.961288439109921455e-03,1.002547796815633774e-02,6.664042472839355469e-01,7.534821033477783203e-01,7.730385661125183105e-01,2.292689867317676544e-02,2.256144210696220398e-02,6.643307805061340332e-01,3.929042071104049683e-02,5.874064564704895020e-01,7.660467177629470825e-02,5.807062983512878418e-02,1.024255063384771347e-03,-1.845670049078762531e-03,-9.747683070600032806e-03,-7.326743099838495255e-03,1.832979731261730194e-03,-8.306563831865787506e-03,-8.446879684925079346e-03,-7.183126173913478851e-03
3.605957841500639915e-03,2.024114364758133888e-03,6.327667739242315292e-03,5.037113092839717865e-03,6.489070598036050797e-03,4.835777916014194489e-03,3.490636590868234634e-03,5.303694009780883789e-01,5.536326672881841660e-03,5.843713283538818359e-01,1.057534739375114441e-01,9.504330903291702271e-02,9.254723042249679565e-02,1.044146791100502014e-01,8.182968199253082275e-02,3.541850671172142029e-02,3.385188058018684387e-02,-8.230222389101982117e-03,6.858832668513059616e-03,7.109828875400125980e-04
1.339940121397376060e-03,-8.554069790989160538e-05,6.252988241612911224e-03,2.569382078945636749e-03,9.971537590026855469e-01,3.662427770905196667e-04,-2.518494147807359695e-03,7.957400679588317871e-01,4.936822950839996338e-01,8.872245550155639648e-01,2.710911259055137634e-02,3.509199246764183044e-02,3.044563159346580505e-02,1.647970266640186310e-02,1.690522581338882446e-02,2.574689220637083054e-03,-1.457409374415874481e-02,8.534755557775497437e-03,-9.632839821279048920e-03,-4.038831684738397598e-03
1.318060560151934624e-03,8.779073134064674377e-03,2.209821948781609535e-03,1.068377587944269180e-02,-1.677171792834997177e-03,7.488106936216354370e-02,1.422124332748353481e-03,5.765417218208312988e-02,-2.199198119342327118e-03,1.104411482810974121e-01,8.201941251754760742e-01,8.858810067176818848e-01,9.021338224411010742e-01,9.026312828063964844e-01,9.271743297576904297e-01,-1.289544627070426941e-03,9.419866800308227539e-01,6.671322584152221680e-01,9.698078036308288574e-01,2.576378174126148224e-03
8.899149894714355469e-01,7.913091182708740234e-01,8.928055763244628906e-01,8.891555666923522949e-01,6.918072700500488281e-01,9.939993619918823242e-01,2.012071013450622559e-01,6.033931374549865723e-01,4.814825057983398438e-01,5.909643173217773438e-01,-2.611185796558856964e-02,-1.733616925776004791e-02,-1.416575256735086441e-02,1.395135652273893356e-03,-6.390218622982501984e-03,-2.225105417892336845e-03,1.065940130501985550e-02,8.799207862466573715e-04,6.249885074794292450e-03,9.472797974012792110e-04
5.722150672227144241e-04,8.877654075622558594e-01,9.923939108848571777e-01,8.944154977798461914e-01,9.927302598953247070e-01,4.923984110355377197e-01,4.954967498779296875e-01,8.010783195495605469e-01,5.985766053199768066e-01,7.888352870941162109e-01,2.565972506999969482e-02,5.535709671676158905e-03,8.058121427893638611e-03,-3.743185894563794136e-03,2.895799931138753891e-03,7.063518278300762177e-03,8.880299516022205353e-03,2.607417991384863853e-04,7.468478288501501083e-03,4.514878673944622278e-04
4.747208673506975174e-03,7.677643094211816788e-03,1.225774958729743958e-01,3.126368820667266846e-01,2.245155572891235352e-01,7.669387757778167725e-02,6.469397991895675659e-02,6.712138652801513672e-02,3.655557287856936455e-03,6.693648099899291992e-01,5.581892281770706177e-02,-6.934066186659038067e-04,1.269393321126699448e-02,1.210038550198078156e-02,1.836289092898368835e-02,9.274399839341640472e-03,4.866317380219697952e-03,1.157957478426396847e-03,-1.218289951793849468e-03,-3.890016232617199421e-04
8.861753344535827637e-01,6.752160787582397461e-01,5.553269386291503906e-01,6.816048026084899902e-01,7.693477272987365723e-01,9.843810200691223145e-01,2.764686644077301025e-01,5.840991139411926270e-01,1.738664358854293823e-01,5.711691975593566895e-01,1.996507868170738220e-02,3.404448926448822021e-02,2.486224658787250519e-02,2.385711669921875000e-02,2.104604244232177734e-02,9.208986535668373108e-03,3.682515025138854980e-02,1.750330999493598938e-02,3.550766035914421082e-02,-9.414666565135121346e-04
-6.258381996303796768e-03,-2.494488842785358429e-03,7.233537267893552780e-03,-2.573485486209392548e-02,-8.378359780181199312e-05,-1.472046365961432457e-03,-3.627720987424254417e-03,1.973316073417663574e-03,-3.747579175978899002e-03,-2.270843135192990303e-03,-4.240578040480613708e-03,8.359421044588088989e-03,1.704311557114124298e-02,1.486149895936250687e-02,1.171059440821409225e-02,5.183367058634757996e-03,1.795907691121101379e-02,3.586421953514218330e-03,1.474761683493852615e-02,1.274905749596655369e-03
2.307949122041463852e-03,7.153586745262145996e-01,7.312089204788208008e-01,7.695329785346984863e-01,5.975406765937805176e-01,4.480223655700683594e-01,3.782828748226165771e-01,8.871570825576782227e-01,5.771795511245727539e-01,7.879517674446105957e-01,3.651070874184370041e-03,-3.109666751697659492e-03,-2.759908675216138363e-04,-1.076665241271257401e-03,9.675042703747749329e-03,-3.570565022528171539e-03,5.479719955474138260e-03,-1.175745739601552486e-03,5.704552168026566505e-04,-2.290431410074234009e-03
1.707152836024761200e-02,2.512625977396965027e-02,4.984553530812263489e-02,6.433300673961639404e-02,2.957718074321746826e-02,1.140210218727588654e-02,-2.437719376757740974e-04,1.370424684137105942e-02,3.127263160422444344e-03,3.878246620297431946e-02,8.772214055061340332e-01,5.521224737167358398e-01,3.450421392917633057e-01,2.624915242195129395e-01,5.360682606697082520e-01,2.168303914368152618e-02,3.331207111477851868e-02,4.996013939380645752e-01,-1.602928154170513153e-03,5.294157192111015320e-03
1.005495786666870117e-01,3.842681646347045898e-01,6.999171376228332520e-01,7.819187641143798828e-01,8.781550526618957520e-01,-1.762268802849575877e-04,-3.164770081639289856e-03,6.651013493537902832e-01,1.035814359784126282e-02,8.418431878089904785e-01,3.074824437499046326e-02,2.888952940702438354e-02,4.485409008339047432e-04,1.491741277277469635e-03,1.602885499596595764e-02,1.606113091111183167e-02,1.809245347976684570e-02,7.964871823787689209e-03,1.674704626202583313e-02,4.647190216928720474e-03
1.019291952252388000e-02,1.596407964825630188e-02,2.875765264034271240e-01,6.204852461814880371e-01,-4.135546274483203888e-03,-6.103293038904666901e-03,-1.887697377242147923e-03,5.678908228874206543e-01,-5.253173876553773880e-03,5.264571309089660645e-01,9.921617805957794189e-02,6.409062538295984268e-03,-2.553913276642560959e-03,-8.664334891363978386e-04,5.044859368354082108e-03,2.868595533072948456e-03,-3.672438673675060272e-03,-7.134829647839069366e-03,7.280594203621149063e-03,-2.002363093197345734e-03
-3.431262681260704994e-03,-8.552298881113529205e-03,-2.799312351271510124e-03,-1.544787362217903137e-02,-3.853029571473598480e-03,-4.126983229070901871e-03,-1.754119293764233589e-03,-6.994501221925020218e-03,-1.743780798278748989e-03,6.988666951656341553e-03,9.427474141120910645e-01,9.724244475364685059e-01,9.755040407180786133e-01,9.728760123252868652e-01,9.823928475379943848e-01,9.973108172416687012e-01,1.001312732696533203e+00,-3.349594306200742722e-03,9.698231220245361328e-01,-2.982178702950477600e-03
3.424273163545876741e-04,9.881307482719421387e-01,9.825500249862670898e-01,9.879786968231201172e-01,9.877878427505493164e-01,7.492305245250463486e-03,9.185210801661014557e-03,3.078258633613586426e-01,4.906659480184316635e-03,8.067767620086669922e-01,-1.292997621931135654e-03,6.290575489401817322e-03,6.810843478888273239e-04,5.524369888007640839e-03,3.778987796977162361e-03,-4.573450889438390732e-03,6.536166183650493622e-03,2.800298389047384262e-03,4.045284353196620941e-03,-7.268088520504534245e-04
1.838921743910759687e-04,-8.770490065217018127e-03,-3.845588769763708115e-03,-5.589132197201251984e-03,3.921557590365409851e-02,3.720759414136409760e-03,-2.383383689448237419e-03,4.737345874309539795e-02,-6.076490972191095352e-03,7.739972323179244995e-02,8.961431980133056641e-01,9.061096906661987305e-01,8.975752592086791992e-01,8.995531797409057617e-01,3.039197996258735657e-02,1.422723289579153061e-03,-1.070832181721925735e-02,-1.282990560866892338e-04,-2.025188878178596497e-03,7.030606502667069435e-04
1.626325771212577820e-02,2.179615758359432220e-02,2.299029007554054260e-02,4.743772000074386597e-02,4.165999218821525574e-02,1.436809264123439789e-02,1.769888401031494141e-02,5.516546592116355896e-02,4.262434691190719604e-02,3.463079035282135010e-02,-1.125761028379201889e-02,1.211702983709983528e-04,1.407249458134174347e-02,1.604692544788122177e-03,1.773880571126937866e-01,9.448714256286621094e-01,9.523887634277343750e-01,-4.103904590010643005e-03,8.599247783422470093e-03,2.743471879512071609e-03
-7.404954521916806698e-04,2.305836379528045654e-01,5.361419320106506348e-01,7.269158363342285156e-01,3.443690836429595947e-01,2.278429083526134491e-02,1.247739326208829880e-02,5.766191706061363220e-02,1.163636706769466400e-02,6.574114561080932617e-01,2.830538526177406311e-02,2.601183578372001648e-02,2.433641254901885986e-02,6.055021658539772034e-03,2.282360102981328964e-03,-2.722748089581727982e-03,-1.661731861531734467e-03,1.206630561500787735e-02,-1.781709725037217140e-03,-1.992454286664724350e-03
9.212555596604943275e-05,1.243230886757373810e-02,6.041138172149658203e-01,7.036755084991455078e-01,7.979336380958557129e-01,9.990043044090270996e-01,-2.060733037069439888e-03,7.898475527763366699e-01,8.018529415130615234e-01,8.923714756965637207e-01,1.223311480134725571e-02,1.394376996904611588e-02,1.899201236665248871e-02,9.010516107082366943e-03,3.613173728808760643e-03,2.172546926885843277e-03,1.376093551516532898e-02,-2.461798721924424171e-04,8.391121402382850647e-03,2.800858812406659126e-03
5.093593499623239040e-04,2.321905642747879028e-02,2.419265918433666229e-02,2.873938530683517456e-02,2.597704902291297913e-02,1.074851211160421371e-02,5.432285834103822708e-03,3.079072758555412292e-02,1.353513728827238083e-02,5.071074143052101135e-02,7.561166286468505859e-01,6.756194680929183960e-02,7.909403741359710693e-02,8.269471675157546997e-02,1.809699535369873047e-01,2.831303477287292480e-01,2.863075733184814453e-01,1.844471693038940430e-01,2.889301776885986328e-01,8.833215385675430298e-02
2.930260002613067627e-01,-5.924583412706851959e-03,-8.445947431027889252e-03,8.619277477264404297e-01,4.473303258419036865e-01,-1.101794186979532242e-03,-1.774038188159465790e-03,7.648653388023376465e-01,6.760357618331909180e-01,-4.854493774473667145e-03,6.166142225265502930e-02,3.430516272783279419e-02,5.322421714663505554e-02,-5.918307229876518250e-03,1.913668215274810791e-02,2.223854698240756989e-02,2.106884494423866272e-02,4.233525134623050690e-03,1.454065088182687759e-02,1.491930987685918808e-02
1.936779008246958256e-04,3.907191753387451172e-01,7.077493071556091309e-01,9.315464496612548828e-01,9.364722371101379395e-01,9.964198470115661621e-01,1.955008208751678467e-01,7.232247591018676758e-01,3.835627734661102295e-01,8.016577363014221191e-01,-3.790768096223473549e-03,-1.170757785439491272e-02,-8.001341484487056732e-06,9.479636792093515396e-04,-2.783690579235553741e-03,-1.132293487899005413e-03,-8.788668492343276739e-05,-2.010959200561046600e-03,-2.177522517740726471e-03,-6.708973087370395660e-04
-1.247612526640295982e-03,7.917246222496032715e-01,7.273699641227722168e-01,7.317315340042114258e-01,5.977782011032104492e-01,5.145813152194023132e-02,4.856330901384353638e-02,6.804829835891723633e-01,7.459161430597305298e-02,7.761036753654479980e-01,5.257439240813255310e-02,2.646848326548933983e-03,-2.983083250001072884e-03,9.014586103148758411e-04,1.451256102882325649e-03,-4.198582842946052551e-03,1.375320274382829666e-02,7.321699988096952438e-03,4.709159024059772491e-03,-9.912124369293451309e-04
1.208079745993018150e-03,1.338730193674564362e-02,2.208694070577621460e-02,-4.779500421136617661e-03,-9.820102714002132416e-03,-2.229013713076710701e-03,-1.775464741513133049e-03,5.296007264405488968e-03,-4.739367868751287460e-03,-3.858831478282809258e-03,9.049741029739379883e-01,3.011194765567779541e-01,9.874926209449768066e-01,1.003141760826110840e+00,8.025510311126708984e-01,9.999595284461975098e-01,1.003044843673706055e+00,6.901388056576251984e-03,9.944027066230773926e-01,7.011192440986633301e-01
4.738895222544670105e-04,8.777447789907455444e-02,8.791113644838333130e-02,9.105411171913146973e-02,8.299992978572845459e-02,5.375249683856964111e-02,1.112341228872537613e-02,4.963860288262367249e-02,1.469807606190443039e-02,1.187599375844001770e-01,8.757343888282775879e-01,1.979919523000717163e-02,2.683417312800884247e-02,1.169024780392646790e-02,1.256530731916427612e-02,6.591725163161754608e-03,3.649574145674705505e-02,6.527804136276245117e-01,9.165087342262268066e-01,2.421769546344876289e-03
-8.789021521806716919e-04,9.431608766317367554e-02,8.036226630210876465e-01,9.829505681991577148e-01,8.990467786788940430e-01,1.984947770833969116e-01,1.075445786118507385e-01,8.901063799858093262e-01,9.033088684082031250e-01,8.836798667907714844e-01,1.347857248038053513e-02,4.721518140286207199e-03,3.614020068198442459e-03,-1.472658826969563961e-03,5.209816154092550278e-03,3.393007442355155945e-03,-3.364816773682832718e-03,1.780531601980328560e-04,2.669445239007472992e-03,-4.027053713798522949e-03
1.440570486010983586e-05,2.953391289338469505e-03,1.017728354781866074e-02,3.707448951900005341e-03,2.136661205440759659e-03,-4.264097195118665695e-03,9.463584865443408489e-04,-7.600408513098955154e-03,9.194760583341121674e-03,-4.038167186081409454e-03,9.640665054321289062e-01,9.535910934209823608e-02,5.361152067780494690e-02,2.617094106972217560e-02,9.297713637351989746e-01,2.685262449085712433e-02,5.484854802489280701e-02,6.014157552272081375e-03,3.828954696655273438e-02,9.729740619659423828e-01
-9.688805788755416870e-03,-1.614389009773731232e-02,-9.860406629741191864e-03,-4.238123819231987000e-02,-4.018043726682662964e-02,-1.700015924870967865e-02,-1.269431132823228836e-02,-2.673550695180892944e-02,-1.489796862006187439e-02,-3.054019995033740997e-02,9.107154607772827148e-01,6.769958138465881348e-01,7.159230113029479980e-01,7.645713686943054199e-01,6.801866739988327026e-02,1.826938800513744354e-02,1.364954467862844467e-02,-2.910394687205553055e-03,1.350630912929773331e-02,6.258275508880615234e-01
6.283489055931568146e-03,7.927543483674526215e-03,-4.547123331576585770e-03,1.561952475458383560e-02,3.261186880990862846e-03,4.815776366740465164e-03,3.915999550372362137e-04,4.980471916496753693e-03,-8.867383003234863281e-04,9.935881942510604858e-03,5.028544925153255463e-03,9.568350315093994141e-01,9.713187813758850098e-01,1.297293230891227722e-03,9.890784621238708496e-01,1.005712032318115234e+00,9.966661334037780762e-01,7.872605919837951660e-01,9.893914461135864258e-01,5.024651288986206055e-01
9.786103367805480957e-01,4.594262838363647461e-01,-9.833262301981449127e-03,9.153768420219421387e-01,7.286757230758666992e-01,-5.067998077720403671e-03,-2.436394337564706802e-03,8.552000522613525391e-01,-8.023530826903879642e-04,6.247363686561584473e-01,4.634563624858856201e-02,4.409777000546455383e-02,3.933191299438476562e-02,-3.647555829957127571e-03,7.400776725262403488e-03,4.956118762493133545e-02,4.666796699166297913e-02,3.861069213598966599e-03,3.136923164129257202e-02,7.586160209029912949e-03
-1.001368858851492405e-03,9.982744455337524414e-01,2.830540388822555542e-02,2.412916801404207945e-04,9.540217518806457520e-01,-1.609793677926063538e-02,-7.445705588907003403e-03,2.209124341607093811e-02,-1.735323481261730194e-02,7.424799799919128418e-01,3.373889997601509094e-02,2.701560594141483307e-02,5.832629650831222534e-02,6.727679073810577393e-02,1.279037073254585266e-02,1.991524733603000641e-02,2.268222905695438385e-02,4.215018451213836670e-02,6.577404215931892395e-03,6.797899004595819861e-06
5.925300065428018570e-03,1.492439117282629013e-02,9.410242550075054169e-03,-3.764749504625797272e-03,-1.236836425960063934e-03,1.432798686437308788e-03,5.492605851031839848e-04,-1.727115549147129059e-02,5.586189799942076206e-04,-2.474419772624969482e-02,8.611387014389038086e-02,1.001043438911437988e+00,1.018315315246582031e+00,1.022020936012268066e+00,9.953227639198303223e-01,1.598310470581054688e-02,2.506907470524311066e-02,3.063614107668399811e-02,1.471184473484754562e-02,9.872032403945922852e-01
6.294754566624760628e-04,-4.524076357483863831e-03,-2.002448774874210358e-03,9.439500048756599426e-03,1.930074952542781830e-02,-6.023413152433931828e-04,6.401570979505777359e-03,2.616816386580467224e-02,-1.168299582786858082e-03,-1.120091974735260010e-02,9.967386722564697266e-01,9.723742008209228516e-01,9.975228309631347656e-01,1.030622124671936035e+00,8.195357918739318848e-01,4.894995316863059998e-02,6.862343102693557739e-02,1.331733632832765579e-02,2.153467759490013123e-02,5.114601925015449524e-03
4.464977420866489410e-03,9.856744408607482910e-01,4.873278737068176270e-01,6.792988777160644531e-01,6.205364465713500977e-01,1.000568270683288574e+00,-1.285838778130710125e-03,7.681180536746978760e-02,8.516865782439708710e-04,3.286674916744232178e-01,2.831348031759262085e-02,9.630443528294563293e-03,1.843611523509025574e-02,-1.554320770082995296e-04,1.223126426339149475e-02,-6.133876740932464600e-03,4.812742583453655243e-03,7.937680347822606564e-04,-1.038170768879354000e-03,-8.629705407656729221e-04
1.147756818681955338e-03,6.894000805914402008e-03,4.262435249984264374e-03,-3.307514823973178864e-03,4.553297534584999084e-03,1.029932312667369843e-02,8.425988489761948586e-04,4.557332769036293030e-02,8.019682951271533966e-03,3.455252945423126221e-02,9.420858025550842285e-01,9.487837553024291992e-01,9.576270580291748047e-01,9.659184217453002930e-01,9.471346139907836914e-01,4.997109621763229370e-02,5.383521690964698792e-02,-3.164583817124366760e-03,3.444384783506393433e-02,1.805195212364196777e-01
-7.212050259113311768e-03,-3.380761016160249710e-03,6.233616266399621964e-03,2.524066250771284103e-03,8.883712580427527428e-04,1.765379100106656551e-03,9.291305468650534749e-05,4.158674925565719604e-02,5.915630608797073364e-03,3.765643388032913208e-02,9.603638052940368652e-01,9.337381720542907715e-01,9.008616209030151367e-01,9.448429942131042480e-01,9.358650445938110352e-01,3.746428191661834717e-01,3.799024522304534912e-01,3.643840849399566650e-01,3.123709466308355331e-03,1.428057998418807983e-02
1.702921697869896889e-03,9.256524443626403809e-01,-1.313135121017694473e-02,-1.623156294226646423e-02,5.914999544620513916e-02,3.054013475775718689e-02,1.787606067955493927e-02,3.769769966602325439e-01,8.631886914372444153e-03,5.770730972290039062e-01,9.537871181964874268e-02,-9.519205777905881405e-04,-8.383700624108314514e-03,1.294688135385513306e-02,3.553106635808944702e-02,7.620659656822681427e-03,2.361143566668033600e-02,1.188602112233638763e-02,2.365592867136001587e-02,4.427404492162168026e-04
-2.717824652791023254e-03,4.239798057824373245e-03,1.698449952527880669e-03,3.411878598853945732e-03,5.164313130080699921e-03,-5.798792466521263123e-03,-4.816478118300437927e-03,-1.960271038115024567e-05,5.651485640555620193e-03,9.892066009342670441e-03,8.075103759765625000e-01,6.996763348579406738e-01,8.018522858619689941e-01,8.008776307106018066e-01,3.771706670522689819e-02,3.549984470009803772e-02,3.107365593314170837e-02,8.525350713171064854e-04,1.048838440328836441e-02,4.325892310589551926e-03
2.768443897366523743e-03,8.027541637420654297e-01,8.096626400947570801e-01,9.929755330085754395e-01,7.049397230148315430e-01,9.942148923873901367e-01,1.511335023678839207e-03,5.993932485580444336e-01,9.048162698745727539e-01,9.866254329681396484e-01,3.568455576896667480e-03,-7.987377233803272247e-03,1.421817694790661335e-03,-4.838706459850072861e-03,4.682418366428464651e-04,-1.923454110510647297e-03,-6.617172155529260635e-03,1.365911331959068775e-03,2.032105578109622002e-03,-1.852161949500441551e-03
1.898832502774894238e-03,6.457832641899585724e-03,-9.091463871300220490e-03,5.145332310348749161e-03,-2.008156618103384972e-03,2.271998964715749025e-04,1.725210808217525482e-03,1.313991993665695190e-01,1.746371039189398289e-03,4.374579489231109619e-01,2.043457329273223877e-01,1.760181784629821777e-01,1.840201467275619507e-01,1.242157667875289917e-01,1.161923706531524658e-01,5.936399474740028381e-02,8.317005634307861328e-02,8.790509402751922607e-02,6.853756308555603027e-02,1.954180747270584106e-02
1.407408737577497959e-03,7.933108806610107422e-01,6.939918398857116699e-01,8.920518159866333008e-01,4.992631077766418457e-01,4.884564876556396484e-01,3.918638229370117188e-01,9.917625784873962402e-01,6.973055601119995117e-01,8.960909247398376465e-01,1.001377403736114502e-02,-1.288646273314952850e-02,8.536455221474170685e-03,-1.214283751323819160e-03,5.728358519263565540e-04,4.895272199064493179e-03,-6.273588514886796474e-04,-4.116345080547034740e-04,-6.552732549607753754e-03,-2.875487320125102997e-03
-2.679889730643481016e-04,7.739449739456176758e-01,9.762307405471801758e-01,8.753026723861694336e-01,6.787593960762023926e-01,9.856737852096557617e-01,5.813655257225036621e-01,3.561412990093231201e-01,4.885064661502838135e-01,6.683604717254638672e-01,3.472316265106201172e-02,1.225030608475208282e-02,1.798120699822902679e-02,2.622236683964729309e-02,1.149077899754047394e-02,-2.206929726526141167e-03,1.262280344963073730e-02,2.453475259244441986e-02,2.156843431293964386e-02,-3.744651796296238899e-03
1.738437451422214508e-03,-2.220799913629889488e-03,-8.446332998573780060e-03,-7.545474451035261154e-03,3.436964936554431915e-03,-9.186351671814918518e-03,-1.792020746506750584e-03,1.456250716000795364e-02,-1.223953790031373501e-03,4.335762187838554382e-02,9.599649310111999512e-01,9.157708883285522461e-01,9.165672063827514648e-01,9.319561123847961426e-01,9.426987767219543457e-01,4.669581651687622070e-01,4.840545058250427246e-01,6.017189472913742065e-03,8.165730163455009460e-03,-1.916144159622490406e-03
9.025383624248206615e-04,1.982639078050851822e-03,5.892401933670043945e-01,1.005601644515991211e+00,3.024542033672332764e-01,1.004718542098999023e+00,7.344054989516735077e-03,8.157411217689514160e-01,9.980205893516540527e-01,8.058852553367614746e-01,-1.206259801983833313e-02,-5.808833520859479904e-03,-8.095428347587585449e-03,-5.573852453380823135e-03,-5.534353666007518768e-03,-9.451179765164852142e-03,-2.533639594912528992e-02,1.680450804997235537e-04,-5.459732376039028168e-03,-1.793681149138137698e-04
4.785592609550803900e-04,5.716601386666297913e-03,5.928472150117158890e-03,6.902721244841814041e-03,7.688009645789861679e-03,9.826261997222900391e-01,3.736351849511265755e-03,5.022200942039489746e-01,-2.180497394874691963e-03,3.087243437767028809e-01,2.329437434673309326e-02,2.884128503501415253e-02,4.767528548836708069e-02,3.228715807199478149e-02,-1.360729336738586426e-02,1.143463607877492905e-02,1.441322453320026398e-02,-6.110566668212413788e-03,1.112195942550897598e-02,-2.545328425185289234e-05
-2.171716187149286270e-03,1.799542456865310669e-01,7.056812047958374023e-01,7.898328304290771484e-01,-3.749384079128503799e-03,-1.627739402465522289e-03,1.920515787787735462e-03,9.156605601310729980e-01,2.705821990966796875e-01,8.154599070549011230e-01,-2.378430031239986420e-02,-2.216390892863273621e-02,-1.707633212208747864e-02,-2.689378336071968079e-03,2.279503503814339638e-03,-3.501669038087129593e-03,5.131116602569818497e-03,1.082301372662186623e-03,-1.639787922613322735e-03,-4.071139730513095856e-03
1.908867210149765015e-01,8.019059300422668457e-01,8.998024463653564453e-01,8.896698355674743652e-01,7.910246849060058594e-01,9.917734265327453613e-01,9.553270414471626282e-03,1.147768050432205200e-01,1.827322295866906643e-03,7.148604989051818848e-01,-7.584315026178956032e-04,-9.298186749219894409e-03,-1.411977875977754593e-02,-7.542556617408990860e-03,3.372839186340570450e-03,-1.134254271164536476e-03,-1.217037439346313477e-02,1.703617745079100132e-03,-2.028986811637878418e-03,-9.313034242950379848e-04
1.427441276609897614e-02,5.770761985331773758e-03,1.217533834278583527e-02,-3.289600368589162827e-03,3.049373626708984375e-03,1.335403649136424065e-03,-3.714468330144882202e-03,2.915747091174125671e-02,2.144215814769268036e-02,2.618251740932464600e-02,8.812094330787658691e-01,7.787196040153503418e-01,9.535297155380249023e-01,9.637547135353088379e-01,9.512720108032226562e-01,1.187509670853614807e-02,1.269493065774440765e-02,6.786126643419265747e-02,9.979029186069965363e-03,-3.862917888909578323e-03
5.508090835064649582e-04,7.982038259506225586e-01,7.013118863105773926e-01,8.109086751937866211e-01,9.160875082015991211e-01,-3.961567301303148270e-03,4.458611656446009874e-04,6.873790025711059570e-01,1.034430228173732758e-03,8.853123784065246582e-01,-1.204254664480686188e-02,4.584318026900291443e-03,1.112647261470556259e-02,6.500729825347661972e-03,1.236722059547901154e-02,1.183034619316458702e-03,-4.967498593032360077e-03,-7.655115914531052113e-04,-5.674274172633886337e-03,1.004112651571631432e-03
-1.879259245470166206e-03,2.528140321373939514e-04,-1.284223631955683231e-03,2.656521508470177650e-03,6.813172698020935059e-01,1.540967170149087906e-02,1.227661781013011932e-02,4.773450195789337158e-01,4.103568848222494125e-03,5.576532483100891113e-01,1.623772233724594116e-01,1.232563331723213196e-01,1.326941847801208496e-01,1.049974411725997925e-01,5.254332721233367920e-02,7.030544802546501160e-04,-1.045679952949285507e-02,6.505506462417542934e-04,1.034195255488157272e-02,2.210676437243819237e-03
-5.473759025335311890e-03,4.037010949105024338e-04,1.266454253345727921e-02,-1.263356115669012070e-02,-4.051687195897102356e-03,-4.843785893172025681e-03,8.076897356659173965e-04,-8.873533457517623901e-03,-6.084582768380641937e-03,-9.746833820827305317e-04,8.571808934211730957e-01,7.149653434753417969e-01,8.077096939086914062e-01,9.177633523941040039e-01,6.770356893539428711e-01,4.558410029858350754e-03,1.998108625411987305e-02,3.201946616172790527e-01,1.325486134737730026e-02,6.289136409759521484e-01
-3.507054352667182684e-04,2.041492611169815063e-02,2.690434688702225685e-03,-3.610271029174327850e-03,2.206010185182094574e-02,-9.177282918244600296e-04,3.463512693997472525e-04,3.041113913059234619e-02,2.126728650182485580e-03,1.795751787722110748e-02,9.706950783729553223e-01,7.292380928993225098e-02,5.532432347536087036e-02,1.845772005617618561e-02,-6.752533372491598129e-04,3.124111518263816833e-02,2.463856711983680725e-02,4.772526025772094727e-01,4.227120801806449890e-02,9.806962609291076660e-01
4.576737061142921448e-03,8.952070474624633789e-01,6.655484437942504883e-01,7.693204879760742188e-01,9.881148934364318848e-01,9.089121222496032715e-01,1.705450937151908875e-03,1.398942992091178894e-02,2.068392233923077583e-03,8.609079122543334961e-01,-1.640072651207447052e-02,-8.650163188576698303e-03,-1.490693166851997375e-02,-1.501775998622179031e-02,-1.848551910370588303e-03,-6.481761112809181213e-03,-5.634845700114965439e-03,-4.467635881155729294e-03,-1.967042917385697365e-04,-1.114379381760954857e-03
-1.506501575931906700e-03,1.394923124462366104e-02,8.196400105953216553e-02,3.339792415499687195e-02,5.803687497973442078e-03,-8.976944722235202789e-03,-3.056941553950309753e-03,6.378148496150970459e-02,1.523306313902139664e-02,6.025152280926704407e-02,9.419471621513366699e-01,7.302477024495601654e-03,-4.522604402154684067e-03,1.467941794544458389e-02,1.315251458436250687e-02,1.512998715043067932e-02,2.233570069074630737e-02,3.622667165473103523e-03,2.767162956297397614e-02,-1.310198102146387100e-03
3.303274279460310936e-04,7.142519950866699219e-01,7.903936505317687988e-01,8.966776132583618164e-01,9.012405872344970703e-01,1.009304642677307129e+00,4.503919780254364014e-01,4.496746063232421875e-01,5.098805427551269531e-01,7.764824628829956055e-01,1.953238248825073242e-02,-8.940355619415640831e-04,-4.675140138715505600e-03,4.282685462385416031e-03,-2.911906223744153976e-03,-1.705459086224436760e-03,-1.171400118619203568e-02,-6.856192834675312042e-03,4.568627045955508947e-04,9.338550735265016556e-04
6.328553892672061920e-03,-4.590312892105430365e-04,8.172939531505107880e-03,7.655284716747701168e-04,7.570308446884155273e-01,3.411317884456366301e-04,-4.610435571521520615e-03,1.176768019795417786e-01,4.986661970615386963e-01,6.911436319351196289e-01,1.819709502160549164e-02,-2.025414817035198212e-02,-2.433180343359708786e-03,1.196543872356414795e-02,8.491765707731246948e-03,1.290347613394260406e-02,1.028133276849985123e-02,-1.057084836065769196e-02,7.977444678544998169e-03,3.665171563625335693e-03
3.486779518425464630e-03,3.687390126287937164e-03,3.332878276705741882e-02,4.859168827533721924e-02,5.853285081684589386e-03,5.334846209734678268e-03,7.683132775127887726e-03,1.357977651059627533e-02,3.256684867665171623e-03,3.609094396233558655e-02,9.623942971229553223e-01,9.169620461761951447e-03,3.983350470662117004e-02,5.539254751056432724e-03,6.854491829872131348e-01,1.003875136375427246e+00,9.992974996566772461e-01,1.618557050824165344e-02,9.964402914047241211e-01,4.844187758862972260e-03
-5.163506604731082916e-03,6.890112757682800293e-01,3.004526197910308838e-01,8.838229179382324219e-01,7.896456718444824219e-01,8.918245434761047363e-01,3.047484457492828369e-01,8.776580691337585449e-01,5.701342225074768066e-01,7.835565805435180664e-01,6.872122734785079956e-02,3.605040023103356361e-03,5.662249401211738586e-02,1.831661647884175181e-04,-1.077808410627767444e-04,-2.151142805814743042e-03,3.329848125576972961e-02,-1.398856402374804020e-03,3.175840154290199280e-02,-3.897208487614989281e-03
6.910166703164577484e-03,-5.680468748323619366e-04,-4.607865586876869202e-03,2.011595666408538818e-02,7.861071266233921051e-03,-2.415793715044856071e-03,-3.696095896884799004e-03,2.160409698262810707e-03,-5.721542984247207642e-03,-9.295917116105556488e-04,9.730457663536071777e-01,9.820498228073120117e-01,1.003381013870239258e+00,1.351524051278829575e-02,9.988558292388916016e-01,9.898781776428222656e-01,9.863652586936950684e-01,-7.280550431460142136e-03,9.864407181739807129e-01,-3.618019632995128632e-03
8.795986650511622429e-04,1.332013495266437531e-02,3.333065658807754517e-02,8.241991698741912842e-02,4.159794747829437256e-02,1.698437891900539398e-02,1.123922225087881088e-02,5.407765507698059082e-02,3.408563882112503052e-02,1.015679091215133667e-01,7.910600304603576660e-01,3.210172951221466064e-01,1.560808867216110229e-01,1.616609245538711548e-01,2.466536909341812134e-01,6.330708507448434830e-03,1.645155251026153564e-03,-6.162514328025281429e-04,3.093939740210771561e-03,8.547271601855754852e-03
-1.667276490479707718e-03,1.666890643537044525e-02,-1.198210474103689194e-02,7.348630111664533615e-03,2.996107190847396851e-02,1.399894128553569317e-03,-4.248000681400299072e-03,1.609683968126773834e-02,1.127198990434408188e-02,3.391787409782409668e-02,-1.447553187608718872e-02,-1.371876895427703857e-02,9.123663306236267090e-01,9.415709376335144043e-01,-9.942667558789253235e-03,-9.378300979733467102e-03,-9.245248511433601379e-03,1.332916435785591602e-03,-1.282181590795516968e-02,-4.530975595116615295e-03
2.903506392613053322e-03,-6.814405322074890137e-03,-3.608459664974361658e-04,-1.075343228876590729e-02,7.342590019106864929e-03,-1.185261644423007965e-02,-2.866741968318820000e-03,2.263727970421314240e-02,-1.181050203740596771e-02,3.175772726535797119e-02,8.759464621543884277e-01,5.143597722053527832e-01,3.531006574630737305e-01,2.529033720493316650e-01,1.820052117109298706e-01,2.994945347309112549e-01,3.877728283405303955e-01,1.560759246349334717e-01,3.148179650306701660e-01,7.184053659439086914e-01
-4.450168053153902292e-04,7.077319547533988953e-03,-1.180868595838546753e-02,-1.865234225988388062e-04,1.796052791178226471e-02,4.552503582090139389e-03,-1.543492195196449757e-03,1.242698729038238525e-02,3.064736491069197655e-03,2.838595537468791008e-03,8.049007654190063477e-01,2.169257253408432007e-01,2.758064568042755127e-01,2.708096206188201904e-01,4.578242003917694092e-01,3.300192952156066895e-01,4.201260209083557129e-01,6.246850639581680298e-02,2.506496906280517578e-01,5.994386076927185059e-01
-3.621022216975688934e-03,1.372928963974118233e-03,1.912716776132583618e-03,-1.436258759349584579e-02,-4.595660604536533356e-03,-6.838131230324506760e-03,6.771606276743113995e-04,-2.484413422644138336e-02,-8.797768969088792801e-04,3.344026627019047737e-03,1.016044259071350098e+00,1.008441567420959473e+00,1.006921410560607910e+00,1.005611419677734375e+00,4.831117987632751465e-01,1.896399538964033127e-03,4.873362369835376740e-03,8.748115301132202148e-01,-6.684400141239166260e-04,9.896269440650939941e-01
6.451423978433012962e-04,2.584438957273960114e-02,-4.961835802532732487e-04,-1.250548567622900009e-02,1.202145591378211975e-02,-6.323399953544139862e-03,4.938325379043817520e-03,2.007595030590891838e-04,-7.963717216625809669e-04,1.671736687421798706e-02,9.921345710754394531e-01,3.286340832710266113e-02,1.000266432762145996e+00,-1.028299890458583832e-02,1.003155589103698730e+00,9.988353848457336426e-01,1.006409406661987305e+00,-1.979257445782423019e-03,9.948866367340087891e-01,-2.024272456765174866e-03
1.202906947582960129e-02,2.022053487598896027e-02,3.024114854633808136e-02,-3.735123202204704285e-03,-1.476637087762355804e-03,2.036829479038715363e-02,1.210285071283578873e-02,1.672681607306003571e-02,2.375670708715915680e-02,1.601566001772880554e-02,8.842980861663818359e-01,7.645491361618041992e-01,8.694732785224914551e-01,9.644283652305603027e-01,6.613709926605224609e-01,1.606877334415912628e-02,2.205799147486686707e-02,4.868567455559968948e-03,2.605338394641876221e-01,-4.321713931858539581e-03
8.941905498504638672e-01,4.712923467159271240e-01,5.729397535324096680e-01,6.633419990539550781e-01,5.684276819229125977e-01,3.661776483058929443e-01,2.733846902847290039e-01,7.605723738670349121e-01,4.594929218292236328e-01,5.547615885734558105e-01,2.208605036139488220e-02,1.484054024331271648e-03,5.662239156663417816e-03,2.260014601051807404e-02,1.974817551672458649e-02,-7.174842059612274170e-03,-1.049018930643796921e-03,5.805733148008584976e-03,1.862316159531474113e-03,1.592617190908640623e-04
-2.612720709294080734e-03,-1.165132969617843628e-02,-6.132377777248620987e-03,-7.007978856563568115e-03,-1.165340747684240341e-02,-6.811992730945348740e-03,-3.510872367769479752e-03,-1.488712802529335022e-02,-9.481444954872131348e-03,-1.651027239859104156e-02,9.453071355819702148e-01,8.552048802375793457e-01,8.545656800270080566e-01,9.406441450119018555e-01,8.404273986816406250e-01,1.691772788763046265e-02,4.042136296629905701e-02,6.625607609748840332e-01,5.867025628685951233e-02,8.216828703880310059e-01
-2.535372273996472359e-03,-1.187265501357614994e-03,4.044898319989442825e-03,7.060064934194087982e-03,-8.787873201072216034e-03,1.245979219675064087e-02,9.604232036508619785e-04,8.226044476032257080e-03,-2.305084781255573034e-04,-5.458506755530834198e-03,8.508960008621215820e-01,4.349682927131652832e-01,1.858719624578952789e-02,2.907972931861877441e-01,2.552608549594879150e-01,2.331493198871612549e-01,5.871405601501464844e-01,4.008978009223937988e-01,1.446274667978286743e-02,6.895930767059326172e-01
-1.002275850623846054e-03,2.065404951572418213e-01,6.690040826797485352e-01,7.611065506935119629e-01,9.881416559219360352e-01,8.980317115783691406e-01,5.568526219576597214e-03,9.455057978630065918e-02,2.677719807252287865e-03,7.027066349983215332e-01,7.393021602183580399e-03,2.059292048215866089e-02,1.882507652044296265e-02,1.481252443045377731e-02,3.248387016355991364e-03,-4.397492855787277222e-03,7.787961978465318680e-03,6.644819397479295731e-03,1.134477090090513229e-03,-9.429402416571974754e-04
1.998051535338163376e-03,3.109095431864261627e-02,4.842071235179901123e-02,5.686188489198684692e-02,5.175523459911346436e-02,1.382400281727313995e-02,1.941634528338909149e-02,6.795879453420639038e-02,3.468710929155349731e-02,1.046430394053459167e-01,8.096703290939331055e-01,8.261794596910476685e-02,1.630087643861770630e-01,1.672901213169097900e-01,2.693019807338714600e-01,7.503220438957214355e-01,7.721203565597534180e-01,6.671955436468124390e-02,2.827064692974090576e-01,8.906676620244979858e-02
1.068849931471049786e-03,2.172902459278702736e-03,1.553912833333015442e-02,1.769375242292881012e-02,7.082370575517416000e-03,-6.836022948846220970e-04,9.207119001075625420e-04,-7.995505584403872490e-04,1.011226512491703033e-02,1.051398366689682007e-02,9.965383410453796387e-01,8.454406857490539551e-01,7.409972548484802246e-01,4.756967350840568542e-02,6.903347373008728027e-01,1.278454158455133438e-02,2.598683908581733704e-02,4.034948050975799561e-01,-2.126613981090486050e-04,8.944077491760253906e-01
1.100138411857187748e-03,-1.654797233641147614e-03,2.533296821638941765e-03,-5.938634276390075684e-03,-1.901899580843746662e-03,8.494095876812934875e-03,3.004757920280098915e-03,1.050985231995582581e-02,3.925046417862176895e-03,-1.378447189927101135e-02,7.863472700119018555e-01,-1.670237816870212555e-02,9.565883278846740723e-01,9.814278483390808105e-01,3.291530592832714319e-04,1.367829041555523872e-03,8.693968877196311951e-03,-3.853871603496372700e-04,-6.125356885604560375e-04,5.888665318489074707e-01
-2.484485448803752661e-04,6.104638800024986267e-03,4.018920063972473145e-01,1.666510477662086487e-02,2.279879117850214243e-04,-7.121516391634941101e-03,3.173656587023288012e-04,3.742421045899391174e-03,-4.220774862915277481e-03,9.899878874421119690e-03,-5.929638165980577469e-03,5.365964490920305252e-03,3.213221440091729164e-03,1.049834303557872772e-02,1.110954955220222473e-02,-6.142255850136280060e-03,-4.840298788622021675e-04,-3.923581680282950401e-04,-4.924607463181018829e-03,6.183401681482791901e-03
3.583673387765884399e-03,8.126358985900878906e-01,6.125755906105041504e-01,9.236609935760498047e-01,7.137970328330993652e-01,5.067705512046813965e-01,4.062148332595825195e-01,9.377142190933227539e-01,7.077004313468933105e-01,8.223074674606323242e-01,-1.706281118094921112e-02,-5.216450430452823639e-03,-1.575550762936472893e-03,-1.740009523928165436e-03,-6.538386456668376923e-03,-1.084960065782070160e-03,-2.360943239182233810e-03,-2.933185081928968430e-03,-3.391191130504012108e-03,1.979061635211110115e-03
-1.346337143331766129e-03,7.755869626998901367e-01,1.509514916688203812e-02,3.998663425445556641e-01,5.868864059448242188e-01,-4.656434059143066406e-03,1.930842874571681023e-03,8.655172586441040039e-01,3.772603347897529602e-03,1.845898181200027466e-01,6.485329568386077881e-02,1.800187118351459503e-02,3.374940156936645508e-02,4.606728628277778625e-02,4.824714735150337219e-02,4.341129958629608154e-02,3.094262443482875824e-02,8.912118151783943176e-03,3.641188517212867737e-02,7.782501634210348129e-03
2.828289056196808815e-03,1.634050044231116772e-03,1.976760104298591614e-03,-4.733563400804996490e-04,9.808912873268127441e-03,2.230775775387883186e-03,9.089308441616594791e-04,1.653486676514148712e-02,-1.094380160793662071e-03,8.277805522084236145e-03,8.033591508865356445e-01,6.991448998451232910e-01,7.374408841133117676e-01,8.251450657844543457e-01,7.936610579490661621e-01,3.489451855421066284e-02,5.160583555698394775e-02,4.082670493517071009e-04,1.310106460005044937e-02,1.193274976685643196e-03
1.931259874254465103e-03,1.085035409778356552e-02,6.582066416740417480e-01,7.514008879661560059e-01,-8.693131385371088982e-04,-7.021863479167222977e-03,-3.837472293525934219e-03,8.106375932693481445e-01,4.808437079191207886e-03,7.147960662841796875e-01,8.928219228982925415e-02,2.189802005887031555e-03,-1.239003427326679230e-02,3.200072795152664185e-02,2.992050722241401672e-03,1.654371246695518494e-02,3.825555741786956787e-02,-9.031456895172595978e-03,1.244699489325284958e-02,2.450636355206370354e-03
-1.361066388199105859e-04,-1.910244114696979523e-02,-3.157406300306320190e-02,-2.119234949350357056e-02,-1.052135368809103966e-03,-1.110648084431886673e-02,-2.214038977399468422e-03,4.342758655548095703e-01,-9.756864979863166809e-03,6.361533403396606445e-01,8.786171674728393555e-02,1.327624195255339146e-04,6.980129051953554153e-03,7.275186944752931595e-03,-2.480120165273547173e-03,-5.081561859697103500e-03,-1.174506265670061111e-03,5.002299789339303970e-03,-5.035332869738340378e-03,-2.873288933187723160e-03
1.205280190333724022e-03,7.959440946578979492e-01,6.964395642280578613e-01,6.862698793411254883e-01,8.361061811447143555e-01,1.107476744800806046e-02,1.084113121032714844e-02,2.311947643756866455e-01,3.416588297113776207e-03,7.683763504028320312e-01,2.317802421748638153e-02,2.801256719976663589e-03,-1.525022089481353760e-04,5.211008712649345398e-03,5.798708298243582249e-04,-3.063335083425045013e-03,-1.478080754168331623e-03,-6.807444151490926743e-03,1.474993769079446793e-03,-9.654026944190263748e-04
-9.835185483098030090e-04,9.735691361129283905e-03,1.818777248263359070e-02,1.887251250445842743e-02,5.979932378977537155e-03,-1.085513550788164139e-02,-3.498030826449394226e-03,3.341707959771156311e-02,-3.707829862833023071e-03,4.325113072991371155e-02,9.810415506362915039e-01,6.953416466712951660e-01,6.888643503189086914e-01,1.352193765342235565e-02,4.986408352851867676e-01,9.885896444320678711e-01,9.813547730445861816e-01,2.017918508499860764e-03,9.757376909255981445e-01,5.300092510879039764e-03
8.631674200296401978e-02,1.593390256166458130e-01,7.712039351463317871e-01,8.877854943275451660e-01,-2.272166311740875244e-03,-2.644499298185110092e-03,-1.938048808369785547e-05,7.665786147117614746e-01,-9.850366041064262390e-03,6.927557587623596191e-01,-4.363017797004431486e-04,-1.208603288978338242e-02,-2.158622816205024719e-02,-2.020523417741060257e-03,-8.103299885988235474e-03,-2.728852676227688789e-03,-5.325257312506437302e-03,2.308762865141034126e-03,-2.446071477606892586e-03,-1.914338092319667339e-03
3.734184720087796450e-04,9.981524944305419922e-01,9.968419075012207031e-01,9.990758299827575684e-01,7.166872024536132812e-01,9.996508359909057617e-01,4.942970573902130127e-01,9.153327941894531250e-01,8.062061071395874023e-01,3.031667172908782959e-01,1.432169461622834206e-03,-6.181296892464160919e-03,-8.443165570497512817e-03,-5.610314663499593735e-03,-9.492587298154830933e-03,-4.265298601239919662e-03,-8.060939610004425049e-03,-8.861602982506155968e-04,-1.779097947292029858e-03,1.198621117509901524e-03
1.247130683623254299e-03,-7.586248219013214111e-03,-3.129101824015378952e-03,2.810659934766590595e-04,-3.496113466098904610e-03,4.495869798120111227e-04,-1.784504507668316364e-03,1.682704091072082520e-01,-1.037637051194906235e-02,2.648688852787017822e-01,7.191849499940872192e-02,5.440597608685493469e-02,5.518073216080665588e-02,7.076293230056762695e-02,-1.160952728241682053e-03,6.551829166710376740e-03,1.353277545422315598e-02,3.859877586364746094e-02,8.742636418901383877e-04,4.415156436152756214e-04
9.261672198772430420e-02,-2.861818298697471619e-03,-1.152795157395303249e-03,4.539151675999164581e-03,6.843978762626647949e-01,9.874687194824218750e-01,8.191350847482681274e-03,7.856803536415100098e-01,2.180281444452702999e-04,8.776758909225463867e-01,1.579086668789386749e-02,1.670037768781185150e-02,5.796976014971733093e-02,4.184632748365402222e-02,2.316075935959815979e-02,1.443856279365718365e-03,5.405616760253906250e-02,8.086566813290119171e-03,4.741304088383913040e-03,1.075111067621037364e-04
8.081521838903427124e-03,9.856666438281536102e-03,7.768244743347167969e-01,6.689427495002746582e-01,6.735660433769226074e-01,-6.235003238543868065e-04,7.757413201034069061e-03,7.562397718429565430e-01,5.876508075743913651e-03,5.712627768516540527e-01,5.353222042322158813e-02,6.595031358301639557e-03,1.637389510869979858e-02,1.372493803501129150e-02,4.415220115333795547e-03,2.901958674192428589e-02,3.686582297086715698e-02,-1.656896551139652729e-03,2.854881435632705688e-02,4.310507792979478836e-03
1.596083457116037607e-04,-7.596471114084124565e-04,-1.375766471028327942e-02,-5.603883881121873856e-03,-1.422579959034919739e-02,-7.759483996778726578e-03,-5.144419614225625992e-03,-2.161788195371627808e-02,-9.677662514150142670e-03,-1.353771146386861801e-02,8.200768232345581055e-01,7.153886556625366211e-01,8.371204733848571777e-01,9.971506595611572266e-01,7.042121887207031250e-01,1.008825302124023438e+00,9.996611475944519043e-01,1.135821221396327019e-03,1.001670718193054199e+00,6.991631984710693359e-01
-1.972491372725926340e-05,5.984460469335317612e-03,-7.911343127489089966e-03,1.201581617351621389e-04,-1.105846255086362362e-03,5.224318709224462509e-03,1.234746538102626801e-03,1.084324251860380173e-02,6.401662249118089676e-03,1.919045858085155487e-02,8.779113888740539551e-01,8.067578822374343872e-02,1.065663173794746399e-01,8.777029514312744141e-01,6.865934729576110840e-01,-3.713871119543910027e-03,7.014913558959960938e-01,9.827633947134017944e-02,9.290456771850585938e-02,5.875061615370213985e-04
-6.887229625135660172e-03,-3.144551301375031471e-03,5.259614554233849049e-04,2.439531031996011734e-03,-2.982071135193109512e-03,-5.601653363555669785e-03,-3.095505526289343834e-04,-1.249718572944402695e-02,-1.292508211918175220e-03,-2.502948045730590820e-02,8.827283978462219238e-01,8.003406524658203125e-01,9.810443520545959473e-01,9.402874708175659180e-01,8.820492625236511230e-01,3.365359827876091003e-02,5.190572515130043030e-02,-6.786311976611614227e-03,3.001008415594696999e-03,8.121723532676696777e-01
-3.316072397865355015e-04,5.933449864387512207e-01,6.832289099693298340e-01,5.868886113166809082e-01,2.968055605888366699e-01,9.936647415161132812e-01,1.992011815309524536e-01,8.885371685028076172e-01,4.902746975421905518e-01,5.934747457504272461e-01,8.458230644464492798e-03,-3.413784084841609001e-03,8.583642775192856789e-04,9.606984676793217659e-04,6.098018275224603713e-05,7.358937524259090424e-03,1.030610408633947372e-02,7.782894652336835861e-03,1.400245353579521179e-02,1.339702634140849113e-03
1.100724330171942711e-04,-8.040625602006912231e-03,4.424263723194599152e-03,-5.790098570287227631e-03,4.471999127417802811e-03,-6.464350037276744843e-03,-1.705138594843447208e-03,8.278086781501770020e-03,-5.841109436005353928e-03,-7.782469037920236588e-03,8.846132755279541016e-01,2.769858017563819885e-02,1.400222536176443100e-02,3.043435979634523392e-03,4.136031866073608398e-01,9.704042077064514160e-01,9.823093414306640625e-01,3.549226792529225349e-03,9.894478917121887207e-01,6.082836985588073730e-01
3.232163377106189728e-03,7.674542721360921860e-03,-4.514307714998722076e-03,7.617312483489513397e-03,5.124552641063928604e-03,4.008461837656795979e-04,3.193099284544587135e-03,3.002027422189712524e-02,-2.607572125270962715e-03,5.382992699742317200e-02,8.785925507545471191e-01,1.001908898353576660e+00,9.804416894912719727e-01,9.746335744857788086e-01,9.866882562637329102e-01,9.798493385314941406e-01,9.872195720672607422e-01,-1.320765260607004166e-02,6.014491431415081024e-03,-1.320281066000461578e-03
1.604609075002372265e-03,5.011881701648235321e-03,2.289466373622417450e-02,6.411965936422348022e-03,1.689331606030464172e-02,4.670891445130109787e-03,-1.778094214387238026e-03,3.562077134847640991e-02,-1.579723693430423737e-02,3.524398058652877808e-02,9.386656880378723145e-01,9.649396538734436035e-01,9.790148735046386719e-01,9.827129244804382324e-01,8.049452900886535645e-01,9.935771822929382324e-01,9.795870184898376465e-01,2.312613651156425476e-03,9.765530824661254883e-01,-2.707261824980378151e-03
-3.909021150320768356e-03,-1.091115176677703857e-02,-4.961740691214799881e-03,4.233750514686107635e-03,3.468655748292803764e-03,-6.998056545853614807e-03,6.888199714012444019e-04,6.212499737739562988e-01,-7.429423276335000992e-03,5.068953037261962891e-01,1.223119944334030151e-01,1.179378107190132141e-01,8.854731917381286621e-02,9.900282323360443115e-02,6.734221428632736206e-02,2.269712835550308228e-02,3.391669690608978271e-02,-3.630171995609998703e-03,4.000852350145578384e-03,-1.081544724002014846e-06
-2.300807507708668709e-03,-3.823073813691735268e-03,6.990925669670104980e-01,6.038793325424194336e-01,8.035785555839538574e-01,-2.710898173972964287e-03,5.677229491993784904e-04,9.048658013343811035e-01,9.987049698829650879e-01,2.020562589168548584e-01,1.355629134923219681e-02,7.908158004283905029e-03,1.014492381364107132e-02,1.766888052225112915e-02,6.436985917389392853e-03,5.671560764312744141e-03,8.981659775599837303e-04,-6.949781673029065132e-04,4.507412202656269073e-03,-1.098398119211196899e-03
3.109327750280499458e-03,9.087411453947424889e-04,2.056319499388337135e-03,7.446289964718744159e-05,-1.638442464172840118e-02,-5.653874948620796204e-03,1.890658051706850529e-03,3.247900679707527161e-02,5.317035829648375511e-04,1.144038699567317963e-02,8.101503849029541016e-01,7.247171998023986816e-01,6.413621902465820312e-01,8.190039396286010742e-01,6.736333966255187988e-01,-1.328446902334690094e-02,-9.526225738227367401e-03,-4.903968423604965210e-03,-5.768024828284978867e-03,9.835886359214782715e-01
-2.862899564206600189e-04,5.838415026664733887e-01,-1.605650223791599274e-02,-2.046961709856987000e-02,7.564855813980102539e-01,-1.046173181384801865e-02,-2.445976017042994499e-03,4.732108414173126221e-01,-7.018613629043102264e-03,6.612212061882019043e-01,3.269842639565467834e-02,3.356552869081497192e-02,2.346094325184822083e-02,4.140160232782363892e-02,2.087917365133762360e-02,2.406087704002857208e-02,2.214368060231208801e-02,5.275887902826070786e-03,2.462308481335639954e-02,-6.249714177101850510e-03
-2.648495719768106937e-04,-5.274384748190641403e-03,-1.826995052397251129e-02,-7.702157367020845413e-03,-3.290842520073056221e-03,-4.042803309857845306e-03,2.249688608571887016e-03,-2.017641253769397736e-02,-5.737662315368652344e-03,-1.311402767896652222e-02,9.505584239959716797e-01,8.398321866989135742e-01,9.164227247238159180e-01,9.074878096580505371e-01,7.181540727615356445e-01,1.009438991546630859e+00,1.018026351928710938e+00,7.168616652488708496e-01,1.007597565650939941e+00,1.000070095062255859e+00
6.287771393544971943e-04,1.927760988473892212e-01,8.847551792860031128e-02,9.010673761367797852e-01,1.898508518934249878e-01,8.939074873924255371e-01,4.945621825754642487e-03,6.614713668823242188e-01,4.742526412010192871e-01,7.768341302871704102e-01,2.956726774573326111e-02,-7.391636725515127182e-03,4.755103145726025105e-04,4.508244339376688004e-03,1.179707795381546021e-02,1.215536613017320633e-02,5.505405366420745850e-03,-5.492579191923141479e-03,-1.161261825473047793e-04,8.821815135888755322e-04
2.231624675914645195e-03,8.404303342103958130e-03,-1.228952128440141678e-02,-1.378953736275434494e-02,-6.226179189980030060e-03,2.809238387271761894e-03,-2.392145339399576187e-03,8.377953432500362396e-03,2.741922065615653992e-02,1.608571596443653107e-02,1.009834766387939453e+00,4.563066735863685608e-02,9.668968319892883301e-01,9.706910848617553711e-01,9.807066917419433594e-01,9.509318470954895020e-01,9.691059589385986328e-01,1.066269911825656891e-02,9.654802680015563965e-01,-1.960963709279894829e-04
-2.557248109951615334e-03,-7.097176276147365570e-03,8.390776813030242920e-03,2.812987938523292542e-02,5.683708470314741135e-03,-1.246197149157524109e-02,-7.998758926987648010e-03,1.423612982034683228e-02,-4.893923643976449966e-03,-7.729325443506240845e-03,9.851705431938171387e-01,6.805732250213623047e-01,1.992125809192657471e-01,7.427261210978031158e-03,3.016347289085388184e-01,9.934439659118652344e-01,9.835621118545532227e-01,-4.809527192264795303e-03,9.861990809440612793e-01,6.063627004623413086e-01
-5.307855317369103432e-04,6.797585519962012768e-04,9.853030443191528320e-01,9.968006610870361328e-01,6.966902613639831543e-01,3.555525792762637138e-03,1.858455478213727474e-03,7.823914289474487305e-01,7.986472845077514648e-01,1.961805522441864014e-01,2.421879023313522339e-02,2.066464349627494812e-02,1.968766562640666962e-03,-1.586242928169667721e-03,-5.029124207794666290e-03,1.052461098879575729e-02,2.267954405397176743e-03,3.824704093858599663e-03,3.692754311487078667e-03,4.683719016611576080e-03
4.022299312055110931e-03,8.075746297836303711e-01,8.103319406509399414e-01,7.447291016578674316e-01,6.021854877471923828e-01,5.517824366688728333e-02,4.024198651313781738e-02,8.087857961654663086e-01,7.308328151702880859e-02,7.088119387626647949e-01,1.087259873747825623e-02,4.385742358863353729e-04,2.985435537993907928e-03,3.972448408603668213e-03,1.686597242951393127e-02,8.107626810669898987e-03,7.990089245140552521e-03,1.774574746377766132e-03,2.075083740055561066e-02,-3.162895794957876205e-03
4.364394117146730423e-03,4.834667313843965530e-03,-4.598565865308046341e-04,5.860342830419540405e-02,2.783134579658508301e-02,-1.814669347368180752e-03,2.236083964817225933e-04,3.206451982259750366e-02,1.033336482942104340e-02,4.492589831352233887e-02,9.836952090263366699e-01,4.515407979488372803e-01,5.105034708976745605e-01,2.779813483357429504e-03,2.177996784448623657e-01,9.685784578323364258e-03,9.068941697478294373e-03,2.545137191191315651e-03,3.601457551121711731e-02,-7.689836435019969940e-03
1.896079513244330883e-03,8.134844154119491577e-02,1.934755146503448486e-01,8.093098998069763184e-01,1.831759810447692871e-01,8.937960863113403320e-01,9.296734631061553955e-02,6.923305988311767578e-01,6.028982996940612793e-01,8.065142035484313965e-01,-3.100338857620954514e-03,1.808815635740756989e-03,7.410914171487092972e-03,-5.681410431861877441e-03,-1.027303095906972885e-02,-5.632242653518915176e-03,-1.230730675160884857e-02,-6.914125755429267883e-03,-1.267996733076870441e-03,-1.240957062691450119e-04
3.926806675735861063e-04,1.529772300273180008e-02,1.890720613300800323e-02,2.389503866434097290e-01,8.251768946647644043e-01,1.573439571075141430e-03,3.242631675675511360e-03,2.256400585174560547e-01,-2.718724310398101807e-03,6.157950758934020996e-01,-1.931879110634326935e-02,3.070473670959472656e-02,1.469366252422332764e-02,2.574689686298370361e-02,3.513298183679580688e-02,9.251602925360202789e-03,7.880405522882938385e-03,-3.469890216365456581e-03,4.391647409647703171e-03,-4.113437142223119736e-03
-1.051616738550364971e-03,7.942961454391479492e-01,8.924398422241210938e-01,8.431780934333801270e-01,6.991426944732666016e-01,5.907768011093139648e-01,4.936504662036895752e-01,8.487845063209533691e-01,6.431831717491149902e-01,8.120175600051879883e-01,-5.426933785201981664e-05,1.688705012202262878e-02,2.489035250619053841e-03,-6.706525105983018875e-03,2.125195023836567998e-04,3.214233147446066141e-04,2.946989843621850014e-03,-1.109937904402613640e-03,-2.232671715319156647e-03,-6.585560622625052929e-04
1.519396319054067135e-03,7.071523070335388184e-01,8.002527952194213867e-01,7.008971571922302246e-01,8.947742581367492676e-01,6.002901196479797363e-01,4.981493949890136719e-01,8.081020712852478027e-01,5.016953349113464355e-01,6.903923153877258301e-01,-2.188792917877435684e-03,1.369881443679332733e-02,1.217321492731571198e-02,2.477386267855763435e-03,6.102430168539285660e-03,8.287610486149787903e-03,7.966049946844577789e-03,-1.436473801732063293e-03,-4.858601372689008713e-03,-1.458323677070438862e-04
-5.858717020601034164e-03,-6.931124720722436905e-03,-4.613638855516910553e-03,-7.045403122901916504e-03,1.230598762631416321e-01,-7.744051050394773483e-03,-1.104601076804101467e-03,4.313645064830780029e-01,-6.773178000003099442e-03,4.009487032890319824e-01,2.104014754295349121e-01,1.579268574714660645e-01,1.555356532335281372e-01,1.352506875991821289e-01,1.290764361619949341e-01,8.006396889686584473e-02,1.038362756371498108e-01,1.986706443130970001e-02,8.020182698965072632e-02,6.009657401591539383e-03
2.753600012511014938e-03,-2.692499198019504547e-03,-2.997045405209064484e-03,5.455486942082643509e-03,1.846519066020846367e-03,-9.829110931605100632e-04,-5.762787070125341415e-03,1.286398526281118393e-02,7.690379861742258072e-04,1.074414141476154327e-02,8.931422233581542969e-01,9.015858173370361328e-01,9.814370274543762207e-01,9.867016077041625977e-01,7.977383136749267578e-01,9.873685240745544434e-01,9.853208065032958984e-01,9.954854100942611694e-02,2.872436642646789551e-01,7.855899930000305176e-01
-2.202271949499845505e-03,-1.030548708513379097e-03,-7.546281442046165466e-03,7.967018755152821541e-04,-7.401822134852409363e-03,-2.821369562298059464e-04,9.328403975814580917e-04,-1.360071473754942417e-03,-5.076359491795301437e-03,-6.267924618441611528e-05,9.112272262573242188e-01,1.068189814686775208e-01,9.980645179748535156e-01,2.828936325386166573e-03,9.965471029281616211e-01,9.938107728958129883e-01,9.985964894294738770e-01,-6.061957101337611675e-04,9.976621270179748535e-01,8.015742301940917969e-01
-1.125552225857973099e-03,7.863176465034484863e-01,9.106889963150024414e-01,8.122286796569824219e-01,6.215653419494628906e-01,3.552848473191261292e-02,1.791714318096637726e-02,6.032804250717163086e-01,4.787721037864685059e-01,8.678976893424987793e-01,3.437813743948936462e-02,-1.045492198318243027e-02,1.353424857370555401e-03,5.095335654914379120e-03,6.024681963026523590e-03,-3.361988347023725510e-03,8.443792467005550861e-05,6.455011200159788132e-03,-9.971669875085353851e-03,-2.855685539543628693e-03
8.135407231748104095e-03,-5.354886408895254135e-03,1.974887698888778687e-01,1.953346468508243561e-02,7.546378970146179199e-01,1.045395527034997940e-02,3.888016100972890854e-03,5.996187329292297363e-01,1.834835670888423920e-02,7.753299474716186523e-01,3.143399581313133240e-02,2.082854323089122772e-02,6.375121884047985077e-03,2.841016650199890137e-02,9.262232109904289246e-03,-6.649031769484281540e-03,3.376244567334651947e-04,7.985080592334270477e-03,4.320232663303613663e-03,1.797062228433787823e-03
4.051663447171449661e-03,-1.166344853118062019e-03,7.114634499885141850e-04,-1.714745908975601196e-02,2.174813300371170044e-02,5.471343640238046646e-03,-2.655490068718791008e-03,9.218242950737476349e-03,7.117434288375079632e-04,1.752208452671766281e-03,9.884667992591857910e-01,9.757758378982543945e-01,9.759969711303710938e-01,-1.003024075180292130e-02,9.872736334800720215e-01,9.967002272605895996e-01,9.905884861946105957e-01,1.112577412277460098e-02,9.961883425712585449e-01,9.083448909223079681e-03
1.478369627147912979e-02,4.946553613990545273e-03,2.606528112664818764e-03,6.688240449875593185e-03,9.750330820679664612e-03,-1.493011135607957840e-03,-4.182165954262018204e-03,3.923580050468444824e-02,1.310105621814727783e-02,3.221070766448974609e-02,8.569736480712890625e-01,6.614353656768798828e-01,7.575597167015075684e-01,7.706617116928100586e-01,5.599519610404968262e-01,-4.826307762414216995e-03,3.958789166063070297e-03,2.647810149937868118e-03,6.961259059607982635e-03,-9.712826460599899292e-03
-6.147852982394397259e-04,2.254252030979841948e-04,-7.233933545649051666e-03,-1.721573434770107269e-02,2.968257106840610504e-02,7.486897520720958710e-03,8.403314277529716492e-03,8.203277736902236938e-02,1.106466632336378098e-02,1.356493830680847168e-01,7.955637574195861816e-01,8.517838716506958008e-01,8.522275090217590332e-01,8.514537215232849121e-01,8.632358908653259277e-01,8.686524033546447754e-01,8.428133726119995117e-01,7.211499810218811035e-01,6.852979660034179688e-01,-3.827948588877916336e-03
8.181235752999782562e-03,-4.942578729242086411e-03,-6.948251393623650074e-05,5.141299683600664139e-03,2.192975953221321106e-02,1.046964339911937714e-02,5.861699581146240234e-03,3.311825543642044067e-02,1.620959118008613586e-02,2.700844220817089081e-02,8.593348264694213867e-01,7.631551027297973633e-01,8.887400627136230469e-01,9.890580177307128906e-01,6.929779648780822754e-01,9.846672415733337402e-01,9.875484704971313477e-01,1.370947156101465225e-02,4.475542809814214706e-03,6.978427171707153320e-01
8.158515207469463348e-03,2.778514102101325989e-02,1.417566835880279541e-02,1.101439166814088821e-02,9.278951212763786316e-03,1.238283142447471619e-02,-1.189593411982059479e-02,1.758474297821521759e-02,-1.518426183611154556e-02,2.639969252049922943e-02,4.790294449776411057e-03,-9.285795968025922775e-04,1.345925685018301010e-02,7.823238968849182129e-01,7.012338042259216309e-01,1.418336387723684311e-02,7.849533557891845703e-01,2.842800021171569824e-01,9.719715714454650879e-01,-6.759228999726474285e-04
3.756611549761146307e-04,8.122714161872863770e-01,9.077752232551574707e-01,8.937746882438659668e-01,7.113506197929382324e-01,4.966799318790435791e-01,5.000719428062438965e-01,9.024919867515563965e-01,6.927133202552795410e-01,8.274829983711242676e-01,-1.455500535666942596e-02,-2.622761065140366554e-03,-2.197634661570191383e-03,-7.199586369097232819e-03,-5.725277587771415710e-03,1.085218694061040878e-02,8.496596477925777435e-03,-2.726907609030604362e-03,-1.624392578378319740e-03,4.586514551192522049e-03
-1.083875104086473584e-04,8.056545257568359375e-01,9.054768085479736328e-01,8.991427421569824219e-01,7.188197374343872070e-01,9.924802780151367188e-01,4.927986860275268555e-01,7.879263162612915039e-01,6.956008076667785645e-01,8.010400533676147461e-01,2.333069685846567154e-03,-1.878639101050794125e-03,-9.238456375896930695e-03,1.336252596229314804e-02,-8.836311288177967072e-03,-1.525523886084556580e-02,-3.912931308150291443e-03,2.775596454739570618e-03,-1.162260887213051319e-03,2.654235577210783958e-04
1.366140786558389664e-03,-1.382660213857889175e-02,-3.345519944559782743e-04,-1.054711174219846725e-03,7.809581700712442398e-03,-7.186917588114738464e-03,-3.134441329166293144e-03,1.985976397991180420e-01,-1.037190482020378113e-02,3.390684127807617188e-01,2.479594498872756958e-01,2.106539905071258545e-01,2.319237738847732544e-01,2.367743700742721558e-01,1.698634177446365356e-01,1.011654436588287354e-01,1.172260865569114685e-01,3.180152177810668945e-02,2.747701853513717651e-02,5.885028745979070663e-03
9.423607587814331055e-02,1.281371340155601501e-02,2.974399328231811523e-01,4.090828895568847656e-01,1.834820806980133057e-01,7.929627895355224609e-01,4.562093410640954971e-03,6.755520701408386230e-01,5.766429901123046875e-01,6.908941864967346191e-01,1.547299791127443314e-03,1.253250148147344589e-02,5.766849033534526825e-03,8.511132560670375824e-03,1.975716091692447662e-03,-1.289365696720778942e-03,1.446233689785003662e-02,1.373689342290163040e-02,-6.737397518008947372e-03,-1.658031600527465343e-03
-3.305392106994986534e-03,6.546819210052490234e-01,5.273103117942810059e-01,8.988891839981079102e-01,6.737313866615295410e-01,1.595360934734344482e-01,1.202247887849807739e-01,7.538744807243347168e-01,4.105547368526458740e-01,8.732621073722839355e-01,3.887871280312538147e-03,8.983831852674484253e-03,1.877777837216854095e-02,2.378316828981041908e-03,6.376187317073345184e-03,-1.628792029805481434e-03,4.864658694714307785e-03,-2.470942912623286247e-03,1.179281855002045631e-03,1.494504860602319241e-03
-7.400983595289289951e-04,7.185748219490051270e-01,8.231089711189270020e-01,9.085755944252014160e-01,8.247221112251281738e-01,5.024695396423339844e-01,3.982050716876983643e-01,9.231849312782287598e-01,6.103993058204650879e-01,7.181147933006286621e-01,8.249039819929748774e-05,-6.662596948444843292e-03,-1.165843475610017776e-02,3.285182639956474304e-03,-2.621447667479515076e-03,3.899246803484857082e-04,-3.492182586342096329e-03,5.598931107670068741e-03,-2.746982732787728310e-03,-2.208559308201074600e-03
7.067624013870954514e-03,1.155255362391471863e-03,-5.717483814805746078e-03,-5.992770456941798329e-05,9.009449742734432220e-03,-3.720291657373309135e-03,-1.443815766833722591e-03,1.004407286643981934e+00,1.243090536445379257e-02,6.907130479812622070e-01,6.357868202030658722e-03,-1.200395543128252029e-02,-6.235775537788867950e-03,-1.555030979216098785e-02,4.386554006487131119e-03,5.997520405799150467e-03,-3.487232606858015060e-05,-4.206258803606033325e-03,7.557632052339613438e-04,-1.197688281536102295e-03
1.841699413489550352e-04,9.791262149810791016e-01,9.705582261085510254e-01,1.003296732902526855e+00,9.769199490547180176e-01,9.909321665763854980e-01,2.578058280050754547e-02,7.097550034523010254e-01,9.788639545440673828e-01,9.724136590957641602e-01,-5.326016689650714397e-04,-5.840615369379520416e-03,-2.266121469438076019e-02,-7.149787619709968567e-03,-9.835115633904933929e-04,-1.079027634114027023e-02,-1.246021501719951630e-02,-5.270965863019227982e-03,3.024317556992173195e-04,9.820389095693826675e-04
-1.683885580860078335e-03,8.001039735972881317e-03,2.469497499987483025e-03,6.861634552478790283e-03,5.615131929516792297e-03,-4.561120644211769104e-03,1.120269997045397758e-03,-7.644740864634513855e-03,-3.926493227481842041e-03,-2.093757316470146179e-02,9.952862262725830078e-01,1.000003814697265625e+00,9.833414554595947266e-01,9.824609756469726562e-01,9.906240105628967285e-01,9.817557930946350098e-01,9.843053221702575684e-01,4.385096952319145203e-03,-3.048297949135303497e-03,9.922426939010620117e-01
1.864181831479072571e-03,9.791872435016557574e-05,-3.462169086560606956e-03,-1.331929117441177368e-02,1.883754692971706390e-02,-5.121442023664712906e-03,-7.243779022246599197e-03,1.427313871681690216e-02,-7.566931890323758125e-04,2.942846901714801788e-02,9.430351853370666504e-01,8.461751341819763184e-01,9.511472582817077637e-01,9.545288681983947754e-01,1.344663798809051514e-01,3.240368515253067017e-02,2.896308526396751404e-02,2.010656706988811493e-02,2.716988697648048401e-02,-1.894418150186538696e-03
-1.054157153703272343e-03,7.687169313430786133e-01,7.858850955963134766e-01,8.736299872398376465e-01,7.107687592506408691e-01,5.823929309844970703e-01,4.708348810672760010e-01,8.466095328330993652e-01,6.566926240921020508e-01,8.355170488357543945e-01,5.695196241140365601e-02,1.889748382382094860e-03,1.162914186716079712e-02,2.828144468367099762e-03,1.459763851016759872e-02,1.627085544168949127e-02,3.331881761550903320e-02,1.515535404905676842e-03,2.336649224162101746e-02,-6.394341471605002880e-04
-3.336042631417512894e-03,-1.185474917292594910e-02,-8.985462598502635956e-03,-2.190231718122959137e-02,-2.454767562448978424e-02,8.949801325798034668e-03,-7.490562275052070618e-03,-1.138443686068058014e-02,-7.060777395963668823e-03,1.113812252879142761e-02,9.996329545974731445e-01,9.012792110443115234e-01,9.828763604164123535e-01,9.904122352600097656e-01,7.894029617309570312e-01,1.371995452791452408e-02,7.824500799179077148e-01,5.971298813819885254e-01,9.869220256805419922e-01,-1.614275854080915451e-03
-2.692766254767775536e-03,8.741919696331024170e-02,1.022554263472557068e-01,7.791519910097122192e-02,8.733966201543807983e-02,3.805816173553466797e-02,2.893222682178020477e-02,1.174143254756927490e-01,1.171119604259729385e-02,2.696723863482475281e-02,6.625664234161376953e-01,-1.310317311435937881e-03,1.633238419890403748e-02,2.478175796568393707e-02,1.568027287721633911e-01,1.223365310579538345e-02,2.560951113700866699e-01,2.195172570645809174e-02,2.593179047107696533e-01,5.794112086296081543e-01
1.208550413139164448e-03,-1.908055128296837211e-05,7.977863773703575134e-03,1.146828085184097290e-01,3.639401122927665710e-02,-9.014208801090717316e-03,-1.426451955921947956e-03,3.961073607206344604e-02,1.986848423257470131e-03,1.030239015817642212e-01,8.793696165084838867e-01,8.972560763359069824e-01,8.633922338485717773e-01,1.199590857140719891e-03,-8.983710780739784241e-03,-7.406811695545911789e-03,-1.087243203073740005e-02,6.305478811264038086e-01,-2.844207454472780228e-03,2.580132568255066872e-04
4.583262372761964798e-03,8.854966759681701660e-01,7.962572574615478516e-01,7.149779796600341797e-01,6.028119921684265137e-01,4.759824573993682861e-01,3.753180801868438721e-01,9.052482247352600098e-01,6.583294272422790527e-01,7.911549210548400879e-01,-4.921444924548268318e-04,7.190929027274250984e-04,5.814765579998493195e-03,-8.321213535964488983e-03,-1.207151915878057480e-02,9.226365946233272552e-04,1.266280421987175941e-03,-1.558693707920610905e-03,-3.670224919915199280e-03,-1.799163757823407650e-03
6.337418686598539352e-03,8.094293475151062012e-01,7.292651534080505371e-01,1.011831045150756836e+00,9.990645051002502441e-01,2.119851484894752502e-02,7.106390781700611115e-03,5.491562485694885254e-01,5.215725302696228027e-01,8.343915343284606934e-01,-4.219623282551765442e-02,3.355965891387313604e-04,-4.257124848663806915e-03,-5.030071828514337540e-03,4.235843662172555923e-03,9.409988299012184143e-03,7.863642647862434387e-03,-3.415231767576187849e-04,-5.242094397544860840e-03,-1.505041494965553284e-03
1.956816911697387695e-01,7.834698557853698730e-01,8.809129595756530762e-01,7.946895360946655273e-01,8.748997449874877930e-01,-6.376078352332115173e-03,-7.361996540566906333e-05,1.163416877388954163e-01,1.909047178924083710e-02,6.922729611396789551e-01,-1.518496032804250717e-02,-6.320857442915439606e-03,-1.484843436628580093e-03,-1.100432034581899643e-02,-7.036087568849325180e-03,8.255773223936557770e-03,1.848683878779411316e-02,-5.740777589380741119e-03,1.225965190678834915e-02,1.966419396921992302e-03
4.235944245010614395e-03,1.463093981146812439e-02,1.524733472615480423e-02,3.403719887137413025e-02,3.350459411740303040e-02,3.450823016464710236e-03,3.707560943439602852e-03,1.762139610946178436e-02,7.934534805826842785e-04,3.122137114405632019e-02,8.582124114036560059e-01,7.289035618305206299e-02,1.787202060222625732e-01,8.987106382846832275e-02,8.449477702379226685e-02,3.690082430839538574e-01,3.711084425449371338e-01,8.787135034799575806e-02,1.697171330451965332e-01,8.699245005846023560e-02
-2.806458389386534691e-03,-3.401807276532053947e-03,-6.452604196965694427e-03,1.666918862611055374e-03,-1.845148508436977863e-04,-3.451128723099827766e-03,-4.063033848069608212e-04,-1.819245517253875732e-02,-2.246847143396735191e-03,-1.521770609542727470e-04,8.403059840202331543e-01,6.737715601921081543e-01,7.929318547248840332e-01,9.229235053062438965e-01,6.303626298904418945e-01,-4.369002301245927811e-03,4.920050501823425293e-03,6.311251316219568253e-03,-5.211854819208383560e-03,1.048650010488927364e-03
-2.045485889539122581e-04,2.726171314716339111e-01,6.605432629585266113e-01,7.719554305076599121e-01,5.852424502372741699e-01,9.125915765762329102e-01,4.773428738117218018e-01,7.030636072158813477e-01,5.943346023559570312e-01,8.834235072135925293e-01,1.948127336800098419e-02,3.053466323763132095e-03,1.544868107885122299e-02,1.605750061571598053e-02,1.939662732183933258e-02,4.543136339634656906e-03,1.887670601718127728e-03,1.716075092554092407e-02,9.641944430768489838e-03,-3.346421988680958748e-03
-2.090398455038666725e-03,7.274755742400884628e-03,-9.671078994870185852e-03,-2.287188917398452759e-02,-2.500843722373247147e-03,-1.240706769749522209e-03,-8.905490394681692123e-04,1.286126556806266308e-03,-1.631673425436019897e-03,-1.436347607523202896e-02,9.934174418449401855e-01,1.003268957138061523e+00,9.851633906364440918e-01,1.000076651573181152e+00,7.971268296241760254e-01,1.003381371498107910e+00,9.982421994209289551e-01,1.480747386813163757e-02,9.831265807151794434e-01,7.997362613677978516e-01
-2.091783564537763596e-03,8.888424634933471680e-01,8.017793893814086914e-01,7.971138954162597656e-01,8.898664712905883789e-01,9.986318945884704590e-01,1.070296205580234528e-02,7.000270485877990723e-01,1.195776648819446564e-02,7.339420318603515625e-01,-2.244889549911022186e-02,-1.225118525326251984e-02,-1.071257051080465317e-02,1.795462332665920258e-03,-8.544298820197582245e-03,-9.852180257439613342e-03,-8.437444455921649933e-03,-9.919389151036739349e-03,-1.064289081841707230e-02,7.224476576084271073e-06
5.815744996070861816e-01,8.547073006629943848e-01,7.665666341781616211e-01,8.616856336593627930e-01,6.610738039016723633e-01,4.808381497859954834e-01,3.810835778713226318e-01,7.661859393119812012e-01,5.438866615295410156e-01,6.479064822196960449e-01,4.060965031385421753e-02,5.237501114606857300e-03,-3.410595003515481949e-03,4.133879672735929489e-03,9.749339893460273743e-03,-5.676741711795330048e-03,4.557157866656780243e-03,1.771744689904153347e-03,1.695388741791248322e-02,2.986438106745481491e-03
1.304131437791511416e-04,8.944408595561981201e-02,3.441217839717864990e-01,6.958914995193481445e-01,7.855416536331176758e-01,7.596508134156465530e-03,8.547613397240638733e-03,8.654336445033550262e-03,2.118246629834175110e-02,5.099021792411804199e-01,1.740189269185066223e-03,-1.350862812250852585e-02,1.856830343604087830e-02,-1.522201579064130783e-03,-4.672657232731580734e-03,1.346281077712774277e-02,1.550403516739606857e-02,7.681427057832479477e-03,9.392389096319675446e-03,-2.440169220790266991e-03
4.830447724089026451e-04,9.814538359642028809e-01,9.883219599723815918e-01,9.792997837066650391e-01,7.821587920188903809e-01,9.895516633987426758e-01,-4.054272721987217665e-05,9.803304672241210938e-01,3.200842998921871185e-03,9.761062860488891602e-01,2.954770624637603760e-02,1.598144322633743286e-02,7.986150681972503662e-03,9.893507231026887894e-04,1.520918775349855423e-02,1.050521060824394226e-02,1.014388352632522583e-02,3.501301864162087440e-03,1.665391214191913605e-02,6.254566251300275326e-04
-1.468606496928259730e-04,-7.972256280481815338e-03,7.802124135196208954e-03,-9.138769237324595451e-04,4.578322172164916992e-03,-6.098475772887468338e-03,-4.635553341358900070e-03,1.205705199390649796e-02,-1.359400898218154907e-02,-1.069971127435564995e-03,8.822595477104187012e-01,-1.307050324976444244e-02,-1.770883565768599510e-03,-1.468426734209060669e-02,5.882790684700012207e-01,1.012989282608032227e+00,1.004769682884216309e+00,-3.873615758493542671e-03,1.006762027740478516e+00,8.049252629280090332e-01
-1.912896870635449886e-03,8.049993515014648438e-01,7.125167846679687500e-01,7.493861913681030273e-01,7.041596174240112305e-01,1.005560517311096191e+00,4.992651045322418213e-01,9.022623896598815918e-01,8.149277567863464355e-01,7.315575480461120605e-01,-1.119055878371000290e-02,-7.903899066150188446e-03,-2.126481849700212479e-03,-8.369252085685729980e-03,2.335283643333241343e-04,-6.657623685896396637e-03,-1.178655494004487991e-02,-2.316948259249329567e-03,-9.976597502827644348e-03,7.552726310677826405e-04
-4.673181683756411076e-05,6.952906250953674316e-01,1.001952290534973145e+00,1.004210710525512695e+00,9.049886465072631836e-01,1.001825809478759766e+00,7.987032532691955566e-01,6.920703053474426270e-01,8.973626494407653809e-01,7.989656329154968262e-01,4.253669176250696182e-03,1.129567809402942657e-02,7.396383676677942276e-03,2.842285670340061188e-03,3.364050935488194227e-04,6.778805516660213470e-03,2.085475949570536613e-03,-6.073954282328486443e-04,4.995134193450212479e-03,1.005907775834202766e-03
1.731106312945485115e-03,6.643399000167846680e-01,6.547681093215942383e-01,7.084135413169860840e-01,5.585255026817321777e-01,4.554297626018524170e-01,3.587172627449035645e-01,6.459581255912780762e-01,3.778842985630035400e-01,5.662717819213867188e-01,4.851236566901206970e-02,-1.914764940738677979e-02,-7.802939042448997498e-03,-1.729634939692914486e-03,4.001097287982702255e-03,2.986906468868255615e-02,2.423290349543094635e-02,2.544084098190069199e-03,2.219336107373237610e-03,-3.333619097247719765e-03
-9.616823808755725622e-05,7.275887131690979004e-01,9.804298281669616699e-01,9.994963407516479492e-01,9.129768610000610352e-01,6.866756677627563477e-01,5.001044273376464844e-01,9.066509604454040527e-01,6.056057214736938477e-01,8.444924950599670410e-01,-1.759318262338638306e-02,-1.425324124284088612e-03,-6.317041814327239990e-03,-1.989413518458604813e-03,-6.207603495568037033e-03,-7.379679474979639053e-03,-9.208642877638339996e-03,-1.046405406668782234e-03,-4.303412511944770813e-03,2.574313664808869362e-03
-1.866497565060853958e-03,2.303444780409336090e-03,1.529399864375591278e-02,1.438745409250259399e-01,1.200265362858772278e-01,9.462191723287105560e-03,-5.852783797308802605e-04,1.958026550710201263e-03,1.775894197635352612e-03,6.351177096366882324e-01,-1.919125579297542572e-02,-1.410753745585680008e-02,-2.141381427645683289e-02,-2.138875238597393036e-02,-1.597724854946136475e-02,-2.299363259226083755e-03,-1.158496271818876266e-02,-8.820204995572566986e-03,-1.450743153691291809e-02,5.465343128889799118e-03
8.950028568506240845e-02,8.781237602233886719e-01,7.606356739997863770e-01,9.582158923149108887e-01,5.776557326316833496e-01,9.827667474746704102e-01,4.876728951930999756e-01,8.572106361389160156e-01,7.751192450523376465e-01,7.525941133499145508e-01,4.408458992838859558e-02,6.385297048836946487e-03,2.384724095463752747e-02,-4.148899577558040619e-03,2.746665477752685547e-02,1.790568348951637745e-03,3.162426501512527466e-02,-4.406718071550130844e-03,9.835862554609775543e-03,-1.102539172279648483e-04
2.662011247593909502e-04,-3.683675313368439674e-04,7.270289119333028793e-03,1.110703032463788986e-02,1.059600710868835449e-02,5.483540706336498260e-03,2.220275346189737320e-03,8.432367816567420959e-03,1.896486058831214905e-02,1.491115894168615341e-02,8.302783593535423279e-03,4.924174249172210693e-01,6.813876628875732422e-01,1.979635357856750488e-01,7.953322529792785645e-01,9.903595447540283203e-01,9.838152527809143066e-01,-2.161464188247919083e-03,7.554364856332540512e-03,3.400739282369613647e-03
8.868133299984037876e-04,-2.789158374071121216e-03,8.382043801248073578e-03,3.942172974348068237e-03,4.983282648026943207e-03,-5.056570284068584442e-03,2.701457589864730835e-03,1.372380880638957024e-03,4.098673351109027863e-03,-3.856535535305738449e-03,8.746477365493774414e-01,7.214537262916564941e-01,7.257801890373229980e-01,8.215637803077697754e-01,7.205895185470581055e-01,-1.944068446755409241e-02,-1.725491322576999664e-02,6.231891512870788574e-01,3.524159640073776245e-02,7.975939512252807617e-01
-1.249240944162011147e-03,7.768720388412475586e-01,7.901364564895629883e-01,9.804335236549377441e-01,6.948654055595397949e-01,1.006583690643310547e+00,2.834176719188690186e-01,6.678110957145690918e-01,5.786270499229431152e-01,7.904220819473266602e-01,3.285688161849975586e-02,8.460336364805698395e-03,1.468418631702661514e-02,1.190027035772800446e-02,-2.427895320579409599e-03,1.378343068063259125e-02,1.241560000926256180e-02,2.027485053986310959e-03,1.171135157346725464e-02,1.724150730296969414e-03
-3.255763731431216002e-04,8.048341274261474609e-01,7.046362161636352539e-01,7.964986562728881836e-01,6.107662320137023926e-01,9.012874960899353027e-01,6.942167282104492188e-01,7.049255967140197754e-01,7.997729182243347168e-01,7.941722869873046875e-01,-2.077948674559593201e-02,-5.029729567468166351e-03,-1.774142868816852570e-02,-6.189508829265832901e-03,-2.596406731754541397e-03,-9.166366420686244965e-03,-2.029127441346645355e-03,-1.758709899149835110e-03,-1.154470257461071014e-03,-1.537229400128126144e-04
-2.849791897460818291e-03,-1.059051975607872009e-02,-1.926619559526443481e-02,-2.759770862758159637e-02,7.954546809196472168e-01,4.315240979194641113e-01,4.310516119003295898e-01,6.843700408935546875e-01,3.179155588150024414e-01,5.909940600395202637e-01,1.477427929639816284e-01,8.856219053268432617e-02,9.933054447174072266e-02,8.159418404102325439e-02,3.523931652307510376e-02,7.984315976500511169e-03,-1.222089980728924274e-03,-9.153273887932300568e-03,1.366083137691020966e-02,1.281847013160586357e-03
1.907399040646851063e-03,7.808808684349060059e-01,6.893459558486938477e-01,8.980979919433593750e-01,6.833203434944152832e-01,9.880195260047912598e-01,2.427580580115318298e-02,3.459497392177581787e-01,2.624199166893959045e-02,7.016899585723876953e-01,1.707834750413894653e-02,-2.324710832908749580e-03,2.511818602215498686e-04,3.834747942164540291e-03,-3.277250332757830620e-03,1.745627447962760925e-02,3.563671931624412537e-02,6.759911309927701950e-03,9.059986099600791931e-03,-6.740803364664316177e-04
1.057552359998226166e-02,1.111669559031724930e-02,6.384881678968667984e-03,3.844359889626502991e-02,7.337714196182787418e-04,7.153305690735578537e-03,1.938326982781291008e-03,-1.514168828725814819e-02,-1.628148602321743965e-03,-2.690767170861363411e-03,9.441859126091003418e-01,6.003286689519882202e-03,7.023546844720840454e-03,3.650712594389915466e-02,4.054555203765630722e-03,-3.871959401294589043e-03,-4.122296348214149475e-03,2.495054714381694794e-02,2.721001626923680305e-03,2.136797877028584480e-03
-1.201643957756459713e-03,1.066914293915033340e-02,4.138637334108352661e-03,4.640052211470901966e-04,3.589142113924026489e-02,6.317970901727676392e-02,1.164644141681492329e-03,4.262635856866836548e-02,6.824134849011898041e-03,4.173318296670913696e-02,9.188948869705200195e-01,9.431338906288146973e-01,9.600995779037475586e-01,9.405362606048583984e-01,2.408832684159278870e-02,2.285696752369403839e-02,3.239012882113456726e-02,2.549210004508495331e-02,1.939385384321212769e-02,3.782543120905756950e-03
-1.648146426305174828e-04,8.144987225532531738e-01,9.046184420585632324e-01,9.102004766464233398e-01,6.064463853836059570e-01,3.009525835514068604e-01,2.033728212118148804e-01,7.985809445381164551e-01,4.932332336902618408e-01,7.031516432762145996e-01,-2.564996108412742615e-02,-1.242080703377723694e-02,-1.292846631258726120e-03,-5.463697481900453568e-03,-1.006274018436670303e-02,5.052016116678714752e-03,-5.109610501676797867e-03,-3.334485925734043121e-03,8.003360591828823090e-03,-3.003732999786734581e-03
-6.802607094869017601e-04,8.960389494895935059e-01,9.033586978912353516e-01,9.971650242805480957e-01,9.951347708702087402e-01,5.027047991752624512e-01,4.963146150112152100e-01,7.848318219184875488e-01,5.998942255973815918e-01,8.985262513160705566e-01,1.822169870138168335e-02,2.332675270736217499e-03,-7.893397472798824310e-03,2.998154843226075172e-03,-1.050138939172029495e-02,-7.165865972638130188e-04,8.881790563464164734e-03,1.595832523889839649e-03,-6.699609220959246159e-04,5.351802683435380459e-04
3.535851428750902414e-04,9.329267777502536774e-03,-3.687452292069792747e-03,-2.171384170651435852e-03,1.078568212687969208e-02,1.234925724565982819e-02,-5.346368066966533661e-03,2.718399092555046082e-02,1.646533608436584473e-02,3.568576276302337646e-02,9.397130012512207031e-01,9.367169737815856934e-01,9.369004964828491211e-01,9.494756460189819336e-01,9.477494955062866211e-01,-7.727643009275197983e-03,5.145718809217214584e-03,5.796755431219935417e-05,1.552499248646199703e-03,-3.793399315327405930e-03
6.806597957620397210e-05,8.882932066917419434e-01,9.996729493141174316e-01,9.960758686065673828e-01,9.640906453132629395e-01,5.162058472633361816e-01,5.079321265220642090e-01,1.006192445755004883e+00,7.052725553512573242e-01,9.572376012802124023e-01,-1.523838657885789871e-02,4.156370647251605988e-03,-2.740773139521479607e-03,5.578565411269664764e-03,1.500747865065932274e-03,-2.717512426897883415e-03,-3.690175246447324753e-03,-1.077802851796150208e-03,8.541566319763660431e-03,1.227285480126738548e-03
1.996522769331932068e-03,6.855049729347229004e-02,6.354770064353942871e-02,8.806815743446350098e-02,5.456442385911941528e-02,3.437753394246101379e-02,2.516954950988292694e-02,8.088351041078567505e-02,4.933169856667518616e-02,1.172749176621437073e-01,5.757601857185363770e-01,2.050323411822319031e-02,8.997169882059097290e-02,1.768613904714584351e-01,3.264224827289581299e-01,1.452155858278274536e-01,1.490438431501388550e-01,-4.212860018014907837e-03,1.682170778512954712e-01,-5.396788474172353745e-04
1.786895394325256348e-01,-1.106028910726308823e-02,2.936936507467180490e-04,-1.015109848231077194e-02,-1.679652743041515350e-02,-4.782326053828001022e-03,-3.819139674305915833e-03,5.026623606681823730e-01,-1.206095889210700989e-02,2.014320045709609985e-01,1.300869733095169067e-01,9.184430539608001709e-02,1.038623079657554626e-01,8.919072896242141724e-02,5.881397426128387451e-02,1.265333313494920731e-02,2.698927000164985657e-02,4.137784708291292191e-03,2.213615924119949341e-02,1.127997413277626038e-03
-3.039317671209573746e-04,3.362495684996247292e-03,3.511292859911918640e-02,1.284396462142467499e-02,1.851936616003513336e-02,2.214260166510939598e-03,2.063063671812415123e-03,2.808971516788005829e-02,1.672780257649719715e-03,5.999671295285224915e-03,9.587604403495788574e-01,6.508226394653320312e-01,2.748084962368011475e-01,2.040964318439364433e-03,8.074319921433925629e-03,9.705921411514282227e-01,9.528158903121948242e-01,1.062195515260100365e-03,9.702347517013549805e-01,7.855371236801147461e-01
5.274223163723945618e-03,3.445849055424332619e-03,5.604523420333862305e-02,2.796879038214683533e-02,2.264627069234848022e-02,9.877477884292602539e-01,3.861087374389171600e-03,3.197758197784423828e-01,6.850891709327697754e-01,7.946560978889465332e-01,9.369816631078720093e-03,-6.568020209670066833e-03,1.038412190973758698e-02,3.854532493278384209e-03,-1.434407103806734085e-02,-1.344741880893707275e-02,-1.233176980167627335e-02,9.319207165390253067e-04,-7.856998592615127563e-03,-3.131642471998929977e-03
1.715643564239144325e-03,2.102782949805259705e-03,1.458796206861734390e-03,-6.492711137980222702e-03,-8.939609397202730179e-04,-4.032130353152751923e-03,2.012058394029736519e-03,7.496948242187500000e-01,1.507391408085823059e-02,4.400374889373779297e-01,8.458596467971801758e-02,4.834215342998504639e-02,6.263268738985061646e-02,5.132945999503135681e-02,2.378942072391510010e-02,1.310989726334810257e-02,1.743918843567371368e-02,-2.204450313001871109e-03,1.714374171569943428e-03,5.845353007316589355e-03
1.077917404472827911e-03,1.514499448239803314e-02,6.220639683306217194e-03,1.261773752048611641e-03,1.227225735783576965e-02,5.026198457926511765e-03,-4.235452972352504730e-03,7.766556460410356522e-03,5.586047656834125519e-03,7.103727199137210846e-03,9.949476718902587891e-01,1.261287741363048553e-02,9.881272315979003906e-01,1.001765251159667969e+00,-5.673697683960199356e-03,-5.381260067224502563e-03,-9.263671818189322948e-04,-6.673940457403659821e-03,5.010895431041717529e-03,-1.312513486482203007e-03
1.423552632331848145e-03,-1.555876660859212279e-04,1.910741208121180534e-03,3.449313808232545853e-03,-5.732828751206398010e-03,2.438999945297837257e-03,-8.184487232938408852e-04,9.657961316406726837e-03,1.437234925106167793e-03,3.437831474002450705e-04,9.233847856521606445e-01,7.840012311935424805e-01,7.978532910346984863e-01,8.070186376571655273e-01,7.869556546211242676e-01,8.664583787322044373e-03,2.443558070808649063e-03,2.903135726228356361e-03,-1.032770052552223206e-02,5.054850578308105469e-01
2.193665714003145695e-04,9.960191324353218079e-03,-9.567555040121078491e-03,8.427856564521789551e-01,6.716050207614898682e-02,4.269476979970932007e-03,-6.416392279788851738e-04,2.868779003620147705e-01,2.103198170661926270e-01,4.018836319446563721e-01,3.166201338171958923e-02,3.748334571719169617e-02,1.825454086065292358e-02,-1.253315014764666557e-03,1.704022660851478577e-02,2.466788701713085175e-02,2.756259776651859283e-02,9.594202041625976562e-03,8.085441775619983673e-03,-8.121110731735825539e-04
6.003320449963212013e-04,1.000909566879272461e+00,9.929820895195007324e-01,9.948528409004211426e-01,1.002586364746093750e+00,1.004039764404296875e+00,6.479467265307903290e-03,1.004758715629577637e+00,4.589478019624948502e-03,1.635596528649330139e-02,4.145400132983922958e-03,3.720291890203952789e-03,8.025278220884501934e-04,2.612355398014187813e-03,4.330512136220932007e-03,-1.034088083542883396e-03,-2.138258656486868858e-03,-2.231398364529013634e-03,8.342366199940443039e-04,1.797362812794744968e-03
1.354129984974861145e-03,9.094305336475372314e-02,3.087845444679260254e-02,6.694160699844360352e-01,5.718862414360046387e-01,8.204333782196044922e-01,1.613894826732575893e-03,4.533145129680633545e-01,2.210765145719051361e-03,5.262927412986755371e-01,1.704553663730621338e-01,8.731069415807723999e-02,5.932038649916648865e-02,3.084703162312507629e-02,4.145008325576782227e-02,9.436129592359066010e-03,6.656045466661453247e-02,5.128138232976198196e-03,2.964993938803672791e-02,-2.368654357269406319e-03
4.441253840923309326e-03,4.929237533360719681e-03,4.600445274263620377e-03,-2.443505218252539635e-03,6.043083034455776215e-03,-1.197355426847934723e-02,-3.091823775321245193e-03,4.911479055881500244e-01,2.080422360450029373e-03,3.923169672489166260e-01,1.432938128709793091e-01,1.063880026340484619e-01,7.781894505023956299e-02,7.218236476182937622e-02,4.890079051256179810e-02,1.664257608354091644e-02,1.181529276072978973e-02,5.242239218205213547e-03,-8.343706838786602020e-03,-1.387097756378352642e-03
5.531151778995990753e-03,8.878090232610702515e-02,6.789700984954833984e-01,7.980882525444030762e-01,5.879632234573364258e-01,9.964639544486999512e-01,3.309712279587984085e-03,2.961951196193695068e-01,9.909356832504272461e-01,7.886868715286254883e-01,2.124281227588653564e-02,1.950339879840612411e-03,8.701692335307598114e-03,2.277244813740253448e-02,2.281964756548404694e-02,-1.355157420039176941e-02,7.578999735414981842e-03,1.359514705836772919e-02,-3.913594409823417664e-03,-4.379319027066230774e-03
9.520178288221359253e-02,4.156100749969482422e-02,5.855912566184997559e-01,6.823095679283142090e-01,8.779743313789367676e-01,9.814051389694213867e-01,3.846139609813690186e-01,5.668197870254516602e-01,4.847001433372497559e-01,1.676180660724639893e-01,2.569460496306419373e-02,-8.898138068616390228e-03,1.892665028572082520e-02,3.210778906941413879e-02,1.002272032201290131e-02,4.072824958711862564e-05,1.382146496325731277e-02,2.381260506808757782e-03,5.578499753028154373e-03,6.129362620413303375e-03
8.558399230241775513e-02,1.658139079809188843e-01,4.498698115348815918e-01,8.029597997665405273e-01,6.896084640175104141e-03,2.596153644844889641e-03,2.551984740421175957e-03,6.577876210212707520e-01,7.047684397548437119e-03,6.723263859748840332e-01,1.195737160742282867e-02,2.091408334672451019e-02,-7.532028947025537491e-03,1.221881341189146042e-02,-7.835874333977699280e-03,-1.743176393210887909e-02,-8.257123641669750214e-03,-4.167619161307811737e-03,-5.622355267405509949e-03,-8.775494643487036228e-04
4.215270280838012695e-03,2.367047406733036041e-02,6.811655312776565552e-02,8.287917077541351318e-02,5.266510322690010071e-02,4.805668443441390991e-02,2.269945852458477020e-02,8.295693993568420410e-02,3.758018836379051208e-02,6.728680431842803955e-02,8.780683875083923340e-01,4.633908160030841827e-03,1.661645472049713135e-01,2.576859593391418457e-01,1.666300594806671143e-01,-1.748976670205593109e-02,7.210844755172729492e-01,-2.163327066227793694e-03,-1.582290045917034149e-02,-1.813177550502587110e-05
-3.956509288400411606e-03,8.011033535003662109e-01,8.510317802429199219e-01,7.313099503517150879e-01,6.410856842994689941e-01,4.619782865047454834e-01,3.506081998348236084e-01,7.048271894454956055e-01,4.550816416740417480e-01,7.154029011726379395e-01,-3.459743456915020943e-03,1.069183694198727608e-03,3.922125790268182755e-03,1.654903986491262913e-03,9.889014996588230133e-03,2.307495102286338806e-02,2.845168113708496094e-02,5.119637586176395416e-03,1.745771989226341248e-02,1.137765124440193176e-03
-4.870847798883914948e-03,-4.404419101774692535e-03,-2.149177482351660728e-03,-2.159142494201660156e-02,-2.763284137472510338e-03,-2.329653361812233925e-03,-3.689682111144065857e-03,-1.819553412497043610e-02,-1.231641042977571487e-02,-1.180070731788873672e-02,9.919669628143310547e-01,9.739263653755187988e-01,9.905815124511718750e-01,1.656077429652214050e-02,7.787763476371765137e-01,9.939527511596679688e-01,1.012883424758911133e+00,6.349491421133279800e-03,1.017931818962097168e+00,7.940381169319152832e-01
-1.743191387504339218e-04,9.145163930952548981e-03,9.437951957806944847e-04,7.464951369911432266e-03,1.287477643927559257e-04,-1.017336361110210419e-02,-6.421008147299289703e-04,3.364211646839976311e-03,-1.006880309432744980e-02,-1.131985243409872055e-02,8.941088318824768066e-01,7.328398227691650391e-01,8.310285210609436035e-01,9.597221016883850098e-01,4.416535794734954834e-01,2.025057934224605560e-02,3.400808945298194885e-02,4.125563800334930420e-01,1.405315473675727844e-02,5.324144847691059113e-03
3.055097477044910192e-04,7.727578282356262207e-01,8.714595437049865723e-01,7.731244564056396484e-01,6.787319779396057129e-01,4.976551830768585205e-01,3.975709676742553711e-01,8.760355114936828613e-01,6.974204778671264648e-01,8.520953059196472168e-01,3.791484981775283813e-02,5.773075972683727741e-04,1.959574874490499496e-03,-4.101502127014100552e-04,1.863224804401397705e-02,1.706269918940961361e-03,2.707992494106292725e-02,1.850333646871149540e-03,1.465741638094186783e-02,-2.420868258923292160e-03
9.043888747692108154e-02,2.289468795061111450e-01,4.917891919612884521e-01,7.332693338394165039e-01,1.062706112861633301e-01,4.433615133166313171e-03,-1.097160624340176582e-03,5.434103012084960938e-01,-8.369287475943565369e-03,6.552571058273315430e-01,6.779383867979049683e-02,3.356697410345077515e-02,3.025298379361629486e-02,9.622722864151000977e-03,-6.987291853874921799e-03,-6.493488326668739319e-03,1.650992315262556076e-03,-3.076851367950439453e-03,-1.081080408766865730e-03,-1.668785116635262966e-03
1.350103318691253662e-02,7.764875423163175583e-03,-1.389612443745136261e-02,3.593788668513298035e-02,-4.892639815807342529e-03,-1.016016397625207901e-02,-2.232324099168181419e-03,2.558992058038711548e-02,1.184907625429332256e-03,4.057803377509117126e-02,9.513169527053833008e-01,9.797822237014770508e-01,9.729183316230773926e-01,2.233882248401641846e-02,-5.481894593685865402e-03,-2.011606004089117050e-03,-4.009320866316556931e-03,-1.236078888177871704e-02,1.100162602961063385e-02,-6.712653208523988724e-03
1.555363298393785954e-03,8.157714009284973145e-01,7.402988076210021973e-01,7.259111404418945312e-01,8.044263124465942383e-01,4.923921525478363037e-01,4.055882990360260010e-01,9.021278023719787598e-01,6.098350882530212402e-01,7.167022824287414551e-01,-1.407768391072750092e-02,-1.798845129087567329e-03,4.337143152952194214e-03,4.212637431919574738e-03,5.054421722888946533e-03,-1.060710009187459946e-02,-9.298191405832767487e-03,4.235047381371259689e-03,1.804831787012517452e-03,1.891841529868543148e-03
-2.433162182569503784e-03,6.390748023986816406e-01,1.522315200418233871e-03,5.161411128938198090e-03,9.046660661697387695e-01,1.764409244060516357e-02,1.347971800714731216e-02,5.361196994781494141e-01,-1.077535375952720642e-02,6.887522339820861816e-01,1.481703072786331177e-01,5.645784735679626465e-02,1.047317907214164734e-01,8.721119165420532227e-02,1.922159828245639801e-02,9.736226871609687805e-03,9.265009313821792603e-03,-1.603552140295505524e-02,-1.193172996863722801e-03,-1.189329777844250202e-03
-8.261720067821443081e-04,8.780974149703979492e-01,1.006563186645507812e+00,8.085356950759887695e-01,8.863648176193237305e-01,5.089479088783264160e-01,4.887129962444305420e-01,6.849781870841979980e-01,4.920797049999237061e-01,7.086021304130554199e-01,1.455097552388906479e-02,-3.149354364722967148e-03,-4.256171640008687973e-03,9.990130551159381866e-03,1.277089118957519531e-03,-4.994722548872232437e-03,-6.594965234398841858e-03,-1.936316548381000757e-04,3.867628984153270721e-03,-1.364002702757716179e-03
-2.535506151616573334e-03,-9.510857984423637390e-03,-7.862536236643791199e-03,-1.578208990395069122e-03,-2.148859901353716850e-03,-8.755453745834529400e-04,8.606626070104539394e-04,1.797816250473260880e-03,-4.003341382485814393e-05,-8.980119600892066956e-03,9.138888716697692871e-01,8.276736736297607422e-01,9.167131781578063965e-01,9.672202914953231812e-02,8.148941397666931152e-01,9.016697406768798828e-01,8.960125446319580078e-01,9.119237959384918213e-02,9.093137383460998535e-01,7.001440525054931641e-01
8.185939863324165344e-03,3.524948377162218094e-03,1.767490245401859283e-02,1.124218385666608810e-02,1.815870963037014008e-02,-7.212133612483739853e-03,5.251062568277120590e-03,9.502150118350982666e-03,1.103482302278280258e-02,5.931063555181026459e-03,9.400911331176757812e-01,1.461885124444961548e-02,2.082457393407821655e-02,-7.125362288206815720e-03,1.885173022747039795e-01,9.871696233749389648e-01,9.908268451690673828e-01,9.700299240648746490e-03,9.966146349906921387e-01,6.906626820564270020e-01
2.602073829621076584e-03,4.276850726455450058e-03,6.166951265186071396e-03,5.171175114810466766e-03,-2.488608704879879951e-03,7.535447832196950912e-03,-9.766604052856564522e-04,-1.350438222289085388e-02,-5.729201715439558029e-03,1.961991656571626663e-03,9.601876735687255859e-01,1.004236340522766113e+00,9.780163764953613281e-01,9.825744032859802246e-01,6.597055494785308838e-02,-1.406028284691274166e-03,-6.900744978338479996e-03,7.821710109710693359e-01,-3.808658570051193237e-03,9.818003773689270020e-01
3.301392716821283102e-04,5.724927876144647598e-03,2.033858560025691986e-02,5.027385950088500977e-01,3.394336998462677002e-01,9.963960051536560059e-01,1.399370003491640091e-02,3.948793113231658936e-01,9.829334914684295654e-03,8.118782639503479004e-01,1.865109615027904510e-02,1.610621809959411621e-02,9.879544377326965332e-04,-1.110624894499778748e-02,1.171383773908019066e-03,-5.114271771162748337e-03,-2.673186827450990677e-03,-9.074498899281024933e-03,-4.622728156391531229e-04,-4.810848273336887360e-03
-2.377827186137437820e-03,2.449019812047481537e-03,1.713945763185620308e-03,-6.160870194435119629e-03,2.571835182607173920e-03,8.427985012531280518e-03,8.156877011060714722e-03,1.511384453624486923e-02,-7.842771708965301514e-03,2.109387144446372986e-02,9.806378483772277832e-01,9.704636335372924805e-01,9.881809949874877930e-01,9.645806550979614258e-01,7.874875664710998535e-01,9.869333505630493164e-01,9.875926971435546875e-01,-4.266004543751478195e-03,9.830583333969116211e-01,6.236588233150541782e-04
2.442621393129229546e-03,-3.576454473659396172e-03,5.096237640827894211e-03,5.857756827026605606e-03,1.082525029778480530e-02,2.206424018368124962e-03,5.996769759804010391e-03,1.266486756503582001e-02,6.558245979249477386e-03,-6.884143222123384476e-03,7.937310338020324707e-01,6.859509348869323730e-01,8.010839223861694336e-01,9.827480316162109375e-01,6.935375928878784180e-01,9.986005425453186035e-01,9.929134845733642578e-01,4.505869932472705841e-03,1.843598438426852226e-03,4.034731388092041016e-01
-8.761050412431359291e-04,3.077456261962652206e-03,3.374857595190405846e-03,6.148824933916330338e-03,-2.775755943730473518e-03,1.889014150947332382e-03,2.098895609378814697e-03,2.041560597717761993e-02,6.088180001825094223e-03,4.191103577613830566e-02,9.577227234840393066e-01,9.722345471382141113e-01,9.788131713867187500e-01,9.698441624641418457e-01,6.966757774353027344e-01,6.757035851478576660e-01,6.692685484886169434e-01,3.822004189714789391e-03,1.037960057146847248e-03,4.778936970978975296e-03
2.098967088386416435e-03,-4.672511946409940720e-03,5.737284664064645767e-03,2.287629619240760803e-02,6.220973562449216843e-03,-1.428167801350355148e-03,4.734505899250507355e-03,1.965853571891784668e-02,2.838359773159027100e-02,1.190911279991269112e-03,7.867329120635986328e-01,8.974350988864898682e-03,9.832350015640258789e-01,9.825080633163452148e-03,5.996145606040954590e-01,9.005961418151855469e-01,9.037793278694152832e-01,-3.765473084058612585e-04,-9.530566632747650146e-03,3.088312745094299316e-01
5.770744173787534237e-04,7.006797194480895996e-01,7.863634228706359863e-01,7.233964800834655762e-01,4.756380915641784668e-01,5.257899314165115356e-02,2.758536115288734436e-02,8.666940331459045410e-01,6.029846668243408203e-01,8.092120885848999023e-01,4.421789199113845825e-02,2.018965035676956177e-02,4.732119850814342499e-03,1.549139805138111115e-02,1.041427347809076309e-02,2.925569191575050354e-02,7.775506470352411270e-03,6.087447050958871841e-03,9.479985572397708893e-03,2.648377325385808945e-03
1.393198734149336815e-03,9.756425023078918457e-01,9.833774566650390625e-01,9.740931391716003418e-01,9.824085235595703125e-01,4.911688566207885742e-01,4.877901077270507812e-01,9.774005413055419922e-01,6.720870137214660645e-01,8.039858937263488770e-01,-8.299810811877250671e-03,-7.519884966313838959e-04,-2.459142589941620827e-03,-5.067492369562387466e-03,3.068253863602876663e-04,2.579858992248773575e-03,2.699087373912334442e-03,1.250780187547206879e-03,-4.317041952162981033e-03,-2.262726658955216408e-03
8.532718056812882423e-04,7.116757035255432129e-01,3.223781287670135498e-02,5.362215638160705566e-01,1.013519048690795898e+00,-1.277861837297677994e-02,-1.456949673593044281e-02,1.265489030629396439e-02,1.659259013831615448e-02,7.482063770294189453e-01,-2.580730058252811432e-02,-6.780904252082109451e-03,4.324825480580329895e-03,-2.901437459513545036e-03,3.023681463673710823e-03,5.865977611392736435e-03,-7.235948578454554081e-04,-1.869324914878234267e-04,-5.121968686580657959e-03,-6.605122471228241920e-04
-2.679750788956880569e-03,-8.919645100831985474e-03,-1.736606284976005554e-02,9.653884917497634888e-03,7.139774505048990250e-03,1.630674465559422970e-03,-3.284842241555452347e-03,2.429050207138061523e-02,-1.305557694286108017e-02,1.893495023250579834e-02,9.699211716651916504e-01,9.649091362953186035e-01,9.943530559539794922e-01,-7.777063176035881042e-03,9.928241372108459473e-01,9.964270591735839844e-01,9.987633228302001953e-01,-2.778192982077598572e-03,1.011289954185485840e+00,-2.306837355718016624e-03
4.226433113217353821e-03,1.243622321635484695e-02,-7.304297178052365780e-04,5.566616076976060867e-03,1.560842618346214294e-02,1.242312788963317871e-02,5.974009167402982712e-03,1.619849726557731628e-02,7.222317624837160110e-03,1.889267750084400177e-02,1.012576222419738770e+00,9.821386933326721191e-01,9.711390733718872070e-01,9.876949191093444824e-01,6.935037374496459961e-01,9.928782582283020020e-01,9.947161674499511719e-01,1.433437690138816833e-03,4.027362465858459473e-01,1.127969007939100266e-03
8.938055634498596191e-01,3.813344836235046387e-01,2.835902273654937744e-01,2.511191740632057190e-02,8.704307079315185547e-01,4.721587896347045898e-01,4.318514838814735413e-03,7.013254798948764801e-03,6.469371262937784195e-03,2.803778648376464844e-01,-2.148178219795227051e-02,7.462559733539819717e-04,4.720071796327829361e-03,1.266413275152444839e-02,1.636165566742420197e-02,7.692030165344476700e-03,-9.735457133501768112e-04,1.237276103347539902e-02,7.396927103400230408e-03,1.790435519069433212e-03
-4.207196179777383804e-04,8.140407204627990723e-01,9.188779592514038086e-01,9.079393744468688965e-01,8.071179389953613281e-01,7.059946060180664062e-01,6.065644621849060059e-01,9.007431268692016602e-01,7.090998291969299316e-01,8.949882984161376953e-01,-1.607174240052700043e-02,-4.524801857769489288e-03,-3.983798436820507050e-03,-4.945858847349882126e-03,-4.416192881762981415e-03,2.368072280660271645e-03,1.406080904416739941e-03,-3.470308729447424412e-04,-1.369813224300742149e-03,-1.526022970210760832e-04
-2.899411367252469063e-03,-5.993155762553215027e-03,-1.856414414942264557e-02,-1.415071170777082443e-02,1.261748932301998138e-02,1.324740005657076836e-03,4.208541940897703171e-03,2.564331889152526855e-01,2.455204259604215622e-03,5.423433184623718262e-01,9.053275734186172485e-02,4.688905924558639526e-02,8.042445033788681030e-02,9.342415630817413330e-02,-7.985007017850875854e-03,-6.742245517671108246e-03,3.878626273944973946e-03,1.441233977675437927e-02,-2.261413901578634977e-04,4.144157283008098602e-03
-1.442381646484136581e-03,9.011676907539367676e-01,8.100772500038146973e-01,8.991697430610656738e-01,7.208423018455505371e-01,9.932745695114135742e-01,6.972152590751647949e-01,5.932455658912658691e-01,7.978749871253967285e-01,8.040018677711486816e-01,8.321359753608703613e-03,1.224852632731199265e-02,-1.091142417863011360e-03,3.987967502325773239e-03,-9.031479246914386749e-03,-3.259716089814901352e-03,-3.728944808244705200e-03,2.271413803100585938e-03,8.382821455597877502e-03,2.203231677412986755e-03
1.396556384861469269e-03,1.239202637225389481e-02,-5.515439435839653015e-03,1.140376459807157516e-02,2.966398373246192932e-02,-9.562478400766849518e-03,-4.495694884099066257e-05,6.544282287359237671e-02,3.442497923970222473e-03,1.402943134307861328e-01,8.576617836952209473e-01,8.813346028327941895e-01,8.658667802810668945e-01,9.187611341476440430e-01,8.617689013481140137e-01,-4.909070208668708801e-03,1.620315574109554291e-02,1.467048656195402145e-02,-1.175569021143019199e-03,8.656853809952735901e-03
1.185728935524821281e-03,4.631689283996820450e-03,1.292720716446638107e-02,-6.991389091126620770e-04,2.263290882110595703e-01,5.294975824654102325e-03,2.283956389874219894e-03,6.828457713127136230e-01,-4.281322937458753586e-03,9.978624433279037476e-02,1.769396103918552399e-02,3.492264449596405029e-02,2.232930250465869904e-02,3.327032923698425293e-02,-7.202025037258863449e-03,1.700399070978164673e-02,1.357663143426179886e-02,2.776374854147434235e-02,1.432057004421949387e-02,1.247807638719677925e-03
-4.875348531641066074e-04,2.320318110287189484e-02,2.207993716001510620e-02,4.072741791605949402e-02,3.320007771253585815e-02,6.303295493125915527e-03,4.090619739145040512e-03,1.909249834716320038e-02,2.111984789371490479e-02,3.469379618763923645e-02,9.610478281974792480e-01,1.029445677995681763e-01,1.900704950094223022e-01,1.690733581781387329e-01,3.756669759750366211e-01,1.747358590364456177e-02,-6.566093303263187408e-03,5.931390523910522461e-01,1.292920112609863281e-02,-6.906439550220966339e-03
1.661599148064851761e-03,2.300290949642658234e-02,2.748753177002072334e-03,-6.372329778969287872e-03,1.404607947915792465e-02,8.811379782855510712e-03,1.088445913046598434e-02,1.436744481325149536e-01,6.881883833557367325e-03,5.939993858337402344e-01,3.693597763776779175e-02,3.130798041820526123e-02,2.265850640833377838e-02,2.795021235942840576e-02,3.463385254144668579e-02,5.271898116916418076e-03,6.739228032529354095e-03,-1.319970819167792797e-03,8.499034447595477104e-04,-1.766136498190462589e-03
2.933034440502524376e-03,1.050620619207620621e-02,1.814181171357631683e-02,1.996139436960220337e-02,1.353632286190986633e-02,5.686745047569274902e-03,-1.776484656147658825e-03,7.708376646041870117e-02,-3.392990038264542818e-04,1.016103178262710571e-01,8.685830831527709961e-01,9.194979071617126465e-01,8.936392068862915039e-01,8.609527945518493652e-01,8.824661374092102051e-01,3.856661205645650625e-04,-5.634813569486141205e-03,1.458132360130548477e-02,8.251484483480453491e-03,-1.236541103571653366e-02
3.526658285409212112e-03,1.475035492330789566e-02,1.738961599767208099e-02,1.875316537916660309e-02,7.846772670745849609e-03,-4.016510676592588425e-03,5.350651219487190247e-03,1.331505738198757172e-02,3.901248797774314880e-03,1.201078016310930252e-02,8.951183557510375977e-01,1.900423169136047363e-01,1.908705085515975952e-01,1.947704553604125977e-01,8.789866417646408081e-02,8.222538232803344727e-01,8.197540640830993652e-01,3.009380996227264404e-01,8.164921998977661133e-01,7.033137679100036621e-01
2.343386877328157425e-04,9.913575053215026855e-01,9.956413507461547852e-01,1.003061413764953613e+00,9.802702069282531738e-01,1.009032845497131348e+00,1.547619327902793884e-02,4.570441320538520813e-02,4.324993491172790527e-02,9.597123861312866211e-01,-4.330981988459825516e-03,-1.045351196080446243e-02,-4.897882230579853058e-03,1.498383644502609968e-04,7.260068668983876705e-04,-8.601733716204762459e-04,-3.350491169840097427e-03,3.812089271377772093e-04,-6.073395721614360809e-03,7.069276180118322372e-04
1.535433530807495117e-02,3.038795664906501770e-02,4.815986752510070801e-02,7.174036651849746704e-02,4.684711620211601257e-02,1.633252575993537903e-02,1.695299148559570312e-02,5.984406173229217529e-02,2.302449196577072144e-02,4.400736466050148010e-02,8.492339849472045898e-01,1.680150441825389862e-02,1.467394828796386719e-02,1.104991957545280457e-01,5.894393324851989746e-01,4.269638359546661377e-01,5.105703473091125488e-01,4.958555996417999268e-01,3.800593912601470947e-01,8.703497797250747681e-02
2.103544684359803796e-04,1.111469976603984833e-02,5.975686907768249512e-01,6.618102788925170898e-01,8.932499289512634277e-01,1.624458730220794678e-01,-2.391092712059617043e-03,1.369177550077438354e-01,-5.995787680149078369e-03,7.432134151458740234e-01,2.560804411768913269e-02,-1.038115099072456360e-02,-1.468058326281607151e-03,6.056664045900106430e-03,-5.754579324275255203e-03,-7.925224490463733673e-03,-1.962297828868031502e-03,-3.201140090823173523e-03,-3.421381814405322075e-03,-8.951741037890315056e-04
2.542244037613272667e-04,1.605963683687150478e-03,7.017349824309349060e-03,-4.918393678963184357e-04,1.123286550864577293e-03,-1.983348629437386990e-04,-5.170897115021944046e-03,8.677610196173191071e-03,2.523266710340976715e-03,1.391827035695314407e-02,8.912935256958007812e-01,8.261076807975769043e-01,9.946961402893066406e-01,1.001285314559936523e+00,7.068517804145812988e-01,9.898360371589660645e-01,9.876236915588378906e-01,1.075237765908241272e-01,9.243561625480651855e-01,4.525740165263414383e-03
1.487978966906666756e-03,4.679450765252113342e-03,1.993651688098907471e-02,1.804585754871368408e-02,1.573713868856430054e-02,2.167739672586321831e-03,-3.596992464736104012e-03,1.718872040510177612e-02,5.134969949722290039e-03,9.638070128858089447e-03,1.000891566276550293e+00,2.467476530000567436e-03,5.879868287593126297e-03,1.257700752466917038e-02,8.293113671243190765e-03,9.946132898330688477e-01,9.955700635910034180e-01,2.003425615839660168e-04,9.935027360916137695e-01,-7.339904550462961197e-04
1.185726723633706570e-03,1.400791388005018234e-02,2.453943341970443726e-02,4.621209204196929932e-02,2.498170826584100723e-03,3.562014782801270485e-03,2.601585583761334419e-03,2.794093452394008636e-02,1.588199101388454437e-02,2.869714982807636261e-02,8.818187713623046875e-01,2.901265621185302734e-01,1.019809618592262268e-01,9.483107924461364746e-02,6.023259758949279785e-01,1.514308620244264603e-02,1.211596280336380005e-02,7.762984931468963623e-02,7.255979627370834351e-02,-4.139550030231475830e-03
8.838847279548645020e-04,7.064269389957189560e-03,-6.485476158559322357e-03,-1.282291836105287075e-03,1.012388430535793304e-02,3.392864484339952469e-03,1.273632515221834183e-02,8.218705654144287109e-03,5.450917873531579971e-03,-5.302684381604194641e-03,1.002912759780883789e+00,7.954405546188354492e-01,9.014333486557006836e-01,9.966145753860473633e-01,6.938024759292602539e-01,9.730609059333801270e-01,9.618185758590698242e-01,1.028164327144622803e-01,2.970522344112396240e-01,8.937960863113403320e-01
2.850281773135066032e-03,2.892867662012577057e-03,-8.356586913578212261e-04,2.522275410592556000e-02,2.745623141527175903e-02,5.616791546344757080e-03,5.351317115128040314e-03,1.645123586058616638e-02,4.067735746502876282e-03,3.088341653347015381e-02,9.106836318969726562e-01,7.727651596069335938e-01,8.833345770835876465e-01,9.894930124282836914e-01,1.755439490079879761e-01,2.290116157382726669e-03,1.144594419747591019e-02,-2.588281175121665001e-03,1.773140975274145603e-03,4.445893224328756332e-03
-2.519160276278853416e-03,-8.555972017347812653e-04,8.677983656525611877e-03,1.376042515039443970e-02,5.717209540307521820e-03,9.911797642707824707e-01,3.654505359008908272e-03,6.925314068794250488e-01,1.079018134623765945e-02,5.639207363128662109e-01,1.559875160455703735e-02,6.756523624062538147e-03,1.230895332992076874e-02,1.433596201241016388e-02,9.536635130643844604e-03,-1.254686969332396984e-03,1.451683323830366135e-02,1.871487242169678211e-03,-1.073456369340419769e-03,-1.058902242220938206e-03
-8.243023185059428215e-04,-4.562728572636842728e-04,-5.066103301942348480e-03,-1.452796813100576401e-02,-2.295359037816524506e-02,-7.254246622323989868e-03,-5.564706400036811829e-03,-1.997627690434455872e-02,-2.969567431136965752e-03,-9.895275346934795380e-03,1.007142901420593262e+00,9.799425005912780762e-01,8.148581385612487793e-01,9.903776645660400391e-01,9.550448060035705566e-01,1.934982277452945709e-02,6.916779093444347382e-03,1.667639985680580139e-02,1.347095612436532974e-02,6.142569184303283691e-01
-6.676753982901573181e-04,1.134617137722671032e-03,7.742529851384460926e-04,7.520856335759162903e-03,-4.577272105962038040e-03,8.286958560347557068e-03,4.434392787516117096e-03,8.109224960207939148e-03,1.883980236016213894e-03,6.926324218511581421e-03,8.790774941444396973e-01,3.873168257996439934e-03,4.342704545706510544e-03,3.836628515273332596e-03,1.812900602817535400e-02,3.421277739107608795e-03,2.921591401100158691e-01,1.423981972038745880e-02,1.129322499036788940e-02,7.001534104347229004e-01
-4.102213773876428604e-03,-6.839082576334476471e-03,-1.713052857667207718e-03,5.207012873142957687e-03,1.310474472120404243e-03,3.817177144810557365e-03,-1.478238729760050774e-03,-1.035477779805660248e-02,-5.217819940298795700e-03,-1.572198420763015747e-02,1.011325120925903320e+00,1.009906768798828125e+00,1.000512719154357910e+00,1.022966980934143066e+00,1.011971950531005859e+00,1.011193394660949707e+00,1.010273694992065430e+00,8.026440143585205078e-01,1.009794831275939941e+00,1.002503752708435059e+00
2.131985238520428538e-04,1.894601061940193176e-02,8.731362409889698029e-03,1.289530750364065170e-02,1.400583051145076752e-02,-5.635493434965610504e-03,1.801311154849827290e-03,6.119899451732635498e-03,9.813535958528518677e-03,-2.129520056769251823e-03,1.002933621406555176e+00,7.884615063667297363e-01,8.922712802886962891e-01,2.122185938060283661e-02,9.890103340148925781e-01,9.961807727813720703e-01,9.756621122360229492e-01,2.789919497445225716e-03,1.634887536056339741e-03,-3.047085599973797798e-03
5.587509367614984512e-03,-8.319628541357815266e-04,-1.190045368275605142e-04,-1.286187209188938141e-03,-1.992447534576058388e-03,-1.185708772391080856e-02,-1.424204558134078979e-03,-1.108633878175169230e-04,4.831186495721340179e-03,2.947774156928062439e-02,8.999580144882202148e-01,8.343713283538818359e-01,8.318426012992858887e-01,8.439728617668151855e-01,7.285878658294677734e-01,6.688566803932189941e-01,6.488776803016662598e-01,2.776303887367248535e-01,6.668366789817810059e-01,-2.200465183705091476e-03
8.046298171393573284e-04,-8.980634622275829315e-03,-8.389302529394626617e-03,-8.249804377555847168e-03,-2.406642306596040726e-03,-3.515902906656265259e-03,1.369350589811801910e-03,2.959481440484523773e-02,-3.365819793543778360e-05,4.817238822579383850e-02,8.938983678817749023e-01,8.966571688652038574e-01,8.942808508872985840e-01,8.714164495468139648e-01,8.803962469100952148e-01,4.604512155055999756e-01,4.484854936599731445e-01,3.268258180469274521e-03,1.724734343588352203e-02,3.233033232390880585e-03
-1.242668717168271542e-03,-5.869437940418720245e-03,-2.779114991426467896e-03,-2.080589300021529198e-03,3.886604681611061096e-03,-7.610968314111232758e-04,-1.441606669686734676e-03,-6.279570516198873520e-03,-4.523970710579305887e-04,-8.516280911862850189e-03,9.976177811622619629e-01,1.012891530990600586e+00,1.010664701461791992e+00,1.004623055458068848e+00,9.001793861389160156e-01,-1.795962266623973846e-02,-8.253046311438083649e-03,1.245506573468446732e-02,-7.113134954124689102e-03,8.051767349243164062e-01
8.351522684097290039e-02,7.990512847900390625e-01,6.583565473556518555e-01,5.531281232833862305e-01,3.643416166305541992e-01,8.827797174453735352e-01,2.728492915630340576e-01,5.631358623504638672e-01,4.579733908176422119e-01,6.217114329338073730e-01,7.010807096958160400e-02,1.668195985257625580e-02,4.401785880327224731e-02,6.388972699642181396e-02,5.536052212119102478e-02,4.834895953536033630e-03,5.644633248448371887e-02,1.281713787466287613e-02,9.175357408821582794e-03,8.285075309686362743e-04
-3.694921615533530712e-04,9.952450990676879883e-01,9.938369393348693848e-01,9.962548017501831055e-01,7.922713160514831543e-01,9.929987192153930664e-01,-1.146026654168963432e-03,6.923276185989379883e-01,-1.667616190388798714e-03,7.009156346321105957e-01,1.567934453487396240e-02,2.037082985043525696e-02,3.079788386821746826e-02,3.133857855573296547e-03,1.755900308489799500e-02,1.847112365067005157e-02,1.804711110889911652e-02,5.901261698454618454e-03,3.923979587852954865e-03,4.283861257135868073e-03
8.392923511564731598e-03,-7.869779074098914862e-05,-6.680150981992483139e-03,3.831239417195320129e-02,1.722582615911960602e-02,3.018272342160344124e-03,-3.268055617809295654e-03,3.321062773466110229e-02,2.020615711808204651e-02,1.632183045148849487e-02,8.456705212593078613e-01,9.814757704734802246e-01,1.005866289138793945e+00,9.731138125061988831e-03,2.310019284486770630e-01,9.372461438179016113e-01,9.614675641059875488e-01,9.936625137925148010e-03,1.006347656250000000e+00,9.632526896893978119e-03
3.897424936294555664e-01,1.728497892618179321e-01,6.429944038391113281e-01,8.339304327964782715e-01,2.816285789012908936e-01,-2.234950894489884377e-03,2.364563442824874073e-05,5.636898279190063477e-01,-1.514433324337005615e-02,6.815519928932189941e-01,5.468721687793731689e-02,2.281164377927780151e-02,1.716474536806344986e-03,-6.458259653300046921e-03,3.236303478479385376e-02,6.727971881628036499e-02,7.279662042856216431e-02,4.273597616702318192e-03,6.161904707551002502e-02,4.710465203970670700e-03
-6.215739063918590546e-03,7.278826553374528885e-03,2.702249446883797646e-03,5.119813606142997742e-03,-7.226248737424612045e-03,-5.435942672193050385e-03,-2.153582405298948288e-03,-2.330519491806626320e-03,-6.411222275346517563e-03,6.041486747562885284e-03,8.134531378746032715e-01,7.220748662948608398e-01,7.239829301834106445e-01,8.371044397354125977e-01,7.044887542724609375e-01,3.423976153135299683e-02,1.901475712656974792e-02,5.927617549896240234e-01,1.433048117905855179e-02,1.425411086529493332e-02
-3.801199141889810562e-03,-5.891947541385889053e-03,-3.248478751629590988e-03,-1.805750280618667603e-02,5.012684967368841171e-03,1.085365656763315201e-03,4.696305550169199705e-04,-5.283683072775602341e-03,-3.891469677910208702e-03,3.656044369563460350e-03,9.118847250938415527e-01,8.150641322135925293e-01,1.012047171592712402e+00,5.188205977901816368e-04,8.215848207473754883e-01,9.993126392364501953e-01,9.983692765235900879e-01,-3.826002124696969986e-03,1.001189351081848145e+00,7.079376578330993652e-01
-2.984769875183701515e-03,1.843717396259307861e-01,3.749018311500549316e-01,6.867338418960571289e-01,6.010227799415588379e-01,-5.260576494038105011e-03,8.928030147217214108e-04,-6.490208208560943604e-03,4.475059453397989273e-03,4.893620610237121582e-01,4.600806161761283875e-02,1.530827675014734268e-02,-9.020778234116733074e-04,3.445568261668086052e-03,1.031105034053325653e-02,1.806182414293289185e-02,1.563555188477039337e-02,3.205678425729274750e-03,2.475062198936939240e-02,-9.093782282434403896e-04
-3.114807186648249626e-04,1.083713024854660034e-02,2.632285095751285553e-02,1.666039228439331055e-02,-3.544546198099851608e-03,1.012690737843513489e-02,8.629630319774150848e-03,3.479972109198570251e-02,1.553187239915132523e-02,2.144229039549827576e-02,7.696298956871032715e-01,-3.010428277775645256e-03,-1.446644309908151627e-03,-1.115994341671466827e-02,1.028694957494735718e-02,1.672481559216976166e-02,2.141208574175834656e-02,-2.607672940939664841e-03,3.133723977953195572e-03,-3.470293944701552391e-03
-9.978456655517220497e-04,-5.937800742685794830e-04,4.845986366271972656e-01,6.856613755226135254e-01,3.012634217739105225e-01,8.963563442230224609e-01,1.317944284528493881e-02,7.983425259590148926e-01,4.487917758524417877e-03,7.012196779251098633e-01,2.627934515476226807e-02,-1.229418907314538956e-03,9.365388192236423492e-03,-2.862106775864958763e-03,7.376766297966241837e-03,-2.196244662627577782e-03,-4.844436421990394592e-03,-6.236131594050675631e-05,3.155052196234464645e-03,-2.616987563669681549e-03
-2.648740541189908981e-03,7.068663835525512695e-01,7.434473037719726562e-01,7.061509490013122559e-01,7.946531772613525391e-01,4.644460678100585938e-01,4.644542038440704346e-01,7.811822891235351562e-01,5.382481813430786133e-01,7.650197744369506836e-01,-1.573360711336135864e-02,9.508535265922546387e-03,8.269986137747764587e-03,-7.774473633617162704e-03,3.117539687082171440e-03,-1.151307020336389542e-02,-2.770821005105972290e-02,-5.863108206540346146e-03,-5.014882772229611874e-04,-3.895971749443560839e-04
-1.524073421023786068e-03,-4.144542850553989410e-03,5.338497459888458252e-03,1.493833493441343307e-02,1.874573528766632080e-03,1.593467406928539276e-02,2.614448079839348793e-03,8.730594068765640259e-03,8.915444836020469666e-03,-1.616967655718326569e-02,9.947728514671325684e-01,9.893069863319396973e-01,9.959871172904968262e-01,9.825572967529296875e-01,9.815537929534912109e-01,5.142946261912584305e-03,1.369477342814207077e-02,6.270595826208591461e-03,2.492474019527435303e-02,-3.909154795110225677e-03
1.159349642693996429e-02,6.278795003890991211e-02,4.523695912212133408e-03,-6.778788752853870392e-03,1.760988496243953705e-02,1.897393912076950073e-02,2.158260904252529144e-03,7.223176956176757812e-02,-4.407066386193037033e-03,3.716048598289489746e-02,8.020296096801757812e-01,4.935696721076965332e-02,9.059255123138427734e-01,9.694113135337829590e-01,7.400639057159423828e-01,-3.143595822621136904e-04,1.461496762931346893e-02,1.052403450012207031e-02,-2.927864203229546547e-03,1.935599930584430695e-02
1.696842955425381660e-03,9.682210087776184082e-01,-1.422312576323747635e-03,6.607168354094028473e-03,9.700947999954223633e-01,9.893016219139099121e-01,-2.553269034251570702e-03,4.932528138160705566e-01,1.338342018425464630e-02,9.772372245788574219e-01,8.968656882643699646e-03,5.224019289016723633e-03,3.948331286665052176e-04,1.066655572503805161e-02,1.043822150677442551e-03,4.264795687049627304e-03,1.426621060818433762e-02,-6.356318481266498566e-04,1.555187627673149109e-03,1.674718223512172699e-03
8.793148398399353027e-01,6.259810328483581543e-01,7.032133340835571289e-01,6.908436417579650879e-01,2.505773007869720459e-01,2.321674022823572159e-03,1.593261375091969967e-03,6.481593847274780273e-01,4.448853731155395508e-01,5.184928178787231445e-01,3.195630759000778198e-02,2.213970571756362915e-02,3.092917986214160919e-02,-1.142425462603569031e-02,2.662338875234127045e-02,8.220246061682701111e-03,1.576182083226740360e-03,2.312421798706054688e-03,2.735661342740058899e-03,3.594614972826093435e-04
-7.920088683022186160e-05,2.832007827237248421e-03,-1.832986832596361637e-03,-5.433158949017524719e-03,1.210945751518011093e-02,6.596406456083059311e-03,-2.936787204816937447e-04,1.240291539579629898e-02,3.295540343970060349e-03,5.583001766353845596e-03,8.762032985687255859e-01,6.870200037956237793e-01,7.754994034767150879e-01,8.711653947830200195e-01,6.827177405357360840e-01,1.047472804784774780e-01,7.009081244468688965e-01,8.517511934041976929e-02,7.036638259887695312e-01,6.015157699584960938e-01
2.921299263834953308e-02,2.556920982897281647e-02,5.895209684967994690e-02,9.906662255525588989e-02,9.249442070722579956e-02,1.872896915301680565e-03,1.668579317629337311e-02,9.072642028331756592e-02,-2.929336857050657272e-03,1.538536790758371353e-02,6.974886655807495117e-01,2.662918567657470703e-01,3.238655626773834229e-01,3.310297429561614990e-01,4.399698972702026367e-01,-4.498398397117853165e-03,-1.024519838392734528e-02,5.396866425871849060e-02,1.440603169612586498e-03,6.602893471717834473e-01
-3.439672756940126419e-03,1.352802757173776627e-02,3.057238273322582245e-02,7.552627921104431152e-01,2.502222657203674316e-01,8.771700263023376465e-01,1.420544926077127457e-03,5.149341821670532227e-01,-4.365174972917884588e-04,6.094070076942443848e-01,1.268823891878128052e-01,6.679279357194900513e-02,9.521681815385818481e-02,1.734266430139541626e-02,3.693319112062454224e-02,1.849609985947608948e-02,1.244009844958782196e-02,-9.277960285544395447e-03,2.301002852618694305e-02,7.652082713320851326e-04
-1.183004118502140045e-03,-5.296664778143167496e-03,1.442934852093458176e-02,6.677404046058654785e-03,4.443268757313489914e-03,1.601554569788277149e-03,8.374177559744566679e-05,9.280657395720481873e-03,-3.752382472157478333e-03,2.166419103741645813e-02,9.790334701538085938e-01,9.755580425262451172e-01,7.983254790306091309e-01,5.021519064903259277e-01,9.881866574287414551e-01,9.902560114860534668e-01,9.814776182174682617e-01,8.961033821105957031e-01,9.777322411537170410e-01,1.005636811256408691e+00
1.811889931559562683e-03,-1.428542745998129249e-04,2.825989723205566406e-01,4.736368656158447266e-01,2.707031667232513428e-01,-1.130523160099983215e-02,-7.969004102051258087e-03,6.291296482086181641e-01,-1.255066948942840099e-03,1.777444034814834595e-01,6.286744773387908936e-02,4.633688181638717651e-02,2.804477140307426453e-02,2.756993286311626434e-02,3.070484474301338196e-02,1.496711280196905136e-02,1.821631565690040588e-02,9.065582416951656342e-03,2.198165655136108398e-02,1.816354505717754364e-02
1.195964141516014934e-04,1.511652395129203796e-02,1.946163363754749298e-03,8.273817598819732666e-03,3.883238416165113449e-03,8.844619616866111755e-03,7.641263771802186966e-03,2.477956004440784454e-02,1.332571916282176971e-02,4.781562834978103638e-02,9.670277237892150879e-01,-8.559026755392551422e-03,9.586723446846008301e-01,9.784301519393920898e-01,9.558885693550109863e-01,9.730545282363891602e-01,9.685853719711303711e-01,5.282896570861339569e-03,1.332851592451334000e-02,3.851073561236262321e-03
-3.829180961474776268e-03,2.106905728578567505e-02,5.461738258600234985e-02,5.145119503140449524e-02,7.766808569431304932e-02,1.505439914762973785e-02,5.646438337862491608e-03,7.012449949979782104e-02,4.581990186125040054e-03,7.597753405570983887e-02,9.160927534103393555e-01,8.882676362991333008e-01,9.148068428039550781e-01,1.300384998321533203e-01,4.496616777032613754e-03,3.298654628451913595e-04,3.990251105278730392e-03,1.438985858112573624e-02,-1.112627141992561519e-04,-3.788569476455450058e-03
-8.548979531042277813e-04,1.060950476676225662e-02,-6.971956696361303329e-03,-2.657711971551179886e-03,-1.693376689217984676e-03,1.000875592231750488e+00,4.097457043826580048e-03,7.120976448059082031e-01,5.123416185379028320e-01,8.019123077392578125e-01,1.555868145078420639e-02,1.609398052096366882e-02,-5.881824064999818802e-03,1.720529049634933472e-02,1.795679272618144751e-04,-3.106839722022414207e-03,1.073798630386590958e-03,8.835564367473125458e-04,1.695774379186332226e-03,-1.059522503055632114e-03
-7.515974575653672218e-04,-1.935188774950802326e-04,1.870349864475429058e-03,7.336308360099792480e-01,6.145017221570014954e-03,3.163388464599847794e-04,-4.403351806104183197e-03,8.468526005744934082e-01,-8.333614096045494080e-03,4.228681325912475586e-03,9.863961488008499146e-02,8.785328269004821777e-02,9.322543442249298096e-02,1.558455824851989746e-02,5.772526189684867859e-02,3.058830834925174713e-02,4.790115356445312500e-02,2.529550110921263695e-03,3.970364481210708618e-02,2.458986826241016388e-02
-1.974722603335976601e-03,8.828246593475341797e-02,5.738057941198348999e-02,9.263274073600769043e-02,9.486826509237289429e-02,5.831290781497955322e-02,1.518976967781782150e-02,1.319509297609329224e-01,4.459674656391143799e-02,1.338396966457366943e-01,3.886267542839050293e-01,-1.078321319073438644e-02,-9.944350458681583405e-03,-8.567576296627521515e-03,-5.839825607836246490e-04,-2.639315323904156685e-03,-5.685509648174047470e-03,1.373886968940496445e-02,8.632796234451234341e-04,-6.519835442304611206e-04
-2.367224311456084251e-03,-4.482093732804059982e-03,-6.392445415258407593e-03,-8.908474817872047424e-03,6.067304871976375580e-03,1.545676263049244881e-03,-5.741904955357313156e-03,7.397483568638563156e-03,-8.674817159771919250e-03,-4.575391649268567562e-04,8.955730199813842773e-01,6.106012463569641113e-01,6.990942955017089844e-01,9.808424115180969238e-01,1.223497092723846436e-01,-7.989774458110332489e-03,-6.252172403037548065e-03,2.249003155156970024e-03,-1.020586676895618439e-02,6.989992260932922363e-01
8.526806533336639404e-02,7.686278223991394043e-01,6.436871290206909180e-01,5.522023439407348633e-01,2.828712165355682373e-01,4.389514774084091187e-02,2.256172150373458862e-02,5.018532276153564453e-01,5.548039451241493225e-02,4.446839392185211182e-01,9.307603538036346436e-02,-5.792820826172828674e-03,7.014550734311342239e-03,8.897771127521991730e-03,1.437157392501831055e-02,-1.597377099096775055e-02,9.902671445161104202e-04,9.833232499659061432e-03,-1.039675530046224594e-02,1.985611394047737122e-03
8.591289515607059002e-04,7.329998016357421875e-01,6.128296852111816406e-01,9.333312511444091797e-01,6.270825862884521484e-01,1.008214592933654785e+00,2.899686396121978760e-01,8.444756865501403809e-01,7.113151550292968750e-01,7.378116250038146973e-01,-3.300045058131217957e-02,-6.157084833830595016e-03,-1.690932549536228180e-02,-1.217855699360370636e-02,-1.041588373482227325e-02,-1.358260517008602619e-03,-2.052998542785644531e-02,-4.826485179364681244e-03,-7.673685904592275620e-03,-2.206088276579976082e-03
-2.258619992062449455e-03,-2.661437960341572762e-03,-9.168128482997417450e-03,6.297764368355274200e-03,-7.208534516394138336e-03,-1.206890493631362915e-02,-2.771344268694519997e-03,-7.149238139390945435e-03,-1.260550040751695633e-02,-1.109004719182848930e-03,9.837468862533569336e-01,9.729498028755187988e-01,1.004877805709838867e+00,-9.617078467272222042e-04,6.953083872795104980e-01,9.914587140083312988e-01,9.942050576210021973e-01,9.058472351171076298e-04,7.983024716377258301e-01,6.973587274551391602e-01
2.146460860967636108e-02,2.694129571318626404e-02,3.898333013057708740e-02,3.709275275468826294e-02,5.121618509292602539e-02,-1.009638700634241104e-02,-2.769509796053171158e-03,1.643442735075950623e-02,-3.502158680930733681e-03,6.883998215198516846e-02,2.510950900614261627e-02,3.054274320602416992e-01,8.050509542226791382e-02,9.360385537147521973e-01,5.821906924247741699e-01,2.638334222137928009e-02,2.586985006928443909e-02,7.772628068923950195e-01,9.997816756367683411e-03,-1.000468339771032333e-02
4.608665476553142071e-04,7.431467771530151367e-01,6.395917534828186035e-01,7.134073376655578613e-01,7.900518178939819336e-01,9.064002633094787598e-01,3.600739408284425735e-03,3.441807329654693604e-01,6.086032092571258545e-02,7.261692881584167480e-01,6.437418516725301743e-03,1.032204553484916687e-02,9.094247594475746155e-03,9.057680726982653141e-04,5.312800873070955276e-03,-9.125320357270538807e-04,4.792113322764635086e-03,-2.027773763984441757e-03,-1.077634468674659729e-02,-4.179538518656045198e-04
2.556063700467348099e-04,1.027114875614643097e-02,1.906023127958178520e-03,-9.593963623046875000e-03,4.882774949073791504e-01,-1.102139707654714584e-02,-4.670281894505023956e-03,6.543959379196166992e-01,6.448564585298299789e-03,7.627027630805969238e-01,5.445604026317596436e-02,2.010848559439182281e-02,3.361896052956581116e-02,2.086409553885459900e-02,2.317276969552040100e-02,9.541310369968414307e-03,1.930784061551094055e-02,8.301701396703720093e-03,1.257317513227462769e-02,6.711088586598634720e-03
1.845342805609107018e-03,6.143157224869355559e-05,5.037927068769931793e-03,5.687705241143703461e-03,1.100709289312362671e-02,-6.071575917303562164e-03,-4.327438306063413620e-03,1.279465947300195694e-02,-2.048781607300043106e-03,1.742100529372692108e-02,9.850378632545471191e-01,9.838423728942871094e-01,8.944587707519531250e-01,8.020264506340026855e-01,8.022110462188720703e-01,9.904539585113525391e-01,9.964255690574645996e-01,2.899934351444244385e-01,9.847674965858459473e-01,9.975260496139526367e-01
-3.433344245422631502e-04,9.907622337341308594e-01,9.844226241111755371e-01,9.911229610443115234e-01,9.791821837425231934e-01,9.927240014076232910e-01,3.706364426761865616e-03,9.838410019874572754e-01,3.887767205014824867e-03,9.542846083641052246e-01,-8.571811020374298096e-03,-1.011348050087690353e-02,-3.380299545824527740e-03,-7.456089835613965988e-03,-1.307082362473011017e-03,3.431349061429500580e-03,-3.826308296993374825e-03,2.156059956178069115e-03,6.038316525518894196e-03,1.700171269476413727e-03
-1.686636125668883324e-03,1.474263239651918411e-02,6.182803306728601456e-03,-1.548465620726346970e-02,-4.241565242409706116e-03,5.501116538653150201e-05,1.216742210090160370e-03,-2.670584060251712799e-02,7.835118100047111511e-03,-2.585936151444911957e-02,8.936370015144348145e-01,2.333885282278060913e-01,3.028219342231750488e-01,1.872745752334594727e-01,3.466381728649139404e-01,4.082940518856048584e-02,2.655924111604690552e-02,1.349708531051874161e-02,3.596678376197814941e-02,6.900102496147155762e-01
-2.172315260395407677e-03,2.210615202784538269e-03,-2.182788448408246040e-03,2.547427453100681305e-02,1.860760301351547241e-01,4.559434019029140472e-03,5.176585167646408081e-03,1.973850429058074951e-01,-4.888170951744541526e-05,4.444310665130615234e-01,2.547481954097747803e-01,2.790324389934539795e-01,2.053570151329040527e-01,2.244998067617416382e-01,5.397141724824905396e-02,1.038357242941856384e-02,5.584898404777050018e-03,7.178488373756408691e-02,-3.346542944200336933e-04,7.585806306451559067e-03
3.968199789524078369e-01,-3.719222499057650566e-03,3.145075635984539986e-03,9.904721379280090332e-01,2.896015644073486328e-01,9.927214980125427246e-01,1.273120637051761150e-03,9.957472681999206543e-01,7.890946269035339355e-01,9.880879521369934082e-01,1.264252606779336929e-02,-1.885186997242271900e-03,1.702015101909637451e-02,-6.149286404252052307e-03,-7.477338076569139957e-04,2.710334490984678268e-03,1.248079631477594376e-02,7.913950830698013306e-03,9.147858363576233387e-04,2.081639686366543174e-04
-2.938020043075084686e-03,7.453626487404108047e-03,1.447291485965251923e-02,1.704460196197032928e-02,2.577051334083080292e-02,1.522124279290437698e-02,7.974850595928728580e-04,1.469138544052839279e-02,2.031055511906743050e-03,5.412336066365242004e-02,9.296152591705322266e-01,6.493899039924144745e-03,9.267038702964782715e-01,-1.489030080847442150e-03,1.764717395417392254e-03,1.275860704481601715e-02,1.462757680565118790e-02,-1.802641199901700020e-03,9.871514439582824707e-01,-2.851757919415831566e-03
5.134197883307933807e-03,1.948488950729370117e-01,7.113663554191589355e-01,8.009149432182312012e-01,9.822373390197753906e-01,6.507187150418758392e-03,9.053887799382209778e-03,6.904884576797485352e-01,1.592756062746047974e-02,7.762302160263061523e-01,1.095309201627969742e-02,1.509865652769804001e-02,1.326824072748422623e-02,2.412752248346805573e-03,5.528898327611386776e-04,-3.912657033652067184e-03,-1.217451598495244980e-02,-1.175657007843255997e-02,-3.499702550470829010e-03,-2.964545506983995438e-03
-4.188570310361683369e-04,7.965944409370422363e-01,7.148773074150085449e-01,8.802578449249267578e-01,6.930898427963256836e-01,5.161128640174865723e-01,5.038490295410156250e-01,8.862650990486145020e-01,6.101936697959899902e-01,7.037802934646606445e-01,1.886017993092536926e-02,1.999627333134412766e-03,7.534294854849576950e-03,4.655364318750798702e-05,-1.974185928702354431e-03,4.073014017194509506e-03,2.808236051350831985e-03,6.749179214239120483e-03,4.909828305244445801e-03,-2.300963737070560455e-03
1.540248864330351353e-03,1.000500321388244629e+00,1.001376986503601074e+00,1.008483529090881348e+00,9.867283701896667480e-01,9.964865446090698242e-01,6.969252601265907288e-03,9.968205094337463379e-01,3.583841957151889801e-03,9.774988293647766113e-01,-9.307119064033031464e-03,4.788449965417385101e-03,-5.232793278992176056e-03,3.196928300894796848e-04,-6.876359693706035614e-03,-8.920976542867720127e-04,-2.596519654616713524e-03,-1.836101757362484932e-03,-2.629032591357827187e-03,-1.244471641257405281e-03
3.658396890386939049e-04,-1.052636839449405670e-02,-7.198438048362731934e-03,-2.614045515656471252e-02,-8.138806559145450592e-03,-5.552318878471851349e-03,3.037888091057538986e-04,-1.704942993819713593e-02,9.595070732757449150e-04,-3.108098730444908142e-02,1.006424427032470703e+00,9.981359839439392090e-01,1.005630135536193848e+00,1.590974442660808563e-02,9.871961474418640137e-01,9.942559599876403809e-01,9.976737499237060547e-01,9.205810725688934326e-03,9.960358142852783203e-01,9.771969914436340332e-01
2.116381889209151268e-03,8.158715367317199707e-01,9.036667943000793457e-01,8.610743284225463867e-01,7.461766600608825684e-01,5.455814003944396973e-01,4.557080864906311035e-01,1.748081296682357788e-01,4.528068304061889648e-01,8.137462139129638672e-01,-3.765391651540994644e-03,7.341802120208740234e-03,5.678124260157346725e-03,1.513314666226506233e-03,5.110845435410737991e-03,2.550149336457252502e-03,1.640621758997440338e-02,1.356698200106620789e-02,6.478129420429468155e-03,8.921995176933705807e-04
1.389056444168090820e-03,-5.680595524609088898e-03,8.899196982383728027e-04,-4.019369371235370636e-03,-5.838444456458091736e-03,8.997511467896401882e-04,4.329118411988019943e-03,-5.465914029628038406e-03,-1.991559518501162529e-03,1.511960523203015327e-03,1.015540242195129395e+00,1.002631783485412598e+00,9.899210929870605469e-01,9.944627881050109863e-01,8.062521815299987793e-01,1.004736423492431641e+00,1.002330899238586426e+00,5.926836729049682617e-01,9.972640275955200195e-01,1.002829790115356445e+00
1.266321726143360138e-02,5.995670217089354992e-04,-3.799105063080787659e-03,1.615320518612861633e-02,3.892384935170412064e-03,8.466308936476707458e-03,4.609923809766769409e-03,1.186260208487510681e-02,1.025026571005582809e-02,5.563513841480016708e-04,7.931141853332519531e-01,3.321156501770019531e-01,2.011658698320388794e-01,9.099417179822921753e-02,6.979359984397888184e-01,9.921053647994995117e-01,9.959241747856140137e-01,-3.209138754755258560e-03,1.009902119636535645e+00,8.041391372680664062e-01
-2.811135724186897278e-03,8.008653521537780762e-01,6.809861063957214355e-01,7.007019519805908203e-01,4.093056321144104004e-01,4.759713709354400635e-01,2.928061187267303467e-01,8.881748914718627930e-01,5.813617110252380371e-01,7.048858404159545898e-01,1.263434533029794693e-02,-1.225311076268553734e-03,-2.715449547395110130e-03,5.701172631233930588e-03,7.057544775307178497e-03,-6.116489414125680923e-03,3.900019510183483362e-04,-6.533701089210808277e-04,2.005842514336109161e-03,2.645690401550382376e-04
1.320096291601657867e-02,1.912006177008152008e-02,3.138068690896034241e-02,2.129631489515304565e-02,2.818675152957439423e-02,3.906010417267680168e-03,1.937383902259171009e-03,3.067391738295555115e-02,3.093073144555091858e-03,2.433476224541664124e-02,9.380589723587036133e-01,9.360699653625488281e-01,4.885312542319297791e-02,3.385894745588302612e-02,8.663560152053833008e-01,9.819959402084350586e-01,9.791949391365051270e-01,8.206231868825852871e-04,9.959101676940917969e-01,-8.380506187677383423e-03
-1.681858557276427746e-03,5.367146804928779602e-03,1.067526545375585556e-02,1.624237932264804840e-02,1.794642582535743713e-02,2.776599954813718796e-03,2.758883172646164894e-03,-7.951464504003524780e-03,6.611116696149110794e-04,-6.612904369831085205e-03,8.258021473884582520e-01,8.903138041496276855e-01,7.960144281387329102e-01,7.092000842094421387e-01,8.923279047012329102e-01,9.904656410217285156e-01,9.882953763008117676e-01,1.582241356372833252e-01,1.003854990005493164e+00,8.870862126350402832e-01
4.402230028063058853e-03,-1.693398575298488140e-03,1.677664741873741150e-02,1.657956093549728394e-02,3.423660760745406151e-03,4.731963854283094406e-04,3.993960563093423843e-03,2.374595776200294495e-02,2.254181075841188431e-03,1.933193579316139221e-02,-6.466229446232318878e-03,1.035783346742391586e-02,-2.122081350535154343e-03,-1.385154901072382927e-03,3.350273007526993752e-03,-8.567979675717651844e-04,5.793258547782897949e-01,-2.555491635575890541e-03,9.748285412788391113e-01,3.826153231784701347e-03
-4.507002304308116436e-04,-6.304990500211715698e-03,6.241701776161789894e-04,9.565174696035683155e-04,2.503313869237899780e-02,-5.800502840429544449e-04,1.535018440335988998e-03,9.633329696953296661e-03,2.478892914950847626e-03,2.953012241050601006e-03,9.801531434059143066e-01,4.934235513210296631e-01,9.789289236068725586e-01,-9.624143131077289581e-03,4.993342794477939606e-03,1.352707389742136002e-02,2.121263742446899414e-02,5.646264180541038513e-03,5.501678679138422012e-03,5.951501727104187012e-01
2.008599042892456055e-01,1.083822920918464661e-01,5.906965732574462891e-01,6.672675609588623047e-01,5.847610235214233398e-01,5.601386539638042450e-03,6.071442738175392151e-03,6.757243275642395020e-01,1.127562671899795532e-02,3.060748875141143799e-01,2.736528217792510986e-02,1.692368462681770325e-02,1.681556366384029388e-02,2.486436627805233002e-02,7.532560732215642929e-03,-5.378852132707834244e-03,8.515422232449054718e-03,5.841054953634738922e-03,-6.102597806602716446e-03,1.701414585113525391e-03
-8.526986348442733288e-04,-4.723072052001953125e-03,5.512119736522436142e-03,-3.333212516736239195e-04,6.220598705112934113e-03,1.663687638938426971e-03,3.594127250835299492e-03,1.111338101327419281e-02,-1.572062756167724729e-04,3.414350096136331558e-03,9.843156337738037109e-01,-5.266056396067142487e-03,7.485494017601013184e-03,7.256014272570610046e-03,-6.637569982558488846e-03,2.815440297126770020e-03,1.191365998238325119e-03,6.866583862574771047e-05,-4.835415631532669067e-03,-3.145778551697731018e-03
3.864019643515348434e-03,-5.383232142776250839e-03,-2.306397771462798119e-03,4.061139188706874847e-03,-2.297482639551162720e-02,-1.023345044814050198e-03,-3.714509075507521629e-03,-5.047495942562818527e-03,-7.457456085830926895e-03,-5.326380953192710876e-03,9.079063534736633301e-01,7.993126511573791504e-01,7.169014811515808105e-01,8.274217247962951660e-01,5.435557961463928223e-01,1.603316515684127808e-02,2.820161543786525726e-02,2.712630666792392731e-02,1.660891436040401459e-02,7.105163931846618652e-01
-5.263792118057608604e-04,7.095373272895812988e-01,5.997995138168334961e-01,6.941220760345458984e-01,6.137489676475524902e-01,4.054637625813484192e-02,8.434039540588855743e-03,7.685734033584594727e-01,3.849914297461509705e-02,6.840432286262512207e-01,1.291983667761087418e-02,-2.592513104900717735e-03,9.654447436332702637e-03,1.480990368872880936e-02,5.574588663876056671e-03,6.746992934495210648e-03,5.665502045303583145e-03,-2.826394047588109970e-03,-6.272187456488609314e-03,4.302341025322675705e-03
-1.740434672683477402e-03,9.995451569557189941e-01,1.005781173706054688e+00,9.935778379440307617e-01,7.988295555114746094e-01,1.000002861022949219e+00,6.972839236259460449e-01,9.918888211250305176e-01,7.932363152503967285e-01,2.041811645030975342e-01,-7.920425385236740112e-03,5.620448500849306583e-04,-7.456421735696494579e-04,3.651890903711318970e-03,9.372500702738761902e-03,-3.205721266567707062e-03,2.270790981128811836e-03,-1.407826202921569347e-03,3.685265546664595604e-04,-4.468310158699750900e-03
2.934083342552185059e-01,1.754674762487411499e-01,-7.028160151094198227e-03,7.818784117698669434e-01,1.005403101444244385e-01,4.134134505875408649e-04,-9.491896489635109901e-04,7.717321515083312988e-01,6.647583842277526855e-01,6.310212016105651855e-01,3.848905116319656372e-02,2.664077654480934143e-02,5.484518781304359436e-02,-9.885752573609352112e-03,1.236873306334018707e-02,2.255409583449363708e-02,3.007861040532588959e-02,-7.796488935127854347e-04,1.492184773087501526e-02,-3.468122100457549095e-03
8.987467288970947266e-01,1.961172968149185181e-01,-8.687485940754413605e-03,7.991750240325927734e-01,6.110771298408508301e-01,1.222556736320257187e-02,-3.655155654996633530e-03,6.737526059150695801e-01,5.826631095260381699e-03,8.071265220642089844e-01,-1.072671357542276382e-02,-1.394476555287837982e-02,-1.548728253692388535e-02,-1.220180001109838486e-02,-2.047095214948058128e-03,8.928677067160606384e-03,4.200760275125503540e-03,-4.121928941458463669e-03,-5.786797963082790375e-03,-2.039229497313499451e-03
6.714899092912673950e-03,8.814903907477855682e-03,5.356496665626764297e-03,5.475017428398132324e-02,2.326890081167221069e-02,2.468965714797377586e-03,-4.145473940297961235e-05,9.576302021741867065e-03,8.637419901788234711e-03,1.668735407292842865e-02,9.507138729095458984e-01,9.636051058769226074e-01,9.751418232917785645e-01,1.330351363867521286e-02,9.687937498092651367e-01,9.954946041107177734e-01,9.978794455528259277e-01,4.238748457282781601e-03,9.641399979591369629e-01,5.365595687180757523e-03
1.555526614538393915e-05,-5.751088727265596390e-03,1.763922162353992462e-02,-2.657898701727390289e-03,-5.180803593248128891e-03,-1.022893376648426056e-02,5.456149112433195114e-03,1.916023343801498413e-02,-2.074642834486439824e-04,8.267147094011306763e-02,8.244552612304687500e-01,9.010517597198486328e-01,9.190273880958557129e-01,9.120773673057556152e-01,9.449759125709533691e-01,2.423902601003646851e-02,2.217592112720012665e-02,7.460683584213256836e-01,2.172490395605564117e-02,-4.477259702980518341e-03
-1.101852394640445709e-03,5.886517763137817383e-01,7.109609432518482208e-03,7.845569252967834473e-01,8.768414855003356934e-01,-9.903069585561752319e-03,-6.082533393055200577e-03,4.796764850616455078e-01,7.775648832321166992e-01,6.879282593727111816e-01,2.211795561015605927e-02,-9.403197094798088074e-03,1.872605644166469574e-02,-6.520122289657592773e-03,4.222075222060084343e-05,-4.591506440192461014e-03,1.027891412377357483e-02,1.266843732446432114e-02,1.765632443130016327e-02,6.449601612985134125e-03
7.214106153696775436e-04,9.613676667213439941e-01,7.094811201095581055e-01,8.974810838699340820e-01,9.857028722763061523e-01,9.865714311599731445e-01,8.290768601000308990e-03,7.039201259613037109e-01,2.189285121858119965e-02,7.888562083244323730e-01,8.587518706917762756e-03,6.036168895661830902e-03,-2.754674525931477547e-03,-1.061759423464536667e-03,1.606091856956481934e-02,1.474709948524832726e-03,1.027214457280933857e-03,3.650922793895006180e-03,-7.350683445110917091e-04,6.217102636583149433e-04
1.878527982626110315e-04,8.943037986755371094e-01,7.936807870864868164e-01,9.967382997274398804e-02,7.624247074127197266e-01,-5.712095648050308228e-03,-9.867717744782567024e-04,3.655676245689392090e-01,-6.832150742411613464e-03,7.601063847541809082e-01,-5.216695833951234818e-03,-1.604744791984558105e-02,-2.243890985846519470e-02,-2.786169201135635376e-02,-8.037695079110562801e-04,-5.812122952193021774e-03,-8.869583718478679657e-03,-1.667480543255805969e-02,-9.199461899697780609e-03,-1.791808637790381908e-03
-3.437791892793029547e-04,9.539425373077392578e-02,1.981089124456048012e-03,7.902728319168090820e-01,1.950665563344955444e-02,9.633939266204833984e-01,4.853804130107164383e-03,9.479701519012451172e-02,1.277632266283035278e-02,5.421527028083801270e-01,6.108402833342552185e-02,4.607343301177024841e-02,6.147796288132667542e-02,2.484918013215065002e-02,3.986569866538047791e-02,2.801451366394758224e-03,2.716296166181564331e-02,1.588398963212966919e-02,3.286834433674812317e-02,3.930975071853026748e-05
-1.931414153659716249e-04,6.209377050399780273e-01,6.914621591567993164e-01,7.734057903289794922e-01,4.640505909919738770e-01,2.549500018358230591e-02,3.185788542032241821e-02,2.130643427371978760e-01,3.202631697058677673e-02,3.520444631576538086e-01,-9.360969066619873047e-03,-1.421961840242147446e-02,-2.125069871544837952e-02,-1.314319670200347900e-02,-1.584583148360252380e-02,-2.452419837936758995e-03,-6.409466266632080078e-03,-3.122663591057062149e-03,-6.642344873398542404e-03,-1.611197018064558506e-03
8.831876516342163086e-01,1.835579127073287964e-01,2.579058706760406494e-01,8.583563566207885742e-02,1.750487387180328369e-01,8.606138080358505249e-02,7.503143697977066040e-02,5.425260066986083984e-01,6.743796467781066895e-01,6.197973489761352539e-01,5.227167531847953796e-02,7.812186330556869507e-02,6.276071071624755859e-02,8.968924731016159058e-02,5.859750509262084961e-02,6.565665453672409058e-02,6.879889965057373047e-02,1.099743787199258804e-02,2.388429641723632812e-02,-4.152633249759674072e-03
-3.690487938001751900e-03,4.499624483287334442e-04,-3.856305964291095734e-03,1.128193922340869904e-03,8.090045885182917118e-04,-1.244483864866197109e-03,-1.062888070009648800e-03,1.806761696934700012e-02,-5.486407317221164703e-04,4.432044923305511475e-02,9.493985176086425781e-01,7.622640728950500488e-01,7.744315266609191895e-01,9.794925451278686523e-01,8.900540471076965332e-01,-1.271589286625385284e-02,-3.420236287638545036e-03,5.235328571870923042e-04,4.018777515739202499e-03,1.034443965181708336e-03
7.344219484366476536e-04,8.111211657524108887e-01,6.949043869972229004e-01,7.025282382965087891e-01,5.397634506225585938e-01,9.229062795639038086e-01,-2.990997745655477047e-04,7.207506895065307617e-01,4.666623193770647049e-03,7.043006420135498047e-01,-1.068522408604621887e-02,-1.453688926994800568e-02,-2.196993678808212280e-02,-8.353245444595813751e-03,3.339712740853428841e-03,1.362918526865541935e-03,-3.810036694630980492e-03,-1.540352404117584229e-02,-1.033924706280231476e-02,1.042455551214516163e-03
5.651653278619050980e-03,7.440972141921520233e-03,2.133223228156566620e-02,1.844198629260063171e-02,9.445637464523315430e-03,3.508941829204559326e-02,1.399911567568778992e-02,1.769104413688182831e-02,1.713253743946552277e-02,3.638549521565437317e-02,8.729403018951416016e-01,7.990818470716476440e-02,7.278555631637573242e-02,-2.182235568761825562e-02,1.808126121759414673e-01,-1.872291672043502331e-03,3.033019602298736572e-01,-8.242780459113419056e-04,6.896800398826599121e-01,2.499679801985621452e-03
7.077148766256868839e-04,5.034631118178367615e-03,1.100160833448171616e-02,4.901818931102752686e-01,9.986687302589416504e-01,1.000884413719177246e+00,-4.635905846953392029e-03,5.504307150840759277e-01,3.212974406778812408e-03,7.889797687530517578e-01,1.488745678216218948e-03,3.453576937317848206e-03,7.847204804420471191e-03,-3.951982595026493073e-03,-1.144571113400161266e-03,-3.103469964116811752e-03,3.852663561701774597e-03,-8.570777252316474915e-03,-4.192554857581853867e-03,9.223938686773180962e-04
3.036451637744903564e-01,7.994852066040039062e-01,7.020503878593444824e-01,7.790378928184509277e-01,6.103707551956176758e-01,4.908019602298736572e-01,3.058334589004516602e-01,9.028005003929138184e-01,5.944669842720031738e-01,7.096928954124450684e-01,9.550852701067924500e-03,8.489650674164295197e-03,5.865124054253101349e-03,1.322361361235380173e-02,2.977965166792273521e-03,-4.722900222986936569e-03,5.301242228597402573e-03,2.742866519838571548e-03,3.041759831830859184e-03,5.717373453080654144e-03
-4.416661395225673914e-04,1.625629812479019165e-01,6.418654322624206543e-01,7.427666783332824707e-01,8.285781145095825195e-01,4.791151732206344604e-03,-2.240351401269435883e-03,5.767203569412231445e-01,9.324213489890098572e-03,6.618875265121459961e-01,1.231946423649787903e-02,2.993725799024105072e-02,3.032208606600761414e-02,-4.849557764828205109e-03,-4.374376963824033737e-03,-2.175962785258889198e-03,-2.866277238354086876e-03,1.264914870262145996e-02,-1.562987221404910088e-03,-1.972405705600976944e-03
-1.972008030861616135e-04,7.517521977424621582e-01,8.299524188041687012e-01,1.902162581682205200e-01,6.997343897819519043e-01,2.803713083267211914e-01,1.804819405078887939e-01,6.280445456504821777e-01,4.316510260105133057e-01,7.567113637924194336e-01,-5.017019063234329224e-02,-5.958911031484603882e-03,-5.069965496659278870e-03,-1.169024873524904251e-02,-1.721208536764606833e-05,-1.292802114039659500e-02,-1.497368607670068741e-02,-1.006018929183483124e-02,-8.996116928756237030e-03,-2.833917737007141113e-03
-5.552771035581827164e-03,-3.900560783222317696e-03,8.152418304234743118e-04,-1.287135574966669083e-02,-2.783684246242046356e-02,-1.453088014386594296e-03,-3.230618545785546303e-03,-2.020984515547752380e-02,1.505366759374737740e-03,-2.285735681653022766e-02,9.431539177894592285e-01,8.074582815170288086e-01,7.609204649925231934e-01,8.592965602874755859e-01,6.197805330157279968e-02,-1.063025835901498795e-02,1.068998686969280243e-02,1.091650500893592834e-02,-7.880573160946369171e-03,-8.330277167260646820e-03
-9.891629451885819435e-04,-1.058084890246391296e-02,-8.936368860304355621e-03,-3.336099442094564438e-03,-4.769046790897846222e-03,9.761758446693420410e-01,4.075012635439634323e-03,6.500225067138671875e-01,-1.131394761614501476e-03,6.362659335136413574e-01,8.388021588325500488e-02,5.639674887061119080e-02,5.233796685934066772e-02,5.499355867505073547e-02,3.362371399998664856e-02,4.177881870418787003e-03,1.278526894748210907e-02,1.178734656423330307e-02,1.592238619923591614e-02,-2.754596294835209846e-03
2.429386973381042480e-02,2.310093864798545837e-02,3.916001692414283752e-02,5.273463577032089233e-02,4.374478384852409363e-02,1.407365035265684128e-02,5.192120559513568878e-03,1.647220738232135773e-02,3.483942709863185883e-03,5.409869179129600525e-02,7.215209603309631348e-01,7.043739780783653259e-03,5.045832134783267975e-03,1.479526050388813019e-02,2.511817812919616699e-01,4.614758789539337158e-01,6.400054693222045898e-01,3.605494797229766846e-01,3.495219349861145020e-01,1.966988900676369667e-03
-1.102979760617017746e-03,7.585475686937570572e-03,-1.347527489997446537e-03,-1.669665449298918247e-03,-3.899226430803537369e-03,7.964465767145156860e-03,-1.455430872738361359e-03,4.443552810698747635e-03,3.662910778075456619e-03,4.992325790226459503e-03,8.760427832603454590e-01,1.925684064626693726e-01,2.906115353107452393e-01,1.906235814094543457e-01,6.008188724517822266e-01,4.614409208297729492e-01,5.544777512550354004e-01,3.943880498409271240e-01,3.797737956047058105e-01,8.030948042869567871e-01
-4.859142471104860306e-03,-3.427290590479969978e-03,-2.605230081826448441e-03,-1.221632491797208786e-02,-8.449204266071319580e-03,-9.705395437777042389e-03,-1.589177525602281094e-03,-2.108824811875820160e-02,-7.616187445819377899e-03,-8.783849887549877167e-03,9.862042069435119629e-01,7.003964185714721680e-01,9.661009907722473145e-01,9.873262047767639160e-01,7.645394802093505859e-01,5.357300117611885071e-02,3.092653676867485046e-02,5.051616430282592773e-01,1.810390315949916840e-02,5.717628169804811478e-03
1.473795250058174133e-02,1.054176874458789825e-02,1.511680241674184799e-02,1.642043516039848328e-02,1.414102502167224884e-02,8.899806067347526550e-03,-1.808168832212686539e-03,2.603518031537532806e-02,5.522180348634719849e-03,8.449114859104156494e-03,8.895717263221740723e-01,7.666653990745544434e-01,7.987686395645141602e-01,8.041791319847106934e-01,6.871706843376159668e-01,3.113087639212608337e-02,1.748923026025295258e-02,-3.021154087036848068e-03,2.276465995237231255e-03,1.816260744817554951e-03
-1.848326297476887703e-03,-1.057011540979146957e-02,-8.335586637258529663e-03,-3.485301509499549866e-03,2.501984126865863800e-03,1.723511517047882080e-02,1.198105048388242722e-03,4.638750478625297546e-02,-7.139217108488082886e-03,6.092552095651626587e-02,8.834621310234069824e-01,8.875518441200256348e-01,9.279330372810363770e-01,9.598262310028076172e-01,9.449539780616760254e-01,4.266980290412902832e-01,4.295305907726287842e-01,9.694715845398604870e-04,-1.214278861880302429e-03,-7.141294889152050018e-03
-4.094348114449530840e-04,6.893529091030359268e-03,-3.084388561546802521e-03,-1.041437964886426926e-02,2.724431827664375305e-02,1.573084667325019836e-02,-1.412297948263585567e-03,-5.992028862237930298e-03,-4.171297419816255569e-03,1.739613525569438934e-02,9.605754613876342773e-01,9.607638716697692871e-01,9.698055386543273926e-01,9.895718693733215332e-01,2.089960873126983643e-01,9.571100473403930664e-01,9.514478445053100586e-01,6.975672841072082520e-01,9.731959104537963867e-01,1.037264056503772736e-02
-5.695897154510021210e-03,-8.912779390811920166e-03,-6.109592039138078690e-03,-9.783244691789150238e-03,-1.111700199544429779e-02,-1.919698435813188553e-03,-4.670637659728527069e-03,-2.414549700915813446e-03,-2.834462327882647514e-03,-4.272098653018474579e-03,9.074786901473999023e-01,7.872636914253234863e-01,7.881435155868530273e-01,8.936114907264709473e-01,8.202036619186401367e-01,4.620814025402069092e-01,4.665608108043670654e-01,6.972784399986267090e-01,2.894503297284245491e-03,8.995174765586853027e-01
-5.125665920786559582e-04,6.968958973884582520e-01,6.854075789451599121e-01,8.849920630455017090e-01,7.934610843658447266e-01,8.349765092134475708e-03,2.046745968982577324e-03,6.919493079185485840e-01,8.057200908660888672e-01,8.887567520141601562e-01,2.539901994168758392e-02,3.979661501944065094e-03,1.280698366463184357e-02,-4.609034396708011627e-03,1.115492486860603094e-04,1.610075682401657104e-02,1.488585490733385086e-02,3.067926038056612015e-03,2.061911113560199738e-02,3.119494998827576637e-03
3.868462741374969482e-01,7.837057113647460938e-01,3.824567247647792101e-04,8.499722480773925781e-01,9.614890217781066895e-01,-2.283929288387298584e-02,-4.676089156419038773e-03,6.221529245376586914e-01,4.910185001790523529e-03,7.386474609375000000e-01,1.239883899688720703e-01,2.867498807609081268e-02,6.636088341474533081e-02,3.246694430708885193e-02,5.065950099378824234e-03,1.032874267548322678e-02,8.519590832293033600e-03,8.837077184580266476e-04,2.293797908350825310e-03,-1.511975307948887348e-03
1.279190299101173878e-03,7.951026558876037598e-01,6.995354294776916504e-01,7.889763712882995605e-01,5.955994725227355957e-01,2.843633592128753662e-01,2.825085520744323730e-01,5.890383124351501465e-01,4.794413745403289795e-01,8.054068684577941895e-01,-5.705521441996097565e-03,2.072154777124524117e-03,-5.646075587719678879e-03,3.629119601100683212e-04,-2.742984797805547714e-03,-8.013711310923099518e-03,-1.262725982815027237e-02,-5.607152357697486877e-03,-4.098919685930013657e-03,-3.353930369485169649e-04
-1.651865663006901741e-03,2.862790524959564209e-01,6.020895838737487793e-01,8.000681400299072266e-01,2.001728676259517670e-02,9.128493666648864746e-01,5.782373715192079544e-03,2.008766680955886841e-01,1.856150291860103607e-02,8.151972889900207520e-01,2.771933330222964287e-03,-1.293281093239784241e-02,-3.952517639845609665e-03,-2.004482224583625793e-02,-3.988583106547594070e-03,-1.046399585902690887e-03,5.733812227845191956e-03,2.014152414631098509e-04,3.182037267833948135e-03,-2.466164063662290573e-03
-2.867011353373527527e-04,-1.576385227963328362e-03,1.793320290744304657e-03,1.134483376517891884e-03,2.010580152273178101e-03,-4.076285287737846375e-03,1.268180552870035172e-03,-9.860103018581867218e-03,-2.219013404101133347e-03,-1.222019363194704056e-02,1.050078868865966797e+00,1.075093626976013184e+00,1.029349327087402344e+00,1.047716021537780762e+00,1.022586822509765625e+00,9.971739053726196289e-01,1.004264116287231445e+00,4.902342334389686584e-03,9.783514142036437988e-01,4.679593548644334078e-04
-1.751342415809631348e-02,-2.364757843315601349e-02,-3.645056858658790588e-02,-2.471501380205154419e-02,-2.628046460449695587e-02,1.013502292335033417e-02,7.794225122779607773e-03,-1.521364506334066391e-02,-5.166640039533376694e-03,-2.536642178893089294e-02,9.057279229164123535e-01,6.896753907203674316e-01,7.758492231369018555e-01,9.089056849479675293e-01,5.861694812774658203e-01,3.964915499091148376e-02,6.233775243163108826e-02,3.043309450149536133e-01,2.793324366211891174e-02,6.955263614654541016e-01
4.856952873524278402e-04,2.398008294403553009e-02,2.718722261488437653e-02,4.684863388538360596e-01,8.861376643180847168e-01,9.782398939132690430e-01,6.859515793621540070e-03,9.145617485046386719e-03,1.291102636605501175e-02,6.729586720466613770e-01,-6.145816762000322342e-03,1.240449957549571991e-02,-4.431598354130983353e-03,-9.405829943716526031e-03,-1.782274432480335236e-02,1.453723642043769360e-03,2.171194413676857948e-03,2.973338356241583824e-03,1.578904222697019577e-03,-2.157968701794743538e-03
-9.974436834454536438e-04,1.213133241981267929e-02,-1.100130612030625343e-04,2.177217043936252594e-03,9.510237723588943481e-03,7.245411630719900131e-03,1.351636950857937336e-03,8.121520280838012695e-03,2.972418442368507385e-03,-2.681275364011526108e-03,8.241196274757385254e-01,7.178768515586853027e-01,7.950626611709594727e-01,8.890343308448791504e-01,8.155674934387207031e-01,1.313930656760931015e-02,1.261575240641832352e-02,9.632258675992488861e-03,1.369078294374048710e-03,-5.425702511274721473e-06
-3.297484014183282852e-03,1.276557217352092266e-03,-4.114179871976375580e-03,-4.163312260061502457e-03,1.785001158714294434e-02,5.727247335016727448e-03,-2.477280097082257271e-03,4.338970780372619629e-02,-4.210192244499921799e-03,2.160952053964138031e-02,9.474963545799255371e-01,9.213725924491882324e-01,7.889859676361083984e-01,9.372676014900207520e-01,2.852333709597587585e-02,1.017120294272899628e-02,9.046326391398906708e-03,4.638064652681350708e-03,1.167619775515049696e-04,1.005332637578248978e-02
4.266317992005497217e-04,6.628799717873334885e-03,1.304757315665483475e-02,4.508856311440467834e-02,6.798349786549806595e-03,-1.464850734919309616e-03,2.052686177194118500e-03,7.604057434946298599e-03,3.766704583540558815e-03,3.813565149903297424e-02,6.630311608314514160e-01,5.312884226441383362e-03,6.145196035504341125e-03,-2.986045728903263807e-04,-6.623874884098768234e-03,2.569474047049880028e-03,5.240584257990121841e-03,-4.470936022698879242e-03,9.231503936462104321e-04,-2.704292070120573044e-03
-1.420886139385402203e-03,-2.824397059157490730e-03,-3.855632152408361435e-03,-7.284634048119187355e-04,-4.965942818671464920e-03,1.582330907694995403e-03,2.067576569970697165e-04,8.653515018522739410e-03,4.586423456203192472e-04,-6.997158052399754524e-04,9.768678545951843262e-01,9.806753396987915039e-01,9.793966412544250488e-01,9.868571162223815918e-01,9.869533181190490723e-01,9.846727252006530762e-01,9.966294169425964355e-01,4.750007297843694687e-03,6.779633760452270508e-01,7.950292825698852539e-01
8.971948623657226562e-01,2.036370486021041870e-01,6.813334226608276367e-01,8.728094100952148438e-01,2.886173427104949951e-01,9.718155860900878906e-02,9.817553311586380005e-02,7.871935963630676270e-01,6.841380000114440918e-01,7.851960659027099609e-01,-6.697555072605609894e-03,-5.929406266659498215e-03,2.021678164601325989e-02,-2.319127321243286133e-03,1.926232129335403442e-03,8.889288641512393951e-03,1.243520900607109070e-02,-6.065752822905778885e-04,-4.479832132346928120e-04,-2.421913202852010727e-03
2.770823659375309944e-03,7.898799180984497070e-01,8.744448423385620117e-01,6.885349154472351074e-01,5.785025954246520996e-01,4.730606973171234131e-01,3.888093531131744385e-01,6.793746352195739746e-01,5.889868736267089844e-01,6.845118999481201172e-01,2.772311493754386902e-02,5.426481584436260164e-05,4.431281238794326782e-02,1.193762850016355515e-02,8.394723758101463318e-03,1.132815238088369370e-02,1.333573088049888611e-02,-5.396191962063312531e-03,9.443586692214012146e-03,-9.779649553820490837e-04
4.709084983915090561e-03,-3.473185701295733452e-03,-4.932273644953966141e-03,1.511527411639690399e-02,3.416530089452862740e-03,-3.867096733301877975e-03,-1.879825489595532417e-03,1.955297775566577911e-02,9.429793804883956909e-03,7.747639901936054230e-03,8.970431685447692871e-01,7.852946519851684570e-01,9.929074048995971680e-01,1.002092599868774414e+00,9.796001911163330078e-01,9.807534217834472656e-01,9.733745455741882324e-01,6.997520327568054199e-01,5.014911890029907227e-01,1.003031134605407715e+00
-7.630871143192052841e-03,1.224684761837124825e-03,3.456787904724478722e-03,6.802853196859359741e-03,9.119969327002763748e-04,8.406304405070841312e-04,-8.641643216833472252e-04,1.762843504548072815e-02,4.222816321998834610e-03,1.882659830152988434e-02,8.063033819198608398e-01,7.158033251762390137e-01,8.750903010368347168e-01,9.043929576873779297e-01,7.694104313850402832e-01,6.349582672119140625e-01,6.248198747634887695e-01,2.781504299491643906e-03,1.364075811579823494e-03,-4.453521687537431717e-03
8.762957155704498291e-02,1.821850091218948364e-01,4.756095707416534424e-01,7.585332989692687988e-01,1.695225387811660767e-02,8.916795253753662109e-01,1.049168594181537628e-02,6.768856048583984375e-01,3.943592011928558350e-01,6.725285649299621582e-01,3.722491860389709473e-02,1.356278639286756516e-02,2.491948381066322327e-02,1.520552765578031540e-02,1.181347202509641647e-02,3.199671860784292221e-03,1.463664043694734573e-02,6.056956015527248383e-03,8.194729685783386230e-03,5.353956483304500580e-03
-5.152414087206125259e-03,-2.763160271570086479e-03,-8.082966320216655731e-03,-2.000142075121402740e-02,-8.359772153198719025e-03,-4.235472064465284348e-03,-2.176618727389723063e-05,-2.835404593497514725e-03,-1.349891442805528641e-02,-2.157177962362766266e-02,1.003507852554321289e+00,9.922097921371459961e-01,1.002766847610473633e+00,9.861091971397399902e-01,9.988450407981872559e-01,1.009096384048461914e+00,1.009057879447937012e+00,6.010354496538639069e-03,9.945555329322814941e-01,-5.801245104521512985e-03
-1.752742915414273739e-03,1.104398514144122601e-03,-5.693098064512014389e-03,-1.797210425138473511e-02,-3.682530671358108521e-02,-2.573490329086780548e-02,1.491003320552408695e-03,-3.409647196531295776e-02,-1.219987217336893082e-02,-5.562444403767585754e-02,1.050952911376953125e+00,9.926211237907409668e-01,1.032020330429077148e+00,1.066397070884704590e+00,7.046994566917419434e-02,1.774562895298004150e-02,3.845960274338722229e-02,3.961788713932037354e-01,4.527891520410776138e-03,8.434985647909343243e-04
-2.341880099265836179e-05,5.140719935297966003e-02,9.037478268146514893e-02,9.950138628482818604e-02,4.649773612618446350e-02,4.159193113446235657e-02,3.415906801819801331e-02,7.148016244173049927e-02,2.270787395536899567e-02,2.837626263499259949e-02,6.240568757057189941e-01,9.401509538292884827e-03,-3.993107937276363373e-03,1.802129745483398438e-01,7.162404246628284454e-03,4.089826643466949463e-01,4.048480093479156494e-01,-3.231760347262024879e-03,2.507307231426239014e-01,3.829607069492340088e-01
-6.196608883328735828e-04,7.990777492523193359e-01,8.802877068519592285e-01,8.128759264945983887e-01,8.711592555046081543e-01,4.978218376636505127e-01,4.923343658447265625e-01,9.899752140045166016e-01,6.979510784149169922e-01,7.130348086357116699e-01,1.401438377797603607e-02,1.544394413940608501e-03,1.799128134734928608e-03,-4.938680212944746017e-03,-2.259253058582544327e-03,1.456586032873019576e-04,1.155720790848135948e-03,-3.272046888014301658e-05,-1.730302174109965563e-04,3.427013289183378220e-03
9.794832440093159676e-04,2.599882194772362709e-03,2.401222707703709602e-03,1.342728501185774803e-03,5.766508635133504868e-03,3.318175906315445900e-03,2.375117968767881393e-03,-8.505787700414657593e-04,4.473675042390823364e-03,-8.973159827291965485e-03,9.076989293098449707e-01,7.924060821533203125e-01,6.925823092460632324e-01,5.893186926841735840e-01,6.897452473640441895e-01,8.146497011184692383e-01,8.134828805923461914e-01,9.606397151947021484e-02,3.020055294036865234e-01,1.991946101188659668e-01
-5.133844912052154541e-03,-2.582920715212821960e-03,1.318657957017421722e-02,1.199528854340314865e-02,5.245833657681941986e-03,7.809023372828960419e-04,1.916988170705735683e-03,4.389293119311332703e-02,-9.093855507671833038e-03,6.364368647336959839e-02,7.972898483276367188e-01,8.142796158790588379e-01,9.143974781036376953e-01,1.000577688217163086e+00,8.862738609313964844e-01,1.006858468055725098e+00,1.014829754829406738e+00,2.574243408162146807e-04,9.987290501594543457e-01,-1.048361649736762047e-03
2.223033923655748367e-03,2.840153276920318604e-01,6.861235499382019043e-01,7.483885884284973145e-01,3.790961503982543945e-01,-1.950378878973424435e-03,1.346426317468285561e-03,1.797836273908615112e-01,-3.010781074408441782e-04,6.588460803031921387e-01,5.230982974171638489e-02,1.484803669154644012e-02,7.690659258514642715e-04,1.919423462823033333e-03,8.908720687031745911e-03,5.541628692299127579e-03,1.033620443195104599e-03,1.034444849938154221e-02,8.994462899863719940e-03,7.406841614283621311e-04
1.009153872728347778e-01,1.942901760339736938e-01,6.958300471305847168e-01,8.936852216720581055e-01,7.944502234458923340e-01,-4.864481277763843536e-03,-6.762552075088024139e-04,1.971719413995742798e-01,-5.897714756429195404e-03,7.834941744804382324e-01,2.835435979068279266e-02,2.131656184792518616e-02,1.570934988558292389e-02,5.220678634941577911e-03,9.431872516870498657e-03,1.254550181329250336e-02,1.179495546966791153e-02,1.741734892129898071e-02,2.092130249366164207e-03,4.509509541094303131e-03
4.705324769020080566e-03,-3.737991442903876305e-03,-1.173518225550651550e-02,-1.238169893622398376e-02,9.379317983984947205e-03,4.632701631635427475e-03,1.593472668901085854e-03,5.009150505065917969e-02,1.422823965549468994e-02,8.255752921104431152e-02,8.871324658393859863e-01,5.967568159103393555e-01,6.120653748512268066e-01,9.062745571136474609e-01,-5.172184202820062637e-03,-1.709110452793538570e-03,-4.139341879636049271e-03,4.543848037719726562e-01,-2.014101715758442879e-03,-3.978771856054663658e-04
4.753745160996913910e-03,-2.040176186710596085e-03,8.414613083004951477e-03,3.357450477778911591e-03,-6.950440816581249237e-03,-5.638308357447385788e-04,2.674686023965477943e-03,2.931809797883033752e-02,8.228830993175506592e-03,2.102528326213359833e-02,8.815223574638366699e-01,3.309711515903472900e-01,3.041788935661315918e-01,2.591405808925628662e-01,1.766601353883743286e-01,-6.417911965399980545e-03,-1.833201572299003601e-02,1.822810620069503784e-01,1.022292207926511765e-02,7.061095237731933594e-01
-8.202773751690983772e-04,8.102033138275146484e-01,9.294037818908691406e-01,9.146494269371032715e-01,7.216975688934326172e-01,5.068718194961547852e-01,5.005788803100585938e-01,7.343558669090270996e-01,6.063394546508789062e-01,6.387548446655273438e-01,-2.137466147541999817e-02,3.050504950806498528e-03,1.092093298211693764e-03,-1.367370970547199249e-02,-3.014248330146074295e-03,-8.472901768982410431e-03,-9.683324955403804779e-03,-1.512922625988721848e-02,-9.125192649662494659e-03,-2.409709151834249496e-03
-2.070219488814473152e-03,8.004161715507507324e-01,6.764970421791076660e-01,4.155055806040763855e-02,8.664811849594116211e-01,9.950677752494812012e-01,1.390171609818935394e-02,7.713111639022827148e-01,2.615161612629890442e-02,6.181586384773254395e-01,9.304280392825603485e-04,-5.752560682594776154e-03,4.313720390200614929e-03,1.495044119656085968e-02,2.976603340357542038e-03,-6.488821003586053848e-03,1.999611780047416687e-02,-4.609736497513949871e-04,5.590126849710941315e-03,-2.174084540456533432e-03
6.586828385479748249e-04,8.013592958450317383e-01,6.990684866905212402e-01,6.976845264434814453e-01,6.036486029624938965e-01,9.106214642524719238e-01,3.910311758518218994e-01,8.993755578994750977e-01,7.863978147506713867e-01,7.164269089698791504e-01,3.415589034557342529e-02,8.442569524049758911e-03,2.815225161612033844e-03,1.963719911873340607e-02,4.578748252242803574e-03,-6.271772086620330811e-03,4.289243835955858231e-03,4.264043178409337997e-03,9.012678638100624084e-03,-6.457896088249981403e-04
-2.458126691635698080e-04,8.072478175163269043e-01,7.896256446838378906e-01,7.017657756805419922e-01,7.094181180000305176e-01,9.967163801193237305e-01,1.809945143759250641e-02,9.078639745712280273e-01,7.911202311515808105e-01,7.909411191940307617e-01,1.738462364301085472e-03,-7.733714766800403595e-03,-1.609572209417819977e-02,-4.338552244007587433e-03,-2.153531881049275398e-03,-8.538107387721538544e-03,-1.778430305421352386e-02,-1.139139058068394661e-03,-1.892100786790251732e-03,-3.575982991605997086e-04
1.033139415085315704e-03,4.169576801359653473e-03,2.931297719478607178e-01,5.770646929740905762e-01,8.737385272979736328e-01,-3.688494209200143814e-03,3.030228894203901291e-03,4.834653735160827637e-01,1.373807899653911591e-03,6.748692393302917480e-01,4.812889546155929565e-02,4.506529867649078369e-02,1.699831895530223846e-02,1.270045433193445206e-02,1.482874061912298203e-02,4.222714900970458984e-02,4.794967174530029297e-02,1.565678045153617859e-02,3.731738775968551636e-02,1.132113486528396606e-02
1.095807063393294811e-03,3.018211424350738525e-01,7.148085236549377441e-01,7.998303174972534180e-01,8.914596438407897949e-01,9.985777139663696289e-01,2.954974174499511719e-01,7.947505116462707520e-01,4.920395016670227051e-01,9.000961184501647949e-01,5.966499447822570801e-03,6.598517764359712601e-03,9.282556362450122833e-03,1.071201870217919350e-03,-1.604430028237402439e-03,-2.991960791405290365e-04,5.278128664940595627e-03,-1.670107943937182426e-03,9.267219342291355133e-03,4.200667317491024733e-04
2.678938442841172218e-03,7.280317544937133789e-01,8.016143441200256348e-01,7.106990218162536621e-01,6.590753793716430664e-01,9.107400774955749512e-01,9.022565931081771851e-02,9.459219872951507568e-02,2.327817529439926147e-01,6.249616742134094238e-01,-4.740763455629348755e-02,-7.052020635455846786e-03,-1.878897286951541901e-02,-1.688251458108425140e-02,-1.038554683327674866e-02,-4.269927274435758591e-03,-1.709497347474098206e-02,-5.707928910851478577e-03,-1.019157376140356064e-02,-5.097672692500054836e-04
9.694316983222961426e-02,7.994571328163146973e-01,7.953613400459289551e-01,6.040305495262145996e-01,1.014461517333984375e+00,7.496666163206100464e-03,-1.866379869170486927e-03,7.183026075363159180e-01,4.633885324001312256e-01,9.196636676788330078e-01,-1.534069702029228210e-02,3.186721587553620338e-04,5.212761927396059036e-03,3.338944807182997465e-04,-1.219833735376596451e-02,5.668201018124818802e-03,4.433455411344766617e-03,-7.497419603168964386e-03,1.855248352512717247e-03,-7.333025569096207619e-04
2.672889037057757378e-03,7.975658774375915527e-01,7.228156328201293945e-01,9.110076427459716797e-01,8.914814591407775879e-01,1.008666634559631348e+00,3.090290129184722900e-01,2.803530097007751465e-01,4.918085038661956787e-01,8.855850696563720703e-01,5.823204293847084045e-03,-6.252652034163475037e-03,-8.880020468495786190e-04,4.028374794870615005e-03,7.128163706511259079e-03,-2.180292503908276558e-03,-8.043196052312850952e-03,7.389310281723737717e-03,-1.333900028839707375e-03,4.973858012817800045e-04
5.402580136433243752e-04,8.862262368202209473e-01,8.898512721061706543e-01,9.101349711418151855e-01,9.459494352340698242e-01,-7.447945419698953629e-03,-1.225957646965980530e-03,6.927485466003417969e-01,5.916646122932434082e-01,8.029850125312805176e-01,-4.861284047365188599e-03,-2.517621731385588646e-03,2.518121385946869850e-03,1.988412579521536827e-03,-8.422951214015483856e-03,-7.721526082605123520e-03,-1.127703581005334854e-02,-1.140883006155490875e-02,-4.453239496797323227e-03,-5.907468032091856003e-03
5.344698205590248108e-03,-8.579977788031101227e-03,2.983248094096779823e-03,2.093403041362762451e-02,9.486200287938117981e-03,-1.117356680333614349e-02,1.116445008665323257e-02,-3.097203560173511505e-03,-2.695190487429499626e-04,-5.356439389288425446e-03,8.622304201126098633e-01,3.670160472393035889e-01,4.246713519096374512e-01,4.045563638210296631e-01,5.287871360778808594e-01,9.207923710346221924e-02,5.369096994400024414e-01,1.695273816585540771e-01,4.381368458271026611e-01,-2.246444346383213997e-03
-3.846641164273023605e-03,2.825678288936614990e-01,5.775812864303588867e-01,7.489163279533386230e-01,5.034433603286743164e-01,9.993587434291839600e-02,8.983448892831802368e-02,3.945673406124114990e-01,1.513853967189788818e-01,4.828664958477020264e-01,5.695141106843948364e-02,2.206552959978580475e-02,-4.834497813135385513e-03,5.122419446706771851e-03,2.563728392124176025e-02,-4.282483831048011780e-03,-9.339511394500732422e-03,2.200119663029909134e-03,-1.983949448913335800e-03,5.959933623671531677e-03
-9.805759182199835777e-04,-1.104711089283227921e-02,1.170353125780820847e-02,-6.627594586461782455e-03,3.632481209933757782e-03,2.132948953658342361e-03,-2.519667148590087891e-03,2.184146828949451447e-02,5.823693238198757172e-03,6.902750581502914429e-02,9.230712056159973145e-01,9.499241113662719727e-01,9.383516311645507812e-01,9.230531454086303711e-01,7.841746807098388672e-01,9.886473417282104492e-01,9.790400266647338867e-01,5.060486961156129837e-03,9.885283112525939941e-01,1.167173404246568680e-02
1.906558871269226074e-03,9.443335533142089844e-01,9.506819248199462891e-01,9.662842154502868652e-01,9.633697867393493652e-01,9.851479530334472656e-01,1.784576289355754852e-02,6.031013131141662598e-01,9.748237133026123047e-01,7.663046717643737793e-01,3.681122139096260071e-02,-1.802307437174022198e-03,-8.552156388759613037e-03,-1.641191169619560242e-02,-3.630375023931264877e-03,2.151314867660403252e-03,-1.745243556797504425e-02,8.265082724392414093e-03,5.978713277727365494e-03,-1.913021551445126534e-03
6.248269928619265556e-04,-7.938029244542121887e-03,4.034328274428844452e-03,-5.828672088682651520e-03,-8.672498166561126709e-03,-4.428280051797628403e-03,-3.173181321471929550e-03,-1.184491068124771118e-02,-9.710442973300814629e-04,-1.472220011055469513e-02,1.012823104858398438e+00,9.814383387565612793e-01,9.907304644584655762e-01,1.011908531188964844e+00,9.958080649375915527e-01,2.473214827477931976e-02,7.473058067262172699e-03,-4.708046093583106995e-03,-5.421780981123447418e-03,2.347678644582629204e-03
3.546796040609478951e-03,-7.163456757552921772e-06,-1.017315872013568878e-02,-9.338048286736011505e-03,3.431542776525020599e-03,-1.376659888774156570e-02,-9.445094619877636433e-04,-5.427168216556310654e-03,-1.047440106049180031e-03,-6.345665897242724895e-04,1.024220824241638184e+00,1.024489998817443848e+00,1.003635883331298828e+00,9.927510023117065430e-01,1.009682655334472656e+00,1.006591677665710449e+00,1.008775591850280762e+00,7.140649557113647461e-01,1.021391630172729492e+00,9.942243099212646484e-01
-5.904026693315245211e-05,9.776379466056823730e-01,2.647501230239868164e-02,1.028406247496604919e-02,9.670526385307312012e-01,-8.711371570825576782e-03,-8.299674838781356812e-03,4.954302906990051270e-01,-1.676381798461079597e-03,4.842048585414886475e-01,-1.281185308471322060e-03,-5.096580716781318188e-04,-4.804272204637527466e-03,4.946695640683174133e-03,7.413176354020833969e-04,6.016611121594905853e-03,-2.313619479537010193e-03,-4.983735270798206329e-03,-4.613389261066913605e-03,3.555324859917163849e-03
2.770487626548856497e-04,6.957934498786926270e-01,6.041767001152038574e-01,1.029285974800586700e-02,4.803644716739654541e-01,7.097607594914734364e-04,1.014796551316976547e-02,5.740675926208496094e-01,1.900558918714523315e-02,5.884222984313964844e-01,2.734487131237983704e-02,2.794578298926353455e-02,3.270668908953666687e-02,4.120348393917083740e-02,1.700322702527046204e-02,3.500463208183646202e-03,1.890843175351619720e-02,-1.060668728314340115e-03,4.912761040031909943e-03,-1.525596599094569683e-03
2.159971045330166817e-03,8.008131757378578186e-03,9.738717228174209595e-03,-3.332656808197498322e-03,4.814803600311279297e-03,-5.325501319020986557e-03,-5.345062818378210068e-04,1.734618097543716431e-02,5.361651070415973663e-03,1.842610910534858704e-02,9.381937980651855469e-01,9.957044124603271484e-01,9.894304275512695312e-01,9.986019134521484375e-01,9.881386756896972656e-01,9.935438036918640137e-01,9.996309280395507812e-01,6.850502490997314453e-01,1.002763867378234863e+00,1.657556369900703430e-02
1.060632336884737015e-02,9.664245881140232086e-03,1.498947944492101669e-02,3.603997081518173218e-02,3.170832991600036621e-02,2.789462171494960785e-02,-5.356801557354629040e-04,-1.938286121003329754e-03,3.842291189357638359e-04,3.278039768338203430e-02,9.591413736343383789e-01,9.512225389480590820e-01,9.828265309333801270e-01,3.756750747561454773e-02,9.412840008735656738e-01,1.057665515691041946e-02,9.625037312507629395e-01,1.974810473620891571e-02,9.627953767776489258e-01,-1.940032700076699257e-03
-1.622574491193518043e-04,8.167961239814758301e-01,9.950856566429138184e-01,9.915819764137268066e-01,1.007522344589233398e+00,6.785145401954650879e-01,5.019084811210632324e-01,9.087597727775573730e-01,6.008872389793395996e-01,7.982802987098693848e-01,-1.086458377540111542e-02,-2.691675210371613503e-03,3.972446138504892588e-04,-6.766498088836669922e-03,-1.039561908692121506e-02,1.859530457295477390e-03,-5.993999075144529343e-03,-2.754201705101877451e-04,-1.053461898118257523e-02,-1.650159480050206184e-03
1.718455227091908455e-03,6.972369272261857986e-03,2.697465121746063232e-01,8.622190952301025391e-01,1.740503162145614624e-01,8.110709786415100098e-01,4.337455029599368572e-04,6.668926477432250977e-01,1.335080433636903763e-02,5.722914338111877441e-01,6.530377268791198730e-02,2.640068717300891876e-02,1.245359145104885101e-02,7.862766273319721222e-03,2.870806306600570679e-02,4.323872737586498260e-03,4.966647177934646606e-02,-7.741049863398075104e-03,2.113068290054798126e-02,-1.079225796274840832e-03
2.826203703880310059e-01,1.336336135864257812e-02,1.335562579333782196e-02,7.450081706047058105e-01,2.564155459403991699e-01,2.028997289016842842e-03,2.669161651283502579e-03,5.293318033218383789e-01,6.599198579788208008e-01,1.973825246095657349e-01,8.462769538164138794e-02,3.143753111362457275e-02,1.263080816715955734e-02,3.619189141318202019e-03,4.876738786697387695e-02,4.876939207315444946e-02,4.072767123579978943e-02,8.127671666443347931e-03,-5.732788238674402237e-03,1.908772811293601990e-02
-9.506603819318115711e-04,1.493209041655063629e-02,4.799497500061988831e-02,7.846795916557312012e-01,5.951758027076721191e-01,-3.043317236006259918e-03,-3.568835323676466942e-03,5.664653778076171875e-01,6.150251720100641251e-03,7.798178195953369141e-01,2.325480990111827850e-02,4.543647542595863342e-02,1.885710656642913818e-02,9.307361207902431488e-03,1.268855948001146317e-02,-4.607001610565930605e-04,-2.159951021894812584e-03,1.113275415264070034e-03,1.037897914648056030e-02,2.433151239529252052e-03
-1.918037305586040020e-03,2.794496119022369385e-01,2.754192054271697998e-02,6.934489607810974121e-01,9.978421330451965332e-01,6.537094712257385254e-03,-2.771651605144143105e-03,-4.895744845271110535e-03,-1.324507128447294235e-02,6.840598583221435547e-01,2.987759187817573547e-02,3.714512335136532784e-03,1.322571933269500732e-02,-5.828643683344125748e-03,-8.206248283386230469e-03,-7.037059869617223740e-03,-1.557193789631128311e-02,-4.738594405353069305e-03,-3.931733313947916031e-03,-6.605632370337843895e-04
-1.295933150686323643e-03,8.194531546905636787e-04,2.604945190250873566e-02,1.499429624527692795e-02,2.913076579570770264e-01,-8.262129500508308411e-03,2.937156241387128830e-03,-5.479140672832727432e-03,1.158924540504813194e-03,6.430163383483886719e-01,3.240603581070899963e-02,2.700574696063995361e-02,4.832793027162551880e-02,7.837760448455810547e-02,5.994803458452224731e-02,-4.185996949672698975e-03,2.703792182728648186e-03,3.523843362927436829e-02,4.644663538783788681e-03,-1.761519000865519047e-03
-6.945603527128696442e-04,4.437026381492614746e-01,5.684144496917724609e-01,6.830974221229553223e-01,2.504298686981201172e-01,8.939059376716613770e-01,1.516799479722976685e-01,3.639723956584930420e-01,2.554270327091217041e-01,7.095692753791809082e-01,1.466282177716493607e-02,1.409825775772333145e-02,-1.015948038548231125e-02,2.170205581933259964e-03,-1.717108674347400665e-02,-1.184837333858013153e-02,-1.212814915925264359e-02,8.808576967567205429e-04,6.798970047384500504e-03,1.332617364823818207e-03
-1.881129806861281395e-03,7.122447490692138672e-01,8.112680315971374512e-01,8.963314294815063477e-01,6.081518530845642090e-01,4.366731941699981689e-01,3.743889331817626953e-01,6.909732222557067871e-01,4.574643373489379883e-01,7.958903312683105469e-01,6.274820305407047272e-03,1.028588227927684784e-02,6.880412343889474869e-03,9.033647365868091583e-04,-9.162388159893453121e-04,6.676704157143831253e-03,1.131175924092531204e-02,1.149182021617889404e-02,1.433225162327289581e-02,5.098980851471424103e-03
-6.863006274215877056e-04,6.926150321960449219e-01,5.718004107475280762e-01,6.846094131469726562e-01,4.831071794033050537e-01,2.470208518207073212e-02,9.182699024677276611e-03,8.933925628662109375e-01,1.191963255405426025e-02,2.044487595558166504e-01,4.747890634462237358e-04,-8.306614123284816742e-03,2.852028002962470055e-03,-7.980617694556713104e-03,-2.498608315363526344e-03,1.218109019100666046e-02,1.268067676573991776e-02,9.081640164367854595e-04,5.937910638749599457e-03,3.641384420916438103e-03
1.615596935153007507e-03,9.344832599163055420e-02,9.589882940053939819e-02,1.005546599626541138e-01,9.036815911531448364e-02,4.323349520564079285e-02,3.479468077421188354e-02,1.278187483549118042e-01,5.107446759939193726e-02,1.519642919301986694e-01,8.557115197181701660e-01,8.030715398490428925e-03,-3.365026786923408508e-03,-3.907875157892704010e-03,-9.653838351368904114e-03,-3.006238024681806564e-03,-1.427232939749956131e-02,5.240584723651409149e-03,-1.030215900391340256e-02,-1.968878787010908127e-03
1.018105894327163696e-01,1.870865523815155029e-01,6.020830273628234863e-01,8.985025286674499512e-01,6.869157552719116211e-01,8.448420166969299316e-01,3.830570280551910400e-01,6.990383863449096680e-01,5.988016724586486816e-01,8.033356666564941406e-01,-8.639686740934848785e-03,-3.714377433061599731e-02,-1.436968334019184113e-02,-1.553157437592744827e-02,-1.604208908975124359e-02,-1.558704394847154617e-02,-2.463637292385101318e-02,-1.783348387107253075e-03,-8.230179548263549805e-03,3.137325402349233627e-03
4.532404709607362747e-04,-4.614670295268297195e-03,1.004357729107141495e-02,2.235403470695018768e-02,4.424016922712326050e-03,-5.433987360447645187e-03,-1.648831414058804512e-03,5.512441992759704590e-01,-4.710189532488584518e-03,8.124348521232604980e-01,1.326048374176025391e-02,4.076115041971206665e-02,7.190475240349769592e-03,-6.292060948908329010e-03,-2.371506998315453529e-03,-4.362112842500209808e-03,7.342352182604372501e-04,1.621814630925655365e-02,-2.319117775186896324e-03,8.124202489852905273e-03
-1.486356370151042938e-03,7.489866577088832855e-03,7.940697483718395233e-03,9.765467643737792969e-01,3.193623200058937073e-02,1.001530647277832031e+00,2.884885994717478752e-03,7.761763930320739746e-01,9.796906113624572754e-01,8.005983829498291016e-01,-1.028357259929180145e-02,1.354069169610738754e-02,-6.601500790566205978e-03,-1.683889329433441162e-02,-4.483935117605142295e-05,1.255053747445344925e-02,4.804924130439758301e-03,-8.975337259471416473e-03,2.675335621461272240e-03,-6.178472540341317654e-04
-1.863412326201796532e-03,4.040846135467290878e-03,2.997121401131153107e-02,1.059049740433692932e-02,5.306104943156242371e-02,-5.356058944016695023e-03,-5.275787785649299622e-03,7.848008722066879272e-02,-2.290061238454654813e-04,9.397703409194946289e-02,8.602707386016845703e-01,7.221168875694274902e-01,6.525898575782775879e-01,9.090166687965393066e-01,5.506168007850646973e-01,6.903683766722679138e-03,-6.674406467936933041e-04,-5.636967718601226807e-03,3.364818636327981949e-03,1.143776462413370609e-03
3.798469260800629854e-04,3.447774797677993774e-02,1.222486514598131180e-02,5.198180302977561951e-02,5.325825884938240051e-02,4.877701774239540100e-02,8.703436702489852905e-03,4.959812015295028687e-02,2.590978518128395081e-02,6.202768161892890930e-02,8.831501603126525879e-01,1.142486836761236191e-02,8.836215138435363770e-01,-1.423520687967538834e-02,-3.775115357711911201e-03,-3.300137817859649658e-03,9.049282670021057129e-01,-6.287829950451850891e-03,9.513919353485107422e-01,7.551993476226925850e-04
2.790454626083374023e-01,8.341327309608459473e-02,6.243371367454528809e-01,8.386282920837402344e-01,1.746384501457214355e-01,8.688850998878479004e-01,8.797813206911087036e-03,2.620849907398223877e-01,8.156596682965755463e-03,6.175597310066223145e-01,9.649183601140975952e-02,2.356179803609848022e-02,6.375351920723915100e-03,1.043208036571741104e-02,4.266688600182533264e-02,1.444792840629816055e-02,1.995759084820747375e-02,5.808991845697164536e-03,1.372471358627080917e-02,-4.808034747838973999e-03
6.094197742640972137e-04,9.633001089096069336e-01,9.557315707206726074e-01,9.721580743789672852e-01,7.849709987640380859e-01,4.966548085212707520e-01,3.848766088485717773e-01,9.858857989311218262e-01,6.743887662887573242e-01,7.489725947380065918e-01,-7.622452685609459877e-04,-6.586833391338586807e-03,-8.262965828180313110e-03,1.341153122484683990e-02,6.141247693449258804e-03,1.258982578292489052e-03,-2.630058676004409790e-03,6.833388935774564743e-03,-6.135853938758373260e-03,-3.622262971475720406e-03
-4.059132188558578491e-04,-3.566798521205782890e-03,4.371818620711565018e-03,-9.774463251233100891e-03,-4.599582462105900049e-04,8.974113501608371735e-03,6.744989659637212753e-03,1.492332667112350464e-02,1.684061810374259949e-02,7.087131496518850327e-03,9.922227263450622559e-01,8.134344816207885742e-01,9.891003370285034180e-01,-1.027201209217309952e-02,7.068217396736145020e-01,9.962010383605957031e-01,9.936000704765319824e-01,5.692477803677320480e-03,2.011934071779251099e-01,6.997065544128417969e-01
2.056265366263687611e-04,-2.381057711318135262e-03,-7.094574975781142712e-04,1.076197903603315353e-02,-3.439409658312797546e-03,-1.648862496949732304e-03,9.229864226654171944e-04,-2.935870783403515816e-03,3.183065680786967278e-03,-8.620188571512699127e-03,9.006385803222656250e-01,3.032177984714508057e-01,1.952343583106994629e-01,9.639355540275573730e-02,6.973143815994262695e-01,9.844613671302795410e-01,9.797001481056213379e-01,-6.421541911549866199e-04,1.119624171406030655e-02,5.502214771695435047e-04
-2.449168823659420013e-03,2.848466634750366211e-01,6.997740268707275391e-01,8.058063387870788574e-01,2.279785647988319397e-02,3.370587015524506569e-03,2.695637987926602364e-03,9.014927148818969727e-01,4.392341896891593933e-02,7.507487535476684570e-01,1.655367086641490459e-03,-6.415189243853092194e-03,-7.594729308038949966e-03,1.434287638403475285e-03,-3.973104758188128471e-04,-1.153292600065469742e-02,-6.483749020844697952e-03,3.513386007398366928e-03,-2.925917506217956543e-03,1.029857154935598373e-02
4.016501363366842270e-03,9.624053835868835449e-01,6.533060688525438309e-03,9.547613561153411865e-03,5.042257253080606461e-03,9.719667434692382812e-01,-5.830424837768077850e-03,7.656391263008117676e-01,-1.418491918593645096e-02,2.241754345595836639e-02,7.436930388212203979e-02,5.961620263406075537e-05,2.261895686388015747e-02,3.810010105371475220e-02,3.019309230148792267e-02,2.393214730545878410e-03,1.902850531041622162e-02,9.668927639722824097e-03,6.989029236137866974e-03,8.600376546382904053e-03
1.187098168884404004e-04,-2.751723863184452057e-03,1.729292795062065125e-02,4.734016954898834229e-01,9.971359968185424805e-01,-5.091007333248853683e-03,-2.497948706150054932e-03,4.960559904575347900e-01,2.741434145718812943e-03,6.920440196990966797e-01,2.463874779641628265e-02,6.234671920537948608e-03,1.979134976863861084e-02,9.985353797674179077e-03,2.130269538611173630e-03,6.540551781654357910e-03,3.272297792136669159e-03,2.288724528625607491e-03,-5.802607163786888123e-03,-2.862184774130582809e-03
4.054389894008636475e-03,-1.339128892868757248e-02,2.310164272785186768e-03,1.460328232496976852e-02,8.859523385763168335e-02,4.170077387243509293e-03,-2.379875397309660912e-03,1.149934232234954834e-01,4.330083262175321579e-03,9.098274260759353638e-02,8.495429158210754395e-01,7.935969233512878418e-01,7.072579264640808105e-01,8.532273173332214355e-01,2.053864151239395142e-01,-6.118997931480407715e-03,-1.538068521767854691e-02,-5.524099338799715042e-03,7.231211639009416103e-04,-4.024188965559005737e-03
-4.938947036862373352e-03,-4.403588362038135529e-03,-1.956637017428874969e-03,-1.916425884701311588e-03,-3.688831115141510963e-03,-1.276882924139499664e-02,-8.227777434512972832e-04,-6.595178507268428802e-03,3.204512468073517084e-04,-1.048643607646226883e-02,9.996175169944763184e-01,1.016828894615173340e+00,1.014234185218811035e+00,9.911207556724548340e-01,1.021554827690124512e+00,9.954409003257751465e-01,1.004938244819641113e+00,6.956672668457031250e-01,9.948621392250061035e-01,6.863291263580322266e-01
2.738110488280653954e-03,1.068681827746331692e-03,5.838337820023298264e-03,9.658086113631725311e-03,2.685443870723247528e-02,5.890727508813142776e-03,2.716434886679053307e-03,7.723380811512470245e-03,-3.057352732867002487e-04,3.553811460733413696e-02,9.699124693870544434e-01,9.640063047409057617e-01,9.670684933662414551e-01,9.693508148193359375e-01,9.700456857681274414e-01,4.933395683765411377e-01,4.890716373920440674e-01,9.901127815246582031e-01,4.949783682823181152e-01,-5.853778682649135590e-03
-2.259996486827731133e-03,3.456796286627650261e-03,-5.948060657829046249e-03,-1.196444127708673477e-02,-1.961438450962305069e-03,-2.493383362889289856e-03,-5.265114363282918930e-03,-7.576896809041500092e-03,-1.587850973010063171e-03,-1.207499951124191284e-02,8.137083649635314941e-01,8.094341158866882324e-01,1.014261841773986816e+00,9.983388781547546387e-01,8.073710203170776367e-01,1.011814713478088379e+00,1.013103365898132324e+00,7.004933357238769531e-01,1.009906172752380371e+00,9.972982406616210938e-01
-1.255443086847662926e-03,-7.598638068884611130e-03,1.907769823446869850e-03,7.046238053590059280e-03,5.435863975435495377e-03,-4.729592707008123398e-03,-2.082751598209142685e-04,1.569468341767787933e-02,4.076900426298379898e-03,1.932826591655611992e-03,9.543990492820739746e-01,9.844225645065307617e-01,9.791457056999206543e-01,9.526099562644958496e-01,9.876946806907653809e-01,9.882712364196777344e-01,9.806702136993408203e-01,-2.579386113211512566e-03,9.990196824073791504e-01,7.950585484504699707e-01
7.899675518274307251e-03,5.494360229931771755e-04,-1.707391999661922455e-02,-2.504573017358779907e-02,-4.605157766491174698e-03,2.434368710964918137e-03,3.498623846098780632e-03,1.895766588859260082e-03,7.383772754110395908e-04,-2.593953534960746765e-02,1.023890733718872070e+00,3.662216244265437126e-03,-2.005806565284729004e-02,-1.341057475656270981e-02,2.640814287588000298e-03,-2.928280038759112358e-03,2.134348324034363031e-04,2.920971512794494629e-01,-4.010587930679321289e-03,3.875058377161622047e-03
6.190459680510684848e-05,-2.222338924184441566e-03,-1.007523573935031891e-02,-1.219710428267717361e-02,-2.412027679383754730e-02,8.410198497585952282e-04,-5.132544320076704025e-03,-4.594370722770690918e-02,-5.072970816399902105e-05,3.298641415312886238e-03,1.012543559074401855e+00,7.855912446975708008e-01,8.300911188125610352e-01,1.018186926841735840e+00,6.845132112503051758e-01,2.284179814159870148e-02,1.847557164728641510e-02,5.914089679718017578e-01,4.320157691836357117e-02,-7.272979710251092911e-03
-1.382584741804748774e-04,6.998342275619506836e-01,7.927510142326354980e-01,7.930235862731933594e-01,8.937680721282958984e-01,2.043472602963447571e-02,6.754060275852680206e-03,7.057790160179138184e-01,3.108834326267242432e-01,6.051542758941650391e-01,1.202091109007596970e-03,-4.588975571095943451e-03,-9.346990264020860195e-04,-1.376758678816258907e-03,-6.707031745463609695e-03,-7.485567126423120499e-03,-1.525397039949893951e-02,-3.566378494724631310e-03,-6.531626451760530472e-03,1.125521142967045307e-03
1.776003045961260796e-03,-2.588151721283793449e-03,4.302119836211204529e-03,3.408546792343258858e-03,-3.708538133651018143e-03,-6.208646576851606369e-03,-1.833937247283756733e-03,-5.180915351957082748e-03,5.744607653468847275e-03,-7.136477506719529629e-06,9.108666181564331055e-01,3.021014034748077393e-01,1.791810393333435059e-01,7.706403732299804688e-02,7.200043201446533203e-01,5.227515697479248047e-01,6.050242185592651367e-01,3.939853608608245850e-01,3.390802741050720215e-01,8.159635663032531738e-01
-2.344718202948570251e-03,7.635464072227478027e-01,7.804543524980545044e-02,8.496289849281311035e-01,6.737754344940185547e-01,7.342639728449285030e-04,-8.161372970789670944e-04,3.760134875774383545e-01,6.756121516227722168e-01,8.605190515518188477e-01,3.275709459558129311e-03,1.722007058560848236e-02,1.752586290240287781e-02,4.355451557785272598e-03,1.817945390939712524e-02,5.593129992485046387e-02,5.417888611555099487e-02,6.110785063356161118e-03,7.370391394942998886e-03,-2.384727820754051208e-03
-4.883551737293601036e-04,7.820380330085754395e-01,7.687724232673645020e-01,9.885089397430419922e-01,8.882794976234436035e-01,9.938393831253051758e-01,6.831592917442321777e-01,8.956570625305175781e-01,8.050377964973449707e-01,8.788558244705200195e-01,-3.117190673947334290e-03,-4.890589043498039246e-03,-4.115579184144735336e-03,1.647487655282020569e-02,1.202808320522308350e-02,3.886797640006989241e-04,-4.358560312539339066e-03,5.963447038084268570e-03,4.594005295075476170e-04,-5.946328165009617805e-04
-1.062893657945096493e-03,7.957620024681091309e-01,-5.236511118710041046e-03,9.962565898895263672e-01,9.858281016349792480e-01,9.885286688804626465e-01,-2.471479587256908417e-03,7.029443979263305664e-01,4.910705089569091797e-01,9.913582205772399902e-01,2.179611101746559143e-02,-2.137934789061546326e-02,-3.449155483394861221e-04,-4.743401892483234406e-03,-2.252685837447643280e-02,-7.275439798831939697e-03,9.146571392193436623e-04,-1.870605628937482834e-03,3.825888969004154205e-03,1.998372899834066629e-04
-1.079313922673463821e-03,-1.361303497105836868e-03,-1.111253368435427547e-04,4.042053595185279846e-03,3.746256232261657715e-03,6.436360068619251251e-03,4.136575851589441299e-03,8.200921118259429932e-03,1.813448593020439148e-02,7.251644274219870567e-04,8.281809687614440918e-01,7.936632633209228516e-01,9.304820895195007324e-01,9.754552841186523438e-01,9.825035929679870605e-01,1.349948905408382416e-02,4.879960790276527405e-03,4.146277904510498047e-03,9.292715229094028473e-03,7.087513208389282227e-01
3.646890632808208466e-03,3.651440516114234924e-02,1.345031335949897766e-02,5.517955869436264038e-02,3.710027411580085754e-02,6.235941872000694275e-02,1.393268257379531860e-02,5.577129498124122620e-02,2.544127218425273895e-02,4.557633027434349060e-02,8.413136005401611328e-01,2.258221618831157684e-02,2.945944434031844139e-03,1.032458618283271790e-01,4.942123889923095703e-01,1.012332141399383545e-01,4.013558477163314819e-02,1.014879941940307617e-01,2.994973957538604736e-01,5.892277359962463379e-01
-8.248659432865679264e-04,2.557447850704193115e-01,6.722891926765441895e-01,8.784111738204956055e-01,2.466840744018554688e-01,-7.017266005277633667e-03,-2.597898012027144432e-03,7.923812270164489746e-01,4.175845682621002197e-01,8.545186519622802734e-01,9.034874849021434784e-03,5.366363562643527985e-03,2.019019983708858490e-02,1.249395683407783508e-02,5.472626071423292160e-05,5.223025102168321609e-03,9.593648137524724007e-04,-2.560872584581375122e-03,-7.920887321233749390e-03,-2.243363531306385994e-03
1.450415002182126045e-04,-3.410142147913575172e-03,-1.257119583897292614e-05,2.631307393312454224e-02,-1.298698480241000652e-04,7.536659482866525650e-03,-1.688173273578286171e-03,1.215605437755584717e-02,1.264679525047540665e-02,3.019228763878345490e-02,9.614194035530090332e-01,1.877791993319988251e-02,1.211563963443040848e-02,3.946553450077772141e-03,-6.566462572664022446e-03,3.840508725261315703e-05,-5.175257683731615543e-04,3.360162489116191864e-03,-1.977338688448071480e-03,6.292411126196384430e-04
-1.355896703898906708e-03,8.044450283050537109e-01,6.520869135856628418e-01,8.622029423713684082e-01,9.262190461158752441e-01,2.137971669435501099e-02,8.344919420778751373e-03,8.019214272499084473e-01,3.265503421425819397e-02,7.384283542633056641e-01,-1.019547972828149796e-02,-7.310930639505386353e-03,-1.430080365389585495e-02,-3.693006001412868500e-03,-2.128287451341748238e-03,-5.850403103977441788e-03,-7.908089086413383484e-03,-6.320950575172901154e-03,-6.395192816853523254e-03,-1.678469008766114712e-03
-6.127045955508947372e-03,-1.820021867752075195e-02,-2.081193774938583374e-02,-2.647173218429088593e-02,-1.370890531688928604e-02,-2.356351120397448540e-03,-3.676794935017824173e-03,-1.189737766981124878e-02,-4.607314709573984146e-03,-1.791739650070667267e-02,1.015204548835754395e+00,6.368531286716461182e-02,2.864543907344341278e-02,1.173304114490747452e-02,1.890044286847114563e-02,9.863795638084411621e-01,9.805556535720825195e-01,1.270846929401159286e-02,9.891247749328613281e-01,7.087090015411376953e-01
1.026156246662139893e-01,6.994783878326416016e-01,8.082899451255798340e-01,9.075423479080200195e-01,8.053970932960510254e-01,1.118739042431116104e-02,6.970206275582313538e-03,7.950046658515930176e-01,1.760213822126388550e-02,6.017633080482482910e-01,-5.206677131354808807e-03,5.204369314014911652e-03,-1.945265568792819977e-02,-3.817053278908133507e-03,2.036076271906495094e-03,5.951826926320791245e-03,1.174751087091863155e-04,-7.454053033143281937e-03,-2.093456219881772995e-03,-1.037387060932815075e-03
9.996441658586263657e-04,7.970184683799743652e-01,9.761692285537719727e-01,8.860214352607727051e-01,7.007645964622497559e-01,5.739839076995849609e-01,4.820313751697540283e-01,7.082854509353637695e-01,5.918354392051696777e-01,8.030176162719726562e-01,-5.722668953239917755e-03,-6.958150188438594341e-04,-1.896007684990763664e-03,1.148079987615346909e-02,-2.869716146960854530e-03,5.862667690962553024e-03,-9.475418366491794586e-03,1.497530494816601276e-03,5.677031818777322769e-03,-2.010027645155787468e-03
2.065308217424899340e-05,8.051652312278747559e-01,8.015111684799194336e-01,7.257270812988281250e-01,5.759287476539611816e-01,2.248642779886722565e-02,2.497152239084243774e-02,8.732782602310180664e-01,4.506890475749969482e-02,6.671434640884399414e-01,1.518873218446969986e-02,1.449389848858118057e-02,7.800065912306308746e-03,1.696413196623325348e-02,-8.302315138280391693e-03,-8.195147849619388580e-03,-2.551415935158729553e-03,-5.556818097829818726e-03,-1.780353370122611523e-03,-6.313447374850511551e-04
-6.859426503069698811e-04,6.243713498115539551e-01,7.214366197586059570e-01,8.132289052009582520e-01,5.373718142509460449e-01,9.944326281547546387e-01,-3.033383749425411224e-03,7.054259777069091797e-01,4.680281579494476318e-01,7.180425524711608887e-01,-1.016193442046642303e-02,4.789655562490224838e-03,5.930064711719751358e-03,3.736939979717135429e-04,1.831281231716275215e-03,-1.560846692882478237e-03,-3.956127329729497433e-05,-3.300536889582872391e-03,-8.781010285019874573e-03,1.051784725859761238e-03
-5.380517904995940626e-05,7.802855968475341797e-01,8.981254696846008301e-01,8.409525752067565918e-01,8.805043697357177734e-01,6.128522157669067383e-01,5.005014538764953613e-01,6.981780529022216797e-01,5.093013048171997070e-01,7.941917181015014648e-01,7.553469389677047729e-03,5.111403879709541798e-04,7.938890717923641205e-03,1.033223234117031097e-03,8.489960804581642151e-03,1.586214522831141949e-03,1.507186517119407654e-02,8.421851089224219322e-04,-8.822031668387353420e-04,-1.232595881447196007e-03
1.604410645086318254e-04,6.719737052917480469e-01,3.417857456952333450e-03,9.754630327224731445e-01,9.796551465988159180e-01,4.641089737415313721e-01,4.674823284149169922e-01,9.759318232536315918e-01,6.464751958847045898e-01,9.557161927223205566e-01,5.282534286379814148e-02,-4.908151179552078247e-02,1.368041243404150009e-02,2.297176234424114227e-02,3.124311938881874084e-02,2.225720323622226715e-03,1.899490319192409515e-02,-3.591733984649181366e-03,1.114649791270494461e-02,-3.866394516080617905e-03
5.958486795425415039e-01,2.887941598892211914e-01,7.612707018852233887e-01,8.901491165161132812e-01,6.808414459228515625e-01,4.871487915515899658e-01,3.893012106418609619e-01,9.637088775634765625e-01,6.949089169502258301e-01,7.682624459266662598e-01,6.511882692575454712e-02,7.582154590636491776e-03,-9.784501977264881134e-03,4.511541686952114105e-03,2.012869156897068024e-02,6.197580602020025253e-03,3.784100990742444992e-03,-1.766449888236820698e-03,-2.041934290900826454e-03,4.241270944476127625e-03
-3.660671180114150047e-03,-9.972179308533668518e-03,-2.136251889169216156e-03,-2.437572553753852844e-02,-6.729056593030691147e-03,-2.035540994256734848e-03,-1.182005647569894791e-02,-1.625319011509418488e-02,-8.532668463885784149e-03,-9.822803549468517303e-03,1.019990086555480957e+00,7.092911601066589355e-01,3.985593020915985107e-01,3.612090945243835449e-01,7.008143663406372070e-01,9.962738752365112305e-01,1.019966483116149902e+00,6.056133508682250977e-01,1.009809732437133789e+00,7.989089488983154297e-01
6.169239059090614319e-03,2.822530455887317657e-02,2.550476603209972382e-02,2.624953351914882660e-02,1.376473344862461090e-03,-4.849723191000521183e-04,-7.774530095048248768e-04,8.289264142513275146e-02,-4.680349957197904587e-03,4.824835434556007385e-02,9.069369435310363770e-01,9.034411981701850891e-03,-1.046406757086515427e-02,-3.277741372585296631e-03,-2.089797053486108780e-03,7.993557490408420563e-03,-9.705992415547370911e-04,6.021618377417325974e-03,-4.819416906684637070e-03,-9.447589400224387646e-04
1.599753391928970814e-03,6.984585896134376526e-03,1.084711495786905289e-02,1.071363501250743866e-02,4.742683842778205872e-03,6.398905068635940552e-03,8.226906880736351013e-03,9.974670596420764923e-03,3.897276706993579865e-03,2.071209996938705444e-02,9.789997339248657227e-01,-9.423423325642943382e-04,2.184243872761726379e-03,4.647112451493740082e-03,5.865290164947509766e-01,-5.366939119994640350e-03,6.896462440490722656e-01,2.127324696630239487e-03,7.936372756958007812e-01,6.966813206672668457e-01
6.975030410103499889e-04,7.361485362052917480e-01,6.622728109359741211e-01,-1.597516983747482300e-02,6.008755564689636230e-01,3.551512956619262695e-01,2.662950754165649414e-01,-1.041214913129806519e-02,2.486064098775386810e-02,1.888581365346908569e-02,9.885761886835098267e-02,1.315202470868825912e-02,-5.194392986595630646e-03,3.681175038218498230e-02,1.470251940190792084e-02,6.275823805481195450e-03,3.345249220728874207e-02,1.451192609965801239e-02,2.841079235076904297e-02,1.990744471549987793e-02
9.891598019748926163e-04,4.184766858816146851e-02,4.687421396374702454e-02,5.123450607061386108e-02,4.592472314834594727e-02,1.192359160631895065e-02,4.445772618055343628e-03,-2.764803357422351837e-03,1.373353600502014160e-02,8.295478671789169312e-02,-2.049795584753155708e-03,-7.771139033138751984e-03,-4.817528184503316879e-03,-4.635584075003862381e-03,1.788009144365787506e-02,4.634995162487030029e-01,5.426333546638488770e-01,3.667929172515869141e-01,2.567538321018218994e-01,4.635515157133340836e-03
1.739319646731019020e-03,8.123584389686584473e-01,9.207779169082641602e-01,9.033638834953308105e-01,7.183476686477661133e-01,3.594694286584854126e-02,1.687820255756378174e-02,1.047664582729339600e-01,2.787791378796100616e-02,7.985444664955139160e-01,-4.971491172909736633e-03,-1.245919056236743927e-02,-4.440153017640113831e-03,-1.031758822500705719e-02,1.106175477616488934e-04,-6.326179020106792450e-03,-1.060922071337699890e-02,-1.434303703717887402e-03,7.162672001868486404e-03,-1.568871783092617989e-03
-6.339037208817899227e-04,8.020144104957580566e-01,6.837426424026489258e-01,8.796806931495666504e-01,6.956582665443420410e-01,2.631239406764507294e-02,2.039154618978500366e-02,7.987967133522033691e-01,7.038798332214355469e-01,8.053247332572937012e-01,1.117495587095618248e-03,-1.068801525980234146e-02,-1.617316901683807373e-02,-1.629805541597306728e-03,-1.391617348417639732e-03,3.773495554924011230e-02,1.854931563138961792e-02,-4.890111275017261505e-03,-1.350660063326358795e-02,3.442255780100822449e-03
9.730575256980955601e-04,-6.681932136416435242e-03,-6.111122202128171921e-03,-5.898202769458293915e-03,8.464960381388664246e-03,-1.556337531656026840e-02,-1.500968588516116142e-03,2.611070126295089722e-02,-1.263201329857110977e-02,4.969188198447227478e-02,9.606223702430725098e-01,9.520257115364074707e-01,9.443292021751403809e-01,9.585218429565429688e-01,7.507786750793457031e-01,9.530597329139709473e-01,9.706665277481079102e-01,7.412839531898498535e-01,9.818941354751586914e-01,1.286295242607593536e-02
1.945996284484863281e-01,9.831216931343078613e-02,2.306081727147102356e-02,7.735738754272460938e-01,6.689639091491699219e-01,6.736585404723882675e-03,-1.401016139425337315e-03,6.745826005935668945e-01,2.602976746857166290e-05,2.365172374993562698e-03,2.741094678640365601e-02,1.166064478456974030e-02,9.034340269863605499e-03,9.155678562819957733e-03,5.514173768460750580e-03,8.529537357389926910e-03,1.887227222323417664e-02,7.368934340775012970e-03,3.806120250374078751e-03,3.716889303177595139e-03
6.985631625866517425e-05,7.113954052329063416e-03,-3.874127054587006569e-03,-9.673565626144409180e-03,3.827517852187156677e-03,8.544743759557604790e-04,5.531026981770992279e-04,8.327834308147430420e-03,1.365061965771019459e-03,1.463602390140295029e-02,8.953015208244323730e-01,7.029196023941040039e-01,8.978748321533203125e-01,1.875565201044082642e-01,5.832810401916503906e-01,9.898496866226196289e-01,9.854817986488342285e-01,9.197455644607543945e-02,3.860124051570892334e-01,4.034067690372467041e-01
3.789907321333885193e-03,-2.991684013977646828e-04,3.581703640520572662e-03,-1.228088233619928360e-02,-1.170544978231191635e-02,6.480472628027200699e-03,6.646900903433561325e-03,-1.134435646235942841e-02,-5.291882436722517014e-03,4.382099956274032593e-03,9.230140447616577148e-01,1.055400893092155457e-01,1.283466964960098267e-01,8.975179791450500488e-01,5.116305947303771973e-01,4.795686900615692139e-01,5.732618570327758789e-01,9.308115392923355103e-02,2.920328378677368164e-01,6.966376304626464844e-01
-4.468488506972789764e-03,-5.924727767705917358e-03,-1.681257970631122589e-03,6.682221777737140656e-03,-7.106501725502312183e-04,-6.642166990786790848e-03,-2.676530042663216591e-03,-2.757109468802809715e-03,-8.678940124809741974e-03,-4.276836989447474480e-05,8.086811900138854980e-01,6.885388493537902832e-01,7.999157905578613281e-01,9.954653382301330566e-01,9.469042420387268066e-01,5.400609690696001053e-03,1.883289543911814690e-03,-1.076918840408325195e-02,-1.667748764157295227e-02,5.951273441314697266e-01
4.725880920886993408e-03,8.922708630561828613e-01,9.926307201385498047e-01,1.000813841819763184e+00,7.929869294166564941e-01,5.034750103950500488e-01,4.955647587776184082e-01,9.094357490539550781e-01,6.880540251731872559e-01,7.179073095321655273e-01,7.690319791436195374e-03,-4.954459611326456070e-03,-1.269845757633447647e-02,-5.776007659733295441e-03,-1.002355478703975677e-02,-2.581446897238492966e-03,-5.418649874627590179e-03,-1.510551664978265762e-03,-6.907810922712087631e-03,-2.955662086606025696e-03
3.329061437398195267e-04,8.226639591157436371e-03,7.922142744064331055e-01,1.015176534652709961e+00,9.832587838172912598e-01,1.002503156661987305e+00,7.025517988950014114e-03,8.244866728782653809e-01,9.831854701042175293e-01,9.838939905166625977e-01,-2.385666221380233765e-02,-7.127269171178340912e-03,-8.277007145807147026e-04,-2.838321728631854057e-03,-3.277213312685489655e-03,-1.076647173613309860e-02,-1.128691155463457108e-02,-2.984356135129928589e-03,1.780852791853249073e-03,2.171018968510907143e-05
-5.285076797008514404e-03,-3.924036864191293716e-03,-6.119087804108858109e-03,-2.164747379720211029e-02,-2.719585318118333817e-03,-7.466556038707494736e-03,-3.164157271385192871e-03,-1.952961646020412445e-02,-1.935212523676455021e-03,-4.194682836532592773e-02,7.877911925315856934e-01,7.384666204452514648e-01,9.926957488059997559e-01,2.494800090789794922e-02,8.265606164932250977e-01,1.009790062904357910e+00,1.004236578941345215e+00,-9.050742723047733307e-03,1.010266065597534180e+00,-7.380884606391191483e-03
2.268738346174359322e-03,-1.675405190326273441e-03,7.212293334305286407e-03,1.537996693514287472e-03,1.809725537896156311e-02,8.523789001628756523e-04,3.955428488552570343e-03,6.760946474969387054e-03,4.945800174027681351e-04,7.995083928108215332e-03,1.007784843444824219e+00,7.954207658767700195e-01,5.913891792297363281e-01,-1.061684219166636467e-03,3.838057816028594971e-01,1.001665472984313965e+00,9.895668029785156250e-01,-2.446543192490935326e-03,9.930278062820434570e-01,1.000296831130981445e+00
1.842295750975608826e-03,5.430828314274549484e-04,8.796825073659420013e-03,3.773267939686775208e-02,3.382398560643196106e-02,2.707796730101108551e-02,3.705141134560108185e-04,4.751795157790184021e-02,-3.213077550753951073e-03,3.593711927533149719e-02,9.364904761314392090e-01,9.766367077827453613e-01,9.722825884819030762e-01,9.364550113677978516e-01,6.979502439498901367e-01,2.175026573240756989e-02,7.343787550926208496e-01,4.858842790126800537e-01,1.285503990948200226e-02,-6.999376695603132248e-03
6.844143848866224289e-03,5.040258914232254028e-02,6.626298427581787109e-01,7.731150984764099121e-01,3.508408367633819580e-02,-5.577046889811754227e-03,-2.137388568371534348e-03,7.057753205299377441e-01,8.690268732607364655e-03,6.684700250625610352e-01,5.883959680795669556e-02,-1.939566619694232941e-02,-4.398959223181009293e-03,1.325410907156765461e-03,-4.099897108972072601e-03,-4.583423491567373276e-03,-6.233855150640010834e-03,2.553409663960337639e-03,2.459837356582283974e-03,-4.100982332602143288e-04
-5.426662974059581757e-04,7.700178623199462891e-01,6.773343682289123535e-01,9.692126512527465820e-01,7.565761208534240723e-01,9.716918468475341797e-01,-5.145825445652008057e-03,6.858861446380615234e-01,-2.462777681648731232e-02,7.488706707954406738e-01,1.033026725053787231e-02,-7.165722308855038136e-06,-8.619332220405340195e-05,9.207316674292087555e-03,3.081644652411341667e-03,-2.841069130226969719e-03,5.379118956625461578e-03,6.581734865903854370e-03,2.524419873952865601e-02,-4.479006864130496979e-03
-1.016582013107836246e-03,-2.717042807489633560e-03,-1.657667383551597595e-02,-4.412796813994646072e-03,9.257174283266067505e-02,-1.418127305805683136e-02,-1.104030385613441467e-02,1.500547975301742554e-01,-3.541843034327030182e-03,5.902033448219299316e-01,1.157686114311218262e-01,8.085747063159942627e-02,1.011346131563186646e-01,5.873779579997062683e-02,4.386011883616447449e-02,5.070365592837333679e-02,7.404636591672897339e-02,5.660862103104591370e-02,5.630421265959739685e-02,2.705999417230486870e-03
-6.627827533520758152e-04,7.890229225158691406e-01,6.881934404373168945e-01,7.844728827476501465e-01,5.845678448677062988e-01,4.737465679645538330e-01,3.826777040958404541e-01,6.873170733451843262e-01,5.700514316558837891e-01,8.400248289108276367e-01,3.480099514126777649e-02,-5.593257956206798553e-03,2.074982784688472748e-02,2.240275219082832336e-02,1.453315466642379761e-02,-1.559900958091020584e-02,-1.535173412412405014e-02,1.725449692457914352e-06,-4.056476522237062454e-03,-3.462575376033782959e-03
-2.456810325384140015e-04,9.528044611215591431e-03,2.283797264099121094e-01,8.153815269470214844e-01,4.137958586215972900e-01,9.175114631652832031e-01,1.036244556307792664e-01,7.968735694885253906e-01,6.226229667663574219e-01,7.955694794654846191e-01,1.919507794082164764e-02,5.950119346380233765e-03,2.098444849252700806e-02,9.137951768934726715e-03,1.772325485944747925e-02,6.541473325341939926e-03,1.974978484213352203e-02,-2.476395573467016220e-03,1.143849641084671021e-02,-2.798061177600175142e-04
4.159089876338839531e-04,8.903799057006835938e-01,7.963978052139282227e-01,8.782177567481994629e-01,7.932770848274230957e-01,4.917158931493759155e-02,3.450841829180717468e-02,6.973080635070800781e-01,5.785163864493370056e-02,7.924320101737976074e-01,1.936489902436733246e-02,5.004224367439746857e-03,2.244538161903619766e-03,1.970024593174457550e-02,3.328996943309903145e-03,6.796268280595541000e-04,4.385959473438560963e-04,-1.229782588779926300e-03,-5.588418804109096527e-03,4.165143182035535574e-04
-8.813962340354919434e-04,7.292127013206481934e-01,8.213430047035217285e-01,9.246821999549865723e-01,7.119011282920837402e-01,9.191675186157226562e-01,-5.775063764303922653e-03,3.045604825019836426e-01,4.585244227200746536e-03,6.287348270416259766e-01,-2.675837278366088867e-02,-1.019120682030916214e-02,-8.294160477817058563e-03,-5.186172202229499817e-03,-1.083582639694213867e-03,-3.273761365562677383e-03,-2.667515305802226067e-03,-7.612284738570451736e-03,-1.713372417725622654e-03,-2.830848796293139458e-03
-1.727587776258587837e-03,4.844499053433537483e-04,-9.365051053464412689e-03,-9.255825541913509369e-03,-1.558871939778327942e-02,-2.326173009350895882e-03,-1.628748374059796333e-03,-5.810512229800224304e-03,1.914872700581327081e-05,-2.902243752032518387e-03,8.488100171089172363e-01,8.060343861579895020e-01,8.116750717163085938e-01,7.482700943946838379e-01,7.311350107192993164e-01,6.223763823509216309e-01,6.005995869636535645e-01,1.507027000188827515e-01,5.413058400154113770e-01,-9.317569434642791748e-03
8.939906023442745209e-03,1.211623102426528931e-02,3.662164555862545967e-03,-1.537474337965250015e-02,-6.999342702329158783e-03,-5.244763102382421494e-03,-8.875373750925064087e-03,9.938698261976242065e-03,1.152135618031024933e-02,-4.703446291387081146e-03,9.964277744293212891e-01,8.986175656318664551e-01,9.943190217018127441e-01,-5.484932917170226574e-04,8.041011095046997070e-01,1.022984027862548828e+00,1.015089511871337891e+00,1.832258654758334160e-03,1.003711581230163574e+00,8.013802170753479004e-01
-1.632329542189836502e-03,-4.708553664386272430e-03,-7.360860705375671387e-03,1.650515384972095490e-02,-3.178010229021310806e-03,6.152257323265075684e-03,-7.128025754354894161e-04,-3.732572949957102537e-04,5.760794738307595253e-04,-4.523967392742633820e-03,9.784179329872131348e-01,7.048732638359069824e-01,6.214691996574401855e-01,1.920725256204605103e-01,9.909811615943908691e-01,4.057496786117553711e-03,1.123951002955436707e-02,5.000480413436889648e-01,1.833837106823921204e-02,6.939625144004821777e-01
1.713237143121659756e-03,-1.259676553308963776e-02,9.635944962501525879e-01,9.527332782745361328e-01,9.861015677452087402e-01,5.736052407883107662e-04,2.948712324723601341e-03,4.785318970680236816e-01,1.900395192205905914e-02,7.084270119667053223e-01,1.153127569705247879e-02,-4.576832056045532227e-03,-6.277204491198062897e-03,-2.542534610256552696e-03,2.356356708332896233e-03,4.901601001620292664e-03,9.875558316707611084e-03,5.004405975341796875e-03,1.988983480259776115e-03,4.800473689101636410e-04
9.808261394500732422e-01,2.703292369842529297e-01,-8.192375302314758301e-03,-7.368935272097587585e-03,5.938782095909118652e-01,-1.402084948495030403e-03,1.507101231254637241e-03,6.975553035736083984e-01,4.379195570945739746e-01,5.787316560745239258e-01,6.020830199122428894e-02,9.116891026496887207e-02,1.245226487517356873e-01,1.233490556478500366e-01,4.434765875339508057e-02,9.497480466961860657e-03,1.946134865283966064e-02,3.207026515156030655e-03,1.308127865195274353e-02,1.271496876142919064e-03
-4.965097759850323200e-04,7.157592177391052246e-01,5.696312189102172852e-01,5.889403820037841797e-01,7.083783745765686035e-01,8.216969370841979980e-01,1.344125811010599136e-02,-1.383234187960624695e-02,5.283961445093154907e-02,6.952653527259826660e-01,-4.952651914209127426e-03,2.873615594580769539e-03,2.633859636262059212e-03,-3.332754131406545639e-03,4.067208152264356613e-03,1.658661477267742157e-02,5.131408106535673141e-03,-7.854651659727096558e-03,8.207397535443305969e-03,7.187428855104371905e-05
7.853906601667404175e-03,1.598166860640048981e-02,2.016620524227619171e-02,4.247361421585083008e-01,9.980214238166809082e-01,9.945396780967712402e-01,-6.878787651658058167e-03,1.935005635023117065e-01,-1.892535015940666199e-02,8.024760484695434570e-01,-7.305142004042863846e-03,9.175549261271953583e-03,9.746163152158260345e-03,-6.897490937262773514e-03,8.705043233931064606e-03,1.508045126684010029e-03,-2.675899537280201912e-03,1.352538540959358215e-02,-2.029030583798885345e-03,-1.389390905387699604e-03
5.856154602952301502e-04,8.901919722557067871e-01,9.010435938835144043e-01,9.095206856727600098e-01,9.256381392478942871e-01,9.898435473442077637e-01,6.097605824470520020e-02,5.601473450660705566e-01,4.748700857162475586e-01,8.733907341957092285e-01,7.183020003139972687e-03,1.556344359414651990e-04,-4.556063795462250710e-04,-3.268555039539933205e-03,-4.712628200650215149e-03,-1.715899095870554447e-03,-5.550480447709560394e-03,2.738858805969357491e-03,1.981521956622600555e-03,2.020102692767977715e-04
2.391276182606816292e-03,-3.744642250239849091e-03,-5.195626989006996155e-03,-8.476265706121921539e-03,-6.133483839221298695e-04,-1.336125540547072887e-03,1.016311725834384561e-04,-2.064585871994495392e-02,4.448218387551605701e-04,-2.508901990950107574e-02,2.612457238137722015e-02,9.819419384002685547e-01,9.974270462989807129e-01,1.007283568382263184e+00,9.937456846237182617e-01,1.012628555297851562e+00,1.013817548751831055e+00,-1.939955836860463023e-04,9.949309825897216797e-01,6.067878603935241699e-01
2.331724390387535095e-03,6.300731897354125977e-01,4.853992164134979248e-01,6.759585738182067871e-01,9.954111576080322266e-01,1.844273647293448448e-03,-3.667290438897907734e-04,6.968439817428588867e-01,-6.918433587998151779e-03,6.132847070693969727e-01,-2.143929898738861084e-02,-8.445853367447853088e-03,-1.516282465308904648e-02,-1.009039673954248428e-02,2.337509533390402794e-03,-8.267449215054512024e-03,-1.231812406331300735e-02,4.392805509269237518e-03,-5.407691001892089844e-03,9.371046908199787140e-04
9.518708102405071259e-04,7.565177083015441895e-01,6.280952095985412598e-01,5.572183728218078613e-01,8.255485296249389648e-01,9.524598717689514160e-01,2.591953277587890625e-01,7.081482410430908203e-01,1.834996938705444336e-01,2.563072144985198975e-01,1.275349706411361694e-01,1.353188510984182358e-02,3.674919530749320984e-02,2.595672011375427246e-02,4.071488603949546814e-02,1.191965490579605103e-02,7.300487905740737915e-02,1.213405001908540726e-02,3.889198601245880127e-02,1.015961635857820511e-02
-7.279940880835056305e-03,-2.879696665331721306e-03,-3.849752247333526611e-03,-5.848790984600782394e-03,-1.504181604832410812e-02,3.156960243359208107e-03,1.085761282593011856e-02,4.744014237076044083e-03,1.076334388926625252e-03,6.541488692164421082e-03,8.156511187553405762e-01,8.390180468559265137e-01,9.112279415130615234e-01,9.612185359001159668e-01,8.002499938011169434e-01,1.409671083092689514e-02,-1.148609095253050327e-03,9.464081525802612305e-01,8.906814455986022949e-01,3.384749637916684151e-03
3.022686811164021492e-03,1.326240412890911102e-02,3.169169649481773376e-02,3.072575293481349945e-02,2.426517009735107422e-02,1.982741802930831909e-02,4.261645022779703140e-03,1.634257659316062927e-02,9.700837545096874237e-03,3.713066875934600830e-02,-1.149089541286230087e-02,3.502838313579559326e-03,-7.584960199892520905e-03,-2.446485450491309166e-03,5.322987679392099380e-03,-2.053965581580996513e-03,1.364701427519321442e-03,-1.148986513726413250e-03,9.799566864967346191e-01,2.020875923335552216e-03
-2.616167068481445312e-03,-6.635348312556743622e-03,-3.966937307268381119e-03,1.525795459747314453e-02,-9.710018523037433624e-03,-4.810277838259935379e-03,-6.942210718989372253e-03,2.855463512241840363e-02,-1.402375288307666779e-02,7.335312962532043457e-01,1.426934152841567993e-01,4.078936576843261719e-02,8.596900850534439087e-02,1.460819691419601440e-01,1.059862598776817322e-02,4.314506950322538614e-04,2.435415284708142281e-03,1.548552233725786209e-02,7.364879129454493523e-04,3.710206947289407253e-04
9.811080247163772583e-02,8.038401603698730469e-01,1.248351857066154480e-02,8.907676339149475098e-01,7.063758969306945801e-01,9.967284202575683594e-01,-7.594539318233728409e-03,7.890139818191528320e-01,-7.261982187628746033e-03,7.022590637207031250e-01,7.096926216036081314e-03,-6.426130887120962143e-03,1.840267889201641083e-02,1.581417396664619446e-03,6.549315992742776871e-03,-3.843862330541014671e-03,-1.186688337475061417e-02,-3.630756866186857224e-03,4.317445214837789536e-03,2.683800179511308670e-03
-1.150515512563288212e-03,-6.750345230102539062e-03,-1.205985434353351593e-02,-1.125002186745405197e-02,-1.958220638334751129e-02,-4.197293426841497421e-03,-5.390659789554774761e-04,2.711777016520500183e-02,-1.273586507886648178e-02,1.062014177441596985e-01,8.702924251556396484e-01,7.700513601303100586e-01,7.843707203865051270e-01,8.545264601707458496e-01,-8.967524394392967224e-03,-9.252357296645641327e-03,-3.198116086423397064e-03,-1.606599893420934677e-03,-2.022792585194110870e-03,2.982405945658683777e-03
6.252611055970191956e-04,7.438000440597534180e-01,6.838458180427551270e-01,7.775393128395080566e-01,5.905513167381286621e-01,4.662073254585266113e-01,3.613044023513793945e-01,8.678774833679199219e-01,5.680570006370544434e-01,7.692314386367797852e-01,6.146118044853210449e-02,-8.746589533984661102e-03,-1.824321411550045013e-02,7.609469816088676453e-03,9.930728934705257416e-03,8.065725676715373993e-03,4.222894553095102310e-03,-9.486041031777858734e-03,4.155589733272790909e-03,-3.995147999376058578e-03
9.665227681398391724e-02,7.483398914337158203e-01,6.356407403945922852e-01,8.071340620517730713e-02,5.499197840690612793e-01,-1.412809081375598907e-02,-1.105211116373538971e-02,1.290714144706726074e-01,-2.774457633495330811e-02,7.808790206909179688e-01,8.310393989086151123e-02,-1.177792064845561981e-02,2.031659241765737534e-04,7.974965870380401611e-02,2.040820568799972534e-02,1.304180710576474667e-03,1.994356513023376465e-02,4.612017422914505005e-02,2.832881407812237740e-03,-1.069149817340075970e-03
-2.992073314089793712e-05,5.721772462129592896e-02,4.578880220651626587e-02,1.034387499094009399e-01,4.929847270250320435e-02,2.515688724815845490e-02,1.682821661233901978e-02,1.099815368652343750e-01,4.260815307497978210e-02,1.210359781980514526e-01,7.571716308593750000e-01,-4.853511229157447815e-02,-3.388592600822448730e-02,-4.263666644692420959e-02,6.174838170409202576e-02,1.592979133129119873e-01,3.331073522567749023e-01,-2.959755482152104378e-03,2.576280236244201660e-01,-5.376420915126800537e-03
-4.125363193452358246e-03,-8.091698400676250458e-03,4.432530113263055682e-05,-8.089391514658927917e-03,-3.699895460158586502e-03,-3.873878857120871544e-03,6.460385047830641270e-04,-1.046596933156251907e-02,-3.757494967430830002e-03,-1.288335118442773819e-02,1.025761008262634277e+00,9.807459712028503418e-01,9.990220665931701660e-01,9.962868094444274902e-01,9.996119141578674316e-01,9.982711672782897949e-01,1.005687832832336426e+00,2.486419677734375000e-02,9.955923557281494141e-01,2.420825650915503502e-03
3.007759107276797295e-03,1.127177290618419647e-02,5.149317979812622070e-01,1.002551555633544922e+00,8.144019842147827148e-01,1.003095269203186035e+00,8.859312161803245544e-03,9.937216639518737793e-01,9.986070990562438965e-01,7.215275764465332031e-01,-1.155984820798039436e-03,-1.173230819404125214e-02,5.795686040073633194e-03,-9.855119511485099792e-03,-5.736930295825004578e-03,-2.475604647770524025e-03,1.911130966618657112e-03,-1.979410415515303612e-03,1.297307549975812435e-03,1.159582279797177762e-05
2.186561701819300652e-03,2.487018890678882599e-02,9.676241278648376465e-01,9.727103114128112793e-01,9.967322349548339844e-01,9.989210963249206543e-01,5.176371894776821136e-03,7.101700901985168457e-01,-1.148599083535373211e-03,9.090559482574462891e-01,-1.936743222177028656e-02,-7.779850624501705170e-03,-3.337142057716846466e-03,-1.956106908619403839e-02,-9.935688227415084839e-03,-3.854530630633234978e-03,-4.025947768241167068e-03,-9.053712710738182068e-03,1.408674195408821106e-02,-2.701090881600975990e-03
-3.005658974871039391e-03,-2.799396403133869171e-03,5.276316031813621521e-02,1.520191133022308350e-02,1.293786801397800446e-02,1.806603278964757919e-03,-3.056825138628482819e-03,5.322993546724319458e-02,-2.057349542155861855e-03,2.370341680943965912e-03,8.221826865337789059e-04,3.790834452956914902e-03,4.900041501969099045e-03,3.642403054982423782e-03,-1.007018797099590302e-02,2.887080423533916473e-03,5.027585662901401520e-03,4.726943443529307842e-04,5.702982656657695770e-03,1.164021342992782593e-02
3.136325860396027565e-03,6.924865301698446274e-03,2.821138501167297363e-01,6.617399454116821289e-01,5.372006297111511230e-01,8.927463553845882416e-03,5.159540101885795593e-03,6.600240468978881836e-01,-9.548753732815384865e-04,7.354285717010498047e-01,3.407610952854156494e-02,2.654877863824367523e-02,1.033640746027231216e-02,1.451023668050765991e-02,2.285417728126049042e-02,-1.307198125869035721e-02,-1.954896003007888794e-02,-1.064392039552330971e-03,-1.280624140053987503e-02,7.443612557835876942e-04
3.328721213620156050e-04,-1.405907608568668365e-02,-6.743403617292642593e-03,-1.264960598200559616e-02,-1.594003476202487946e-02,2.575078746303915977e-03,3.567393869161605835e-04,-2.134228311479091644e-02,1.970955403521656990e-03,-1.450664550065994263e-02,8.338039517402648926e-01,2.749196290969848633e-01,3.655827641487121582e-01,1.087393611669540405e-01,6.480326652526855469e-01,7.608817517757415771e-02,5.690536275506019592e-02,-2.334891119971871376e-03,2.079669013619422913e-02,7.224671244621276855e-01
-6.366515997797250748e-03,-4.186868201941251755e-03,-2.520960569381713867e-02,-3.116834908723831177e-02,-1.373165287077426910e-02,1.324301306158304214e-02,-3.264128230512142181e-03,-1.759762642905116081e-03,-3.687846241518855095e-03,-7.261871360242366791e-03,8.649581074714660645e-01,7.141363024711608887e-01,7.111157178878784180e-01,9.360613226890563965e-01,7.485127449035644531e-01,-8.081323467195034027e-03,7.025833129882812500e-01,1.906735599040985107e-01,1.450082100927829742e-02,2.025428693741559982e-03
7.299260469153523445e-04,9.225334972143173218e-03,9.727836586534976959e-03,4.145584627985954285e-02,3.903927747160196304e-03,8.987800218164920807e-03,1.050581596791744232e-02,3.419232740998268127e-02,1.024286728352308273e-02,2.483156323432922363e-02,9.461368918418884277e-01,2.689646780490875244e-01,4.149863496422767639e-03,-5.065251607447862625e-03,6.858967542648315430e-01,2.805616334080696106e-02,3.930992260575294495e-02,5.870437026023864746e-01,4.162646830081939697e-03,8.097654581069946289e-01
3.191237105056643486e-03,4.901411943137645721e-03,1.669976860284805298e-02,6.573215592652559280e-03,7.962163537740707397e-03,1.587773486971855164e-02,8.683807216584682465e-03,1.808637194335460663e-02,6.154431495815515518e-03,1.686487346887588501e-02,8.637876510620117188e-01,2.971184551715850830e-01,1.013953685760498047e-01,1.865449100732803345e-01,4.008304476737976074e-01,9.709351509809494019e-02,6.974694132804870605e-01,1.863057762384414673e-01,6.995310783386230469e-01,1.977588832378387451e-01
-9.153799619525671005e-04,7.928779721260070801e-01,9.928632378578186035e-01,9.852951765060424805e-01,9.878451228141784668e-01,9.897652864456176758e-01,5.915541648864746094e-01,7.019972801208496094e-01,3.943895101547241211e-01,8.642317056655883789e-01,3.444096539169549942e-03,-9.644681587815284729e-03,9.161117486655712128e-03,2.208034740760922432e-03,1.073843706399202347e-02,8.278593420982360840e-03,4.603468347340822220e-03,1.163588836789131165e-02,3.594530746340751648e-03,-1.149358111433684826e-03
-2.325359731912612915e-03,3.551813773810863495e-03,3.072916343808174133e-02,1.642521657049655914e-02,8.167413063347339630e-03,-8.163482998497784138e-04,-1.544298371300101280e-03,6.677609682083129883e-01,4.764119512401521206e-04,8.239953517913818359e-01,-1.650100201368331909e-02,1.538219861686229706e-02,9.255457669496536255e-03,3.017733339220285416e-03,9.022230282425880432e-03,1.472738222219049931e-03,-2.698250347748398781e-03,3.356947796419262886e-03,-1.541793695650994778e-03,9.624189115129411221e-04
-1.364272320643067360e-03,4.169881809502840042e-03,5.650418996810913086e-01,1.604989753104746342e-03,3.198254480957984924e-02,8.369539864361286163e-03,1.424522604793310165e-03,1.704151779413223267e-01,3.101146314293146133e-03,3.916393518447875977e-01,1.062020752578973770e-02,1.493968628346920013e-02,2.128526102751493454e-03,1.318610552698373795e-02,6.873302161693572998e-03,3.697793232277035713e-03,3.366067539900541306e-03,-4.161067306995391846e-03,-1.679625012911856174e-03,2.322487067431211472e-03
9.549577534198760986e-02,7.950158715248107910e-01,7.734477519989013672e-01,6.576511859893798828e-01,5.727019906044006348e-01,8.888161778450012207e-01,1.899277716875076294e-01,7.601131200790405273e-01,2.809498608112335205e-01,7.442179918289184570e-01,6.558334827423095703e-02,3.853472415357828140e-03,1.565722376108169556e-02,2.323511801660060883e-02,2.490541711449623108e-02,1.523178257048130035e-02,3.245287761092185974e-02,1.202334836125373840e-02,6.892908364534378052e-03,4.265901632606983185e-03
1.209131558425724506e-03,1.193780079483985901e-02,2.646531164646148682e-02,3.396463394165039062e-02,1.036745496094226837e-03,-1.031144522130489349e-02,-6.806971505284309387e-03,7.824311256408691406e-01,2.070443145930767059e-02,6.966547966003417969e-01,2.686388045549392700e-02,1.444488298147916794e-03,-2.704435959458351135e-02,2.864453382790088654e-02,6.852209917269647121e-04,-9.205318056046962738e-03,-6.680751219391822815e-03,-4.760573618113994598e-03,-1.135448575951159000e-03,-2.034959616139531136e-03
-1.847946201451122761e-03,5.869698245078325272e-03,-9.719131514430046082e-03,9.481352171860635281e-04,8.931458927690982819e-03,1.182328909635543823e-02,1.189001463353633881e-02,-6.526577635668218136e-04,1.126554515212774277e-02,2.949680201709270477e-03,9.741305708885192871e-01,-1.404045033268630505e-03,6.709972023963928223e-02,1.599993184208869934e-02,5.902327895164489746e-01,1.003258705139160156e+00,9.998725056648254395e-01,3.532692557200789452e-03,1.002670764923095703e+00,8.088718652725219727e-01
-2.292956924065947533e-03,1.002749443054199219e+00,9.831297993659973145e-01,7.966120243072509766e-01,9.794600009918212891e-01,1.391515042632818222e-02,5.462346132844686508e-03,9.082074463367462158e-02,-2.341194543987512589e-03,5.043007135391235352e-01,-8.345014648512005806e-04,1.581561192870140076e-02,1.605333574116230011e-02,9.685476310551166534e-03,-1.557931420393288136e-03,-5.989264464005827904e-04,-1.986314076930284500e-03,3.824888030067086220e-03,9.873757138848304749e-03,-2.739724295679479837e-04
-2.363112056627869606e-03,1.313161454163491726e-03,-3.294276446104049683e-02,-2.320706285536289215e-02,-1.894432492554187775e-02,-2.992193959653377533e-02,7.486703107133507729e-04,2.419902011752128601e-02,-7.887614890933036804e-03,-3.113722242414951324e-02,1.036327838897705078e+00,6.986795663833618164e-01,5.768750905990600586e-01,7.456966042518615723e-01,2.137557417154312134e-01,9.773887395858764648e-01,1.007435798645019531e+00,5.880134701728820801e-01,1.002159357070922852e+00,8.007174730300903320e-01
-9.224783279933035374e-04,8.007950186729431152e-01,8.910776972770690918e-01,1.015858292579650879e+00,8.076353669166564941e-01,9.965191483497619629e-01,3.047169744968414307e-01,6.943624615669250488e-01,7.863219380378723145e-01,8.264296650886535645e-01,-1.138704176992177963e-02,1.203350257128477097e-03,-1.235659420490264893e-02,1.329332590103149414e-03,5.560019519180059433e-03,1.305541256442666054e-03,-2.868345240131020546e-03,4.184189718216657639e-03,-9.215095080435276031e-03,4.438784439116716385e-03
6.340795196592807770e-03,8.677870966494083405e-03,-1.233025547116994858e-02,-1.941775903105735779e-02,4.766456037759780884e-02,-8.356049656867980957e-03,-2.299169776961207390e-03,5.226989742368459702e-04,1.661601010710000992e-03,3.234928101301193237e-02,8.885642290115356445e-01,7.847537994384765625e-01,9.020035862922668457e-01,9.821658730506896973e-01,6.255203485488891602e-01,-1.353305391967296600e-02,-9.458533488214015961e-03,7.780898213386535645e-01,-1.298980228602886200e-02,-5.483209621161222458e-03
5.254480987787246704e-03,-6.282739341259002686e-03,1.024856138974428177e-02,1.789298467338085175e-02,-2.812728984281420708e-03,2.317568287253379822e-03,-1.607452519237995148e-03,-2.042954554781317711e-03,1.454718038439750671e-02,2.037298167124390602e-03,8.762202858924865723e-01,1.594352722167968750e-02,1.790852695703506470e-01,3.822814524173736572e-01,2.897157371044158936e-01,7.172843217849731445e-01,7.012889385223388672e-01,2.939591407775878906e-01,7.950236201286315918e-01,8.974026143550872803e-02
5.555440671741962433e-03,2.000519074499607086e-02,1.679066196084022522e-02,2.478641457855701447e-02,3.383748605847358704e-02,1.382313296198844910e-02,3.709907177835702896e-03,3.294873237609863281e-02,2.029153285548090935e-03,4.633272066712379456e-02,-3.094698116183280945e-02,-2.696161530911922455e-02,-1.633977703750133514e-02,-4.624594468623399734e-03,-1.547180768102407455e-02,-1.418248005211353302e-02,1.879162937402725220e-01,3.214725293219089508e-03,6.727835536003112793e-01,-2.070884220302104950e-03
2.594552468508481979e-03,-5.636404966935515404e-04,-8.835556916892528534e-03,-7.214145269244909286e-03,-4.346249625086784363e-03,1.154780481010675430e-02,1.253013126552104950e-02,2.488809695933014154e-04,1.504956744611263275e-02,9.172512218356132507e-03,8.981173634529113770e-01,7.185146212577819824e-01,8.134811520576477051e-01,9.022770524024963379e-01,8.010690808296203613e-01,1.120189651846885681e-01,6.021781563758850098e-01,-6.261253263801336288e-03,1.922143399715423584e-01,1.510413829237222672e-03
-3.342324635013937950e-03,-5.553275346755981445e-03,-5.141156259924173355e-03,-7.346792146563529968e-03,-1.063653733581304550e-02,-1.455453573726117611e-03,-1.381910755299031734e-03,-4.254556726664304733e-03,5.043764598667621613e-03,8.947766385972499847e-03,8.127015829086303711e-01,7.170560956001281738e-01,8.246388435363769531e-01,9.272013902664184570e-01,8.200429081916809082e-01,1.698746159672737122e-02,2.602624520659446716e-02,1.688834093511104584e-02,1.905813068151473999e-01,9.556831791996955872e-04
3.391657955944538116e-04,4.484967328608036041e-03,-1.071315072476863861e-02,7.514528464525938034e-03,4.024179070256650448e-04,9.701320528984069824e-01,9.192337282001972198e-03,4.803476333618164062e-01,4.908691346645355225e-01,6.800208091735839844e-01,4.601449519395828247e-02,7.521829009056091309e-02,4.509863257408142090e-02,6.415389478206634521e-02,3.596688807010650635e-02,-5.363883450627326965e-03,4.974666517227888107e-03,8.320298511534929276e-04,1.335360668599605560e-02,1.398171065375208855e-03
-6.923577748239040375e-03,-8.889302611351013184e-03,-5.124846007674932480e-03,-4.026266280561685562e-03,-1.271205767989158630e-02,-6.858256645500659943e-03,-6.057823542505502701e-03,-4.877617117017507553e-03,-6.697545759379863739e-03,1.069901138544082642e-02,8.324453234672546387e-01,6.957774758338928223e-01,7.968047261238098145e-01,9.813731908798217773e-01,8.003160357475280762e-01,9.643021225929260254e-01,9.709075093269348145e-01,6.623551016673445702e-04,3.714885562658309937e-02,-1.052082516252994537e-03
-7.091571460478007793e-04,9.675196409225463867e-01,9.917225837707519531e-01,9.585881829261779785e-01,9.674781560897827148e-01,1.850825920701026917e-02,1.441863365471363068e-02,3.647996112704277039e-02,2.112817578017711639e-02,9.406888484954833984e-01,3.926694334950298071e-04,3.390725934877991676e-03,-2.805612515658140182e-03,-7.310655899345874786e-03,-1.263212994672358036e-03,2.998986514285206795e-03,3.430836135521531105e-03,5.102185241412371397e-05,4.655637312680482864e-03,-9.860509308055043221e-04
-5.138550186529755592e-04,-2.674016403034329414e-03,-4.525521304458379745e-03,-3.581599891185760498e-02,2.698761411011219025e-02,-2.214767038822174072e-03,-3.128491342067718506e-03,1.367119848728179932e-01,-1.106141414493322372e-02,5.744283199310302734e-01,1.706778705120086670e-01,1.375357806682586670e-01,1.075558066368103027e-01,3.865828737616539001e-02,2.764585078693926334e-04,7.771750446408987045e-03,-7.870800793170928955e-03,3.874307498335838318e-02,-1.552263158373534679e-03,-2.617928199470043182e-03
-1.544897968415170908e-04,1.132974430220201612e-04,6.720172241330146790e-04,-1.006244216114282608e-02,-6.411973852664232254e-03,-4.330260679125785828e-03,3.085460979491472244e-03,4.498848225921392441e-03,-7.969000143930315971e-04,-1.415754109621047974e-02,9.882608652114868164e-01,9.726719260215759277e-01,9.731962680816650391e-01,9.678859710693359375e-01,9.935019016265869141e-01,1.002496123313903809e+00,9.901610016822814941e-01,6.714899539947509766e-01,1.005501747131347656e+00,9.815943241119384766e-01
2.744067013263702393e-01,6.634287536144256592e-02,-1.138594467192888260e-02,1.258415728807449341e-01,9.852600097656250000e-01,9.135533124208450317e-03,-4.721482400782406330e-04,-3.191982628777623177e-03,-3.169768722727894783e-03,6.465797424316406250e-01,9.464572370052337646e-02,-7.399812340736389160e-03,1.396127883344888687e-02,1.507754344493150711e-02,1.010750420391559601e-02,-2.739709569141268730e-03,-1.469188369810581207e-03,1.231644768267869949e-02,-1.633654697798192501e-03,-1.646273769438266754e-03
3.027253318578004837e-03,-4.355934448540210724e-03,-3.416523570194840431e-03,-1.227928977459669113e-02,3.847819194197654724e-02,9.694260545074939728e-03,1.153060514479875565e-02,1.457382086664438248e-02,1.236703619360923767e-02,3.838301077485084534e-02,9.206195473670959473e-01,7.143649458885192871e-01,8.101711869239807129e-01,7.205693721771240234e-01,3.280183374881744385e-01,8.030031807720661163e-03,1.750046573579311371e-02,2.180811483412981033e-03,2.403625287115573883e-02,3.506552660837769508e-03
1.738397055305540562e-03,5.898063536733388901e-03,2.847286500036716461e-02,2.913027815520763397e-02,1.443442143499851227e-02,2.481317333877086639e-02,1.535955071449279785e-02,2.353064529597759247e-02,3.069280646741390228e-02,1.351179368793964386e-02,9.339952468872070312e-01,3.385153710842132568e-01,4.325933456420898438e-01,2.458695024251937866e-01,7.975852489471435547e-02,-7.504735607653856277e-03,-8.239513263106346130e-03,1.940605938434600830e-01,-1.080249436199665070e-02,4.863011650741100311e-03
2.027182374149560928e-03,-7.573873735964298248e-04,6.461905315518379211e-03,9.725269861519336700e-03,9.853681325912475586e-01,9.945236444473266602e-01,1.652359380386769772e-03,6.996789574623107910e-01,-3.051047446206212044e-03,2.245024964213371277e-02,9.182543493807315826e-03,8.560084737837314606e-03,-1.315496116876602173e-02,4.292590601835399866e-04,-4.238108638674020767e-03,-1.162411412224173546e-03,-2.279290463775396347e-03,3.215897828340530396e-03,-1.228430494666099548e-02,1.851121662184596062e-03
-8.222361211664974689e-04,6.965991854667663574e-01,6.265096068382263184e-01,7.934707999229431152e-01,6.099020838737487793e-01,3.526170551776885986e-02,2.014059387147426605e-02,7.127630114555358887e-01,2.314618602395057678e-02,7.974132895469665527e-01,2.870206255465745926e-03,-5.695785861462354660e-03,-7.624863646924495697e-03,-1.407646224834024906e-03,-5.478688515722751617e-03,3.773827804252505302e-03,4.373359028249979019e-03,-3.109162673354148865e-03,-1.281141769140958786e-02,-3.110903780907392502e-03
3.245178377255797386e-03,1.195992436259984970e-02,7.634965586476027966e-04,6.262051314115524292e-02,8.852450177073478699e-03,8.388216374441981316e-04,2.020735759288072586e-03,1.812529563903808594e-02,1.049217581748962402e-02,2.603368461132049561e-02,9.655414223670959473e-01,9.633353948593139648e-01,9.475188255310058594e-01,4.923684988170862198e-03,9.875715374946594238e-01,9.577058553695678711e-01,9.545009136199951172e-01,-1.659867557464167476e-04,9.832349419593811035e-01,5.113586317747831345e-03
5.840977537445724010e-04,-5.135657265782356262e-03,1.492832880467176437e-02,4.065925478935241699e-01,1.972336769104003906e-01,1.005368471145629883e+00,-8.823287789709866047e-04,4.519569873809814453e-02,-6.837256252765655518e-03,7.461462020874023438e-01,-2.311089262366294861e-02,-6.372981239110231400e-03,-2.204036526381969452e-02,-4.216458182781934738e-03,-3.128568641841411591e-03,-4.994855262339115143e-03,-1.230843830853700638e-02,-8.350056596100330353e-03,-2.892662771046161652e-03,2.258994616568088531e-03
4.264663439244031906e-03,1.873429049737751484e-03,-1.442044042050838470e-02,9.278832674026489258e-01,6.652169395238161087e-03,1.368027739226818085e-02,-2.370275789871811867e-03,1.754801534116268158e-02,-6.846452131867408752e-03,6.498004198074340820e-01,5.397845804691314697e-02,2.567871659994125366e-02,4.684680327773094177e-02,-1.335735525935888290e-02,3.368277568370103836e-03,-7.757547777146100998e-03,-4.815195221453905106e-03,7.633299566805362701e-03,1.055822940543293953e-03,-9.521383908577263355e-04
7.639747345820069313e-04,6.949944049119949341e-02,8.146180212497711182e-02,3.762950375676155090e-02,5.453715473413467407e-02,4.021023213863372803e-02,4.289811011403799057e-03,4.544337093830108643e-02,1.802288927137851715e-02,1.061714291572570801e-01,7.309144139289855957e-01,-1.154512353241443634e-02,-1.091546658426523209e-02,5.923177599906921387e-01,1.497310549020767212e-01,-1.110173203051090240e-02,3.899832665920257568e-01,6.175615787506103516e-01,2.407259196043014526e-01,-2.477777015883475542e-04
-1.305373734794557095e-03,7.897951006889343262e-01,7.072319984436035156e-01,7.066037058830261230e-01,6.973043680191040039e-01,4.859792590141296387e-01,2.841342091560363770e-01,8.115178346633911133e-01,5.720687508583068848e-01,7.491223812103271484e-01,-1.136115286499261856e-02,-3.251308808103203773e-03,-7.631666492670774460e-03,-9.879124350845813751e-03,-1.391042675822973251e-02,8.402300882153213024e-04,-5.671103950589895248e-03,-4.432625137269496918e-03,-3.457428421825170517e-03,1.128310032072477043e-05
1.862411852926015854e-03,7.046534419059753418e-01,7.928054332733154297e-01,7.181528210639953613e-01,3.007042706012725830e-01,8.119446635246276855e-01,3.739458918571472168e-01,9.660747647285461426e-02,4.573835730552673340e-01,7.076642513275146484e-01,-5.424176901578903198e-02,-1.461525540798902512e-02,-1.101055461913347244e-02,-1.035917736589908600e-02,-1.191192865371704102e-02,-3.574113128706812859e-03,-1.044938899576663971e-02,2.325063571333885193e-03,4.818833898752927780e-03,-3.496069926768541336e-03
1.516096061095595360e-03,9.970890358090400696e-03,1.239416655153036118e-02,9.815241098403930664e-01,5.107172727584838867e-01,9.968275427818298340e-01,3.067552112042903900e-03,9.609038233757019043e-01,4.996408522129058838e-01,9.737505912780761719e-01,-3.710204036906361580e-03,1.659729704260826111e-02,1.508347457274794579e-03,2.358945552259683609e-03,2.110573928803205490e-03,4.222786519676446915e-03,1.726902648806571960e-02,4.209887265460565686e-05,7.741584908217191696e-03,-1.403908245265483856e-04
1.073419465683400631e-03,1.998652815818786621e-01,7.073835134506225586e-01,8.004275560379028320e-01,8.938595056533813477e-01,-2.351729897782206535e-03,7.988552562892436981e-03,5.998849868774414062e-01,1.143525168299674988e-02,7.705001831054687500e-01,3.000321984291076660e-02,4.909481387585401535e-03,-1.193958451040089130e-04,1.196191925555467606e-02,1.138398796319961548e-02,-8.193817920982837677e-03,-3.740661079064011574e-03,7.417423184961080551e-04,-7.015508599579334259e-03,-1.467416179366409779e-03
-1.133058103732764721e-03,-1.410225313156843185e-02,-1.295561157166957855e-02,2.511673979461193085e-02,-2.494668588042259216e-02,-8.392404764890670776e-03,-3.685895353555679321e-03,-1.221436075866222382e-02,-1.021743845194578171e-02,2.021400630474090576e-02,9.890568852424621582e-01,4.825654625892639160e-01,4.969021379947662354e-01,2.003284171223640442e-02,4.877807796001434326e-01,9.600843191146850586e-01,9.593939781188964844e-01,1.244076248258352280e-02,9.028472304344177246e-01,3.480319865047931671e-03
-8.043726556934416294e-04,7.978324890136718750e-01,7.206492424011230469e-01,9.347152113914489746e-01,8.954381942749023438e-01,1.006641983985900879e+00,2.600605972111225128e-02,7.931092977523803711e-01,6.902163624763488770e-01,8.767341375350952148e-01,3.493216587230563164e-03,-5.132152582518756390e-04,2.142476150766015053e-03,1.057118084281682968e-02,1.943716662935912609e-03,-3.356549423187971115e-03,-2.690519206225872040e-03,5.743943038396537304e-04,-2.465738914906978607e-03,-1.279115909710526466e-03
-1.559176831506192684e-03,-5.372187588363885880e-03,-5.372657440602779388e-03,-7.948810234665870667e-03,9.596238732337951660e-01,-7.846797816455364227e-03,-4.678450059145689011e-03,7.726551890373229980e-01,1.500836573541164398e-02,5.701697468757629395e-01,6.149275973439216614e-02,4.111947864294052124e-02,2.546437643468379974e-02,3.057730197906494141e-02,2.648674324154853821e-02,2.419875748455524445e-02,3.478127717971801758e-02,1.594378799200057983e-02,2.008898556232452393e-02,1.352610706817358732e-05
3.175403689965605736e-03,9.302153484895825386e-04,7.548053860664367676e-01,6.816278100013732910e-01,6.916612386703491211e-01,9.891035556793212891e-01,4.835977554321289062e-01,7.656142115592956543e-01,5.999833941459655762e-01,6.917308568954467773e-01,2.056832239031791687e-02,-1.706029521301388741e-03,2.799522597342729568e-03,1.745066419243812561e-02,3.688609693199396133e-03,6.799526512622833252e-03,2.041357755661010742e-02,6.712046917527914047e-03,1.535759400576353073e-02,-2.158062765374779701e-03
2.248138422146439552e-03,-8.780455216765403748e-03,4.773620367050170898e-01,5.546561479568481445e-01,2.857266962528228760e-01,-4.006328992545604706e-03,-3.330345731228590012e-03,-1.419581240043044090e-03,-1.871605589985847473e-02,6.611128449440002441e-01,2.893787063658237457e-02,8.259247057139873505e-03,7.614069152623414993e-03,9.668306447565555573e-03,6.237579043954610825e-03,1.513467170298099518e-02,5.808148067444562912e-03,1.244345330633223057e-03,-1.345564727671444416e-03,-9.763052803464233875e-04
1.169931492768228054e-03,2.842981135472655296e-03,3.375668020453304052e-04,-4.082966130226850510e-03,1.817478449083864689e-03,-2.279491629451513290e-03,-2.729583298787474632e-03,5.048427730798721313e-02,-4.435008391737937927e-03,1.384976506233215332e-01,8.311223983764648438e-01,8.553152084350585938e-01,8.301519155502319336e-01,8.841863274574279785e-01,6.822478771209716797e-01,6.727321147918701172e-01,6.887983679771423340e-01,4.337329268455505371e-01,4.049382507801055908e-01,1.662303954362869263e-01
-2.128950087353587151e-03,9.617335200309753418e-01,9.391053915023803711e-01,6.773245930671691895e-01,5.795496106147766113e-01,4.694633185863494873e-01,4.650501012802124023e-01,7.643620371818542480e-01,5.513553619384765625e-01,6.690537333488464355e-01,1.507497299462556839e-02,-3.836255345959216356e-04,-2.699753269553184509e-03,-1.202640938572585583e-03,6.074195844121277332e-04,-1.130301319062709808e-02,-4.925901535898447037e-03,-4.203839693218469620e-03,2.992857247591018677e-03,1.311722677201032639e-03
2.773900981992483139e-03,6.903053261339664459e-03,7.132318336516618729e-03,1.174090802669525146e-02,1.457866560667753220e-02,-1.895065419375896454e-03,3.040153067559003830e-03,1.864135731011629105e-03,8.149724453687667847e-03,3.057456947863101959e-02,-9.682357311248779297e-03,1.354169473052024841e-02,-9.701733477413654327e-03,-1.306832209229469299e-02,9.715180993080139160e-01,-4.326587077230215073e-03,9.760164022445678711e-01,6.927371621131896973e-01,1.001648545265197754e+00,2.098332624882459641e-03
8.919278979301452637e-01,-1.184965512948110700e-04,5.929048173129558563e-03,8.751953840255737305e-01,6.894152164459228516e-01,-5.151730729267001152e-04,-1.066363998688757420e-03,2.844962179660797119e-01,7.880180478096008301e-01,7.931898832321166992e-01,1.164255384355783463e-02,1.359867025166749954e-02,1.364151388406753540e-02,5.051051266491413116e-03,1.517137140035629272e-02,-1.114817708730697632e-02,4.319278988987207413e-03,3.918503411114215851e-03,7.952288724482059479e-03,1.012022886425256729e-02
9.581967443227767944e-02,9.439249336719512939e-02,1.904847919940948486e-01,7.753956317901611328e-01,6.919538974761962891e-01,1.179322041571140289e-02,2.120691642630845308e-04,2.656567394733428955e-01,6.769962906837463379e-01,4.835881888866424561e-01,3.613327816128730774e-02,3.419865295290946960e-02,1.305919978767633438e-02,4.108093271497637033e-04,3.692909609526395798e-03,2.874562330543994904e-02,3.173670545220375061e-02,3.345856443047523499e-03,1.034680753946304321e-02,-3.918309230357408524e-03
2.839755965396761894e-03,7.950331568717956543e-01,9.060099720954895020e-01,8.189954161643981934e-01,7.247647047042846680e-01,4.833719134330749512e-01,3.053014278411865234e-01,7.873851060867309570e-01,6.786156892776489258e-01,8.123626708984375000e-01,-3.173666074872016907e-03,-3.548713168129324913e-03,-4.857503809034824371e-03,2.859305823221802711e-03,-4.188960418105125427e-03,-6.280151195824146271e-03,-8.017984218895435333e-03,-1.172352675348520279e-02,-7.358444388955831528e-03,6.699548684991896152e-04
2.498200919944792986e-04,3.574256598949432373e-02,4.191432520747184753e-02,7.498725056648254395e-01,2.914808988571166992e-01,1.082409918308258057e-02,6.217353511601686478e-03,1.869932893896475434e-04,7.997000589966773987e-03,3.804709911346435547e-01,5.810045078396797180e-02,1.611440256237983704e-02,2.052375674247741699e-02,8.193749934434890747e-03,1.201959885656833649e-02,1.342236436903476715e-02,1.080938894301652908e-02,7.246081717312335968e-03,-1.513214316219091415e-03,-2.490867860615253448e-03
1.600035699084401131e-03,-3.859087824821472168e-03,1.116961147636175156e-02,3.254140913486480713e-01,7.247030735015869141e-01,1.776011288166046143e-02,-9.452656842768192291e-03,2.023735456168651581e-02,-1.029540132731199265e-02,7.406388521194458008e-01,-3.375052288174629211e-02,-1.201898511499166489e-02,-1.466429140418767929e-02,-1.958374865353107452e-02,-1.145824976265430450e-02,2.062919735908508301e-02,1.059301942586898804e-02,-9.710916317999362946e-03,-4.792920313775539398e-03,1.107332203537225723e-02
-4.671890055760741234e-04,-1.352758845314383507e-03,-1.080260705202817917e-02,2.237815642729401588e-03,-1.309573836624622345e-02,2.922347513958811760e-03,-2.019444480538368225e-03,1.384872663766145706e-02,-4.530611913651227951e-03,2.701406180858612061e-02,9.434440732002258301e-01,9.500822424888610840e-01,9.565649628639221191e-01,9.569849371910095215e-01,9.632663130760192871e-01,-2.060300670564174652e-03,-5.391902290284633636e-03,-4.209125763736665249e-04,1.391737023368477821e-03,1.742879627272486687e-03
-3.894603112712502480e-03,5.893597844988107681e-03,8.334927260875701904e-02,1.688534319400787354e-01,4.037549253553152084e-03,2.741226693615317345e-03,2.004613634198904037e-03,7.322023063898086548e-02,9.576193988323211670e-04,1.918767988681793213e-01,7.751253843307495117e-01,-2.140415273606777191e-02,2.164194011129438877e-04,5.553310737013816833e-03,2.979253884404897690e-03,-4.242515657097101212e-03,-1.026063971221446991e-02,1.019266992807388306e-02,-6.621886277571320534e-04,-3.403683425858616829e-03
1.360832806676626205e-02,5.843102466315031052e-03,2.747419290244579315e-02,3.031949140131473541e-02,1.476237270981073380e-02,1.194396463688462973e-05,3.187675029039382935e-03,2.301100268959999084e-02,8.084139786660671234e-03,2.719014883041381836e-02,8.451719284057617188e-01,1.890070140361785889e-01,7.941237837076187134e-02,2.876769602298736572e-01,4.778645038604736328e-01,-2.187589183449745178e-03,-7.271840237081050873e-03,8.077294565737247467e-03,-1.589877763763070107e-03,1.165942521765828133e-03
3.386683762073516846e-03,1.866728812456130981e-02,2.911760006099939346e-03,2.306685224175453186e-02,1.219654269516468048e-02,8.969453163444995880e-03,4.619583487510681152e-03,-2.862897003069519997e-03,7.661176379770040512e-03,3.339785384014248848e-03,7.927541136741638184e-01,1.413032226264476776e-02,9.846533536911010742e-01,1.453221868723630905e-02,3.316396474838256836e-02,8.004143834114074707e-01,8.892363905906677246e-01,-2.122209116350859404e-04,1.880808360874652863e-02,3.946030437946319580e-01
1.036553294397890568e-03,7.835698723793029785e-01,8.586733937263488770e-01,8.714715242385864258e-01,5.667825937271118164e-01,4.714099466800689697e-01,2.973399162292480469e-01,6.692186594009399414e-01,5.853049755096435547e-01,7.830039858818054199e-01,2.651557326316833496e-02,-8.453791961073875427e-03,2.542721340432763100e-04,8.492591790854930878e-03,4.242856055498123169e-03,-5.630853585898876190e-03,-4.832401406019926071e-03,3.264045342803001404e-03,-6.608043331652879715e-03,-1.780067919753491879e-03
-1.700790482573211193e-03,8.192933201789855957e-01,8.983216881752014160e-01,9.046051502227783203e-01,6.948314905166625977e-01,4.823857843875885010e-01,3.906767964363098145e-01,5.458399057388305664e-01,6.894190907478332520e-01,7.909987568855285645e-01,1.209069974720478058e-02,-7.165882736444473267e-03,-8.706429973244667053e-03,-4.239499976392835379e-04,-4.377189557999372482e-03,1.291978731751441956e-02,1.676729880273342133e-02,-8.156517287716269493e-05,8.382136933505535126e-03,-2.336472971364855766e-03
2.505575306713581085e-03,9.619368938729166985e-04,5.511166062206029892e-03,1.652289740741252899e-02,1.234795991331338882e-02,-2.676417352631688118e-03,1.324467244558036327e-03,3.059529000893235207e-03,7.736699772067368031e-04,6.171002052724361420e-03,8.022804856300354004e-01,1.090604290366172791e-01,4.953153729438781738e-01,2.569754375144839287e-03,7.000563740730285645e-01,5.111224018037319183e-03,4.944795668125152588e-01,8.830789476633071899e-03,1.743991975672543049e-03,6.046792492270469666e-03
1.307359337806701660e-02,4.226679727435112000e-02,6.776553392410278320e-02,9.992229193449020386e-02,5.964978784322738647e-02,5.084449425339698792e-03,7.203395944088697433e-03,3.600398823618888855e-02,7.349363295361399651e-04,7.590937614440917969e-02,8.218565583229064941e-01,1.529628038406372070e-01,1.606991142034530640e-01,1.743192374706268311e-01,3.767374753952026367e-01,8.148400112986564636e-03,2.555187977850437164e-02,2.275622636079788208e-02,6.566307041794061661e-03,-1.681392895989120007e-03
1.815180061385035515e-03,2.267558500170707703e-02,7.347658276557922363e-02,7.286787778139114380e-02,8.731951564550399780e-02,1.742882281541824341e-02,1.462721172720193863e-02,9.901948273181915283e-02,4.259421303868293762e-02,1.207629665732383728e-01,8.676753044128417969e-01,6.988043785095214844e-01,2.414343357086181641e-01,2.475379854440689087e-01,4.381071031093597412e-01,5.955402851104736328e-01,5.941531062126159668e-01,1.451056897640228271e-01,4.215747117996215820e-01,7.900775969028472900e-02
-2.489142352715134621e-04,7.925227880477905273e-01,7.972992062568664551e-01,6.955869793891906738e-01,8.836544752120971680e-01,4.828211367130279541e-01,2.947740256786346436e-01,8.951804637908935547e-01,5.796878933906555176e-01,8.004156947135925293e-01,1.342645008116960526e-02,1.503316592425107956e-02,2.392976311966776848e-03,-5.630855448544025421e-03,-4.079271748196333647e-04,7.896231254562735558e-04,5.358018912374973297e-03,-1.775547163560986519e-03,8.301588706672191620e-03,-3.334676614031195641e-03
-2.097320975735783577e-03,8.111219406127929688e-01,7.113903164863586426e-01,8.793942332267761230e-01,8.977290391921997070e-01,9.907728433609008789e-01,2.834480702877044678e-01,7.031581401824951172e-01,4.904252290725708008e-01,8.144555091857910156e-01,1.277661975473165512e-02,8.112596347928047180e-03,4.683337174355983734e-03,1.214122516103088856e-03,4.464327357709407806e-03,7.648393977433443069e-03,-1.870719715952873230e-03,8.343691937625408173e-03,4.750783555209636688e-03,7.022775243967771530e-04
1.429868396371603012e-02,6.161666824482381344e-04,5.400333087891340256e-03,7.896429859101772308e-03,5.180585384368896484e-02,6.291289464570581913e-04,4.287742078304290771e-03,1.921034045517444611e-02,1.717836596071720123e-02,3.121862374246120453e-02,8.352053165435791016e-01,7.112601399421691895e-01,7.205708622932434082e-01,9.508376121520996094e-01,7.876098155975341797e-01,7.277775555849075317e-03,6.040590815246105194e-04,-7.515703327953815460e-03,2.921912120655179024e-03,-3.146244212985038757e-03
3.627474652603268623e-03,1.302859280258417130e-02,-9.241423569619655609e-03,3.372444957494735718e-02,6.932935793884098530e-04,3.076866734772920609e-03,2.479859162122011185e-03,3.586343675851821899e-02,1.482953550294041634e-03,2.019929885864257812e-02,9.445548653602600098e-01,9.335373044013977051e-01,9.586609601974487305e-01,-6.001458503305912018e-03,1.944198608398437500e-01,9.754852652549743652e-01,9.759451150894165039e-01,2.606032881885766983e-03,9.643589258193969727e-01,-2.730536041781306267e-03
5.167645285837352276e-04,4.643125925213098526e-03,2.653393894433975220e-02,2.448800355195999146e-01,9.740150570869445801e-01,-6.416653748601675034e-03,-1.818053657189011574e-03,2.502547949552536011e-02,-5.696146748960018158e-03,6.737689375877380371e-01,5.940434522926807404e-03,3.257590904831886292e-02,4.687314387410879135e-03,1.484843622893095016e-02,4.305627197027206421e-03,6.355150137096643448e-03,6.921355146914720535e-03,1.355301938019692898e-03,1.296942494809627533e-02,-1.864844583906233311e-03
1.451048883609473705e-03,6.488261744379997253e-03,7.784112691879272461e-01,6.800231337547302246e-01,9.111828207969665527e-01,1.147350762039422989e-02,3.108866512775421143e-03,1.485011260956525803e-02,-3.490149509161710739e-03,6.914544105529785156e-01,-2.880376391112804413e-02,-7.787915877997875214e-03,-2.261845394968986511e-03,-5.347338970750570297e-03,-1.681456342339515686e-04,1.325705368071794510e-02,1.681704819202423096e-02,1.447377726435661316e-03,1.673701964318752289e-02,-1.848760293796658516e-03
1.084184274077415466e-03,7.967690825462341309e-01,8.024868965148925781e-01,8.971841335296630859e-01,6.961970925331115723e-01,1.007277965545654297e+00,3.937330543994903564e-01,5.863887667655944824e-01,7.000414133071899414e-01,1.923991590738296509e-01,1.580120623111724854e-02,7.506081834435462952e-03,5.364834796637296677e-03,7.412037812173366547e-03,-5.230208043940365314e-04,2.003071084618568420e-02,4.915064200758934021e-03,1.080275047570466995e-03,-1.331551582552492619e-03,3.627347061410546303e-03
-4.482606600504368544e-04,2.200636779889464378e-03,2.126180334016680717e-03,-5.546972155570983887e-03,-1.792243123054504395e-02,-4.058983642607927322e-03,-3.344231517985463142e-03,4.090566188097000122e-03,-1.197189930826425552e-02,-1.509397663176059723e-02,1.001294255256652832e+00,9.095216989517211914e-01,8.613951206207275391e-01,9.055041074752807617e-01,5.164783000946044922e-01,4.848197996616363525e-01,7.677894830703735352e-01,1.162944012321531773e-03,1.977027422981336713e-04,8.897854089736938477e-01
-1.049304148182272911e-03,-7.495383033528923988e-04,-1.164516666904091835e-03,-4.904568661004304886e-03,2.550574019551277161e-03,2.351568546146154404e-03,5.180827807635068893e-03,9.006909094750881195e-03,3.512629540637135506e-03,2.828106656670570374e-02,9.758849143981933594e-01,9.611542820930480957e-01,9.796442985534667969e-01,9.808740615844726562e-01,8.670412935316562653e-03,-2.604710124433040619e-02,-2.442844398319721222e-02,9.506363421678543091e-03,-1.151634939014911652e-02,-7.235370110720396042e-03
5.968497716821730137e-04,7.950950264930725098e-01,6.945998072624206543e-01,7.947435379028320312e-01,5.895678997039794922e-01,4.872334897518157959e-01,3.932422995567321777e-01,6.931675672531127930e-01,7.919626832008361816e-01,2.051988542079925537e-01,3.359619528055191040e-03,6.616557948291301727e-05,3.551112022250890732e-03,5.698273889720439911e-03,8.398341014981269836e-03,5.453866440802812576e-03,7.714203558862209320e-03,7.298404816538095474e-04,-3.255496267229318619e-03,-8.771831635385751724e-04
-1.946577569469809532e-03,7.337687611579895020e-01,8.045390248298645020e-01,8.844539523124694824e-01,7.817644476890563965e-01,5.072795748710632324e-01,4.122396707534790039e-01,6.992726922035217285e-01,5.242078900337219238e-01,7.609733343124389648e-01,1.268073450773954391e-02,1.432965695858001709e-02,9.680113755166530609e-03,1.289550308138132095e-02,1.400288753211498260e-02,1.356920972466468811e-02,2.950862981379032135e-02,3.489102004095911980e-03,1.911705359816551208e-02,-1.337055437033995986e-04
2.275275299325585365e-03,7.888514995574951172e-01,9.870487451553344727e-01,9.017550349235534668e-01,9.696232080459594727e-01,9.905921220779418945e-01,6.966903805732727051e-01,7.127979993820190430e-01,6.098377704620361328e-01,8.020478487014770508e-01,-2.302859211340546608e-03,-1.591869071125984192e-02,-2.569982782006263733e-02,-6.446026731282472610e-03,3.920078743249177933e-03,5.078587128082290292e-05,1.556649710983037949e-02,1.109868101775646210e-02,8.220433257520198822e-03,4.272636942914687097e-05
6.592748221009969711e-03,2.719501405954360962e-02,3.939384594559669495e-02,2.903323434293270111e-02,3.212456032633781433e-02,3.388033062219619751e-02,2.953776903450489044e-02,4.462294653058052063e-02,2.285124361515045166e-02,7.297126203775405884e-02,7.500432729721069336e-01,8.167786523699760437e-03,2.245931774377822876e-01,7.026422619819641113e-01,3.881830871105194092e-01,1.041766926646232605e-01,6.433276534080505371e-01,1.548247295431792736e-03,2.567530870437622070e-01,9.686546982266008854e-04
-9.946448262780904770e-04,-9.151117410510778427e-06,9.739706292748451233e-03,1.818569260649383068e-03,-9.152863174676895142e-03,-3.040606155991554260e-03,1.048929174430668354e-03,-1.469784695655107498e-02,-2.506597433239221573e-03,-1.766308397054672241e-02,9.800203442573547363e-01,7.261672616004943848e-01,7.435823678970336914e-01,8.275485634803771973e-01,7.269223332405090332e-01,7.375782821327447891e-03,1.697662658989429474e-02,2.050837427377700806e-01,6.023747380822896957e-03,1.852133311331272125e-03
-1.664526935201138258e-04,6.698261946439743042e-03,1.638132380321621895e-03,2.207600697875022888e-02,7.492685317993164062e-01,9.409864544868469238e-01,-7.866089232265949249e-03,2.847143262624740601e-02,-1.589481369592249393e-03,4.479312002658843994e-01,8.057040721178054810e-02,7.004144042730331421e-02,5.165074020624160767e-02,3.913906589150428772e-02,-1.398613490164279938e-02,-7.709948346018791199e-03,-3.351460443809628487e-03,4.783501382917165756e-03,2.388680586591362953e-03,5.402008537203073502e-03
5.507434718310832977e-03,1.192322559654712677e-02,-1.321816700510680676e-03,4.664166569709777832e-01,9.375239014625549316e-01,9.762799739837646484e-01,-1.684647751972079277e-03,2.076692646369338036e-03,8.416344062425196171e-04,6.822195649147033691e-01,3.318537399172782898e-02,1.519210543483495712e-02,2.037042751908302307e-02,1.142417313531041145e-03,1.911082537844777107e-03,-5.521552171558141708e-03,-6.771750049665570259e-04,-4.753184039145708084e-03,1.873754314146935940e-03,1.585824647918343544e-03
5.264723673462867737e-02,7.477945089340209961e-01,8.374747633934020996e-01,8.442809581756591797e-01,9.928479790687561035e-01,4.980230629444122314e-01,4.939911067485809326e-01,7.460246086120605469e-01,5.848125219345092773e-01,8.415432572364807129e-01,-1.228488748893141747e-03,-1.085087098181247711e-02,-4.101079422980546951e-03,-2.236338099464774132e-03,-4.489802289754152298e-03,-4.290586337447166443e-03,-6.825002841651439667e-03,-2.333652228116989136e-03,-2.791530452668666840e-03,1.772343297488987446e-03
8.830717206001281738e-01,6.840094327926635742e-01,7.772471904754638672e-01,8.758983612060546875e-01,7.802875041961669922e-01,4.984704256057739258e-01,4.924611151218414307e-01,8.747089505195617676e-01,6.805298328399658203e-01,7.677463293075561523e-01,9.957355447113513947e-03,1.135124359279870987e-02,1.740165986120700836e-03,-3.018882125616073608e-04,3.196362871676683426e-03,1.824437268078327179e-02,1.301525905728340149e-02,1.601591822691261768e-03,2.665353938937187195e-02,-1.054518274031579494e-03
1.500960672274231911e-03,6.290834862738847733e-03,1.062147691845893860e-02,2.292465232312679291e-02,3.955082502216100693e-03,-2.045038389042019844e-03,-2.323464257642626762e-03,4.470394551753997803e-02,-8.516900707036256790e-04,4.916107654571533203e-02,9.341444969177246094e-01,4.537815153598785400e-01,5.003265738487243652e-01,9.472627639770507812e-01,-1.337153371423482895e-04,4.389476962387561798e-03,-3.760501043871045113e-03,-4.643782041966915131e-03,-6.270064041018486023e-03,1.708022551611065865e-03
-6.495394627563655376e-04,2.742400169372558594e-01,2.255116999149322510e-01,7.117199897766113281e-01,5.758053660392761230e-01,-3.393484512344002724e-04,2.664135827217251062e-04,1.097644940018653870e-01,9.132620878517627716e-03,5.266862511634826660e-01,-1.981978863477706909e-02,-1.328709721565246582e-02,-2.281061373651027679e-02,-4.581445362418889999e-03,-1.875738240778446198e-02,-2.954869298264384270e-03,-7.813186384737491608e-03,-6.973712239414453506e-03,-1.772726653143763542e-03,-1.223130035214126110e-03
3.948660492897033691e-01,8.025100231170654297e-01,8.028711080551147461e-01,6.863820552825927734e-01,8.843507766723632812e-01,3.425407409667968750e-02,8.530880324542522430e-03,6.651969552040100098e-01,3.494947776198387146e-02,6.865632534027099609e-01,2.637007273733615875e-02,-1.785544212907552719e-03,4.934808705002069473e-03,1.523487735539674759e-02,1.528766751289367676e-02,2.794096246361732483e-02,3.228688612580299377e-02,7.072865962982177734e-03,1.355158630758523941e-02,2.766335674095898867e-04
1.550285494886338711e-03,2.438997663557529449e-02,3.193980827927589417e-02,3.229242563247680664e-01,4.088229965418577194e-03,9.783578515052795410e-01,1.909372210502624512e-02,2.302527800202369690e-02,7.187831681221723557e-03,7.699539065361022949e-01,-1.861950010061264038e-02,2.898056525737047195e-03,-9.828788228332996368e-03,3.508416935801506042e-03,1.164969056844711304e-02,-1.092790719121694565e-02,1.911688409745693207e-02,8.414547191932797432e-04,-5.514313234016299248e-04,-9.170073317363858223e-04
-1.361926435492932796e-03,-1.730551011860370636e-03,9.940510615706443787e-03,1.610851474106311798e-02,9.932416677474975586e-01,-1.885740901343524456e-03,2.578746352810412645e-04,9.950794577598571777e-01,-4.998545628041028976e-03,7.884497642517089844e-01,1.428261492401361465e-02,4.541937261819839478e-03,-3.128945594653487206e-03,9.120541624724864960e-03,-2.392915775999426842e-03,-9.542482905089855194e-03,-3.797282231971621513e-03,-1.998674822971224785e-03,8.927930612117052078e-04,-2.912813331931829453e-03
5.806629061698913574e-01,8.027918934822082520e-01,7.056593894958496094e-01,7.953503131866455078e-01,6.998026967048645020e-01,4.937603771686553955e-01,3.982328176498413086e-01,9.003856778144836426e-01,6.008295416831970215e-01,6.888785362243652344e-01,8.198820985853672028e-03,-9.891805239021778107e-03,9.851967915892601013e-03,-9.085059282369911671e-04,2.051353920251131058e-03,-1.350010512396693230e-03,-6.168948952108621597e-03,-1.937499269843101501e-03,2.612289972603321075e-03,3.627831581979990005e-03
3.509033005684614182e-03,3.686316311359405518e-02,6.606817245483398438e-01,7.811205983161926270e-01,-8.193111047148704529e-03,1.815879601053893566e-03,-2.008479088544845581e-03,7.149031162261962891e-01,3.541843965649604797e-02,7.909078001976013184e-01,-8.238673210144042969e-03,-2.790643600746989250e-03,-1.026513148099184036e-02,-1.260345987975597382e-02,-3.858853597193956375e-04,-3.753195283934473991e-03,-3.672349965199828148e-03,-1.165160536766052246e-02,-3.729928983375430107e-03,-4.621204920113086700e-03
5.948140621185302734e-01,8.909556865692138672e-01,8.051005005836486816e-01,8.128269910812377930e-01,8.965702056884765625e-01,4.735702276229858398e-01,4.866856336593627930e-01,4.953881800174713135e-01,4.720824956893920898e-01,7.878383398056030273e-01,3.060868009924888611e-02,2.783532720059156418e-03,5.591846071183681488e-03,1.109215337783098221e-02,1.102015282958745956e-02,-6.176364840939640999e-04,5.880832206457853317e-03,1.046183868311345577e-03,4.901443608105182648e-04,3.107302123680710793e-03
9.976709261536598206e-04,-3.254774492233991623e-03,-6.689790636301040649e-03,-2.164515666663646698e-02,-2.986643463373184204e-03,-1.633471227250993252e-03,-8.106957102427259088e-05,8.946788497269153595e-03,5.923832301050424576e-03,-1.009701471775770187e-02,9.084472656250000000e-01,8.935160040855407715e-01,9.304246902465820312e-01,1.897857189178466797e-01,8.077589273452758789e-01,9.943596720695495605e-01,9.937855601310729980e-01,8.360525965690612793e-02,8.833402991294860840e-01,8.477846533060073853e-02
-4.882570356130599976e-03,-9.810528717935085297e-04,1.845647115260362625e-03,-5.062765907496213913e-03,-7.042841054499149323e-03,3.199816681444644928e-03,3.304713871330022812e-03,2.623858861625194550e-02,1.007825485430657864e-04,3.368375124409794807e-03,9.367225766181945801e-01,9.640421867370605469e-01,9.831628203392028809e-01,9.342389702796936035e-01,9.953671693801879883e-01,1.022401332855224609e+00,1.013110876083374023e+00,1.431262400001287460e-02,9.964788556098937988e-01,8.229649066925048828e-01
-1.019435469061136246e-03,7.458528876304626465e-01,8.194990158081054688e-01,9.093063473701477051e-01,1.001507997512817383e+00,2.555378712713718414e-02,1.912099123001098633e-02,7.909643054008483887e-01,4.082099720835685730e-02,7.495759725570678711e-01,-3.158693760633468628e-02,-2.901132451370358467e-03,2.336479257792234421e-03,-1.325244922190904617e-02,6.714134942740201950e-04,4.871297162026166916e-03,-4.831156227737665176e-03,2.552350284531712532e-03,-2.233657520264387131e-03,2.494877902790904045e-03
5.737567553296685219e-04,5.608300678431987762e-03,9.726408869028091431e-03,1.221173629164695740e-02,7.212425116449594498e-03,1.450523175299167633e-02,6.980818230658769608e-03,1.870167441666126251e-02,9.160842746496200562e-03,9.715524502098560333e-03,8.922508955001831055e-01,6.819688677787780762e-01,7.950305938720703125e-01,8.845208287239074707e-01,7.060412764549255371e-01,1.061918810009956360e-01,7.985136508941650391e-01,7.815721631050109863e-02,2.901962101459503174e-01,-4.029809962958097458e-03
-1.127940602600574493e-03,6.860526204109191895e-01,7.741765975952148438e-01,8.587785363197326660e-01,5.786615014076232910e-01,2.132553420960903168e-02,2.379776723682880402e-02,9.688042998313903809e-01,2.200292982161045074e-02,1.965659260749816895e-01,4.601589962840080261e-02,9.109172970056533813e-04,7.331809960305690765e-03,2.059646183624863625e-03,7.969643920660018921e-03,5.241902545094490051e-03,1.657850481569766998e-02,7.113661267794668674e-04,4.090998321771621704e-03,1.591663621366024017e-02
-1.713810954242944717e-03,-7.118926383554935455e-03,-1.828464097343385220e-03,-1.115764863789081573e-02,-2.517864480614662170e-02,-3.971620928496122360e-03,-3.926271572709083557e-03,1.140466774813830853e-03,-8.263328112661838531e-03,-2.235769759863615036e-03,1.004695296287536621e+00,9.840741157531738281e-01,9.968323707580566406e-01,9.468161463737487793e-01,9.731854200363159180e-01,1.006587982177734375e+00,1.016329884529113770e+00,4.485479090362787247e-03,1.002844810485839844e+00,1.118513382971286774e-02
1.344582298770546913e-03,9.802407622337341309e-01,9.590762257575988770e-01,9.666247963905334473e-01,7.622825503349304199e-01,1.004277110099792480e+00,2.226178348064422607e-02,7.110922336578369141e-01,3.175604939460754395e-01,7.725394368171691895e-01,-2.204220928251743317e-02,-1.121009234338998795e-02,8.932081982493400574e-05,-3.766825102502480149e-05,-3.903878387063741684e-03,-3.104127245023846626e-03,-3.560463897883892059e-03,-1.101415953598916531e-03,-9.312066249549388885e-03,-7.947803242132067680e-04
9.953742474317550659e-02,8.979577422142028809e-01,9.002035856246948242e-01,8.107372522354125977e-01,8.966143131256103516e-01,9.991555809974670410e-01,3.033744990825653076e-01,8.865553140640258789e-01,8.028586506843566895e-01,8.963891863822937012e-01,-5.275714793242514133e-04,4.745645448565483093e-03,-4.525161348283290863e-03,-8.485832251608371735e-03,-5.142675712704658508e-03,1.128807943314313889e-02,2.729790518060326576e-03,1.509322202764451504e-03,2.379627898335456848e-03,2.482690848410129547e-03
9.633693844079971313e-02,2.878399491310119629e-01,5.781470537185668945e-01,7.774247527122497559e-01,9.825416207313537598e-01,8.576327562332153320e-02,8.729302883148193359e-02,6.945361495018005371e-01,5.657842848449945450e-03,7.937457561492919922e-01,1.006876397877931595e-02,1.808806118788197637e-04,-3.421043278649449348e-03,5.332970060408115387e-03,-6.937454454600811005e-03,-1.506642904132604599e-03,3.483725478872656822e-03,-2.676294883713126183e-03,2.365382388234138489e-03,-1.142991124652326107e-03
9.026228785514831543e-01,5.925000309944152832e-01,6.857581734657287598e-01,1.974995732307434082e-01,8.157374858856201172e-01,3.032464683055877686e-01,2.001186609268188477e-01,9.043170213699340820e-01,5.065047740936279297e-01,8.165109157562255859e-01,-3.929265774786472321e-03,-1.542427763342857361e-02,-2.248912118375301361e-03,1.660772413015365601e-02,3.172573400661349297e-03,-3.544582985341548920e-03,-1.854263362474739552e-03,-5.832635797560214996e-03,-7.303649093955755234e-03,2.258868655189871788e-03
1.559547497890889645e-03,1.481771562248468399e-02,1.346324980258941650e-01,8.080337047576904297e-01,-3.329188097268342972e-03,3.001320408657193184e-03,-8.940891711972653866e-04,9.096046686172485352e-01,5.679640453308820724e-04,7.827376127243041992e-01,-4.089365713298320770e-03,-8.030764758586883545e-03,-2.512491540983319283e-03,6.234664469957351685e-04,5.826813168823719025e-03,2.489226125180721283e-02,6.939930841326713562e-03,-4.128486616536974907e-04,5.113677587360143661e-03,-1.263635116629302502e-03
-4.520502989180386066e-04,6.450629234313964844e-02,8.580556511878967285e-02,8.409959822893142700e-02,7.210703194141387939e-02,3.716317564249038696e-02,2.278397232294082642e-02,7.134296745061874390e-02,6.010432168841362000e-02,1.081083938479423523e-01,8.762481808662414551e-01,2.542404457926750183e-02,1.318719703704118729e-02,2.833891101181507111e-02,2.040578238666057587e-02,7.991732098162174225e-03,8.706742897629737854e-03,1.059983114828355610e-04,5.894531495869159698e-03,2.213502302765846252e-03
7.780361920595169067e-02,-5.292057059705257416e-03,1.715408265590667725e-02,9.483435153961181641e-01,5.273381713777780533e-03,5.455222446471452713e-03,-1.692741177976131439e-03,2.866405993700027466e-03,-6.834521191194653511e-04,6.618719696998596191e-01,9.296554327011108398e-02,2.029930241405963898e-02,-1.642997190356254578e-02,-6.055844482034444809e-03,-3.613876178860664368e-03,-3.857623378280550241e-04,-6.420683930628001690e-04,1.417160499840974808e-02,1.570616848766803741e-03,1.156974025070667267e-02
-1.497712451964616776e-03,6.710311174392700195e-01,7.922304794192314148e-03,-1.050017308443784714e-02,-1.452106982469558716e-02,9.762731194496154785e-01,3.484561806544661522e-03,7.503001093864440918e-01,6.642793416976928711e-01,7.619219422340393066e-01,3.256506100296974182e-02,1.011799089610576630e-02,5.073807667940855026e-03,2.313209325075149536e-02,1.767382025718688965e-02,-6.359397084452211857e-04,1.514218468219041824e-02,-7.188040763139724731e-03,5.162913817912340164e-03,7.717831525951623917e-03
8.154899626970291138e-02,8.373264223337173462e-03,6.398150324821472168e-01,6.585069298744201660e-01,5.458255410194396973e-01,-1.097628613933920860e-03,-3.101532347500324249e-03,2.667425572872161865e-01,-5.474003963172435760e-03,6.295737028121948242e-01,2.041390724480152130e-02,1.126125175505876541e-02,5.046800710260868073e-03,1.836433075368404388e-03,1.375932712107896805e-03,-1.491305045783519745e-02,2.039810351561754942e-05,2.003262192010879517e-02,1.410908647812902927e-03,5.364661570638418198e-03
5.035889334976673126e-03,-6.705237552523612976e-03,-4.518608096987009048e-03,9.811373427510261536e-03,-1.982013694941997528e-03,8.161960169672966003e-03,6.503038457594811916e-04,1.726070232689380646e-02,2.236485248431563377e-03,9.133248589932918549e-03,8.556998968124389648e-01,7.802845835685729980e-01,9.504535198211669922e-01,9.549916982650756836e-01,7.719006538391113281e-01,9.678379297256469727e-01,9.761305451393127441e-01,2.496554702520370483e-01,9.872236251831054688e-01,-2.070314018055796623e-03
5.148351192474365234e-03,9.620990157127380371e-01,9.235385656356811523e-01,8.988699316978454590e-01,9.533821344375610352e-01,4.751871526241302490e-01,1.158176362514495850e-02,4.710685312747955322e-01,-8.745415834710001945e-04,9.211937189102172852e-01,6.226674094796180725e-02,-6.193505832925438881e-04,3.251519426703453064e-02,4.699744284152984619e-03,9.866048581898212433e-03,6.510700099170207977e-03,1.240955106914043427e-02,2.068313024938106537e-02,7.773866876959800720e-03,2.854553749784827232e-03
2.683833539485931396e-01,1.612184494733810425e-01,2.475241869688034058e-01,4.954628646373748779e-01,2.905431091785430908e-01,-1.465821452438831329e-02,-1.188625488430261612e-02,5.797562599182128906e-01,-1.279893331229686737e-02,-1.738921180367469788e-02,1.584010571241378784e-01,9.025882184505462646e-02,7.179251313209533691e-02,7.385645806789398193e-02,8.880130201578140259e-02,1.502682082355022430e-02,5.820395424962043762e-03,3.087185882031917572e-02,2.114735078066587448e-03,4.032571986317634583e-02
-2.030710456892848015e-04,8.020775914192199707e-01,8.864339590072631836e-01,8.960805535316467285e-01,7.917289137840270996e-01,4.726530015468597412e-01,2.924394905567169189e-01,1.035468950867652893e-01,2.862522304058074951e-01,1.034394800662994385e-01,2.270166203379631042e-02,1.009850762784481049e-02,1.433619949966669083e-02,2.462904900312423706e-03,4.268375691026449203e-03,1.383613795042037964e-02,2.351571619510650635e-02,1.266535371541976929e-02,6.723736412823200226e-03,9.038617135956883430e-04
3.505725879222154617e-03,6.620293948799371719e-03,3.693059319630265236e-03,7.425436750054359436e-03,7.237368263304233551e-03,5.598624120466411114e-04,-2.150059444829821587e-03,-4.764990881085395813e-03,5.393536295741796494e-03,-4.884099587798118591e-03,8.909435272216796875e-01,7.046095132827758789e-01,7.922099232673645020e-01,9.250202178955078125e-01,7.186504006385803223e-01,9.931848384439945221e-03,2.750130929052829742e-02,-8.076810277998447418e-03,1.253448333591222763e-02,6.039431095123291016e-01
2.789927530102431774e-04,9.342922568321228027e-01,8.944750428199768066e-01,9.095234274864196777e-01,9.198698401451110840e-01,3.678170964121818542e-02,3.864978253841400146e-02,7.373598814010620117e-01,7.098361849784851074e-02,7.963198423385620117e-01,-8.467114530503749847e-03,-4.022562876343727112e-03,-1.255990844219923019e-02,-1.798979938030242920e-02,-1.153247430920600891e-02,-6.204766104929149151e-04,-2.423994475975632668e-03,-3.956293221563100815e-03,-3.965129610151052475e-03,-1.130382763221859932e-03
5.089669139124453068e-04,8.069153428077697754e-01,9.182051420211791992e-01,8.628111481666564941e-01,8.967931270599365234e-01,5.043813586235046387e-01,4.990995228290557861e-01,7.896847724914550781e-01,7.017688155174255371e-01,9.030187129974365234e-01,-5.561902187764644623e-03,2.736650640144944191e-03,1.642356859520077705e-03,-3.181455424055457115e-03,-3.167237620800733566e-03,-5.291882902383804321e-03,-7.935565896332263947e-03,-2.325659152120351791e-03,-2.014931058511137962e-03,-1.296441070735454559e-03
-4.285609757062047720e-04,8.099019527435302734e-01,9.293166399002075195e-01,1.020900487899780273e+00,9.026228785514831543e-01,1.002954721450805664e+00,6.900884509086608887e-01,7.378004789352416992e-01,8.071507811546325684e-01,8.331268429756164551e-01,-2.203915268182754517e-02,-2.333514392375946045e-03,-3.013130743056535721e-03,-5.367054603993892670e-03,-1.186653133481740952e-02,-4.765174817293882370e-03,-6.892291828989982605e-03,-1.299683121033012867e-03,-2.167744329199194908e-03,-8.458735537715256214e-04
-2.533019054681062698e-03,6.821764260530471802e-02,4.199005663394927979e-03,8.169866167008876801e-03,4.366103187203407288e-02,3.440073877573013306e-02,3.234969452023506165e-02,5.546325817704200745e-02,4.333465546369552612e-02,8.894132822751998901e-02,8.898949027061462402e-01,1.439038780517876148e-03,3.945893608033657074e-03,9.199542403221130371e-01,6.334955096244812012e-01,-1.593814813531935215e-03,-7.913237437605857849e-03,-1.124045718461275101e-02,1.561687211506068707e-03,-3.151935990899801254e-03
5.616517155431210995e-04,4.196416120976209641e-03,8.975397213362157345e-04,-8.834389969706535339e-03,2.133283950388431549e-02,1.344367209821939468e-02,-5.978031549602746964e-03,2.277750708162784576e-02,4.179056733846664429e-03,1.581686921417713165e-02,9.366393089294433594e-01,6.832542419433593750e-01,6.681625843048095703e-01,9.666523337364196777e-01,5.769999027252197266e-01,1.727180089801549911e-03,5.914716981351375580e-03,5.959260463714599609e-01,5.568497814238071442e-03,9.884044528007507324e-01
4.912169650197029114e-03,-3.264210885390639305e-03,-1.685503637418150902e-03,-3.008613176643848419e-02,-6.386798340827226639e-03,-6.549877580255270004e-03,-3.930834587663412094e-03,-2.201241627335548401e-02,-4.029887728393077850e-03,3.581829369068145752e-02,9.474270343780517578e-01,3.243272379040718079e-02,7.687507867813110352e-01,9.685438275337219238e-01,1.471852511167526245e-02,-3.566329600289463997e-03,5.823746323585510254e-04,5.039729550480842590e-02,-3.044119570404291153e-03,1.059196796268224716e-02
-3.677227359730750322e-04,2.203378267586231232e-02,7.517745718359947205e-03,1.288664806634187698e-02,1.763221435248851776e-02,1.108465366996824741e-03,-9.226145222783088684e-03,3.835475444793701172e-02,-1.752812997438013554e-03,2.766761183738708496e-02,9.760814309120178223e-01,-8.444410050287842751e-04,6.997262239456176758e-01,-6.704559549689292908e-03,4.967798590660095215e-01,9.700248241424560547e-01,9.631388783454895020e-01,-3.055040026083588600e-03,9.777559638023376465e-01,8.808515071868896484e-01
-9.488991461694240570e-03,-6.615518592298030853e-03,-2.258998155593872070e-02,-2.141544409096240997e-02,-1.547053176909685135e-02,3.945428878068923950e-03,-2.301834989339113235e-03,-1.394590921700000763e-02,9.510391391813755035e-04,-1.578145846724510193e-02,9.824705123901367188e-01,6.700757145881652832e-01,9.750920534133911133e-01,-4.065578337758779526e-03,7.086139917373657227e-01,1.010963559150695801e+00,1.018390178680419922e+00,2.891582250595092773e-01,1.012321591377258301e+00,9.841485023498535156e-01
-2.223418559879064560e-03,7.755853235721588135e-03,4.508622288703918457e-01,6.900002714246511459e-03,6.596620082855224609e-01,1.874145679175853729e-02,7.034847978502511978e-03,1.104902103543281555e-01,2.354471478611230850e-03,6.450911164283752441e-01,-4.195168986916542053e-02,-1.762920431792736053e-02,-1.484389044344425201e-02,-2.094165980815887451e-02,1.041312422603368759e-02,1.689976640045642853e-02,3.142699599266052246e-02,7.220267783850431442e-03,1.955517940223217010e-02,6.738373776897788048e-04
9.785971790552139282e-02,8.988177180290222168e-01,7.976717352867126465e-01,8.821746110916137695e-01,7.980288267135620117e-01,4.779145121574401855e-01,4.795398116111755371e-01,2.784424722194671631e-01,4.791896343231201172e-01,6.825886964797973633e-01,1.828219927847385406e-02,-9.374945657327771187e-04,-1.035007275640964508e-02,-9.226444177329540253e-03,2.314999699592590332e-03,9.461699053645133972e-03,1.836273446679115295e-02,5.440760403871536255e-03,5.182687658816576004e-03,1.805810956284403801e-03
1.828904380090534687e-03,7.853131294250488281e-01,6.962467432022094727e-01,7.971739768981933594e-01,3.957690000534057617e-01,9.841063022613525391e-01,1.879124194383621216e-01,1.687789708375930786e-02,1.672018691897392273e-02,5.008771419525146484e-01,4.298782441765069962e-03,-1.170604722574353218e-03,-7.031599059700965881e-03,3.194593125954270363e-03,-7.652404252439737320e-03,-4.518792498856782913e-03,3.159455955028533936e-03,3.847677260637283325e-03,-1.313849166035652161e-02,-1.167775626527145505e-04
-2.191459061577916145e-03,4.253783822059631348e-02,8.643567562103271484e-02,1.156821027398109436e-01,8.074603974819183350e-02,1.379848830401897430e-02,6.024480331689119339e-03,1.041030362248420715e-01,8.100907318294048309e-03,1.856374144554138184e-01,6.990568041801452637e-01,3.241929039359092712e-02,5.764916539192199707e-02,1.403443366289138794e-01,6.263646483421325684e-02,4.100961089134216309e-01,3.915984332561492920e-01,2.562171816825866699e-01,2.169585675001144409e-01,1.826408086344599724e-03
1.188965397886931896e-03,7.895514369010925293e-01,6.980184316635131836e-01,6.972398161888122559e-01,5.675143003463745117e-01,4.861267507076263428e-01,3.915132880210876465e-01,1.012546300888061523e+00,6.807193756103515625e-01,7.892237901687622070e-01,-2.908949181437492371e-02,-2.051661722362041473e-02,-2.129828929901123047e-02,-1.273821294307708740e-02,3.992604979430325329e-05,8.754506707191467285e-03,8.221012540161609650e-03,2.932186238467693329e-03,1.138570997864007950e-02,8.374523604288697243e-04
4.697164986282587051e-03,1.540671568363904953e-02,4.902086220681667328e-03,2.810554020106792450e-02,1.770335435867309570e-02,5.135422572493553162e-03,-8.163704187609255314e-04,9.093695320188999176e-03,-3.896299516782164574e-03,3.561228141188621521e-02,8.561486601829528809e-01,5.660883784294128418e-01,7.547972202301025391e-01,-2.810686826705932617e-03,2.670514881610870361e-01,1.315894257277250290e-02,1.542262849397957325e-03,6.858946681022644043e-01,6.623972207307815552e-03,4.214962827973067760e-04
-3.460803767666220665e-03,7.935113310813903809e-01,8.675864934921264648e-01,8.396974205970764160e-01,7.245371341705322266e-01,9.953282475471496582e-01,-6.527662742882966995e-03,2.993588447570800781e-01,4.638648629188537598e-01,7.990747094154357910e-01,7.157874060794711113e-04,-1.400613039731979370e-02,-2.415922936052083969e-03,-5.471253767609596252e-03,-4.094655159860849380e-03,2.500916307326406240e-04,6.869433447718620300e-03,7.560529280453920364e-03,6.446068640798330307e-03,6.492609973065555096e-04
1.011605840176343918e-02,2.594843506813049316e-03,1.951726712286472321e-02,-2.384777646511793137e-03,5.527663975954055786e-03,2.112486632540822029e-03,6.768679711967706680e-03,3.507269918918609619e-02,2.982910163700580597e-02,5.597085505723953247e-02,8.511686921119689941e-01,6.504436731338500977e-01,9.067261219024658203e-01,9.330990910530090332e-01,5.817605257034301758e-01,9.506115913391113281e-01,9.495615959167480469e-01,9.547170996665954590e-02,2.749641537666320801e-01,-3.726907307282090187e-03
6.974728778004646301e-03,4.576677083969116211e-02,4.502864554524421692e-02,7.137978821992874146e-02,5.798266828060150146e-02,4.514456726610660553e-03,1.682016649283468723e-03,5.635281279683113098e-02,1.050268206745386124e-02,9.936577081680297852e-02,8.137139081954956055e-01,-2.985805040225386620e-03,-2.397425472736358643e-03,-7.084816694259643555e-03,-7.848545908927917480e-03,-8.986625820398330688e-03,-1.787259615957736969e-02,-7.377982605248689651e-03,-1.177472621202468872e-02,-1.835102098993957043e-03
1.360314316116273403e-03,8.102749586105346680e-01,7.227584123611450195e-01,7.339013218879699707e-01,6.538578271865844727e-01,1.426060125231742859e-02,5.559904966503381729e-03,8.314763903617858887e-01,4.488331731408834457e-03,7.308716177940368652e-01,-2.193528600037097931e-02,-2.452114131301641464e-04,-2.693449845537543297e-03,-8.329232223331928253e-03,2.667425666004419327e-03,4.473081789910793304e-03,6.663084030151367188e-03,-5.696075968444347382e-04,-1.699362299405038357e-03,-7.458023610524833202e-04
-3.785812761634588242e-03,-5.066194571554660797e-03,-6.451966706663370132e-03,-7.421601098030805588e-03,-9.562188759446144104e-03,-6.219865288585424423e-03,-4.736655857414007187e-03,2.816784195601940155e-02,-6.463035009801387787e-03,-5.396933760493993759e-03,9.250442981719970703e-01,8.897332549095153809e-01,9.177740812301635742e-01,9.801111221313476562e-01,9.320198297500610352e-01,6.566213909536600113e-03,-9.696117602288722992e-03,5.521207302808761597e-02,-1.584738306701183319e-02,8.004279136657714844e-01
-3.604301600717008114e-04,6.778674125671386719e-01,5.955435037612915039e-01,6.590743660926818848e-01,3.877894580364227295e-01,4.483938813209533691e-01,2.761407196521759033e-01,6.188770532608032227e-01,4.571142196655273438e-01,5.467127561569213867e-01,7.108388096094131470e-02,3.638210892677307129e-02,2.750383876264095306e-02,2.754436619579792023e-02,3.566790744662284851e-02,2.771857939660549164e-02,2.071694470942020416e-02,9.913252666592597961e-03,1.715563703328371048e-04,-2.287580166012048721e-03
-2.306233625859022141e-03,5.891038570553064346e-03,6.995534896850585938e-01,9.765272140502929688e-01,9.038896560668945312e-01,9.008803963661193848e-01,-1.097721979022026062e-02,7.880675792694091797e-01,-2.273497957503423095e-04,7.025859355926513672e-01,-5.734741222113370895e-03,2.363168261945247650e-02,7.191804703325033188e-03,-3.496346296742558479e-03,2.648076042532920837e-03,6.813751999288797379e-03,-6.524063181132078171e-03,1.023118849843740463e-03,2.804536605253815651e-03,3.737201448529958725e-03
-3.115342697128653526e-03,-2.495272783562541008e-03,-8.497259579598903656e-03,-1.478045340627431870e-02,-1.152239507064223289e-03,-2.277905587106943130e-03,-3.517595585435628891e-03,7.311376333236694336e-01,6.829718500375747681e-02,6.294896602630615234e-01,1.298498213291168213e-01,9.823586791753768921e-02,7.517286390066146851e-02,9.314950555562973022e-02,7.319148629903793335e-02,5.678961053490638733e-02,6.551192700862884521e-02,1.206448487937450409e-02,4.961710050702095032e-02,7.672431878745555878e-03
3.294382011517882347e-03,8.813558816909790039e-01,-1.313761621713638306e-02,9.826002717018127441e-01,9.763025641441345215e-01,9.834830164909362793e-01,-3.402815200388431549e-03,8.799207210540771484e-01,6.722337007522583008e-01,8.843301534652709961e-01,7.890804670751094818e-03,-1.694358512759208679e-02,-1.416588854044675827e-02,-1.176205091178417206e-02,-4.784163087606430054e-03,-1.479658763855695724e-02,-8.634609170258045197e-03,-2.763478783890604973e-03,-2.045441418886184692e-03,-3.245139669161289930e-04
8.037382940528914332e-05,-4.942717496305704117e-03,-1.504542678594589233e-02,1.565251685678958893e-02,-9.213556535542011261e-03,-4.625929985195398331e-03,-6.522680632770061493e-04,2.493088832125067711e-03,-1.103884540498256683e-02,-4.273934289813041687e-03,9.847245812416076660e-01,9.807676076889038086e-01,9.821621179580688477e-01,-1.118696946650743484e-02,9.802548885345458984e-01,9.910514950752258301e-01,9.874397516250610352e-01,6.709991022944450378e-03,9.901985526084899902e-01,8.887851238250732422e-01
-1.063840696588158607e-03,-1.104481518268585205e-03,-1.150593347847461700e-02,-1.870213262736797333e-02,-4.809220321476459503e-03,4.682633094489574432e-03,3.818816505372524261e-03,-3.883636323735117912e-03,-1.193522475659847260e-03,-1.233819685876369476e-02,1.021700620651245117e+00,1.014042973518371582e+00,9.931362271308898926e-01,9.850915074348449707e-01,9.981440901756286621e-01,1.017047762870788574e+00,1.010517358779907227e+00,6.853942275047302246e-01,1.013390064239501953e+00,9.957476258277893066e-01
-5.620250012725591660e-04,1.426847651600837708e-02,1.282353047281503677e-02,6.228887010365724564e-03,1.730676367878913879e-02,-2.789311576634645462e-03,1.971862511709332466e-04,1.980333961546421051e-02,5.703430622816085815e-03,2.263876423239707947e-02,7.519523147493600845e-03,-1.621245034039020538e-02,1.067415811121463776e-02,1.569078117609024048e-02,3.449970623478293419e-03,9.782132506370544434e-01,9.842190146446228027e-01,-3.084939438849687576e-03,9.968584775924682617e-01,7.797996997833251953e-01
-1.193577772937715054e-03,8.005936741828918457e-01,8.825330138206481934e-01,8.984634876251220703e-01,6.163085699081420898e-01,3.026945292949676514e-01,2.913759648799896240e-01,6.995156407356262207e-01,5.864468216896057129e-01,8.181520104408264160e-01,-2.467429032549262047e-03,-1.362722646445035934e-02,-8.212905377149581909e-03,-2.866357332095503807e-03,-3.582794684916734695e-03,3.196800826117396355e-03,-4.780004732310771942e-03,5.912588676437735558e-04,-1.834218855947256088e-03,-2.271887846291065216e-03
-1.421295222826302052e-03,-4.189811646938323975e-03,-1.649190671741962433e-02,-5.678451620042324066e-03,-3.824374638497829437e-03,-5.228696856647729874e-03,-3.387388773262500763e-03,-1.772889122366905212e-02,-6.400873418897390366e-03,-2.038977667689323425e-02,9.310607314109802246e-01,7.886674404144287109e-01,6.882051229476928711e-01,1.948786228895187378e-01,7.266803383827209473e-01,1.005683302879333496e+00,1.006715536117553711e+00,3.011187613010406494e-01,9.742897748947143555e-01,8.970080614089965820e-01
6.085285451263189316e-03,1.418548729270696640e-02,1.212459523230791092e-03,-9.179010055959224701e-03,3.331107273697853088e-02,1.431608665734529495e-02,1.283288002014160156e-02,1.428666990250349045e-02,2.081378176808357239e-02,2.157716639339923859e-02,3.954645246267318726e-03,1.531391292810440063e-01,7.964746952056884766e-01,8.850919604301452637e-01,8.479586988687515259e-02,4.983844701200723648e-04,-5.163249559700489044e-03,1.096074562519788742e-02,-1.325668673962354660e-02,4.102794229984283447e-01
2.541576046496629715e-03,8.818949460983276367e-01,7.751075625419616699e-01,7.741470336914062500e-01,6.910117268562316895e-01,8.876951932907104492e-01,3.812254071235656738e-01,6.879967451095581055e-01,4.860727787017822266e-01,7.862165570259094238e-01,3.600224480032920837e-02,7.243146188557147980e-03,-9.792769560590386391e-04,1.158125977963209152e-02,-2.181896474212408066e-03,3.505810862407088280e-03,3.514698939397931099e-03,-3.413132391870021820e-03,6.022112909704446793e-03,-1.362808689009398222e-04
5.848475266247987747e-04,-3.288229461759328842e-03,-1.730765332467854023e-03,4.365234053693711758e-05,5.586277693510055542e-03,-3.350530168972909451e-04,-2.473319647833704948e-03,7.088706362992525101e-03,1.917535439133644104e-03,7.816923782229423523e-03,1.023022651672363281e+00,8.380958437919616699e-01,9.900846481323242188e-01,1.008640885353088379e+00,9.924613684415817261e-02,-6.620496977120637894e-03,-1.332499552518129349e-03,5.689706802368164062e-01,1.724691689014434814e-02,-4.264879971742630005e-03
2.567591378465294838e-03,1.101724710315465927e-02,2.432980982121080160e-04,2.846676297485828400e-02,3.369217505678534508e-03,-9.438952431082725525e-03,-1.322309020906686783e-03,2.029349468648433685e-02,1.217093598097562790e-02,2.926484867930412292e-02,8.131089210510253906e-01,4.646419286727905273e-01,6.908718943595886230e-01,8.447868376970291138e-02,6.813395619392395020e-01,8.875699341297149658e-02,6.797004938125610352e-01,8.183191716670989990e-02,8.970094919204711914e-01,2.394737675786018372e-03
5.016563227400183678e-04,7.956020534038543701e-02,2.104680798947811127e-02,1.635070703923702240e-02,5.999084562063217163e-02,4.473134875297546387e-02,2.794817835092544556e-02,1.242525428533554077e-01,4.074634611606597900e-02,1.608388572931289673e-01,7.962260842323303223e-01,-1.479411497712135315e-03,-1.137175597250461578e-02,8.946741819381713867e-01,8.919354081153869629e-01,-1.129159238189458847e-03,8.066697046160697937e-03,-8.051726967096328735e-03,-4.919609986245632172e-03,-4.844539798796176910e-03
8.776544779539108276e-02,9.807018190622329712e-02,6.998859643936157227e-01,2.007859945297241211e-02,6.974877119064331055e-01,-6.619262974709272385e-03,-3.196306759491562843e-03,3.016994707286357880e-02,-2.148498781025409698e-02,6.159037351608276367e-01,7.797973230481147766e-04,6.806591153144836426e-02,2.623650804162025452e-02,2.339292690157890320e-02,2.175821550190448761e-02,-3.133639460429549217e-03,-6.282963295234367251e-05,-4.599931649863719940e-03,-1.844047685153782368e-03,-1.202390412800014019e-03
3.871296939905732870e-06,5.765795707702636719e-03,2.368271816521883011e-03,1.302525494247674942e-02,8.756096474826335907e-03,-3.434089012444019318e-03,-2.837651409208774567e-03,-6.503768730908632278e-03,-2.466375473886728287e-03,2.452930063009262085e-02,8.722477555274963379e-01,6.903614997863769531e-01,7.949576377868652344e-01,9.054729342460632324e-01,8.036873936653137207e-01,-1.339246705174446106e-02,-2.101179212331771851e-02,-1.912008621729910374e-03,-3.288326086476445198e-03,-5.307886749505996704e-03
2.003772533498704433e-04,7.992596626281738281e-01,7.003698945045471191e-01,5.981417298316955566e-01,8.909292817115783691e-01,6.912817955017089844e-01,5.908587574958801270e-01,9.949855208396911621e-01,6.906316876411437988e-01,6.960553526878356934e-01,1.033847127109766006e-02,1.630477374419569969e-03,7.735274732112884521e-03,2.150432765483856201e-02,7.154003251343965530e-03,-3.126809606328606606e-03,-2.135403454303741455e-03,1.676016952842473984e-03,1.098441425710916519e-03,4.006972449133172631e-05
1.095991465263068676e-03,2.006894443184137344e-03,2.835400402545928955e-03,-3.129168646410107613e-03,3.546510706655681133e-04,2.322242362424731255e-03,4.638836253434419632e-04,6.408504247665405273e-01,-2.075926866382360458e-03,4.212127625942230225e-01,9.730258584022521973e-02,9.301684796810150146e-02,6.235041096806526184e-02,4.620467498898506165e-02,4.333793744444847107e-02,1.948694325983524323e-02,9.126162156462669373e-03,2.323700115084648132e-03,1.557507831603288651e-02,2.045377390459179878e-03
3.771050600335001945e-03,7.140318155288696289e-01,7.258226871490478516e-01,6.121580600738525391e-01,4.882625937461853027e-01,1.001142740249633789e+00,2.657038159668445587e-02,3.201485574245452881e-01,2.595948241651058197e-02,4.358740150928497314e-01,5.184252746403217316e-03,-2.313430234789848328e-02,-5.511350929737091064e-03,-2.197889145463705063e-03,2.122477395460009575e-03,3.786627203226089478e-03,1.688526012003421783e-03,1.347820926457643509e-02,1.471235882490873337e-02,3.484359243884682655e-03
-3.085870703216642141e-04,8.201496601104736328e-01,9.037832617759704590e-01,9.994338154792785645e-01,7.273320555686950684e-01,9.964180588722229004e-01,6.873022913932800293e-01,6.860643625259399414e-01,9.120142459869384766e-01,8.291302919387817383e-01,-1.535900868475437164e-02,-9.977119043469429016e-03,-5.368726793676614761e-03,-1.388872042298316956e-02,-6.038348656147718430e-03,1.227550441399216652e-03,-6.450928281992673874e-03,-3.842353820800781250e-03,-5.928384605795145035e-03,-1.703472342342138290e-03
-8.870927616953849792e-03,-4.317068029195070267e-03,1.059735566377639771e-02,1.941268704831600189e-02,2.458868548274040222e-02,5.136525258421897888e-03,-6.103415042161941528e-03,4.285021871328353882e-02,-7.757605984807014465e-03,5.199045315384864807e-02,9.632051587104797363e-01,9.216958880424499512e-01,9.255673289299011230e-01,9.443128705024719238e-01,4.550679773092269897e-02,1.756417751312255859e-02,2.264798432588577271e-02,3.026803731918334961e-01,2.008337154984474182e-02,3.564135869964957237e-03
-1.218954916112124920e-03,-1.340363873168826103e-03,6.701107025146484375e-01,7.787966728210449219e-01,3.127593100070953369e-01,9.057766795158386230e-01,3.078000154346227646e-03,6.062150001525878906e-01,6.496681366115808487e-03,6.966334581375122070e-01,5.637065973132848740e-03,-1.663948060013353825e-03,-5.771639291197061539e-03,-1.373626990243792534e-03,1.273697125725448132e-03,-4.439220298081636429e-03,4.103145562112331390e-03,-1.626612502150237560e-04,3.003715304657816887e-03,2.402711194008588791e-03
-4.234031308442354202e-03,-4.456902854144573212e-03,4.736648872494697571e-03,6.499608862213790417e-04,-6.452019792050123215e-03,-3.270797198638319969e-03,-7.572184549644589424e-04,-1.570431515574455261e-02,-3.944599011447280645e-04,-1.239073555916547775e-02,9.795246720314025879e-01,1.008717656135559082e+00,1.029338479042053223e+00,1.016646265983581543e+00,1.018362164497375488e+00,1.007450103759765625e+00,1.035940051078796387e+00,6.354810297489166260e-02,1.024978160858154297e+00,1.757797598838806152e-02
7.887387764640152454e-04,7.985612750053405762e-01,8.001449704170227051e-01,9.989314675331115723e-01,7.006610631942749023e-01,5.004462599754333496e-01,4.948730468750000000e-01,1.003831863403320312e+00,6.026172041893005371e-01,8.013275265693664551e-01,2.081825397908687592e-03,-3.649503225460648537e-03,-2.149854786694049835e-03,-2.378646098077297211e-02,-9.989290498197078705e-03,-8.151340298354625702e-03,-3.564601764082908630e-03,-1.518960460089147091e-03,-1.735696569085121155e-03,-1.427787174179684371e-05
-5.006061866879463196e-03,4.207405261695384979e-03,6.263118386268615723e-01,7.115939855575561523e-01,8.521867990493774414e-01,1.304839923977851868e-02,9.336280054412782192e-04,6.458307504653930664e-01,2.501983381807804108e-02,6.606770157814025879e-01,4.232716560363769531e-02,4.203879274427890778e-03,-2.412952948361635208e-03,-1.174366939812898636e-02,1.112680789083242416e-02,-1.629358623176813126e-03,-1.110189780592918396e-02,-2.073423471301794052e-03,-7.269246503710746765e-03,1.307860203087329865e-02
-3.776050638407468796e-03,-1.389602106064558029e-02,4.885964095592498779e-01,6.855783462524414062e-01,7.803143262863159180e-01,9.945023655891418457e-01,6.669757422059774399e-03,2.936248183250427246e-01,5.180486440658569336e-01,7.537700533866882324e-01,1.379080861806869507e-02,-4.030186682939529419e-03,2.356543438509106636e-03,2.752220071852207184e-02,7.748357020318508148e-03,3.080833936110138893e-03,-7.659683469682931900e-04,1.292503206059336662e-03,-4.791244573425501585e-04,-3.273803507909178734e-03
2.309232717379927635e-03,-2.748172846622765064e-05,-9.629019186832010746e-04,7.909592241048812866e-03,4.521086812019348145e-03,-4.320432897657155991e-03,-7.154940976761281490e-04,7.895393064245581627e-04,-5.487876012921333313e-03,-8.817374706268310547e-03,8.811556696891784668e-01,7.943912148475646973e-01,7.992867827415466309e-01,8.851939439773559570e-01,6.968768239021301270e-01,9.544041752815246582e-02,7.852831482887268066e-01,1.030588671565055847e-01,7.070614695549011230e-01,-3.965648938901722431e-04
-1.475928584113717079e-03,9.817880988121032715e-01,7.831186652183532715e-01,1.959800273180007935e-01,1.968377977609634399e-01,9.875531196594238281e-01,1.017253100872039795e-02,8.615258336067199707e-01,2.321900986135005951e-02,7.586125731468200684e-01,4.046970605850219727e-02,5.301384255290031433e-03,2.585906535387039185e-02,4.615821316838264465e-02,1.284695416688919067e-02,1.316915848292410374e-03,1.056570187211036682e-02,9.275558986701071262e-04,1.853370666503906250e-02,6.464166217483580112e-04
8.362138178199529648e-04,1.844694018363952637e-01,6.860864758491516113e-01,8.782017230987548828e-01,7.953760027885437012e-01,9.964338541030883789e-01,2.080649882555007935e-01,7.831021547317504883e-01,9.071008563041687012e-01,3.045716881752014160e-01,6.549420766532421112e-03,7.553466130048036575e-03,4.622497595846652985e-03,-5.283126607537269592e-03,-5.996917840093374252e-03,1.644467748701572418e-02,1.849691569805145264e-02,-1.377900480292737484e-03,5.812956951558589935e-04,9.651788510382175446e-03
2.018770028371363878e-04,6.751019954681396484e-01,5.760583877563476562e-01,6.764287948608398438e-01,4.952556490898132324e-01,2.921575903892517090e-01,1.919894814491271973e-01,5.861028432846069336e-01,3.856027126312255859e-01,1.839760541915893555e-01,7.987009361386299133e-03,-1.439284067600965500e-03,9.102704934775829315e-03,-3.801304148510098457e-03,-2.001629909500479698e-03,3.191048977896571159e-03,-3.463244531303644180e-03,9.382787975482642651e-04,4.590482451021671295e-03,5.923733115196228027e-03
1.047774683684110641e-03,-9.543734602630138397e-03,2.574120415374636650e-03,-9.777717292308807373e-03,-1.365137659013271332e-02,-4.316456150263547897e-03,2.821025904268026352e-03,2.294098772108554840e-02,-5.238012410700321198e-03,2.581575140357017517e-02,9.317334890365600586e-01,9.309468269348144531e-01,9.474002122879028320e-01,9.337856173515319824e-01,9.695415496826171875e-01,4.132495522499084473e-01,3.992401361465454102e-01,2.652916312217712402e-01,4.226918816566467285e-01,4.268082790076732635e-03
3.927800953388214111e-01,7.969275712966918945e-01,6.822170019149780273e-01,6.847302913665771484e-01,9.797170758247375488e-01,9.917747974395751953e-01,7.927461862564086914e-01,8.747947812080383301e-01,9.970774650573730469e-01,8.730299472808837891e-01,1.466898433864116669e-02,6.045551970601081848e-03,2.846562117338180542e-02,-2.731463406234979630e-03,3.113489132374525070e-03,-4.677992314100265503e-03,1.028613839298486710e-02,-8.147982880473136902e-04,-1.046587340533733368e-02,-6.672723684459924698e-04
-1.132428995333611965e-03,1.197235006839036942e-02,1.461416389793157578e-02,5.678522959351539612e-02,2.599547244608402252e-02,4.829570651054382324e-03,-2.953354502096772194e-03,6.040561478585004807e-03,8.761452510952949524e-03,3.248926252126693726e-02,9.276582002639770508e-01,-1.703157206065952778e-03,1.795915067195892334e-01,-1.563532277941703796e-02,-8.329532574862241745e-04,-5.480330437421798706e-03,7.100816350430250168e-03,9.670208692550659180e-01,-2.704077400267124176e-03,-3.926614299416542053e-03
2.296929014846682549e-03,9.126988006755709648e-04,4.399071447551250458e-03,4.458511539269238710e-04,3.065505588892847300e-04,-4.132946953177452087e-03,-1.707011251710355282e-03,4.605582449585199356e-03,-7.768094073981046677e-03,9.644766338169574738e-03,9.406575560569763184e-01,8.375106453895568848e-01,1.029245972633361816e+00,1.016056776046752930e+00,1.009570717811584473e+00,9.988044500350952148e-01,9.896790981292724609e-01,6.977124810218811035e-01,1.001310467720031738e+00,1.005160689353942871e+00
-3.028924576938152313e-03,7.988105416297912598e-01,7.097619771957397461e-01,8.957644701004028320e-01,6.875496506690979004e-01,8.136378526687622070e-01,4.795121550559997559e-01,6.935851573944091797e-01,6.018935441970825195e-01,7.697167396545410156e-01,1.512569189071655273e-02,-1.846277504228055477e-03,1.748847775161266327e-03,1.475122873671352863e-03,-7.112936000339686871e-04,-1.579504273831844330e-02,-1.589421741664409637e-02,7.231773342937231064e-04,6.550616119056940079e-03,-1.836309325881302357e-03
1.502805738709867001e-03,2.410370483994483948e-02,2.705086208879947662e-02,7.915951609611511230e-01,2.481129765510559082e-02,1.211149967275559902e-03,-3.379444591701030731e-03,6.941384673118591309e-01,4.866145849227905273e-01,6.943739652633666992e-01,2.331311441957950592e-02,6.604220718145370483e-03,1.569424383342266083e-02,-8.891797624528408051e-03,1.013530697673559189e-02,1.470379810780286789e-02,2.060636132955551147e-02,-3.431451506912708282e-03,1.278993859887123108e-02,-1.038916409015655518e-03
-4.874332807958126068e-03,7.866743952035903931e-03,-1.518420316278934479e-02,-3.058261983096599579e-02,-3.099589608609676361e-03,-6.479979492723941803e-04,1.583703677169978619e-03,-1.210637483745813370e-02,2.450203755870461464e-04,-1.536059007048606873e-02,8.379311561584472656e-01,7.169676423072814941e-01,8.191208839416503906e-01,9.780179858207702637e-01,5.790405869483947754e-01,-8.236317895352840424e-03,-3.603097749873995781e-03,4.059377014636993408e-01,-4.933458752930164337e-03,2.445227699354290962e-03
2.093846997013315558e-04,6.760280728340148926e-01,6.842455863952636719e-01,6.102854013442993164e-01,5.589834451675415039e-01,9.043433070182800293e-01,1.694164425134658813e-01,2.352765351533889771e-01,3.200874850153923035e-02,7.321467399597167969e-01,3.966172039508819580e-02,3.725098678842186928e-03,1.060458365827798843e-02,7.884825579822063446e-03,1.192112267017364502e-02,-8.187086321413516998e-03,-8.218264207243919373e-03,1.715227402746677399e-02,1.091582700610160828e-02,-2.587956550996750593e-04
5.825233459472656250e-01,4.780806899070739746e-01,6.667916774749755859e-01,6.703134775161743164e-01,5.865148305892944336e-01,2.791292965412139893e-01,1.886193752288818359e-01,5.633051991462707520e-01,3.634070158004760742e-01,7.367796301841735840e-01,5.969040840864181519e-02,1.557609904557466507e-02,5.831994116306304932e-03,4.578291438519954681e-03,9.888493455946445465e-03,3.875240450724959373e-03,8.600902743637561798e-03,2.634071744978427887e-03,7.101884111762046814e-04,-5.019216914661228657e-04
4.184764809906482697e-03,2.358703687787055969e-02,1.507968548685312271e-02,1.478744857013225555e-02,2.285862155258655548e-02,1.039799489080905914e-02,3.349840175360441208e-03,1.848781295120716095e-02,7.414951454848051071e-03,2.025802247226238251e-02,8.742697238922119141e-01,1.253550685942173004e-02,2.850346267223358154e-03,4.137813113629817963e-03,5.443908739835023880e-04,5.621812772005796432e-03,3.784153610467910767e-03,3.054569242522120476e-03,-5.764391738921403885e-03,-1.009957864880561829e-03
3.080734983086585999e-03,-5.624402780085802078e-03,3.759362502023577690e-03,-5.620562471449375153e-03,-1.871212385594844818e-02,-2.555557759478688240e-03,2.430202439427375793e-03,-7.441950961947441101e-03,-9.485427872277796268e-04,-2.126627136021852493e-03,9.755686521530151367e-01,9.807665348052978516e-01,9.903711676597595215e-01,9.940434098243713379e-01,1.012697339057922363e+00,9.999298453330993652e-01,1.003106951713562012e+00,9.733437895774841309e-01,9.918825030326843262e-01,6.216153036803007126e-03
2.784131327643990517e-03,6.931223273277282715e-01,2.951649129390716553e-01,6.037051081657409668e-01,4.985896646976470947e-01,1.979817897081375122e-01,1.936017721891403198e-01,6.777096390724182129e-01,3.967103064060211182e-01,2.767611443996429443e-01,4.620825871825218201e-02,6.894635967910289764e-03,9.795918129384517670e-03,9.112624451518058777e-03,6.008645053952932358e-03,1.505738869309425354e-02,1.396778691560029984e-02,-2.981589874252676964e-03,8.370905183255672455e-03,-1.066620461642742157e-03
1.736500416882336140e-03,7.038775365799665451e-03,6.175194382667541504e-01,7.172164320945739746e-01,9.006037712097167969e-01,1.009016513824462891e+00,1.940239667892456055e-01,8.049177527427673340e-01,7.041519880294799805e-01,7.957210540771484375e-01,-1.648869831115007401e-03,-2.043258771300315857e-02,-8.852398023009300232e-03,4.996181931346654892e-03,-2.268395852297544479e-03,-3.686442796606570482e-04,-1.404313091188669205e-02,1.483433065004646778e-03,-1.670200144872069359e-03,-1.419103355146944523e-03
2.314722631126642227e-03,7.028101086616516113e-01,6.353165954351425171e-02,8.207470774650573730e-01,9.066497087478637695e-01,2.532661706209182739e-02,2.216596156358718872e-02,9.080962538719177246e-01,4.892258346080780029e-02,8.198300600051879883e-01,-1.142352633178234100e-02,-5.778477061539888382e-04,-8.677230216562747955e-03,1.944175455719232559e-04,4.648514557629823685e-03,7.660799892619252205e-04,1.124831940978765488e-02,8.186041377484798431e-04,3.840466029942035675e-03,-1.111795078031718731e-03
5.686116870492696762e-03,-3.718232270330190659e-03,-5.285599268972873688e-03,-3.616406349465250969e-03,1.888244412839412689e-02,-4.796326102223247290e-04,3.188670612871646881e-03,3.603530582040548325e-03,-3.734606143552809954e-04,-1.088216248899698257e-02,9.706993699073791504e-01,4.661279320716857910e-01,6.512934565544128418e-01,8.128976821899414062e-02,4.947085678577423096e-01,1.546330982819199562e-03,3.415380604565143585e-03,-1.896900357678532600e-04,1.485425326973199844e-02,6.858486533164978027e-01
-2.531392732635140419e-03,6.092824973165988922e-03,3.847784362733364105e-03,1.021131128072738647e-02,-3.892685752362012863e-03,4.636153578758239746e-03,9.049010695889592171e-04,2.188675105571746826e-02,7.545844651758670807e-03,7.065970916301012039e-03,7.860049605369567871e-01,6.864777207374572754e-01,9.662516117095947266e-01,9.674451947212219238e-01,6.930259466171264648e-01,1.819681783672422171e-04,-6.937875878065824509e-03,2.603120869025588036e-03,1.024079322814941406e-02,-2.000024076551198959e-03
4.096218384802341461e-03,2.347897365689277649e-02,3.184696286916732788e-02,3.520032763481140137e-02,8.778375573456287384e-03,3.649669815786182880e-04,3.421290777623653412e-03,2.386641129851341248e-02,2.594750141724944115e-03,3.709182888269424438e-02,3.612463548779487610e-02,-1.374656613916158676e-02,3.780956193804740906e-02,5.036846734583377838e-03,3.120041452348232269e-03,-5.005856975913047791e-03,-7.188060786575078964e-03,-1.487171370536088943e-02,-3.478330094367265701e-03,-5.491329822689294815e-03
1.709079137071967125e-03,9.975403547286987305e-01,9.865794181823730469e-01,9.940534234046936035e-01,1.005750775337219238e+00,9.862460196018218994e-03,2.513751853257417679e-03,1.001789093017578125e+00,7.734995801001787186e-03,7.132143974304199219e-01,-1.356173958629369736e-02,-5.176308564841747284e-03,1.688034972175955772e-03,-1.077606994658708572e-02,-1.051484141498804092e-02,-4.993156529963016510e-03,-5.902517121285200119e-03,8.120384882204234600e-04,-4.025449045002460480e-03,1.568419160321354866e-03
1.060496899299323559e-03,-1.608782680705189705e-03,-2.354797208681702614e-03,1.157426089048385620e-02,7.710160687565803528e-03,-1.132291555404663086e-02,-2.311453456059098244e-03,1.110017858445644379e-02,-1.086604781448841095e-03,5.156978499144315720e-03,1.011563658714294434e+00,1.006153702735900879e+00,1.002472758293151855e+00,9.938858151435852051e-01,9.575984477996826172e-01,9.739511013031005859e-01,1.005635619163513184e+00,6.673532128334045410e-01,9.836111068725585938e-01,1.851891726255416870e-01
1.650789345148950815e-04,8.093047887086868286e-03,-2.846924122422933578e-03,6.523929536342620850e-03,1.921577146276831627e-03,-3.611749038100242615e-03,-1.718499115668237209e-03,1.693283766508102417e-02,2.878681290894746780e-03,6.337680388242006302e-03,9.507503509521484375e-01,-1.824345439672470093e-02,9.525851011276245117e-01,9.879086017608642578e-01,5.686185956001281738e-01,9.775297641754150391e-01,9.638994336128234863e-01,2.412388566881418228e-03,9.757285714149475098e-01,6.921854615211486816e-01
4.140504752285778522e-04,7.938691377639770508e-01,2.165223937481641769e-03,9.018155336380004883e-01,2.970527708530426025e-01,3.299037227407097816e-03,-2.174566965550184250e-03,7.940905094146728516e-01,9.025008082389831543e-01,8.840786218643188477e-01,1.451911218464374542e-02,2.415501046925783157e-03,1.543235313147306442e-02,-3.298901021480560303e-03,2.494403859600424767e-03,1.059268484823405743e-03,6.951682269573211670e-03,-2.489398932084441185e-03,-7.320906035602092743e-03,7.213258068077266216e-04
-2.285419963300228119e-03,6.914415955543518066e-01,6.793266534805297852e-01,6.914106607437133789e-01,4.836566448211669922e-01,9.791954755783081055e-01,1.038228534162044525e-02,2.690137028694152832e-01,1.576397567987442017e-02,5.810196995735168457e-01,-1.690540229901671410e-03,1.453174464404582977e-02,-4.661843180656433105e-03,7.164048496633768082e-03,2.421319950371980667e-03,-4.751557018607854843e-03,5.454143974930047989e-03,-1.014713756740093231e-02,-1.144704967737197876e-02,4.441238997969776392e-04
3.971712589263916016e-01,2.959290146827697754e-01,5.917633771896362305e-01,7.906422615051269531e-01,3.011309802532196045e-01,4.872859418392181396e-01,3.941532075405120850e-01,8.783044815063476562e-01,5.804970860481262207e-01,6.638599634170532227e-01,3.678918257355690002e-02,-4.890214651823043823e-03,2.265269140480086207e-04,9.205750189721584320e-03,7.931529544293880463e-04,5.337696522474288940e-03,-3.654026892036199570e-03,-2.315807389095425606e-03,4.270802251994609833e-03,-5.246684886515140533e-03
-8.362115360796451569e-03,-4.647987429052591324e-03,2.093531889840960503e-03,-9.971451945602893829e-04,-7.886974141001701355e-03,-4.321153275668621063e-03,-2.144603291526436806e-03,-6.959798280149698257e-03,-1.896869158372282982e-03,-3.305074758827686310e-03,8.496709465980529785e-01,7.665758728981018066e-01,8.639081120491027832e-01,8.770864009857177734e-01,8.330511450767517090e-01,5.356859881430864334e-03,1.647228957153856754e-03,-2.159979892894625664e-03,7.127306889742612839e-03,-2.926798770204186440e-03
-7.759245636407285929e-05,1.869913074187934399e-03,5.738607048988342285e-01,7.007945179939270020e-01,4.007480740547180176e-01,1.818580087274312973e-03,-1.899595023132860661e-03,-7.680191658437252045e-03,-1.043933536857366562e-02,1.233079284429550171e-02,1.362382154911756516e-02,8.751256391406059265e-03,-8.875806815922260284e-04,-2.305069006979465485e-03,-2.699952106922864914e-03,-1.008955179713666439e-03,1.268247235566377640e-02,6.521128234453499317e-04,-7.263867155415937304e-05,1.031723991036415100e-02
1.134448032826185226e-02,1.084367372095584869e-02,5.276210140436887741e-04,2.710173092782497406e-02,5.533289164304733276e-02,4.256619140505790710e-02,5.593198817223310471e-03,6.215834990143775940e-02,1.638077571988105774e-02,4.971338436007499695e-02,9.041290283203125000e-01,9.032971858978271484e-01,9.224453568458557129e-01,9.501333236694335938e-01,3.230755329132080078e-01,6.433108821511268616e-03,6.237830519676208496e-01,1.422633067704737186e-03,1.640577763319015503e-01,-2.848359057679772377e-03
4.974990151822566986e-04,8.053898215293884277e-01,6.903843879699707031e-01,7.063393592834472656e-01,6.307649612426757812e-01,5.038685798645019531e-01,4.025674760341644287e-01,8.359045982360839844e-01,6.022861003875732422e-01,9.015287756919860840e-01,-1.927361823618412018e-02,3.126504365354776382e-03,-1.194450911134481430e-02,-7.817269302904605865e-03,-1.550710410811007023e-03,-2.315058605745434761e-03,-4.735886584967374802e-03,1.436789287254214287e-03,-3.291341476142406464e-03,-2.025072695687413216e-03
-5.649676080793142319e-03,-1.066592056304216385e-02,-1.442760601639747620e-02,-1.373247243463993073e-02,5.142745794728398323e-04,2.893598750233650208e-03,1.074086595326662064e-02,-2.007562667131423950e-02,-3.025931771844625473e-03,-2.035785466432571411e-02,9.870992898941040039e-01,-1.063968241214752197e-02,5.600267648696899414e-02,9.681713581085205078e-01,4.894379992038011551e-03,1.090196706354618073e-02,1.111992821097373962e-02,9.499867558479309082e-01,4.414983093738555908e-03,6.907002925872802734e-01
2.429296262562274933e-03,-2.521889691706746817e-04,-6.621317472308874130e-03,1.119674649089574814e-02,3.418161300942301750e-03,6.716023664921522141e-03,-2.561297442298382521e-04,1.062322594225406647e-02,1.007681339979171753e-02,2.017543278634548187e-02,9.498872756958007812e-01,9.424321651458740234e-01,9.729388356208801270e-01,9.738582372665405273e-01,9.519106745719909668e-01,2.550336299464106560e-03,9.710224866867065430e-01,7.858725264668464661e-03,9.889305830001831055e-01,-3.304518293589353561e-03
-2.992352703586220741e-03,9.102989435195922852e-01,7.174274325370788574e-01,6.324560642242431641e-01,5.384177565574645996e-01,4.380171895027160645e-01,3.591716289520263672e-01,8.274818658828735352e-01,6.459478735923767090e-01,6.385795474052429199e-01,5.622429773211479187e-02,1.763569191098213196e-02,1.306626293808221817e-02,1.450182776898145676e-02,2.407145500183105469e-02,3.006156347692012787e-02,4.339701309800148010e-02,2.272064564749598503e-03,3.532852604985237122e-02,1.325896661728620529e-02
8.405520580708980560e-03,-1.391631667502224445e-03,3.382665291428565979e-02,5.038513988256454468e-02,2.925836853682994843e-02,-4.746048245579004288e-03,-1.235243631526827812e-03,2.356222458183765411e-02,-9.621395729482173920e-04,3.716035559773445129e-02,9.268288612365722656e-01,1.791317132301628590e-03,7.464865338988602161e-04,4.382126498967409134e-03,-5.672059021890163422e-03,7.384437602013349533e-03,8.970850147306919098e-03,3.945515751838684082e-01,6.526358891278505325e-03,7.991318106651306152e-01
9.299543453380465508e-04,7.191159725189208984e-01,8.049577474594116211e-01,9.134019017219543457e-01,9.062522649765014648e-01,4.020194709300994873e-01,3.008992969989776611e-01,9.152725338935852051e-01,9.098438620567321777e-01,8.229580521583557129e-01,-1.370992325246334076e-02,1.755929202772676945e-03,-3.464584704488515854e-03,-1.338971924269571900e-04,-5.680991453118622303e-04,-7.600864861160516739e-03,-7.081273011863231659e-03,-1.709411502815783024e-03,-9.394592605531215668e-03,8.958341786637902260e-04
5.264723673462867737e-02,7.477945089340209961e-01,8.374747633934020996e-01,8.442809581756591797e-01,9.928479790687561035e-01,4.980230629444122314e-01,4.939911067485809326e-01,7.460246086120605469e-01,5.848125219345092773e-01,8.415432572364807129e-01,-1.228488748893141747e-03,-1.085087098181247711e-02,-4.101079422980546951e-03,-2.236338099464774132e-03,-4.489802289754152298e-03,-4.290586337447166443e-03,-6.825002841651439667e-03,-2.333652228116989136e-03,-2.791530452668666840e-03,1.772343297488987446e-03
7.758945139357820153e-05,7.802080512046813965e-01,7.673154473304748535e-01,6.698483228683471680e-01,6.577161550521850586e-01,4.812141954898834229e-01,3.891279995441436768e-01,8.643262982368469238e-01,5.778435468673706055e-01,6.394647359848022461e-01,4.893364384770393372e-02,1.639031246304512024e-02,1.110066659748554230e-02,5.049387458711862564e-03,2.459054253995418549e-02,2.414513565599918365e-02,2.385055460035800934e-02,1.516163907945156097e-02,1.274677831679582596e-02,9.173594415187835693e-03
-2.075803466141223907e-03,2.463624812662601471e-02,1.018902193754911423e-02,2.062081731855869293e-02,1.580646261572837830e-02,5.648340564221143723e-03,8.000175468623638153e-03,1.438501663506031036e-02,3.597402945160865784e-03,1.164530683308839798e-02,9.813197851181030273e-01,1.233234908431768417e-02,8.066516369581222534e-03,1.218507718294858932e-02,1.027108728885650635e-02,9.789929389953613281e-01,9.795057177543640137e-01,5.918053388595581055e-01,9.722804427146911621e-01,2.407809952273964882e-03
1.136071281507611275e-03,9.802866578102111816e-01,3.322575613856315613e-02,9.950888752937316895e-01,7.820526361465454102e-01,9.945325255393981934e-01,1.048341486603021622e-02,9.878872036933898926e-01,9.892464280128479004e-01,9.625629782676696777e-01,7.961433380842208862e-03,1.823113672435283661e-02,-6.481399759650230408e-05,7.173705846071243286e-03,1.302969455718994141e-02,4.977275151759386063e-03,6.483550183475017548e-03,6.787085440009832382e-03,2.296773018315434456e-03,1.980663277208805084e-03
1.922611496411263943e-03,-4.730951040983200073e-03,-2.130971755832433701e-03,2.936919336207211018e-04,2.278248313814401627e-03,1.349008991383016109e-03,-4.415255971252918243e-03,-7.157276850193738937e-03,-1.854010275565087795e-03,-4.135957919061183929e-03,1.022847056388854980e+00,2.331363223493099213e-02,9.868806004524230957e-01,1.007884979248046875e+00,8.256499171257019043e-01,1.001553535461425781e+00,9.962505102157592773e-01,1.483612810261547565e-03,1.005773186683654785e+00,2.927755936980247498e-03
-2.620166866108775139e-03,8.024856448173522949e-01,8.903303742408752441e-01,8.171206116676330566e-01,7.126796841621398926e-01,4.469977915287017822e-01,3.692076504230499268e-01,6.121406555175781250e-01,5.412724018096923828e-01,8.966451287269592285e-01,-2.510149776935577393e-02,-8.118354715406894684e-03,-7.854183204472064972e-04,-1.777197117917239666e-03,-2.280336339026689529e-03,-8.394645527005195618e-03,-2.102023921906948090e-03,-1.232492970302700996e-03,-1.206812681630253792e-03,1.007835089694708586e-04
1.167931826785206795e-03,7.853064537048339844e-01,7.112897634506225586e-01,7.015077471733093262e-01,5.854305624961853027e-01,8.973013758659362793e-01,8.082439191639423370e-03,6.964739561080932617e-01,1.892176084220409393e-02,5.965583324432373047e-01,1.281185634434223175e-02,-1.433499902486801147e-02,1.473268866539001465e-02,-3.895170520991086960e-04,-6.704779807478189468e-03,2.318667061626911163e-02,1.770046539604663849e-02,-1.729837036691606045e-03,1.654680445790290833e-02,-6.957114092074334621e-04
-8.139891549944877625e-03,-2.629747614264488220e-02,-3.042261302471160889e-02,-2.838653139770030975e-02,-4.699289798736572266e-02,-1.319120731204748154e-02,-7.096434012055397034e-03,-4.032251238822937012e-02,-3.087914083153009415e-03,-6.827449798583984375e-02,1.072308421134948730e+00,7.519059181213378906e-01,8.053290843963623047e-01,1.045006871223449707e+00,1.328763961791992188e-01,1.009785197675228119e-02,1.149185746908187866e-02,3.484470546245574951e-01,8.703162311576306820e-04,7.820187211036682129e-01
1.281101815402507782e-02,8.135769516229629517e-03,4.987004678696393967e-03,2.351845987141132355e-02,1.119322702288627625e-02,4.460396710783243179e-03,5.231366027146577835e-03,2.656180225312709808e-02,-2.767362631857395172e-03,-5.763856694102287292e-03,6.934297084808349609e-01,5.134975537657737732e-02,5.070056021213531494e-02,4.700661450624465942e-02,2.372150309383869171e-02,1.856812089681625366e-02,2.490396052598953247e-02,1.609001681208610535e-02,5.728866439312696457e-03,5.508039612323045731e-03
2.217218047007918358e-03,-1.154085737653076649e-03,-6.690565496683120728e-04,1.360628567636013031e-02,-1.253663282841444016e-02,-4.300151485949754715e-03,2.785173011943697929e-03,5.015468224883079529e-03,-3.120687557384371758e-03,1.266625523567199707e-02,9.429926872253417969e-01,9.352136254310607910e-01,9.284403324127197266e-01,9.749469161033630371e-01,1.308166831731796265e-01,-8.553991094231605530e-03,-4.385005740914493799e-05,9.853094816207885742e-03,-1.296573318541049957e-02,9.965755939483642578e-01
-3.062557952944189310e-04,9.401758760213851929e-02,9.927796125411987305e-01,1.001368641853332520e+00,9.887542724609375000e-01,9.985783100128173828e-01,7.973536849021911621e-01,7.043671011924743652e-01,8.971276283264160156e-01,2.882291078567504883e-01,3.972778562456369400e-03,-1.663569919764995575e-02,-1.058752764947712421e-03,9.507132694125175476e-03,1.142895780503749847e-03,-3.496503923088312149e-03,4.658214282244443893e-03,4.675581119954586029e-03,7.230620831251144409e-03,-1.186065375804901123e-03
1.193121424876153469e-03,8.735499344766139984e-03,1.406008261255919933e-03,1.364179071970283985e-03,-7.999575464054942131e-04,-1.458781654946506023e-03,-2.454625791870057583e-04,1.457407232373952866e-02,1.404760032892227173e-02,3.850580379366874695e-02,9.844994544982910156e-01,9.850339889526367188e-01,7.047634124755859375e-01,7.073541283607482910e-01,7.971758842468261719e-01,4.770926237106323242e-01,4.829784333705902100e-01,-2.843703841790556908e-03,1.910174340009689331e-01,3.816523239947855473e-04
5.460274987854063511e-04,8.715856671333312988e-01,7.623451948165893555e-01,8.151624202728271484e-01,9.517241120338439941e-01,2.372370567172765732e-03,7.544300984591245651e-03,6.724737286567687988e-01,1.698824577033519745e-02,5.897307991981506348e-01,3.392964974045753479e-02,5.062004085630178452e-03,8.120684884488582611e-03,5.170454271137714386e-03,-2.139206975698471069e-03,-7.086054421961307526e-03,4.204502329230308533e-04,3.994306083768606186e-03,3.032049629837274551e-03,3.258642274886369705e-03
-5.217171739786863327e-03,-7.658888585865497589e-03,4.665731976274400949e-04,7.813123054802417755e-03,-1.721773529425263405e-03,4.348130431026220322e-03,1.098356675356626511e-03,1.891344413161277771e-02,2.706761239096522331e-03,1.868228311650454998e-03,9.762072563171386719e-01,9.824819564819335938e-01,9.986910223960876465e-01,1.002420902252197266e+00,9.671573042869567871e-01,3.755131736397743225e-02,1.848404668271541595e-02,7.616941817104816437e-03,1.332995947450399399e-02,7.290823850780725479e-03
-1.941842027008533478e-03,6.449751853942871094e-01,7.638431787490844727e-01,8.489353060722351074e-01,6.568561196327209473e-01,3.259757533669471741e-02,4.702515527606010437e-02,7.500516772270202637e-01,3.292602300643920898e-02,8.397792577743530273e-01,1.067184209823608398e-01,-3.248163033276796341e-03,-6.042666733264923096e-03,-5.447798175737261772e-04,3.917527385056018829e-03,1.839728839695453644e-02,2.569483220577239990e-02,1.368530467152595520e-02,2.533017471432685852e-02,4.257777240127325058e-03
-5.091406870633363724e-03,1.813445996958762407e-04,2.243324881419539452e-03,-1.353205088526010513e-02,-1.270810235291719437e-02,-5.507715046405792236e-03,-2.412268193438649178e-03,-3.112336620688438416e-02,-1.033051125705242157e-02,-2.997068502008914948e-02,9.161493182182312012e-01,1.027012944221496582e+00,1.041200280189514160e+00,1.033722996711730957e+00,1.019956707954406738e+00,1.011365532875061035e+00,1.008064746856689453e+00,1.659582927823066711e-02,9.980227351188659668e-01,9.957817196846008301e-01
7.684040348976850510e-03,6.641815416514873505e-03,7.390874437987804413e-03,1.029580552130937576e-02,1.341282390058040619e-02,2.480766735970973969e-02,1.883969758637249470e-03,3.528181090950965881e-02,1.037957891821861267e-02,3.118876367807388306e-02,9.430568218231201172e-01,9.271873235702514648e-01,9.366729855537414551e-01,9.769404530525207520e-01,9.456055760383605957e-01,7.283343933522701263e-03,9.604317545890808105e-01,2.738819690421223640e-03,9.716971516609191895e-01,-5.946653895080089569e-03
7.445022347383201122e-04,1.264981273561716080e-02,1.065806858241558075e-02,-1.034991873893886805e-04,4.079798702150583267e-03,-1.404806243954226375e-04,4.153838846832513809e-03,3.211827948689460754e-03,1.526789739727973938e-02,7.330573163926601410e-03,3.749563917517662048e-02,1.560015883296728134e-02,9.673566673882305622e-04,8.054494857788085938e-03,7.981023788452148438e-01,2.783560156822204590e-01,6.656114459037780762e-01,7.154698371887207031e-01,4.806199073791503906e-01,8.987366557121276855e-01
-8.681534673087298870e-04,7.083799242973327637e-01,7.055802941322326660e-01,6.246987581253051758e-01,5.403157472610473633e-01,7.979333996772766113e-01,2.787604331970214844e-01,9.370601177215576172e-02,3.694199025630950928e-01,4.074698686599731445e-01,2.180779993068426847e-04,-1.323257340118288994e-03,-1.937144901603460312e-03,5.116244312375783920e-03,-5.142449866980314255e-03,-3.400966292247176170e-03,-7.052872329950332642e-03,-4.598939791321754456e-03,3.358880290761590004e-03,2.400525612756609917e-03
2.869199961423873901e-03,2.987419953569769859e-03,1.044972054660320282e-02,4.850166663527488708e-02,1.868682727217674255e-02,1.414682064205408096e-02,8.573501370847225189e-03,3.680190071463584900e-02,3.863239195197820663e-03,1.372014638036489487e-02,9.630842208862304688e-01,-1.486551389098167419e-02,-2.924616448581218719e-02,-1.815059594810009003e-02,1.012677419930696487e-02,5.245452281087636948e-03,-1.494734315201640129e-03,2.766327699646353722e-03,1.244088821113109589e-02,5.953387822955846786e-03
3.209549759048968554e-04,-6.511196261271834373e-06,3.610832383856177330e-03,1.609498262405395508e-02,1.753745600581169128e-03,1.458198530599474907e-03,9.930580854415893555e-04,-2.469414612278342247e-03,-9.304020786657929420e-04,-1.597502152435481548e-03,9.631909728050231934e-01,5.733827948570251465e-01,3.704913258552551270e-01,6.729132533073425293e-01,3.640443682670593262e-01,9.959179162979125977e-01,9.793090224266052246e-01,7.909364104270935059e-01,9.848115444183349609e-01,7.994046211242675781e-01
2.620769431814551353e-03,-4.381199367344379425e-03,-1.040698587894439697e-02,-1.750923506915569305e-02,1.195864193141460419e-02,4.740576725453138351e-03,-7.998879300430417061e-04,5.228069145232439041e-03,-2.633543219417333603e-03,3.480785991996526718e-03,9.724696278572082520e-01,9.850267767906188965e-01,9.730547070503234863e-01,9.868738651275634766e-01,9.786108136177062988e-01,1.011042952537536621e+00,1.007997632026672363e+00,9.127039462327957153e-02,8.928629755973815918e-02,5.421070381999015808e-03
1.612163707613945007e-02,3.284621238708496094e-02,6.348121166229248047e-01,7.904031276702880859e-01,2.862590923905372620e-02,8.849929086863994598e-03,2.855250146239995956e-03,6.472741365432739258e-01,6.831342820078134537e-03,8.184342980384826660e-01,3.857151046395301819e-02,-9.508744813501834869e-03,3.332506492733955383e-02,5.086212186142802238e-04,2.605597837828099728e-04,4.111193993594497442e-04,-1.140566659159958363e-03,-1.704702526330947876e-02,-1.072290237061679363e-03,-3.110777353867888451e-03
-8.957235259003937244e-04,8.044637441635131836e-01,7.186774015426635742e-01,8.090588450431823730e-01,6.049687266349792480e-01,4.893199801445007324e-01,3.828855156898498535e-01,1.017929434776306152e+00,6.868257522583007812e-01,7.975230813026428223e-01,3.269069129601120949e-04,2.001334680244326591e-03,-2.295240061357617378e-03,-2.024401677772402763e-03,-5.906338919885456562e-04,-1.606927253305912018e-05,1.146299950778484344e-02,-1.761894673109054565e-04,-9.802149143069982529e-04,-1.694151549600064754e-03
2.915599150583148003e-03,7.171140909194946289e-01,8.398779034614562988e-01,7.430397272109985352e-01,6.458917856216430664e-01,9.183006882667541504e-01,2.946077287197113037e-01,5.140455365180969238e-01,4.046727716922760010e-01,7.178778648376464844e-01,-2.873451216146349907e-03,-1.441992819309234619e-03,-9.016952477395534515e-03,7.959639653563499451e-03,4.630233626812696457e-03,-7.112083490937948227e-03,2.424895763397216797e-03,-9.637227049097418785e-04,-1.758470898494124413e-03,-1.177545782411471009e-04
-6.192112341523170471e-04,-9.700331836938858032e-03,5.806914530694484711e-03,-2.350845932960510254e-02,1.264657825231552124e-02,-1.058155670762062073e-02,-4.724411293864250183e-03,7.238088641315698624e-03,-1.389730535447597504e-02,2.842087745666503906e-01,1.023072600364685059e-01,5.005632713437080383e-02,3.723540902137756348e-02,1.849702186882495880e-02,1.754587888717651367e-02,1.362920552492141724e-02,1.131169847212731838e-04,3.025552257895469666e-02,1.942044310271739960e-02,-3.495331620797514915e-03
1.850577187724411488e-03,1.497923396527767181e-02,7.813046686351299286e-03,1.176312845200300217e-02,1.130093727260828018e-02,1.836390048265457153e-02,1.553156599402427673e-02,1.694404520094394684e-02,9.600008837878704071e-03,3.094476461410522461e-02,9.674733281135559082e-01,9.527175426483154297e-01,9.667295217514038086e-01,9.936991930007934570e-01,5.863614846020936966e-03,-1.373110862914472818e-04,-1.207392476499080658e-02,-1.472514588385820389e-03,-1.517383847385644913e-02,2.050465845968574286e-04
2.035397803410887718e-03,5.089373327791690826e-03,-1.002128422260284424e-02,9.194533824920654297e-01,9.362709522247314453e-01,1.856302656233310699e-02,6.150248926132917404e-03,6.759486794471740723e-01,2.112747915089130402e-02,7.297530174255371094e-01,3.875586017966270447e-02,8.451070636510848999e-02,4.373987764120101929e-02,4.088872112333774567e-03,-8.960886858403682709e-03,5.052744876593351364e-03,-2.252628095448017120e-03,9.639371186494827271e-03,-6.372194271534681320e-03,1.555077265948057175e-03
-7.702960283495485783e-04,9.515470266342163086e-01,-9.329969994723796844e-03,5.892387591302394867e-03,1.941685006022453308e-02,-8.002944290637969971e-03,1.588889281265437603e-03,3.357025682926177979e-01,1.921696006320416927e-03,7.307897806167602539e-01,1.025902293622493744e-02,-4.930841177701950073e-02,-1.465393044054508209e-02,-1.658803597092628479e-02,4.445066303014755249e-02,1.868623495101928711e-02,6.176398601382970810e-03,1.665286906063556671e-02,8.030667901039123535e-03,-1.417532656341791153e-02
5.302448756992816925e-03,2.923236461356282234e-03,2.297982573509216309e-02,1.110647618770599365e-02,2.203038427978754044e-03,5.171338096261024475e-03,-2.886148868128657341e-04,9.075166285037994385e-02,-1.117725763469934464e-02,4.068408533930778503e-02,7.223935723304748535e-01,2.154882997274398804e-02,1.034155413508415222e-01,9.952795505523681641e-01,2.192410454154014587e-02,-1.534906402230262756e-02,-1.241112034767866135e-02,-8.928150869905948639e-03,-2.716491231694817543e-03,-2.135352231562137604e-03
8.962176442146301270e-01,1.830870658159255981e-01,7.966707944869995117e-01,6.853309869766235352e-01,5.946755409240722656e-01,1.966481357812881470e-01,9.890888631343841553e-02,6.842192411422729492e-01,7.929824590682983398e-01,7.697506546974182129e-01,-2.127381600439548492e-02,-1.564182527363300323e-02,-3.341578179970383644e-03,-6.851889193058013916e-03,1.433926820755004883e-02,1.517774350941181183e-02,2.711336873471736908e-02,-9.307356085628271103e-04,-2.714792964980006218e-03,-1.202685991302132607e-03
-1.036571688018739223e-03,7.932198643684387207e-01,7.241428494453430176e-01,6.923323273658752441e-01,6.192970275878906250e-01,5.041372179985046387e-01,4.021100103855133057e-01,9.774739742279052734e-01,6.803810000419616699e-01,7.840933799743652344e-01,5.436704959720373154e-03,4.395643249154090881e-03,4.937780555337667465e-03,-3.951884340494871140e-03,-4.845786374062299728e-03,-7.409791927784681320e-03,-1.561671379022300243e-03,1.694815233349800110e-03,-5.284277256578207016e-03,-1.648959238082170486e-03
6.844618474133312702e-04,6.862887144088745117e-01,6.697838902473449707e-01,6.696317791938781738e-01,4.474146664142608643e-01,4.297623336315155029e-01,3.182952105998992920e-01,7.483360767364501953e-01,5.035343766212463379e-01,6.256730556488037109e-01,9.219733625650405884e-02,2.098743990063667297e-02,1.072030514478683472e-02,1.383629254996776581e-02,2.990844659507274628e-02,2.253356762230396271e-02,1.515483297407627106e-02,-9.782419074326753616e-04,1.981500163674354553e-02,2.365610096603631973e-03
3.023869125172495842e-03,7.693745493888854980e-01,6.568580865859985352e-01,6.409081816673278809e-01,8.687647581100463867e-01,9.810352325439453125e-01,2.939025871455669403e-03,7.602177858352661133e-01,4.555507004261016846e-01,8.469556570053100586e-01,-2.032428048551082611e-03,-1.529062166810035706e-02,-5.028725136071443558e-03,-1.127946749329566956e-02,-7.464689668267965317e-03,6.014770478941500187e-04,-1.914166379719972610e-03,-2.008319133892655373e-03,-1.425363589078187943e-03,1.455316552892327309e-03
6.403898587450385094e-04,-8.967243484221398830e-04,7.543678879737854004e-01,9.573071599006652832e-01,6.851013898849487305e-01,9.666519165039062500e-01,6.851954460144042969e-01,8.264520168304443359e-01,9.775053262710571289e-01,7.903553843498229980e-01,4.967327043414115906e-02,1.052293227985501289e-03,1.548958290368318558e-02,6.909457501024007797e-03,7.498718332499265671e-03,1.724624191410839558e-03,2.693609148263931274e-02,3.974930383265018463e-03,1.375117688439786434e-03,9.132081759162247181e-04
1.458030426874756813e-03,7.940576672554016113e-01,9.066847562789916992e-01,9.103785157203674316e-01,7.037255764007568359e-01,5.911779999732971191e-01,4.936374723911285400e-01,8.760198950767517090e-01,6.825148463249206543e-01,7.909411191940307617e-01,1.636935584247112274e-02,5.924494471400976181e-03,6.324003450572490692e-03,-4.606505390256643295e-03,-6.714943796396255493e-03,1.416387502104043961e-02,1.222997438162565231e-02,4.887721035629510880e-03,-3.191272262483835220e-03,4.403128754347562790e-03
-3.041067859157919884e-03,2.739574313163757324e-01,6.720080375671386719e-01,7.901914715766906738e-01,5.978156924247741699e-01,-6.551305763423442841e-03,4.119151737540960312e-03,6.706225275993347168e-01,-3.166881855577230453e-03,6.350623965263366699e-01,4.818692803382873535e-02,2.780743129551410675e-02,5.175113677978515625e-02,2.451520413160324097e-02,3.132132440805435181e-02,1.054773759096860886e-02,4.981621168553829193e-03,-2.508249133825302124e-03,6.849889643490314484e-03,-1.661158748902380466e-03
1.964417286217212677e-03,1.475614774972200394e-02,1.273190416395664215e-02,1.805188693106174469e-02,3.089233301579952240e-02,1.079594437032938004e-02,9.791008196771144867e-03,1.966731436550617218e-02,2.092741988599300385e-02,8.748897351324558258e-03,7.611190080642700195e-01,-5.155605031177401543e-04,-7.844931678846478462e-05,3.612427972257137299e-03,4.617252387106418610e-03,1.346844807267189026e-02,9.963980875909328461e-03,3.849751548841595650e-03,-7.506964902859181166e-05,2.946945130825042725e-01
-1.256238436326384544e-03,9.681256413459777832e-01,9.836982488632202148e-01,4.622284322977066040e-02,9.866455793380737305e-01,4.053315147757530212e-02,4.563064128160476685e-02,5.412803590297698975e-02,4.992722347378730774e-02,9.459202885627746582e-01,-1.396268419921398163e-02,-1.044141035526990891e-02,-7.987703196704387665e-03,1.374882296659052372e-03,-3.014370100572705269e-03,-8.471201173961162567e-03,-9.809491224586963654e-03,4.037819802761077881e-03,-6.668194546364247799e-04,-2.844786213245242834e-04
-1.402806839905679226e-03,2.489648014307022095e-02,5.148091316223144531e-01,5.301989912986755371e-01,7.163278460502624512e-01,2.330445218831300735e-03,1.180901774205267429e-03,7.774687409400939941e-01,-2.936960430815815926e-03,7.019845247268676758e-01,9.698510169982910156e-03,2.345495671033859253e-02,-9.126212680712342262e-04,2.103646751493215561e-03,1.040965877473354340e-02,1.824338175356388092e-02,2.601329237222671509e-02,2.269325964152812958e-02,1.468105986714363098e-02,1.068675238639116287e-02
-3.201151732355356216e-03,-1.698532840237021446e-03,9.217855520546436310e-03,2.420703135430812836e-02,6.187786813825368881e-03,4.078567959368228912e-03,-1.464014174416661263e-03,1.222285628318786621e-02,1.776210591197013855e-02,4.638369008898735046e-02,8.041016459465026855e-01,1.092218682169914246e-01,2.004963159561157227e-01,8.247523009777069092e-02,5.141776204109191895e-01,9.773173332214355469e-01,9.901450872421264648e-01,1.303694210946559906e-02,4.004669189453125000e-01,3.456098726019263268e-03
1.426876429468393326e-02,-1.786755863577127457e-03,7.261895574629306793e-03,5.824082531034946442e-03,1.084354333579540253e-02,-1.346021774224936962e-03,-1.915886648930609226e-03,2.221475122496485710e-03,1.999378670006990433e-03,2.435234608128666878e-03,2.386263199150562286e-02,2.495507337152957916e-02,1.822772473096847534e-01,1.946233958005905151e-01,9.872160851955413818e-02,3.927841782569885254e-03,1.836190745234489441e-02,7.341471966356039047e-03,9.695013985037803650e-03,5.004438757896423340e-01
-4.442061181180179119e-04,7.600660920143127441e-01,6.560529470443725586e-01,6.584123969078063965e-01,8.634550571441650391e-01,4.767116010189056396e-01,3.896734118461608887e-01,6.799966096878051758e-01,4.804674685001373291e-01,2.845177352428436279e-01,6.199543923139572144e-02,-1.943892426788806915e-02,1.039032824337482452e-03,1.726645976305007935e-02,1.060788612812757492e-02,3.219561651349067688e-02,4.269987344741821289e-02,9.438778273761272430e-03,1.546059735119342804e-02,1.842585764825344086e-02
-9.340157266706228256e-04,1.701737171970307827e-03,2.843416761606931686e-03,-4.053216427564620972e-03,-4.346994217485189438e-03,9.175900369882583618e-03,6.241333205252885818e-03,4.899907112121582031e-01,5.554423667490482330e-03,7.270731925964355469e-01,4.054827243089675903e-02,2.966581284999847412e-02,5.814063549041748047e-02,5.752648040652275085e-02,7.914463058114051819e-03,6.050914991647005081e-03,-1.715933671221137047e-03,7.029850035905838013e-03,1.008654595352709293e-03,-1.201161416247487068e-03
2.003452973440289497e-03,7.036240100860595703e-01,6.596587896347045898e-01,8.687993288040161133e-01,6.231173276901245117e-01,2.454001307487487793e-01,1.774509549140930176e-01,7.322611808776855469e-01,3.841690719127655029e-01,7.965673804283142090e-01,2.615964412689208984e-02,1.369678881019353867e-02,-2.613435965031385422e-03,7.205575238913297653e-03,1.043204125016927719e-02,-8.391805749852210283e-06,4.309179726988077164e-03,-1.411571516655385494e-03,-2.936247037723660469e-03,2.692771377041935921e-03
1.000630436465144157e-03,6.566094607114791870e-02,8.065811544656753540e-02,5.869686603546142578e-02,7.765307277441024780e-02,3.206747397780418396e-02,1.038622576743364334e-02,6.833665072917938232e-02,1.963390037417411804e-02,6.734024733304977417e-02,3.507520258426666260e-01,9.320300817489624023e-02,8.677631616592407227e-02,2.650950849056243896e-01,1.714362651109695435e-01,2.484308788552880287e-03,2.710638940334320068e-01,-1.129487878642976284e-03,1.768546253442764282e-01,-1.857639756053686142e-03
1.010644529014825821e-02,1.845627091825008392e-02,1.355928927659988403e-02,6.112137809395790100e-02,3.061572648584842682e-02,1.427490077912807465e-02,1.342975650914013386e-03,3.328121826052665710e-02,1.832200214266777039e-02,8.661372587084770203e-03,-6.008690688759088516e-03,4.955541491508483887e-01,9.554474353790283203e-01,8.104640990495681763e-03,6.823908090591430664e-01,9.647371172904968262e-01,9.601131677627563477e-01,-4.650874470826238394e-04,7.917086482048034668e-01,6.856052875518798828e-01
4.856152008869685233e-05,3.282219171524047852e-03,8.830313570797443390e-03,-6.107078865170478821e-03,1.581362565048038960e-03,-1.444675726816058159e-03,5.511170718818902969e-03,-1.914422027766704559e-02,9.191427379846572876e-04,-2.516005560755729675e-02,1.001132130622863770e+00,4.447874426841735840e-02,1.085656061768531799e-01,2.570245973765850067e-02,7.119914293289184570e-01,3.183617489412426949e-03,1.919478876516222954e-03,2.365212887525558472e-03,4.866467788815498352e-03,-4.158972296863794327e-03
3.753213677555322647e-03,8.608645759522914886e-03,2.728377236053347588e-03,9.304290870204567909e-04,3.663545474410057068e-03,-3.351335413753986359e-03,-1.838807715103030205e-03,-7.240373175591230392e-03,-1.984146423637866974e-03,-7.855366915464401245e-03,9.287405610084533691e-01,3.513807058334350586e-02,4.581477493047714233e-02,2.530277520418167114e-02,7.963147163391113281e-01,3.432018915191292763e-03,2.068653469905257225e-03,-1.067456672899425030e-03,6.867508403956890106e-03,6.085184812545776367e-01
-3.593633649870753288e-03,-1.964650582522153854e-03,1.227389555424451828e-02,5.616659764200448990e-03,8.410075679421424866e-03,5.128911230713129044e-03,-6.032468518242239952e-04,-5.193373188376426697e-03,2.436638809740543365e-03,2.772251609712839127e-03,8.260037899017333984e-01,7.141370177268981934e-01,9.901713132858276367e-01,1.015404343605041504e+00,8.027908205986022949e-01,-7.013875525444746017e-03,3.449340537190437317e-02,3.173587918281555176e-01,9.926627874374389648e-01,-4.668441601097583771e-03
4.373517818748950958e-03,9.270872105844318867e-04,1.103127561509609222e-02,1.520096790045499802e-02,2.007029391825199127e-02,2.537073334679007530e-03,3.739683423191308975e-03,1.746338792145252228e-02,7.038133684545755386e-03,1.047249604016542435e-02,8.609220981597900391e-01,7.597908377647399902e-01,7.716659307479858398e-01,1.890862882137298584e-01,4.858831167221069336e-01,6.958256363868713379e-01,6.960324048995971680e-01,8.383048325777053833e-02,3.037629425525665283e-01,5.924118161201477051e-01
1.330555300228297710e-03,8.134261965751647949e-01,9.967354536056518555e-01,8.991547226905822754e-01,9.049004316329956055e-01,1.005889892578125000e+00,6.954572200775146484e-01,9.076364636421203613e-01,9.952446222305297852e-01,8.007741570472717285e-01,-6.312796380370855331e-03,9.547598659992218018e-03,1.434902078472077847e-03,-9.017620468512177467e-04,-3.237506840378046036e-03,-2.918109530583024025e-04,-4.955301526933908463e-03,-1.111697405576705933e-03,-5.707183852791786194e-03,-1.690908684395253658e-04
2.999002579599618912e-03,1.154244542121887207e-01,9.234792739152908325e-02,1.131807416677474976e-01,8.475272357463836670e-02,2.526778355240821838e-02,2.366460300981998444e-02,9.729717671871185303e-02,5.276138335466384888e-02,9.976346045732498169e-02,8.453286290168762207e-01,5.488126538693904877e-03,5.012791603803634644e-03,-9.861752390861511230e-03,1.856097429990768433e-01,8.026730418205261230e-01,7.277783751487731934e-01,5.596839822828769684e-03,4.380872845649719238e-01,5.131428595632314682e-03
-2.482120471540838480e-04,8.073567748069763184e-01,8.748489022254943848e-01,7.986618280410766602e-01,6.995282769203186035e-01,5.736466050148010254e-01,4.771666228771209717e-01,8.924032449722290039e-01,6.684952974319458008e-01,8.893054127693176270e-01,9.502547793090343475e-03,1.713888777885586023e-04,3.953536972403526306e-03,8.426683954894542694e-03,1.225260668434202671e-03,-9.335412643849849701e-03,2.954429481178522110e-03,-4.114430397748947144e-03,-4.369806498289108276e-03,1.241188612766563892e-03
-7.040246855467557907e-04,7.271770387887954712e-02,6.267201155424118042e-02,6.125519424676895142e-02,6.311509013175964355e-02,4.754894599318504333e-02,2.044282481074333191e-02,4.508403688669204712e-02,2.801181375980377197e-02,3.613907098770141602e-02,3.549236357212066650e-01,1.017085313796997070e-01,1.815530955791473389e-01,2.633280158042907715e-01,2.678808867931365967e-01,2.785533964633941650e-01,3.737422823905944824e-01,8.561784774065017700e-02,1.840423792600631714e-01,4.802302122116088867e-01
-1.750652678310871124e-03,7.904871702194213867e-01,7.030818462371826172e-01,6.898057460784912109e-01,5.838570594787597656e-01,4.913405179977416992e-01,3.901280164718627930e-01,7.057245969772338867e-01,5.005461573600769043e-01,6.752890348434448242e-01,1.682443730533123016e-02,-2.917001023888587952e-03,1.165675465017557144e-02,4.895612597465515137e-03,-5.176861304789781570e-03,8.369246497750282288e-03,1.215341128408908844e-02,2.241802634671330452e-03,6.219183560460805893e-04,9.800511907087638974e-05
-8.958023972809314728e-04,-6.413653958588838577e-03,5.651015322655439377e-03,-4.799980670213699341e-04,-1.718621817417442799e-03,-6.504534743726253510e-03,-3.174242563545703888e-03,-2.939708903431892395e-02,-1.022500544786453247e-02,-1.190831419080495834e-02,8.579423427581787109e-01,6.649053692817687988e-01,8.501782417297363281e-01,8.188694119453430176e-01,5.523187518119812012e-01,6.024149656295776367e-01,5.979641675949096680e-01,-3.873787820339202881e-03,2.126251161098480225e-01,7.804132066667079926e-03
3.416171064600348473e-03,4.703520098701119423e-04,-2.861477667465806007e-03,-8.558783680200576782e-03,3.877604845911264420e-03,6.312029436230659485e-03,-1.731129013933241367e-03,-1.576128043234348297e-02,8.690545335412025452e-03,-1.512894779443740845e-02,1.007454156875610352e+00,9.773430228233337402e-01,1.031418919563293457e+00,9.955505728721618652e-01,8.255412578582763672e-01,3.055540472269058228e-02,3.948225080966949463e-02,1.516165211796760559e-02,6.983898929320275784e-04,2.613878343254327774e-03
1.959836110472679138e-03,1.749954768456518650e-03,-1.421243883669376373e-03,-1.196967903524637222e-02,-4.589091986417770386e-07,1.559052802622318268e-02,9.942455108102876693e-06,1.742245978675782681e-03,-5.844658007845282555e-04,1.005026604980230331e-02,9.563179016113281250e-01,7.762000560760498047e-01,8.592239618301391602e-01,9.557382464408874512e-01,9.677926301956176758e-01,3.758553881198167801e-03,8.027897216379642487e-03,7.865536808967590332e-01,-3.631507745012640953e-03,9.857395887374877930e-01
-1.954133855178952217e-03,7.067673206329345703e-01,7.921140789985656738e-01,6.852047443389892578e-01,6.007433533668518066e-01,4.749090373516082764e-01,3.857123553752899170e-01,2.928070724010467529e-01,6.800071597099304199e-01,7.866351604461669922e-01,1.644732430577278137e-03,-2.949893940240144730e-03,-1.515530981123447418e-02,-9.652903303503990173e-03,-7.111670915037393570e-03,-1.346604991704225540e-02,-2.185712195932865143e-02,2.062065061181783676e-03,3.668606281280517578e-03,-1.144822686910629272e-03
4.863789770752191544e-03,-2.235881751403212547e-03,1.282745134085416794e-02,4.416250437498092651e-02,2.717458643019199371e-02,1.707674749195575714e-02,5.277308635413646698e-03,4.660610854625701904e-02,5.087257828563451767e-03,2.228606119751930237e-02,9.396051168441772461e-01,6.556307673454284668e-01,2.891998291015625000e-01,1.559425704181194305e-02,6.688699126243591309e-01,6.731600966304540634e-03,9.628245234489440918e-01,-1.010450418107211590e-03,9.618798494338989258e-01,8.783783414401113987e-04
9.648075792938470840e-04,7.229573130607604980e-01,3.243037685751914978e-02,3.680659830570220947e-02,9.937371015548706055e-01,9.739910960197448730e-01,-1.568386913277208805e-03,5.606886148452758789e-01,1.936771720647811890e-02,7.771118283271789551e-01,2.973587252199649811e-02,3.657016530632972717e-02,4.162661358714103699e-02,2.914369292557239532e-02,5.264332983642816544e-03,5.407434655353426933e-04,3.791055642068386078e-04,-3.539829631336033344e-04,-6.064238841645419598e-04,1.539757009595632553e-03
-1.534853829070925713e-03,6.083806157112121582e-01,2.021033018827438354e-01,7.683335542678833008e-01,9.647923111915588379e-01,4.880171418190002441e-01,3.860836923122406006e-01,6.873882412910461426e-01,4.840824306011199951e-01,9.017997980117797852e-01,1.219436016981489956e-04,-1.822645403444766998e-02,-2.356982231140136719e-02,-1.943544484674930573e-02,1.037939917296171188e-02,5.292527843266725540e-03,-1.005172636359930038e-02,-9.921878576278686523e-03,4.876371007412672043e-03,-1.315659261308610439e-03
1.411659410223364830e-03,-3.389374818652868271e-03,8.771767606958746910e-04,8.995867334306240082e-03,-1.899594441056251526e-03,7.849614135921001434e-03,-2.725443802773952484e-03,2.128483168780803680e-02,-2.453621011227369308e-03,5.276913940906524658e-02,9.325075149536132812e-01,9.525171518325805664e-01,9.831076264381408691e-01,1.188089698553085327e-02,9.919959306716918945e-01,9.963973164558410645e-01,9.896810650825500488e-01,3.256616881117224693e-03,9.936984777450561523e-01,4.249018151313066483e-03
-3.558467607945203781e-03,-2.025499241426587105e-03,-8.815227076411247253e-03,-5.835967604070901871e-03,-1.161866122856736183e-03,-3.665605094283819199e-03,2.986103936564177275e-04,-6.934284698218107224e-03,-2.889907453209161758e-03,-4.325193352997303009e-03,8.231402635574340820e-01,7.049245238304138184e-01,8.667415380477905273e-01,9.064853191375732422e-01,5.904580950736999512e-01,-2.396986819803714752e-03,-7.205265574157238007e-03,-2.658435143530368805e-03,3.675216110423207283e-03,4.612829070538282394e-03
-5.037579219788312912e-03,-7.130336016416549683e-03,-9.217229671776294708e-03,-1.963970437645912170e-02,-5.571355577558279037e-03,-4.119582008570432663e-04,8.552393876016139984e-03,-7.129525300115346909e-03,-7.379084825515747070e-03,-1.638677343726158142e-02,1.003692746162414551e+00,9.555767178535461426e-01,9.943437576293945312e-01,1.557758660055696964e-03,4.405404441058635712e-03,3.576437383890151978e-02,4.354796931147575378e-02,1.592974364757537842e-02,9.951037764549255371e-01,7.993404269218444824e-01
-2.022416330873966217e-03,1.995813474059104919e-02,2.276526577770709991e-02,9.101470001041889191e-03,1.784098707139492035e-02,7.928109727799892426e-03,5.461278837174177170e-03,3.298806399106979370e-02,6.415002048015594482e-03,3.929938003420829773e-02,7.759214043617248535e-01,3.016832172870635986e-01,1.807029843330383301e-01,9.430835396051406860e-02,1.933367103338241577e-01,2.729917764663696289e-01,3.630051314830780029e-01,2.633102005347609520e-03,2.805619835853576660e-01,1.023994525894522667e-03
5.535203963518142700e-04,1.430349890142679214e-03,-2.104074228554964066e-03,-2.797181950882077217e-03,-7.462862413376569748e-03,-3.975430503487586975e-03,-3.695611143484711647e-03,-1.510668918490409851e-02,-7.293114438652992249e-03,-1.570519618690013885e-02,9.008215665817260742e-01,7.599068284034729004e-01,7.753056883811950684e-01,9.942979812622070312e-01,7.030488252639770508e-01,2.505316166207194328e-03,1.244277227669954300e-02,-1.309550018049776554e-03,7.293657865375280380e-03,9.955310225486755371e-01
3.391819540411233902e-03,2.347686793655157089e-03,-1.157200150191783905e-02,3.403184935450553894e-02,1.359970215708017349e-02,4.382768180221319199e-03,-1.108154654502868652e-03,2.966092824935913086e-01,3.262085914611816406e-01,6.585496664047241211e-01,7.632748782634735107e-02,1.129248589277267456e-01,1.222060695290565491e-01,1.187034025788307190e-01,7.941281050443649292e-02,4.628428444266319275e-02,5.198972672224044800e-02,5.113552324473857880e-03,1.386365015059709549e-02,2.111431909725070000e-03
4.435165028553456068e-04,2.121004043146967888e-03,-2.175749978050589561e-04,1.152800116688013077e-02,1.030845381319522858e-02,-3.501749597489833832e-04,6.034771213307976723e-04,3.031907835975289345e-03,9.045474231243133545e-03,2.230570651590824127e-02,9.872881174087524414e-01,5.444279313087463379e-01,5.401455760002136230e-01,1.864463463425636292e-02,2.162088304758071899e-01,2.263206057250499725e-02,1.690671220421791077e-02,2.791702002286911011e-02,4.247600138187408447e-01,1.406564377248287201e-02
-5.214199700276367366e-05,-3.072249470278620720e-03,7.981927990913391113e-01,9.901828169822692871e-01,9.874957799911499023e-01,9.980434775352478027e-01,6.988955140113830566e-01,9.851723313331604004e-01,1.001115083694458008e+00,2.023977041244506836e-01,5.875217262655496597e-03,3.967797383666038513e-03,-3.676221705973148346e-03,-2.236089901998639107e-03,5.451810546219348907e-03,6.765475962311029434e-03,9.679030627012252808e-03,-3.181922482326626778e-03,5.831883754581212997e-03,-2.400664845481514931e-03
-5.524398875422775745e-04,3.523134859278798103e-03,-8.727180771529674530e-03,-3.780949395149946213e-03,2.984612062573432922e-02,1.424982212483882904e-02,3.524500411003828049e-03,-5.536497104912996292e-03,4.113252274692058563e-03,2.193062566220760345e-02,9.325724244117736816e-01,9.534499645233154297e-01,9.846712946891784668e-01,9.451907277107238770e-01,6.750463843345642090e-01,4.478522241115570068e-01,4.479987621307373047e-01,7.724500894546508789e-01,4.511117339134216309e-01,-2.812664024531841278e-03
3.084894735366106033e-03,1.520181074738502502e-02,2.187232254073023796e-03,3.251568879932165146e-03,9.026559418998658657e-04,-1.694363541901111603e-02,-2.086874330416321754e-03,-1.351316552609205246e-02,-7.291071582585573196e-03,5.673808977007865906e-03,1.112784743309020996e-01,7.936228811740875244e-02,9.178216010332107544e-02,8.898181468248367310e-02,2.774110138416290283e-01,8.860145807266235352e-01,8.862322568893432617e-01,2.020871788263320923e-01,7.163872718811035156e-01,8.578919619321823120e-02
9.194803237915039062e-02,8.203991055488586426e-01,1.520584989339113235e-02,1.074195839464664459e-02,9.170252680778503418e-01,1.010394096374511719e+00,2.881887555122375488e-01,7.067406177520751953e-01,4.951003491878509521e-01,8.903973102569580078e-01,-1.023237686604261398e-02,-3.373119048774242401e-03,1.112120505422353745e-02,1.869559846818447113e-02,-9.763919748365879059e-03,-1.659392612054944038e-03,4.826818127185106277e-03,2.464350545778870583e-03,3.417304251343011856e-03,1.644483301788568497e-03
-1.993548823520541191e-03,7.609601318836212158e-02,8.617958426475524902e-02,3.901095986366271973e-01,1.861117482185363770e-01,8.891298174858093262e-01,2.758686542510986328e-01,7.882806658744812012e-01,6.988945007324218750e-01,7.881346344947814941e-01,3.148981183767318726e-02,2.500143088400363922e-02,3.218028461560606956e-03,1.910095103085041046e-02,1.131936069577932358e-02,-2.499538008123636246e-03,-5.041169468313455582e-03,4.994829185307025909e-03,7.026988547295331955e-03,6.792228668928146362e-04
1.556086353957653046e-03,6.828541159629821777e-01,5.180353298783302307e-03,4.345955327153205872e-03,1.158004254102706909e-02,9.937220215797424316e-01,1.004293226287700236e-04,5.927315354347229004e-01,6.797571182250976562e-01,7.873250842094421387e-01,3.460747748613357544e-02,-3.192764520645141602e-02,7.083540316671133041e-03,7.412385661154985428e-03,6.338003557175397873e-03,1.566009037196636200e-02,1.738383248448371887e-02,8.156248368322849274e-03,1.300236117094755173e-02,-2.523753093555569649e-03
-2.451754640787839890e-03,7.867829203605651855e-01,6.910352110862731934e-01,9.535503387451171875e-01,5.930853486061096191e-01,9.824714660644531250e-01,4.895331263542175293e-01,6.683710217475891113e-01,6.237038373947143555e-01,7.912406921386718750e-01,1.536750141531229019e-02,2.468876773491501808e-03,1.507681980729103088e-02,-3.735899226740002632e-03,-1.174701843410730362e-02,3.006282495334744453e-03,1.181503664702177048e-02,8.624793263152241707e-04,1.009638886898756027e-02,-2.089315792545676231e-03
-1.011796557577326894e-04,2.451910451054573059e-02,2.009173668920993805e-02,2.669123746454715729e-02,2.995076216757297516e-02,1.194012351334095001e-02,6.925285793840885162e-03,3.120175004005432129e-02,1.774234697222709656e-02,4.147288948297500610e-02,6.593477725982666016e-01,2.510458696633577347e-03,6.017324514687061310e-03,-2.390710578765720129e-04,1.758681535720825195e-01,4.758421797305345535e-03,4.771903753280639648e-01,1.034242333844304085e-03,8.978867530822753906e-02,2.228655852377414703e-03
1.044939458370208740e-02,5.080994218587875366e-02,5.318910628557205200e-02,3.577749058604240417e-02,3.300970047712326050e-02,4.137554392218589783e-02,2.621199004352092743e-02,7.349604368209838867e-02,4.366334155201911926e-02,5.602950602769851685e-02,8.134580850601196289e-01,6.527698785066604614e-02,1.586346626281738281e-01,2.623912096023559570e-01,1.741748899221420288e-01,2.783243656158447266e-01,4.541831612586975098e-01,8.476939052343368530e-02,1.750478893518447876e-01,6.009420752525329590e-01
8.842227980494499207e-04,5.267858505249023438e-04,1.480750855989754200e-03,6.504068523645401001e-02,8.677598088979721069e-03,1.355171296745538712e-02,-4.049931652843952179e-03,5.338897556066513062e-02,3.087457269430160522e-02,3.047744557261466980e-02,9.097791314125061035e-01,9.395493268966674805e-01,9.329759478569030762e-01,-1.531360298395156860e-02,8.351897001266479492e-01,9.423727393150329590e-01,9.473350048065185547e-01,2.930880291387438774e-03,-2.438245574012398720e-03,7.818982005119323730e-01
