9.012235070239684731e-01,5.169309730070238418e-01,1.559173609272430427e+00,8.531743722160479715e-01,-3.319585581946929764e+00,-1.977066213769863023e-01,-4.200840252084042659e-01,4.928406571362257682e-01,-2.264678635139537877e-01,1.315283363541660755e+00,2.026432174665950381e+00,-1.204248849665210619e+00,-3.613997335382717613e-01,-8.389619707689667250e-01
5.192709067359619485e-02,5.169309730070238418e-01,-2.106471440041099985e-01,-1.558255497027467129e+00,7.071254767936103747e-01,-1.682452399892334860e+00,-4.200840252084042659e-01,-7.493878485222064123e-01,-1.778843414356426067e-01,-7.602924417041847516e-01,-7.616798901785275522e-01,-1.204248849665210619e+00,-3.613997335382717613e-01,-8.389619707689667250e-01
-2.665590654577933982e-01,5.169309730070238418e-01,1.559173609272430427e+00,-1.558255497027467129e+00,-3.319585581946929764e+00,1.278305358441213180e+00,-4.200840252084042659e-01,-7.493878485222064123e-01,-3.141479188212623175e+00,-7.602924417041847516e-01,-7.616798901785275522e-01,-1.204248849665210619e+00,-3.613997335382717613e-01,-8.389619707689667250e-01
-3.727211175015899269e-01,-1.934494259809790284e+00,-1.095557520642380211e+00,-1.558255497027467129e+00,-9.821673495449766145e-02,2.302495147833200362e-01,-4.200840252084042659e-01,-7.493878485222064123e-01,6.966190559739582344e-01,-7.602924417041847516e-01,7.253132110718607528e-01,8.436419852552954346e-01,-3.613997335382717613e-01,2.097404926922417367e-01
-1.603970134139968695e-01,5.169309730070238418e-01,-1.095557520642380211e+00,-3.525405624057095788e-01,-9.821673495449766145e-02,1.156032176681125678e+00,-4.200840252084042659e-01,-7.493878485222064123e-01,1.036703710522136390e+00,-7.602924417041847516e-01,-5.758057525222289863e-01,-1.803034322049575922e-01,-3.613997335382717613e-01,2.097404926922417367e-01
3.704132468049858296e-01,5.169309730070238418e-01,-1.095557520642380211e+00,8.531743722160479715e-01,4.386780728775743765e-01,-5.563050039705901700e-03,-4.200840252084042659e-01,-7.493878485222064123e-01,4.537014455824024406e-01,-7.602924417041847516e-01,-3.899316148659305314e-01,8.436419852552954346e-01,-3.613997335382717613e-01,1.258442956153450254e+00
-1.434341637939555270e+00,5.169309730070238418e-01,-2.106471440041099985e-01,-1.558255497027467129e+00,1.702306689615383506e-01,7.717450340065648007e-01,-4.200840252084042659e-01,-7.493878485222064123e-01,9.152449053263584933e-01,-7.602924417041847516e-01,-7.616798901785275522e-01,-1.204248849665210619e+00,-3.613997335382717613e-01,-8.389619707689667250e-01
5.192709067359619485e-02,5.169309730070238418e-01,-2.106471440041099985e-01,8.531743722160479715e-01,2.049362496373790421e+00,4.683974214318874923e-02,-4.200840252084042659e-01,-7.493878485222064123e-01,3.079508793474690087e-01,1.315283363541660755e+00,1.097061486384457663e+00,8.436419852552954346e-01,-3.613997335382717613e-01,-8.389619707689667250e-01
-1.603970134139968695e-01,5.169309730070238418e-01,6.742632326341602145e-01,8.531743722160479715e-01,-7.693352447445876985e-01,-1.682452399892334860e+00,-4.200840252084042659e-01,-7.493878485222064123e-01,-1.149554783001865754e+00,1.315283363541660755e+00,-7.616798901785275522e-01,-1.204248849665210619e+00,-3.613997335382717613e-01,-8.389619707689667250e-01
2.642511947611892453e-01,5.169309730070238418e-01,-2.106471440041099985e-01,8.531743722160479715e-01,8.413491787516284015e-01,1.304506754532660517e+00,2.380476142847624210e+00,-7.493878485222064123e-01,5.022849676607136216e-01,1.315283363541660755e+00,2.026432174665950381e+00,8.436419852552954346e-01,-3.613997335382717613e-01,-8.389619707689667250e-01
-4.788831695453864556e-01,5.169309730070238418e-01,-2.106471440041099985e-01,-3.525405624057095788e-01,-6.351115427865696716e-01,5.271986704863896867e-01,-4.200840252084042659e-01,-7.493878485222064123e-01,1.085287232600447460e+00,-7.602924417041847516e-01,-7.616798901785275522e-01,-1.204248849665210619e+00,-3.613997335382717613e-01,-8.389619707689667250e-01
1.007385559067764946e+00,5.169309730070238418e-01,-1.095557520642380211e+00,8.531743722160479715e-01,1.702306689615383506e-01,1.199701170166871167e+00,2.380476142847624210e+00,1.735069162794658171e+00,6.503326895591318713e-02,1.315283363541660755e+00,9.111873487281592077e-01,-1.803034322049575922e-01,4.411151771560436252e+00,1.608010443973852954e+00
-1.646665742027148438e+00,5.169309730070238418e-01,-1.095557520642380211e+00,-1.558255497027467129e+00,3.849885920943671436e-01,-1.540376278912407582e-01,-4.200840252084042659e-01,-7.493878485222064123e-01,1.060995471561291925e+00,-7.602924417041847516e-01,-7.616798901785275522e-01,-1.803034322049575922e-01,-3.613997335382717613e-01,2.097404926922417367e-01
-1.752827794070944911e+00,5.169309730070238418e-01,-2.106471440041099985e-01,8.531743722160479715e-01,-9.821673495449766145e-02,2.651847095719164771e-01,-4.200840252084042659e-01,-7.493878485222064123e-01,9.395366663655140282e-01,-7.602924417041847516e-01,-7.616798901785275522e-01,-1.204248849665210619e+00,-3.613997335382717613e-01,2.097404926922417367e-01
-1.434341637939555270e+00,5.169309730070238418e-01,-1.095557520642380211e+00,8.531743722160479715e-01,-3.666641388705336735e-01,-2.239080174684336122e-01,-4.200840252084042659e-01,1.735069162794658171e+00,-3.722184297488872473e-01,1.315283363541660755e+00,1.097061486384457663e+00,8.436419852552954346e-01,-3.613997335382717613e-01,1.608010443973852954e+00
5.192709067359619485e-02,5.169309730070238418e-01,-1.095557520642380211e+00,8.531743722160479715e-01,9.162226611916741981e-03,6.407380535493281126e-01,-4.200840252084042659e-01,1.735069162794658171e+00,-4.936772349446651442e-01,1.315283363541660755e+00,1.282935624040756339e+00,8.436419852552954346e-01,1.229450768161297836e+00,1.608010443973852954e+00
4.765752988487823583e-01,5.169309730070238418e-01,1.559173609272430427e+00,8.531743722160479715e-01,-3.319585581946929764e+00,1.680060098510072208e+00,2.380476142847624210e+00,1.735069162794658171e+00,-3.141479188212623175e+00,-7.602924417041847516e-01,-7.616798901785275522e-01,-1.204248849665210619e+00,-3.613997335382717613e-01,-8.389619707689667250e-01
-1.603970134139968695e-01,5.169309730070238418e-01,6.742632326341602145e-01,8.531743722160479715e-01,1.702306689615383506e-01,-1.682452399892334860e+00,-4.200840252084042659e-01,-7.493878485222064123e-01,-2.264678635139537877e-01,-7.602924417041847516e-01,-7.616798901785275522e-01,8.436419852552954346e-01,-3.613997335382717613e-01,1.608010443973852954e+00
3.704132468049858296e-01,5.169309730070238418e-01,6.742632326341602145e-01,8.531743722160479715e-01,-7.693352447445876985e-01,-1.682452399892334860e+00,-4.200840252084042659e-01,-7.493878485222064123e-01,1.279621320913692184e+00,-7.602924417041847516e-01,-1.111204083814827936e-01,1.867587402715548350e+00,-3.613997335382717613e-01,-8.389619707689667250e-01
-3.727211175015899269e-01,5.169309730070238418e-01,-2.106471440041099985e-01,8.531743722160479715e-01,4.386780728775743765e-01,-5.557923679600997868e-01,-4.200840252084042659e-01,-7.493878485222064123e-01,1.379085520733799308e-01,-7.602924417041847516e-01,-7.616798901785275522e-01,-1.204248849665210619e+00,-3.613997335382717613e-01,-8.389619707689667250e-01
1.644357871330544230e+00,5.169309730070238418e-01,-1.095557520642380211e+00,-9.553980297165883817e-01,9.755728807096464283e-01,3.612564952405566965e-01,2.380476142847624210e+00,1.735069162794658171e+00,4.074150791675760358e-02,-7.602924417041847516e-01,-6.687428213503783248e-01,8.436419852552954346e-01,1.229450768161297836e+00,2.097404926922417367e-01
-3.727211175015899269e-01,5.169309730070238418e-01,-2.106471440041099985e-01,-3.525405624057095788e-01,1.244020284625682482e+00,1.429115278118289478e-01,-4.200840252084042659e-01,4.928406571362257682e-01,-3.236349076705761219e-01,-7.602924417041847516e-01,-7.616798901785275522e-01,-1.204248849665210619e+00,-3.613997335382717613e-01,-8.389619707689667250e-01
-5.423496137020034080e-02,-1.934494259809790284e+00,-1.095557520642380211e+00,8.531743722160479715e-01,1.702306689615383506e-01,6.232704561550299616e-01,-4.200840252084042659e-01,1.735069162794658171e+00,3.322426403866245437e-01,-7.602924417041847516e-01,-3.899316148659305314e-01,8.436419852552954346e-01,-3.613997335382717613e-01,2.097404926922417367e-01
1.580891427173927444e-01,5.169309730070238418e-01,1.559173609272430427e+00,8.531743722160479715e-01,-4.452725417129046320e-02,2.651847095719164771e-01,2.380476142847624210e+00,4.928406571362257682e-01,-7.123030842970653476e-01,-7.602924417041847516e-01,-7.616798901785275522e-01,-1.204248849665210619e+00,-3.613997335382717613e-01,1.258442956153450254e+00
-6.912072736329795131e-01,5.169309730070238418e-01,-2.106471440041099985e-01,-9.553980297165883817e-01,-3.666641388705336735e-01,4.922634756977933290e-01,-4.200840252084042659e-01,-7.493878485222064123e-01,5.022849676607136216e-01,-7.602924417041847516e-01,-7.616798901785275522e-01,-1.204248849665210619e+00,-3.613997335382717613e-01,-8.389619707689667250e-01
5.192709067359619485e-02,5.169309730070238418e-01,-2.106471440041099985e-01,8.531743722160479715e-01,4.386780728775743765e-01,2.040481186918726986e-01,-4.200840252084042659e-01,-7.493878485222064123e-01,-5.908442791012874507e-01,-7.602924417041847516e-01,6.323761422437113033e-01,8.436419852552954346e-01,-3.613997335382717613e-01,-8.389619707689667250e-01
-4.788831695453864556e-01,5.169309730070238418e-01,-2.106471440041099985e-01,-1.558255497027467129e+00,-2.324404369125156744e-01,6.320042548521790371e-01,-4.200840252084042659e-01,-7.493878485222064123e-01,1.109578993639603217e+00,-7.602924417041847516e-01,-7.616798901785275522e-01,-1.204248849665210619e+00,-3.613997335382717613e-01,-8.389619707689667250e-01
2.175168131549527040e+00,5.169309730070238418e-01,1.559173609272430427e+00,-1.558255497027467129e+00,4.386780728775743765e-01,3.874578913320039786e-01,2.380476142847624210e+00,-7.493878485222064123e-01,-8.580536505319988905e-01,-7.602924417041847516e-01,-7.616798901785275522e-01,-1.204248849665210619e+00,-3.613997335382717613e-01,-8.389619707689667250e-01
-1.115855481808165628e+00,5.169309730070238418e-01,-1.095557520642380211e+00,8.531743722160479715e-01,-3.666641388705336735e-01,1.603791252061271544e-01,-4.200840252084042659e-01,-7.493878485222064123e-01,7.694943390914249504e-01,-7.602924417041847516e-01,-7.616798901785275522e-01,-1.803034322049575922e-01,-3.613997335382717613e-01,1.608010443973852954e+00
-1.646665742027148438e+00,5.169309730070238418e-01,-1.095557520642380211e+00,-9.553980297165883817e-01,-9.821673495449766145e-02,3.350550991491093589e-01,-4.200840252084042659e-01,-7.493878485222064123e-01,1.279621320913692184e+00,1.315283363541660755e+00,2.769928725291144200e+00,8.436419852552954346e-01,-3.613997335382717613e-01,1.608010443973852954e+00
1.007385559067764946e+00,5.169309730070238418e-01,1.559173609272430427e+00,8.531743722160479715e-01,1.244020284625682482e+00,-1.365700304969425238e-01,-4.200840252084042659e-01,-7.493878485222064123e-01,-1.100971260923554684e+00,1.315283363541660755e+00,1.561746830525203800e+00,1.867587402715548350e+00,-3.613997335382717613e-01,-8.389619707689667250e-01
3.704132468049858296e-01,5.169309730070238418e-01,6.742632326341602145e-01,-1.558255497027467129e+00,-5.008878408285516448e-01,-1.682452399892334860e+00,-4.200840252084042659e-01,-7.493878485222064123e-01,4.537014455824024406e-01,-7.602924417041847516e-01,-4.828686836940798699e-01,8.436419852552954346e-01,-3.613997335382717613e-01,-8.389619707689667250e-01
-9.035313777205725705e-01,5.169309730070238418e-01,-1.095557520642380211e+00,-9.553980297165883817e-01,-3.666641388705336735e-01,6.232704561550299616e-01,-4.200840252084042659e-01,-7.493878485222064123e-01,6.503326895591318713e-02,-7.602924417041847516e-01,3.535649357592635100e-01,8.436419852552954346e-01,-3.613997335382717613e-01,1.608010443973852954e+00
1.113547611111561642e+00,5.169309730070238418e-01,-1.095557520642380211e+00,-9.553980297165883817e-01,1.244020284625682482e+00,3.001199043605128902e-01,-4.200840252084042659e-01,1.735069162794658171e+00,6.237437728564915185e-01,-7.602924417041847516e-01,-2.040574772096320211e-01,8.436419852552954346e-01,-3.613997335382717613e-01,1.608010443973852954e+00
1.580891427173927444e-01,5.169309730070238418e-01,-2.106471440041099985e-01,8.531743722160479715e-01,4.386780728775743765e-01,6.582056509436263747e-01,-4.200840252084042659e-01,-7.493878485222064123e-01,-3.213377520070914012e-02,1.315283363541660755e+00,6.323761422437113033e-01,8.436419852552954346e-01,-3.613997335382717613e-01,-8.389619707689667250e-01
-1.009693429764369155e+00,5.169309730070238418e-01,-2.106471440041099985e-01,-3.525405624057095788e-01,-9.821673495449766145e-02,-7.543343961689877308e-02,-4.200840252084042659e-01,-7.493878485222064123e-01,3.079508793474690087e-01,-7.602924417041847516e-01,1.676907981029650274e-01,8.436419852552954346e-01,-3.613997335382717613e-01,-8.389619707689667250e-01
1.644357871330544230e+00,5.169309730070238418e-01,1.559173609272430427e+00,-1.558255497027467129e+00,4.386780728775743765e-01,-1.682452399892334860e+00,-4.200840252084042659e-01,4.928406571362257682e-01,-2.750513855922649409e-01,-7.602924417041847516e-01,1.561746830525203800e+00,1.867587402715548350e+00,-3.613997335382717613e-01,-8.389619707689667250e-01
1.580891427173927444e-01,5.169309730070238418e-01,1.559173609272430427e+00,-1.558255497027467129e+00,-3.319585581946929764e+00,3.088537030576620213e-01,-4.200840252084042659e-01,4.928406571362257682e-01,-3.141479188212623175e+00,-7.602924417041847516e-01,-7.616798901785275522e-01,-1.204248849665210619e+00,-3.613997335382717613e-01,-8.389619707689667250e-01
-6.912072736329795131e-01,5.169309730070238418e-01,-1.095557520642380211e+00,-1.558255497027467129e+00,1.702306689615383506e-01,5.271986704863896867e-01,-4.200840252084042659e-01,-7.493878485222064123e-01,1.206746037796225357e+00,-7.602924417041847516e-01,-7.616798901785275522e-01,-1.803034322049575922e-01,-3.613997335382717613e-01,2.097404926922417367e-01
2.493654287680916681e+00,5.169309730070238418e-01,1.559173609272430427e+00,8.531743722160479715e-01,9.162226611916741981e-03,-1.889728226798371991e-01,-4.200840252084042659e-01,4.928406571362257682e-01,-4.693854739055095537e-01,1.315283363541660755e+00,1.097061486384457663e+00,-1.803034322049575922e-01,-3.613997335382717613e-01,-8.389619707689667250e-01
-4.788831695453864556e-01,5.169309730070238418e-01,-2.106471440041099985e-01,8.531743722160479715e-01,4.386780728775743765e-01,-1.682452399892334860e+00,-4.200840252084042659e-01,-7.493878485222064123e-01,1.644974687760202003e-02,-7.602924417041847516e-01,-7.616798901785275522e-01,-1.204248849665210619e+00,-3.613997335382717613e-01,-8.389619707689667250e-01
-2.665590654577933982e-01,5.169309730070238418e-01,-1.095557520642380211e+00,-9.553980297165883817e-01,3.600696700352034457e-02,1.778467226004253887e-01,-4.200840252084042659e-01,1.735069162794658171e+00,-1.050090583181758769e-01,1.315283363541660755e+00,5.394390734155619649e-01,-1.803034322049575922e-01,1.229450768161297836e+00,2.097404926922417367e-01
2.642511947611892453e-01,5.169309730070238418e-01,6.742632326341602145e-01,8.531743722160479715e-01,-9.821673495449766145e-02,-1.682452399892334860e+00,-4.200840252084042659e-01,4.928406571362257682e-01,4.537014455824024406e-01,-7.602924417041847516e-01,-7.616798901785275522e-01,8.436419852552954346e-01,-3.613997335382717613e-01,-8.389619707689667250e-01
1.538195819286747756e+00,5.169309730070238418e-01,-1.095557520642380211e+00,8.531743722160479715e-01,5.460570344439887869e-01,3.170748657443207223e-03,2.380476142847624210e+00,-7.493878485222064123e-01,2.836591183083134182e-01,-7.602924417041847516e-01,2.398180449978547291e+00,8.436419852552954346e-01,2.820301269860867155e+00,1.608010443973852954e+00
1.007385559067764946e+00,5.169309730070238418e-01,1.559173609272430427e+00,-1.558255497027467129e+00,1.702306689615383506e-01,-1.682452399892334860e+00,2.380476142847624210e+00,4.928406571362257682e-01,7.452025780522694154e-01,-7.602924417041847516e-01,2.026432174665950381e+00,8.436419852552954346e-01,-3.613997335382717613e-01,-8.389619707689667250e-01
4.765752988487823583e-01,-1.934494259809790284e+00,-1.095557520642380211e+00,-3.525405624057095788e-01,3.312991113111599661e-01,1.103629384498231003e+00,2.380476142847624210e+00,1.735069162794658171e+00,5.508684897390248025e-01,-7.602924417041847516e-01,-7.616798901785275522e-01,-1.803034322049575922e-01,2.820301269860867155e+00,2.097404926922417367e-01
9.012235070239684731e-01,5.169309730070238418e-01,6.742632326341602145e-01,8.531743722160479715e-01,7.071254767936103747e-01,-1.682452399892334860e+00,-4.200840252084042659e-01,4.928406571362257682e-01,-1.246721827158488116e+00,-7.602924417041847516e-01,1.097061486384457663e+00,8.436419852552954346e-01,-3.613997335382717613e-01,1.608010443973852954e+00
1.580891427173927444e-01,5.169309730070238418e-01,-2.106471440041099985e-01,8.531743722160479715e-01,4.386780728775743765e-01,7.304113823463607991e-02,-4.200840252084042659e-01,-7.493878485222064123e-01,1.644974687760202003e-02,1.315283363541660755e+00,2.026432174665950381e+00,8.436419852552954346e-01,-3.613997335382717613e-01,-8.389619707689667250e-01
3.704132468049858296e-01,-1.934494259809790284e+00,-1.095557520642380211e+00,8.531743722160479715e-01,-9.821673495449766145e-02,1.409312338898449646e+00,-4.200840252084042659e-01,-7.493878485222064123e-01,8.180778611697361313e-01,1.315283363541660755e+00,-2.040574772096320211e-01,-1.803034322049575922e-01,-3.613997335382717613e-01,2.097404926922417367e-01
3.704132468049858296e-01,5.169309730070238418e-01,-1.095557520642380211e+00,8.531743722160479715e-01,-3.666641388705336735e-01,7.304113823463607991e-02,-4.200840252084042659e-01,-7.493878485222064123e-01,-8.071729727902030027e-02,1.315283363541660755e+00,6.323761422437113033e-01,8.436419852552954346e-01,-3.613997335382717613e-01,1.258442956153450254e+00
1.750519923374340703e+00,5.169309730070238418e-01,-1.095557520642380211e+00,8.531743722160479715e-01,1.702306689615383506e-01,1.129830780589678341e+00,-4.200840252084042659e-01,1.735069162794658171e+00,-4.936772349446651442e-01,-7.602924417041847516e-01,1.468809761697054572e+00,8.436419852552954346e-01,4.411151771560436252e+00,2.097404926922417367e-01
-1.115855481808165628e+00,-1.934494259809790284e+00,-2.106471440041099985e-01,-3.525405624057095788e-01,-9.821673495449766145e-02,4.922634756977933290e-01,-4.200840252084042659e-01,4.928406571362257682e-01,1.133870754678758752e+00,-7.602924417041847516e-01,-7.616798901785275522e-01,-1.204248849665210619e+00,-3.613997335382717613e-01,-8.389619707689667250e-01
5.192709067359619485e-02,-1.934494259809790284e+00,-2.106471440041099985e-01,-3.525405624057095788e-01,7.071254767936103747e-01,3.263213004519602278e-01,-4.200840252084042659e-01,-7.493878485222064123e-01,1.644974687760202003e-02,-7.602924417041847516e-01,-7.616798901785275522e-01,-1.204248849665210619e+00,-3.613997335382717613e-01,-8.389619707689667250e-01
-2.071313950202334553e+00,5.169309730070238418e-01,-1.095557520642380211e+00,-9.553980297165883817e-01,-1.519062157377048805e-01,-9.290103701119699353e-02,-4.200840252084042659e-01,1.735069162794658171e+00,1.085287232600447460e+00,-7.602924417041847516e-01,-7.616798901785275522e-01,-1.803034322049575922e-01,-3.613997335382717613e-01,2.097404926922417367e-01
5.827373508925788315e-01,5.169309730070238418e-01,-1.095557520642380211e+00,-9.553980297165883817e-01,9.755728807096464283e-01,7.018746444293718634e-01,-4.200840252084042659e-01,1.735069162794658171e+00,-1.050090583181758769e-01,-7.602924417041847516e-01,-7.616798901785275522e-01,-1.803034322049575922e-01,-3.613997335382717613e-01,2.097404926922417367e-01
-6.912072736329795131e-01,5.169309730070238418e-01,6.742632326341602145e-01,-1.558255497027467129e+00,-3.666641388705336735e-01,-1.682452399892334860e+00,-4.200840252084042659e-01,-7.493878485222064123e-01,-2.264678635139537877e-01,1.315283363541660755e+00,-7.616798901785275522e-01,-1.204248849665210619e+00,-3.613997335382717613e-01,2.097404926922417367e-01
-1.115855481808165628e+00,-1.934494259809790284e+00,-2.106471440041099985e-01,-9.553980297165883817e-01,-6.351115427865696716e-01,2.651847095719164771e-01,-4.200840252084042659e-01,-7.493878485222064123e-01,3.079508793474690087e-01,-7.602924417041847516e-01,-7.616798901785275522e-01,-1.204248849665210619e+00,-3.613997335382717613e-01,-8.389619707689667250e-01
-9.035313777205725705e-01,5.169309730070238418e-01,-2.106471440041099985e-01,8.531743722160479715e-01,4.386780728775743765e-01,2.739185082690656081e-01,-4.200840252084042659e-01,-7.493878485222064123e-01,3.565344014257801342e-01,-7.602924417041847516e-01,-7.616798901785275522e-01,-1.204248849665210619e+00,-3.613997335382717613e-01,-8.389619707689667250e-01
-1.646665742027148438e+00,5.169309730070238418e-01,6.742632326341602145e-01,-1.558255497027467129e+00,-2.324404369125156744e-01,-1.682452399892334860e+00,-4.200840252084042659e-01,-7.493878485222064123e-01,-3.213377520070914012e-02,1.315283363541660755e+00,-7.616798901785275522e-01,8.436419852552954346e-01,-3.613997335382717613e-01,1.608010443973852954e+00
-1.540503689983351743e+00,5.169309730070238418e-01,-2.106471440041099985e-01,8.531743722160479715e-01,1.702306689615383506e-01,9.988238001324416526e-01,-4.200840252084042659e-01,-7.493878485222064123e-01,2.593673572691578277e-01,-7.602924417041847516e-01,-7.616798901785275522e-01,-1.204248849665210619e+00,-3.613997335382717613e-01,-8.389619707689667250e-01
5.192709067359619485e-02,5.169309730070238418e-01,-2.106471440041099985e-01,-1.558255497027467129e+00,-9.821673495449766145e-02,2.127819173890218296e-01,-4.200840252084042659e-01,-7.493878485222064123e-01,1.864920741516910840e-01,-7.602924417041847516e-01,-7.616798901785275522e-01,-1.204248849665210619e+00,-3.613997335382717613e-01,-8.389619707689667250e-01
-7.973693256767760973e-01,5.169309730070238418e-01,-2.106471440041099985e-01,8.531743722160479715e-01,-9.821673495449766145e-02,3.350550991491093589e-01,-4.200840252084042659e-01,-7.493878485222064123e-01,-3.479266687097316568e-01,1.315283363541660755e+00,-7.616798901785275522e-01,-1.204248849665210619e+00,-3.613997335382717613e-01,-8.389619707689667250e-01
-1.646665742027148438e+00,5.169309730070238418e-01,-2.106471440041099985e-01,-3.525405624057095788e-01,4.386780728775743765e-01,9.114858131609505643e-01,-4.200840252084042659e-01,-7.493878485222064123e-01,5.022849676607136216e-01,-7.602924417041847516e-01,-7.616798901785275522e-01,-1.204248849665210619e+00,-3.613997335382717613e-01,-8.389619707689667250e-01
1.432033767242951061e+00,5.169309730070238418e-01,-1.095557520642380211e+00,8.531743722160479715e-01,-9.821673495449766145e-02,3.175875017548111523e-01,-4.200840252084042659e-01,1.735069162794658171e+00,-7.842014161553558307e-03,1.315283363541660755e+00,1.654683899353353249e+00,8.436419852552954346e-01,2.820301269860867155e+00,1.608010443973852954e+00
-1.603970134139968695e-01,5.169309730070238418e-01,-2.106471440041099985e-01,8.531743722160479715e-01,-9.821673495449766145e-02,-9.290103701119699353e-02,-4.200840252084042659e-01,-7.493878485222064123e-01,5.022849676607136216e-01,-7.602924417041847516e-01,-7.616798901785275522e-01,-1.204248849665210619e+00,-3.613997335382717613e-01,-8.389619707689667250e-01
1.432033767242951061e+00,5.169309730070238418e-01,1.559173609272430427e+00,8.531743722160479715e-01,9.755728807096464283e-01,1.671326299812923022e+00,2.380476142847624210e+00,4.928406571362257682e-01,1.644974687760202003e-02,1.315283363541660755e+00,-7.616798901785275522e-01,8.436419852552954346e-01,-3.613997335382717613e-01,-8.389619707689667250e-01
-1.009693429764369155e+00,5.169309730070238418e-01,-1.095557520642380211e+00,8.531743722160479715e-01,-9.821673495449766145e-02,-2.064404200741354056e-01,-4.200840252084042659e-01,-7.493878485222064123e-01,3.565344014257801342e-01,1.315283363541660755e+00,1.840558037009651482e+00,1.867587402715548350e+00,-3.613997335382717613e-01,1.258442956153450254e+00
1.580891427173927444e-01,5.169309730070238418e-01,-2.106471440041099985e-01,-1.558255497027467129e+00,-3.666641388705336735e-01,7.368098392179683875e-01,-4.200840252084042659e-01,-7.493878485222064123e-01,7.452025780522694154e-01,-7.602924417041847516e-01,-7.616798901785275522e-01,-1.204248849665210619e+00,-3.613997335382717613e-01,-8.389619707689667250e-01
6.888994029363754157e-01,5.169309730070238418e-01,-1.095557520642380211e+00,8.531743722160479715e-01,4.386780728775743765e-01,8.765506183723540401e-01,-4.200840252084042659e-01,1.735069162794658171e+00,9.881201884438252092e-01,-7.602924417041847516e-01,3.535649357592635100e-01,8.436419852552954346e-01,2.820301269860867155e+00,1.608010443973852954e+00
-1.540503689983351743e+00,5.169309730070238418e-01,-2.106471440041099985e-01,8.531743722160479715e-01,-3.666641388705336735e-01,7.630112353094157251e-01,-4.200840252084042659e-01,-7.493878485222064123e-01,5.022849676607136216e-01,-7.602924417041847516e-01,-7.616798901785275522e-01,-1.204248849665210619e+00,-3.613997335382717613e-01,1.258442956153450254e+00
1.644357871330544230e+00,5.169309730070238418e-01,1.559173609272430427e+00,8.531743722160479715e-01,-3.319585581946929764e+00,8.416154235837576270e-01,2.380476142847624210e+00,4.928406571362257682e-01,-3.141479188212623175e+00,-7.602924417041847516e-01,-7.616798901785275522e-01,-1.204248849665210619e+00,-3.613997335382717613e-01,-8.389619707689667250e-01
1.580891427173927444e-01,5.169309730070238418e-01,1.559173609272430427e+00,-1.558255497027467129e+00,-9.821673495449766145e-02,-1.682452399892334860e+00,-4.200840252084042659e-01,4.928406571362257682e-01,-1.050090583181758769e-01,1.315283363541660755e+00,1.561746830525203800e+00,8.436419852552954346e-01,-3.613997335382717613e-01,1.608010443973852954e+00
-1.434341637939555270e+00,5.169309730070238418e-01,-2.106471440041099985e-01,-3.525405624057095788e-01,4.386780728775743765e-01,8.416154235837576270e-01,-4.200840252084042659e-01,-7.493878485222064123e-01,1.036703710522136390e+00,-7.602924417041847516e-01,-7.616798901785275522e-01,-1.204248849665210619e+00,-3.613997335382717613e-01,-8.389619707689667250e-01
1.325871715199154588e+00,5.169309730070238418e-01,-2.106471440041099985e-01,8.531743722160479715e-01,4.386780728775743765e-01,-1.682452399892334860e+00,-4.200840252084042659e-01,-7.493878485222064123e-01,-8.580536505319988905e-01,1.315283363541660755e+00,1.676907981029650274e-01,8.436419852552954346e-01,-3.613997335382717613e-01,-8.389619707689667250e-01
-7.973693256767760973e-01,5.169309730070238418e-01,-2.106471440041099985e-01,8.531743722160479715e-01,1.702306689615383506e-01,2.564509108747673460e-01,-4.200840252084042659e-01,-7.493878485222064123e-01,-4.208019518271984283e-01,-7.602924417041847516e-01,-7.616798901785275522e-01,-1.204248849665210619e+00,-3.613997335382717613e-01,-8.389619707689667250e-01
-1.603970134139968695e-01,-1.934494259809790284e+00,-2.106471440041099985e-01,-3.525405624057095788e-01,-9.821673495449766145e-02,1.516453265089780511e-01,-4.200840252084042659e-01,-7.493878485222064123e-01,4.537014455824024406e-01,-7.602924417041847516e-01,-7.616798901785275522e-01,-1.204248849665210619e+00,-3.613997335382717613e-01,-8.389619707689667250e-01
-1.009693429764369155e+00,-1.934494259809790284e+00,-2.106471440041099985e-01,8.531743722160479715e-01,-9.821673495449766145e-02,2.215157160861709329e-01,-4.200840252084042659e-01,4.928406571362257682e-01,-3.479266687097316568e-01,-7.602924417041847516e-01,-7.616798901785275522e-01,-1.204248849665210619e+00,-3.613997335382717613e-01,-8.389619707689667250e-01
1.219709663155358115e+00,5.169309730070238418e-01,6.742632326341602145e-01,8.531743722160479715e-01,-2.324404369125156744e-01,-1.682452399892334860e+00,-4.200840252084042659e-01,-7.493878485222064123e-01,-8.823454115711544254e-01,1.315283363541660755e+00,-7.616798901785275522e-01,8.436419852552954346e-01,-3.613997335382717613e-01,1.608010443973852954e+00
-2.665590654577933982e-01,5.169309730070238418e-01,1.559173609272430427e+00,8.531743722160479715e-01,-3.319585581946929764e+00,3.001199043605128902e-01,2.380476142847624210e+00,4.928406571362257682e-01,-3.141479188212623175e+00,-7.602924417041847516e-01,-7.616798901785275522e-01,-1.204248849665210619e+00,-3.613997335382717613e-01,-8.389619707689667250e-01
4.765752988487823583e-01,5.169309730070238418e-01,6.742632326341602145e-01,8.531743722160479715e-01,1.702306689615383506e-01,-1.682452399892334860e+00,-4.200840252084042659e-01,4.928406571362257682e-01,-7.123030842970653476e-01,1.315283363541660755e+00,1.676907981029650274e-01,8.436419852552954346e-01,-3.613997335382717613e-01,1.258442956153450254e+00
6.888994029363754157e-01,5.169309730070238418e-01,6.742632326341602145e-01,8.531743722160479715e-01,3.600696700352034457e-02,-1.682452399892334860e+00,-4.200840252084042659e-01,-7.493878485222064123e-01,-4.693854739055095537e-01,-7.602924417041847516e-01,-6.687428213503783248e-01,-1.803034322049575922e-01,2.820301269860867155e+00,-8.389619707689667250e-01
-1.328179585895758796e+00,5.169309730070238418e-01,-1.095557520642380211e+00,-1.558255497027467129e+00,1.702306689615383506e-01,1.865805212975744920e-01,-4.200840252084042659e-01,1.735069162794658171e+00,9.395366663655140282e-01,-7.602924417041847516e-01,1.097061486384457663e+00,8.436419852552954346e-01,-3.613997335382717613e-01,2.097404926922417367e-01
4.765752988487823583e-01,5.169309730070238418e-01,-1.095557520642380211e+00,8.531743722160479715e-01,7.071254767936103747e-01,6.756732483379246368e-01,-4.200840252084042659e-01,1.735069162794658171e+00,-4.450937128663540188e-01,1.315283363541660755e+00,-1.818333955333344826e-02,-1.803034322049575922e-01,-3.613997335382717613e-01,1.608010443973852954e+00
-9.035313777205725705e-01,5.169309730070238418e-01,-1.095557520642380211e+00,-3.525405624057095788e-01,1.165411881783311454e-01,1.007557598829590617e+00,-4.200840252084042659e-01,1.735069162794658171e+00,9.881201884438252092e-01,-7.602924417041847516e-01,-7.616798901785275522e-01,-1.803034322049575922e-01,-3.613997335382717613e-01,2.097404926922417367e-01
1.113547611111561642e+00,5.169309730070238418e-01,1.559173609272430427e+00,8.531743722160479715e-01,1.702306689615383506e-01,2.651847095719164771e-01,-4.200840252084042659e-01,4.928406571362257682e-01,-3.213377520070914012e-02,-7.602924417041847516e-01,-2.969945460377813040e-01,8.436419852552954346e-01,-3.613997335382717613e-01,-8.389619707689667250e-01
1.219709663155358115e+00,5.169309730070238418e-01,1.559173609272430427e+00,-9.553980297165883817e-01,-3.319585581946929764e+00,5.184648717892406111e-01,-4.200840252084042659e-01,-7.493878485222064123e-01,-3.141479188212623175e+00,-7.602924417041847516e-01,-7.616798901785275522e-01,-1.204248849665210619e+00,-3.613997335382717613e-01,-8.389619707689667250e-01
-5.850452215891830399e-01,-1.934494259809790284e+00,-2.106471440041099985e-01,8.531743722160479715e-01,-9.821673495449766145e-02,5.359324691835388732e-01,-4.200840252084042659e-01,4.928406571362257682e-01,-4.693854739055095537e-01,-7.602924417041847516e-01,-7.616798901785275522e-01,-1.204248849665210619e+00,-3.613997335382717613e-01,-8.389619707689667250e-01
5.192709067359619485e-02,-1.934494259809790284e+00,-2.106471440041099985e-01,-3.525405624057095788e-01,4.386780728775743765e-01,1.016291397526739804e+00,-4.200840252084042659e-01,4.928406571362257682e-01,2.593673572691578277e-01,-7.602924417041847516e-01,-7.616798901785275522e-01,-1.204248849665210619e+00,-3.613997335382717613e-01,-8.389619707689667250e-01
-2.665590654577933982e-01,-1.934494259809790284e+00,-2.106471440041099985e-01,-1.558255497027467129e+00,-3.666641388705336735e-01,-2.303064743400411868e-02,-4.200840252084042659e-01,-7.493878485222064123e-01,-2.264678635139537877e-01,-7.602924417041847516e-01,-7.616798901785275522e-01,-1.204248849665210619e+00,-3.613997335382717613e-01,-8.389619707689667250e-01
-2.665590654577933982e-01,5.169309730070238418e-01,-1.095557520642380211e+00,8.531743722160479715e-01,4.386780728775743765e-01,5.970690600635826240e-01,-4.200840252084042659e-01,1.735069162794658171e+00,1.376788365070314546e+00,1.315283363541660755e+00,-7.616798901785275522e-01,-1.803034322049575922e-01,-3.613997335382717613e-01,2.097404926922417367e-01
9.012235070239684731e-01,5.169309730070238418e-01,-2.106471440041099985e-01,-3.525405624057095788e-01,4.386780728775743765e-01,6.844070470350737123e-01,-4.200840252084042659e-01,-7.493878485222064123e-01,5.508684897390248025e-01,-7.602924417041847516e-01,1.676907981029650274e-01,-1.803034322049575922e-01,-3.613997335382717613e-01,-8.389619707689667250e-01
-7.973693256767760973e-01,5.169309730070238418e-01,-2.106471440041099985e-01,-9.553980297165883817e-01,4.386780728775743765e-01,6.931408457322227878e-01,2.380476142847624210e+00,-7.493878485222064123e-01,1.109578993639603217e+00,-7.602924417041847516e-01,1.097061486384457663e+00,8.436419852552954346e-01,-3.613997335382717613e-01,-8.389619707689667250e-01
-1.115855481808165628e+00,-1.934494259809790284e+00,-2.106471440041099985e-01,-3.525405624057095788e-01,-9.821673495449766145e-02,7.304113823463607991e-02,-4.200840252084042659e-01,-7.493878485222064123e-01,8.666613832480473123e-01,-7.602924417041847516e-01,-7.616798901785275522e-01,-1.204248849665210619e+00,-3.613997335382717613e-01,-8.389619707689667250e-01
5.827373508925788315e-01,-1.934494259809790284e+00,-2.106471440041099985e-01,-3.525405624057095788e-01,1.702306689615383506e-01,-4.049824482830233913e-02,-4.200840252084042659e-01,-7.493878485222064123e-01,-1.293008193573314535e-01,-7.602924417041847516e-01,1.676907981029650274e-01,8.436419852552954346e-01,-3.613997335382717613e-01,-8.389619707689667250e-01
1.580891427173927444e-01,5.169309730070238418e-01,6.742632326341602145e-01,8.531743722160479715e-01,-9.821673495449766145e-02,-1.682452399892334860e+00,-4.200840252084042659e-01,4.928406571362257682e-01,-9.066371726103100714e-01,-7.602924417041847516e-01,-4.828686836940798699e-01,-1.803034322049575922e-01,-3.613997335382717613e-01,1.608010443973852954e+00
5.827373508925788315e-01,5.169309730070238418e-01,-2.106471440041099985e-01,-1.558255497027467129e+00,1.702306689615383506e-01,1.094895585801081817e+00,-4.200840252084042659e-01,-7.493878485222064123e-01,-2.264678635139537877e-01,1.315283363541660755e+00,1.676907981029650274e-01,8.436419852552954346e-01,-3.613997335382717613e-01,2.097404926922417367e-01
-1.222017533851962323e+00,-1.934494259809790284e+00,-2.106471440041099985e-01,-1.558255497027467129e+00,-2.324404369125156744e-01,1.603791252061271544e-01,-4.200840252084042659e-01,4.928406571362257682e-01,1.864920741516910840e-01,-7.602924417041847516e-01,-7.616798901785275522e-01,-1.204248849665210619e+00,-3.613997335382717613e-01,-8.389619707689667250e-01
7.950614549801719999e-01,-1.934494259809790284e+00,1.559173609272430427e+00,-3.525405624057095788e-01,4.386780728775743765e-01,9.202196118580996398e-01,2.380476142847624210e+00,-7.493878485222064123e-01,-2.264678635139537877e-01,1.315283363541660755e+00,-7.616798901785275522e-01,-1.204248849665210619e+00,-3.613997335382717613e-01,1.608010443973852954e+00
-1.646665742027148438e+00,-1.934494259809790284e+00,6.742632326341602145e-01,8.531743722160479715e-01,-5.008878408285516448e-01,-1.682452399892334860e+00,-4.200840252084042659e-01,-7.493878485222064123e-01,8.909531442872028473e-01,-7.602924417041847516e-01,1.840558037009651482e+00,-1.803034322049575922e-01,-3.613997335382717613e-01,-8.389619707689667250e-01
4.765752988487823583e-01,5.169309730070238418e-01,1.559173609272430427e+00,8.531743722160479715e-01,9.755728807096464283e-01,5.534000665778370243e-01,2.380476142847624210e+00,1.735069162794658171e+00,-3.965101907880428378e-01,1.315283363541660755e+00,1.676907981029650274e-01,-1.803034322049575922e-01,-3.613997335382717613e-01,-8.389619707689667250e-01
5.827373508925788315e-01,-1.934494259809790284e+00,-1.095557520642380211e+00,8.531743722160479715e-01,1.351399246192096726e+00,4.922634756977933290e-01,-4.200840252084042659e-01,-7.493878485222064123e-01,3.322426403866245437e-01,1.315283363541660755e+00,-7.616798901785275522e-01,8.436419852552954346e-01,-3.613997335382717613e-01,2.097404926922417367e-01
4.765752988487823583e-01,5.169309730070238418e-01,-2.106471440041099985e-01,-3.525405624057095788e-01,1.702306689615383506e-01,3.263213004519602278e-01,-4.200840252084042659e-01,-7.493878485222064123e-01,5.022849676607136216e-01,-7.602924417041847516e-01,-7.616798901785275522e-01,-1.204248849665210619e+00,-3.613997335382717613e-01,-8.389619707689667250e-01
7.950614549801719999e-01,5.169309730070238418e-01,1.559173609272430427e+00,8.531743722160479715e-01,-3.319585581946929764e+00,8.678168196752049646e-01,-4.200840252084042659e-01,4.928406571362257682e-01,-3.141479188212623175e+00,-7.602924417041847516e-01,-7.616798901785275522e-01,-1.204248849665210619e+00,-3.613997335382717613e-01,-8.389619707689667250e-01
-3.727211175015899269e-01,5.169309730070238418e-01,1.559173609272430427e+00,8.531743722160479715e-01,-3.319585581946929764e+00,2.215157160861709329e-01,-4.200840252084042659e-01,-7.493878485222064123e-01,-3.141479188212623175e+00,-7.602924417041847516e-01,-7.616798901785275522e-01,-1.204248849665210619e+00,-3.613997335382717613e-01,-8.389619707689667250e-01
5.827373508925788315e-01,5.169309730070238418e-01,1.559173609272430427e+00,8.531743722160479715e-01,9.162226611916741981e-03,-1.682452399892334860e+00,-4.200840252084042659e-01,-7.493878485222064123e-01,-2.993431466314205314e-01,1.315283363541660755e+00,1.676907981029650274e-01,8.436419852552954346e-01,-3.613997335382717613e-01,-8.389619707689667250e-01
1.325871715199154588e+00,5.169309730070238418e-01,-1.095557520642380211e+00,8.531743722160479715e-01,-9.821673495449766145e-02,9.551548066466960529e-01,-4.200840252084042659e-01,1.735069162794658171e+00,5.265767286998691565e-01,-7.602924417041847516e-01,-3.899316148659305314e-01,8.436419852552954346e-01,-3.613997335382717613e-01,2.097404926922417367e-01
2.642511947611892453e-01,5.169309730070238418e-01,1.559173609272430427e+00,-1.558255497027467129e+00,-3.319585581946929764e+00,1.341777291146798445e-01,2.380476142847624210e+00,4.928406571362257682e-01,-3.141479188212623175e+00,-7.602924417041847516e-01,-7.616798901785275522e-01,-1.204248849665210619e+00,-3.613997335382717613e-01,-8.389619707689667250e-01
2.642511947611892453e-01,-1.934494259809790284e+00,-1.095557520642380211e+00,8.531743722160479715e-01,2.776096305279527332e-01,1.889671267241650687e+00,-4.200840252084042659e-01,1.735069162794658171e+00,5.022849676607136216e-01,1.315283363541660755e+00,1.004124417556308213e+00,8.436419852552954346e-01,2.820301269860867155e+00,1.608010443973852954e+00
-1.646665742027148438e+00,5.169309730070238418e-01,-2.106471440041099985e-01,8.531743722160479715e-01,-3.666641388705336735e-01,2.937214474889053226e-02,-4.200840252084042659e-01,-7.493878485222064123e-01,8.909531442872028473e-01,-7.602924417041847516e-01,-7.616798901785275522e-01,-1.204248849665210619e+00,-3.613997335382717613e-01,-8.389619707689667250e-01
1.538195819286747756e+00,5.169309730070238418e-01,1.559173609272430427e+00,-1.558255497027467129e+00,7.071254767936103747e-01,2.063834605174142550e-02,2.380476142847624210e+00,-7.493878485222064123e-01,6.503326895591318713e-02,-7.602924417041847516e-01,-7.616798901785275522e-01,-1.204248849665210619e+00,-3.613997335382717613e-01,1.258442956153450254e+00
-7.973693256767760973e-01,5.169309730070238418e-01,-1.095557520642380211e+00,-1.558255497027467129e+00,7.071254767936103747e-01,3.350550991491093589e-01,-4.200840252084042659e-01,-7.493878485222064123e-01,4.294096845432469056e-01,-7.602924417041847516e-01,2.584054587634845745e+00,8.436419852552954346e-01,-3.613997335382717613e-01,2.097404926922417367e-01
1.580891427173927444e-01,-1.934494259809790284e+00,-1.095557520642380211e+00,-3.525405624057095788e-01,2.239201497447455558e-01,1.304506754532660517e+00,-4.200840252084042659e-01,-7.493878485222064123e-01,8.909531442872028473e-01,-7.602924417041847516e-01,3.535649357592635100e-01,-1.803034322049575922e-01,-3.613997335382717613e-01,2.097404926922417367e-01
-2.665590654577933982e-01,5.169309730070238418e-01,-1.095557520642380211e+00,-1.558255497027467129e+00,-7.961799851361912594e-01,3.001199043605128902e-01,-4.200840252084042659e-01,-7.493878485222064123e-01,5.994520118173359835e-01,1.315283363541660755e+00,-7.616798901785275522e-01,-1.803034322049575922e-01,1.229450768161297836e+00,1.608010443973852954e+00
-1.328179585895758796e+00,-1.934494259809790284e+00,-2.106471440041099985e-01,-3.525405624057095788e-01,1.702306689615383506e-01,4.573282809091968604e-01,-4.200840252084042659e-01,-7.493878485222064123e-01,5.022849676607136216e-01,-7.602924417041847516e-01,-7.616798901785275522e-01,-1.204248849665210619e+00,-3.613997335382717613e-01,-8.389619707689667250e-01
-1.434341637939555270e+00,5.169309730070238418e-01,-2.106471440041099985e-01,8.531743722160479715e-01,-9.821673495449766145e-02,2.387497792979150102e+00,-4.200840252084042659e-01,-7.493878485222064123e-01,5.508684897390248025e-01,1.315283363541660755e+00,1.676907981029650274e-01,8.436419852552954346e-01,-3.613997335382717613e-01,1.258442956153450254e+00
1.580891427173927444e-01,-1.934494259809790284e+00,-1.095557520642380211e+00,-3.525405624057095788e-01,3.044543709195563497e-01,5.009972743949424601e-01,-4.200840252084042659e-01,1.735069162794658171e+00,7.694943390914249504e-01,-7.602924417041847516e-01,5.394390734155619649e-01,8.436419852552954346e-01,-3.613997335382717613e-01,2.097404926922417367e-01
-5.850452215891830399e-01,5.169309730070238418e-01,-1.095557520642380211e+00,-1.558255497027467129e+00,9.162226611916741981e-03,5.446662678806879487e-01,2.380476142847624210e+00,-7.493878485222064123e-01,1.109578993639603217e+00,-7.602924417041847516e-01,-7.616798901785275522e-01,-1.803034322049575922e-01,2.820301269860867155e+00,2.097404926922417367e-01
-1.115855481808165628e+00,5.169309730070238418e-01,-1.095557520642380211e+00,8.531743722160479715e-01,7.071254767936103747e-01,4.747958783034950669e-01,-4.200840252084042659e-01,-7.493878485222064123e-01,1.012411949482980855e+00,-7.602924417041847516e-01,6.323761422437113033e-01,-1.803034322049575922e-01,-3.613997335382717613e-01,2.097404926922417367e-01
-3.727211175015899269e-01,5.169309730070238418e-01,-2.106471440041099985e-01,8.531743722160479715e-01,5.729017748355923478e-01,6.232704561550299616e-01,-4.200840252084042659e-01,-7.493878485222064123e-01,5.022849676607136216e-01,-7.602924417041847516e-01,-7.616798901785275522e-01,-1.204248849665210619e+00,-3.613997335382717613e-01,-8.389619707689667250e-01
9.012235070239684731e-01,-1.934494259809790284e+00,-1.095557520642380211e+00,8.531743722160479715e-01,3.849885920943671436e-01,8.852844170695032266e-01,2.380476142847624210e+00,-7.493878485222064123e-01,-5.665525180621319157e-01,-7.602924417041847516e-01,1.004124417556308213e+00,8.436419852552954346e-01,4.411151771560436252e+00,2.097404926922417367e-01
-1.752827794070944911e+00,-1.934494259809790284e+00,-2.106471440041099985e-01,-3.525405624057095788e-01,-9.821673495449766145e-02,5.883352613664335484e-01,-4.200840252084042659e-01,-7.493878485222064123e-01,1.644974687760202003e-02,-7.602924417041847516e-01,-7.616798901785275522e-01,-1.204248849665210619e+00,-3.613997335382717613e-01,-8.389619707689667250e-01
-4.788831695453864556e-01,5.169309730070238418e-01,-2.106471440041099985e-01,8.531743722160479715e-01,1.165411881783311454e-01,1.691129239032762854e-01,-4.200840252084042659e-01,-7.493878485222064123e-01,-8.094701284536877095e-01,1.315283363541660755e+00,-7.616798901785275522e-01,-1.204248849665210619e+00,-3.613997335382717613e-01,-8.389619707689667250e-01
-9.035313777205725705e-01,-1.934494259809790284e+00,-1.095557520642380211e+00,-3.525405624057095788e-01,-3.129746580873264961e-01,-2.850446083484773907e-01,-4.200840252084042659e-01,-7.493878485222064123e-01,2.107838351908466745e-01,-7.602924417041847516e-01,-7.616798901785275522e-01,8.436419852552954346e-01,-3.613997335382717613e-01,2.097404926922417367e-01
-2.665590654577933982e-01,5.169309730070238418e-01,1.559173609272430427e+00,8.531743722160479715e-01,-3.319585581946929764e+00,-1.682452399892334860e+00,2.380476142847624210e+00,1.735069162794658171e+00,-3.141479188212623175e+00,-7.602924417041847516e-01,-7.616798901785275522e-01,-1.204248849665210619e+00,-3.613997335382717613e-01,1.608010443973852954e+00
5.827373508925788315e-01,5.169309730070238418e-01,-1.095557520642380211e+00,-3.525405624057095788e-01,4.386780728775743765e-01,2.477171121776182428e-01,-4.200840252084042659e-01,-7.493878485222064123e-01,8.423696222088917773e-01,1.315283363541660755e+00,-7.616798901785275522e-01,-1.803034322049575922e-01,-3.613997335382717613e-01,2.097404926922417367e-01
9.012235070239684731e-01,-1.934494259809790284e+00,-1.095557520642380211e+00,8.531743722160479715e-01,4.386780728775743765e-01,1.758664286784413999e+00,-4.200840252084042659e-01,1.735069162794658171e+00,6.723272949348026994e-01,-7.602924417041847516e-01,3.535649357592635100e-01,8.436419852552954346e-01,-3.613997335382717613e-01,2.097404926922417367e-01
9.012235070239684731e-01,-1.934494259809790284e+00,-1.095557520642380211e+00,8.531743722160479715e-01,4.386780728775743765e-01,6.582056509436263747e-01,-4.200840252084042659e-01,1.735069162794658171e+00,7.452025780522694154e-01,-7.602924417041847516e-01,2.584054587634845745e+00,1.867587402715548350e+00,2.820301269860867155e+00,2.097404926922417367e-01
-1.603970134139968695e-01,5.169309730070238418e-01,-2.106471440041099985e-01,8.531743722160479715e-01,4.386780728775743765e-01,6.407380535493281126e-01,-4.200840252084042659e-01,-7.493878485222064123e-01,1.136167910342243403e-01,1.315283363541660755e+00,1.097061486384457663e+00,8.436419852552954346e-01,-3.613997335382717613e-01,-8.389619707689667250e-01
6.888994029363754157e-01,5.169309730070238418e-01,-2.106471440041099985e-01,-1.558255497027467129e+00,-9.821673495449766145e-02,4.660620796063459914e-01,-4.200840252084042659e-01,1.735069162794658171e+00,1.379085520733799308e-01,-7.602924417041847516e-01,-7.616798901785275522e-01,-1.204248849665210619e+00,-3.613997335382717613e-01,-8.389619707689667250e-01
1.219709663155358115e+00,5.169309730070238418e-01,-1.095557520642380211e+00,8.531743722160479715e-01,-3.666641388705336735e-01,4.835296770006441980e-01,-4.200840252084042659e-01,1.735069162794658171e+00,6.966190559739582344e-01,-7.602924417041847516e-01,-2.040574772096320211e-01,-1.803034322049575922e-01,2.820301269860867155e+00,1.258442956153450254e+00
-2.665590654577933982e-01,5.169309730070238418e-01,6.742632326341602145e-01,8.531743722160479715e-01,-9.821673495449766145e-02,-1.682452399892334860e+00,2.380476142847624210e+00,-7.493878485222064123e-01,-6.151360401404430966e-01,-7.602924417041847516e-01,-7.616798901785275522e-01,8.436419852552954346e-01,-3.613997335382717613e-01,2.097404926922417367e-01
7.950614549801719999e-01,5.169309730070238418e-01,1.559173609272430427e+00,8.531743722160479715e-01,5.997465152271960198e-01,4.223930861206004472e-01,-4.200840252084042659e-01,-7.493878485222064123e-01,4.537014455824024406e-01,1.315283363541660755e+00,2.026432174665950381e+00,1.867587402715548350e+00,-3.613997335382717613e-01,-8.389619707689667250e-01
-1.328179585895758796e+00,5.169309730070238418e-01,-2.106471440041099985e-01,8.531743722160479715e-01,-9.821673495449766145e-02,1.252103962349765842e+00,-4.200840252084042659e-01,-7.493878485222064123e-01,-2.750513855922649409e-01,1.315283363541660755e+00,2.026432174665950381e+00,8.436419852552954346e-01,-3.613997335382717613e-01,-8.389619707689667250e-01
-6.912072736329795131e-01,5.169309730070238418e-01,-1.095557520642380211e+00,-1.558255497027467129e+00,-4.203536196537409064e-01,4.398606835148986538e-01,-4.200840252084042659e-01,-7.493878485222064123e-01,5.508684897390248025e-01,-7.602924417041847516e-01,-7.616798901785275522e-01,-1.803034322049575922e-01,-3.613997335382717613e-01,2.097404926922417367e-01
5.192709067359619485e-02,-1.934494259809790284e+00,-1.095557520642380211e+00,-1.558255497027467129e+00,9.755728807096464283e-01,7.304113823463607991e-02,-4.200840252084042659e-01,-7.493878485222064123e-01,8.180778611697361313e-01,-7.602924417041847516e-01,-7.616798901785275522e-01,-1.803034322049575922e-01,1.229450768161297836e+00,2.097404926922417367e-01
-1.328179585895758796e+00,-1.934494259809790284e+00,-1.095557520642380211e+00,-1.558255497027467129e+00,-3.129746580873264961e-01,6.582056509436263747e-01,-4.200840252084042659e-01,1.735069162794658171e+00,1.036703710522136390e+00,1.315283363541660755e+00,-7.616798901785275522e-01,-1.803034322049575922e-01,-3.613997335382717613e-01,2.097404926922417367e-01
5.827373508925788315e-01,5.169309730070238418e-01,1.559173609272430427e+00,8.531743722160479715e-01,3.600696700352034457e-02,2.564509108747673460e-01,-4.200840252084042659e-01,-7.493878485222064123e-01,1.379085520733799308e-01,1.315283363541660755e+00,1.561746830525203800e+00,1.867587402715548350e+00,-3.613997335382717613e-01,-8.389619707689667250e-01
1.538195819286747756e+00,5.169309730070238418e-01,6.742632326341602145e-01,8.531743722160479715e-01,5.729017748355923478e-01,-1.682452399892334860e+00,-4.200840252084042659e-01,-7.493878485222064123e-01,1.622003131125354936e-01,-7.602924417041847516e-01,9.111873487281592077e-01,-1.803034322049575922e-01,-3.613997335382717613e-01,-8.389619707689667250e-01
-2.602124210421317141e+00,5.169309730070238418e-01,-1.095557520642380211e+00,-3.525405624057095788e-01,1.702306689615383506e-01,9.924253432608340364e-02,-4.200840252084042659e-01,1.735069162794658171e+00,1.765456541696803772e+00,-7.602924417041847516e-01,-7.616798901785275522e-01,-1.803034322049575922e-01,-3.613997335382717613e-01,2.097404926922417367e-01
5.827373508925788315e-01,5.169309730070238418e-01,-2.106471440041099985e-01,-3.525405624057095788e-01,4.386780728775743765e-01,8.241478261894594759e-01,-4.200840252084042659e-01,-7.493878485222064123e-01,5.022849676607136216e-01,-7.602924417041847516e-01,-7.616798901785275522e-01,-1.204248849665210619e+00,-3.613997335382717613e-01,-8.389619707689667250e-01
-2.665590654577933982e-01,5.169309730070238418e-01,1.559173609272430427e+00,8.531743722160479715e-01,1.165411881783311454e-01,-1.682452399892334860e+00,-4.200840252084042659e-01,-7.493878485222064123e-01,-5.422607570229762697e-01,-7.602924417041847516e-01,-7.616798901785275522e-01,-1.204248849665210619e+00,-3.613997335382717613e-01,-8.389619707689667250e-01
1.007385559067764946e+00,-1.934494259809790284e+00,-1.095557520642380211e+00,-3.525405624057095788e-01,4.386780728775743765e-01,2.063834605174142550e-02,-4.200840252084042659e-01,-7.493878485222064123e-01,1.206746037796225357e+00,-7.602924417041847516e-01,-7.616798901785275522e-01,-1.803034322049575922e-01,2.820301269860867155e+00,2.097404926922417367e-01
-1.434341637939555270e+00,5.169309730070238418e-01,-1.095557520642380211e+00,-9.553980297165883817e-01,4.386780728775743765e-01,5.557354084033785946e-02,-4.200840252084042659e-01,-7.493878485222064123e-01,1.182454276757069822e+00,1.315283363541660755e+00,5.394390734155619649e-01,-1.803034322049575922e-01,-3.613997335382717613e-01,1.608010443973852954e+00
2.175168131549527040e+00,5.169309730070238418e-01,1.559173609272430427e+00,8.531743722160479715e-01,7.071254767936103747e-01,5.708676639721352863e-01,2.380476142847624210e+00,4.928406571362257682e-01,1.644974687760202003e-02,1.315283363541660755e+00,2.955802862947442655e+00,1.867587402715548350e+00,-3.613997335382717613e-01,-8.389619707689667250e-01
7.950614549801719999e-01,5.169309730070238418e-01,-1.095557520642380211e+00,8.531743722160479715e-01,-9.821673495449766145e-02,5.883352613664335484e-01,-4.200840252084042659e-01,-7.493878485222064123e-01,2.593673572691578277e-01,1.315283363541660755e+00,2.584054587634845745e+00,8.436419852552954346e-01,1.229450768161297836e+00,1.608010443973852954e+00
5.192709067359619485e-02,5.169309730070238418e-01,-2.106471440041099985e-01,8.531743722160479715e-01,3.600696700352034457e-02,2.040481186918726986e-01,-4.200840252084042659e-01,-7.493878485222064123e-01,2.593673572691578277e-01,-7.602924417041847516e-01,-7.616798901785275522e-01,-1.204248849665210619e+00,-3.613997335382717613e-01,-8.389619707689667250e-01
-3.727211175015899269e-01,5.169309730070238418e-01,-1.095557520642380211e+00,-1.558255497027467129e+00,4.386780728775743765e-01,3.525226965434075654e-01,-4.200840252084042659e-01,-7.493878485222064123e-01,8.180778611697361313e-01,-7.602924417041847516e-01,-2.040574772096320211e-01,8.436419852552954346e-01,1.229450768161297836e+00,1.608010443973852954e+00
6.888994029363754157e-01,5.169309730070238418e-01,1.559173609272430427e+00,8.531743722160479715e-01,1.702306689615383506e-01,-5.796584222260055264e-02,2.380476142847624210e+00,1.735069162794658171e+00,2.593673572691578277e-01,1.315283363541660755e+00,-2.969945460377813040e-01,8.436419852552954346e-01,-3.613997335382717613e-01,-8.389619707689667250e-01
-3.727211175015899269e-01,5.169309730070238418e-01,-2.106471440041099985e-01,8.531743722160479715e-01,4.386780728775743765e-01,1.295772955835511331e+00,-4.200840252084042659e-01,4.928406571362257682e-01,-1.050090583181758769e-01,1.315283363541660755e+00,1.561746830525203800e+00,8.436419852552954346e-01,-3.613997335382717613e-01,-8.389619707689667250e-01
-5.423496137020034080e-02,5.169309730070238418e-01,-2.106471440041099985e-01,-1.558255497027467129e+00,5.729017748355923478e-01,2.841655325230903362e+00,-4.200840252084042659e-01,-7.493878485222064123e-01,1.644974687760202003e-02,-7.602924417041847516e-01,-7.616798901785275522e-01,-1.204248849665210619e+00,-3.613997335382717613e-01,-8.389619707689667250e-01
6.888994029363754157e-01,5.169309730070238418e-01,-1.095557520642380211e+00,8.531743722160479715e-01,1.702306689615383506e-01,1.167101317203816241e-01,-4.200840252084042659e-01,1.735069162794658171e+00,6.503326895591318713e-02,1.315283363541660755e+00,1.468809761697054572e+00,8.436419852552954346e-01,2.820301269860867155e+00,1.608010443973852954e+00
-1.115855481808165628e+00,-1.934494259809790284e+00,-2.106471440041099985e-01,-1.558255497027467129e+00,7.071254767936103747e-01,-1.682452399892334860e+00,-4.200840252084042659e-01,-7.493878485222064123e-01,1.109578993639603217e+00,-7.602924417041847516e-01,-7.616798901785275522e-01,-1.204248849665210619e+00,-3.613997335382717613e-01,2.097404926922417367e-01
5.192709067359619485e-02,5.169309730070238418e-01,-2.106471440041099985e-01,-3.525405624057095788e-01,-9.821673495449766145e-02,4.660620796063459914e-01,-4.200840252084042659e-01,-7.493878485222064123e-01,-4.693854739055095537e-01,-7.602924417041847516e-01,-7.616798901785275522e-01,-1.204248849665210619e+00,-3.613997335382717613e-01,-8.389619707689667250e-01
1.219709663155358115e+00,5.169309730070238418e-01,-2.106471440041099985e-01,8.531743722160479715e-01,1.702306689615383506e-01,7.193422418236701255e-01,-4.200840252084042659e-01,4.928406571362257682e-01,-3.479266687097316568e-01,1.315283363541660755e+00,1.676907981029650274e-01,8.436419852552954346e-01,-3.613997335382717613e-01,-8.389619707689667250e-01
1.219709663155358115e+00,5.169309730070238418e-01,-1.095557520642380211e+00,8.531743722160479715e-01,-9.821673495449766145e-02,-1.365700304969425238e-01,-4.200840252084042659e-01,-7.493878485222064123e-01,2.593673572691578277e-01,-7.602924417041847516e-01,-3.899316148659305314e-01,-1.803034322049575922e-01,-3.613997335382717613e-01,1.608010443973852954e+00
-1.603970134139968695e-01,-1.934494259809790284e+00,-2.106471440041099985e-01,8.531743722160479715e-01,1.702306689615383506e-01,-1.103686344054952140e-01,-4.200840252084042659e-01,-7.493878485222064123e-01,2.593673572691578277e-01,1.315283363541660755e+00,6.323761422437113033e-01,8.436419852552954346e-01,-3.613997335382717613e-01,-8.389619707689667250e-01
3.704132468049858296e-01,5.169309730070238418e-01,1.559173609272430427e+00,8.531743722160479715e-01,-3.666641388705336735e-01,3.810594344603964595e-02,-4.200840252084042659e-01,1.735069162794658171e+00,-7.123030842970653476e-01,-7.602924417041847516e-01,-7.616798901785275522e-01,-1.204248849665210619e+00,-3.613997335382717613e-01,-8.389619707689667250e-01
-1.115855481808165628e+00,5.169309730070238418e-01,-2.106471440041099985e-01,8.531743722160479715e-01,4.386780728775743765e-01,8.328816248866085514e-01,-4.200840252084042659e-01,-7.493878485222064123e-01,1.379085520733799308e-01,1.315283363541660755e+00,1.097061486384457663e+00,8.436419852552954346e-01,-3.613997335382717613e-01,-8.389619707689667250e-01
7.950614549801719999e-01,5.169309730070238418e-01,-1.095557520642380211e+00,8.531743722160479715e-01,3.849885920943671436e-01,-2.326418161655827432e-01,-4.200840252084042659e-01,1.735069162794658171e+00,-1.050090583181758769e-01,1.315283363541660755e+00,2.584054587634845745e+00,8.436419852552954346e-01,1.229450768161297836e+00,2.097404926922417367e-01
5.827373508925788315e-01,5.169309730070238418e-01,1.559173609272430427e+00,-1.558255497027467129e+00,-3.319585581946929764e+00,-1.682452399892334860e+00,-4.200840252084042659e-01,-7.493878485222064123e-01,-3.213377520070914012e-02,1.315283363541660755e+00,1.097061486384457663e+00,1.867587402715548350e+00,-3.613997335382717613e-01,-8.389619707689667250e-01
1.962844027461933871e+00,5.169309730070238418e-01,6.742632326341602145e-01,-1.558255497027467129e+00,9.755728807096464283e-01,-1.682452399892334860e+00,-4.200840252084042659e-01,1.735069162794658171e+00,-3.722184297488872473e-01,-7.602924417041847516e-01,7.253132110718607528e-01,8.436419852552954346e-01,2.820301269860867155e+00,-8.389619707689667250e-01
-1.603970134139968695e-01,5.169309730070238418e-01,-2.106471440041099985e-01,-3.525405624057095788e-01,9.755728807096464283e-01,2.937214474889053226e-02,-4.200840252084042659e-01,-7.493878485222064123e-01,8.666613832480473123e-01,-7.602924417041847516e-01,-7.616798901785275522e-01,-1.204248849665210619e+00,-3.613997335382717613e-01,-8.389619707689667250e-01
1.644357871330544230e+00,5.169309730070238418e-01,1.559173609272430427e+00,8.531743722160479715e-01,1.702306689615383506e-01,-1.682452399892334860e+00,2.380476142847624210e+00,4.928406571362257682e-01,-7.842014161553558307e-03,-7.602924417041847516e-01,1.676907981029650274e-01,8.436419852552954346e-01,-3.613997335382717613e-01,1.258442956153450254e+00
-5.850452215891830399e-01,-1.934494259809790284e+00,-1.095557520642380211e+00,-1.558255497027467129e+00,1.702306689615383506e-01,7.193422418236701255e-01,-4.200840252084042659e-01,-7.493878485222064123e-01,2.350755962300022373e-01,-7.602924417041847516e-01,-5.758057525222289863e-01,-1.803034322049575922e-01,-3.613997335382717613e-01,2.097404926922417367e-01
2.642511947611892453e-01,5.169309730070238418e-01,6.742632326341602145e-01,8.531743722160479715e-01,3.600696700352034457e-02,-1.682452399892334860e+00,2.380476142847624210e+00,-7.493878485222064123e-01,-6.394278011795986316e-01,1.315283363541660755e+00,1.676907981029650274e-01,8.436419852552954346e-01,-3.613997335382717613e-01,1.608010443973852954e+00
3.704132468049858296e-01,5.169309730070238418e-01,-2.106471440041099985e-01,-3.525405624057095788e-01,4.386780728775743765e-01,6.320042548521790371e-01,-4.200840252084042659e-01,4.928406571362257682e-01,3.808261624649357246e-01,1.315283363541660755e+00,1.676907981029650274e-01,8.436419852552954346e-01,-3.613997335382717613e-01,-8.389619707689667250e-01
-1.115855481808165628e+00,5.169309730070238418e-01,6.742632326341602145e-01,8.531743722160479715e-01,-6.351115427865696716e-01,-1.682452399892334860e+00,-4.200840252084042659e-01,-7.493878485222064123e-01,-1.778843414356426067e-01,-7.602924417041847516e-01,6.323761422437113033e-01,1.867587402715548350e+00,-3.613997335382717613e-01,-8.389619707689667250e-01
1.538195819286747756e+00,5.169309730070238418e-01,-1.095557520642380211e+00,-1.558255497027467129e+00,1.512467688541718536e+00,7.106084431265210499e-01,2.380476142847624210e+00,1.735069162794658171e+00,5.022849676607136216e-01,1.315283363541660755e+00,7.253132110718607528e-01,8.436419852552954346e-01,-3.613997335382717613e-01,1.608010443973852954e+00
-7.973693256767760973e-01,-1.934494259809790284e+00,-1.095557520642380211e+00,-1.558255497027467129e+00,4.923675536607815539e-01,-1.365700304969425238e-01,-4.200840252084042659e-01,1.735069162794658171e+00,7.452025780522694154e-01,1.315283363541660755e+00,5.394390734155619649e-01,1.867587402715548350e+00,-3.613997335382717613e-01,2.097404926922417367e-01
-7.973693256767760973e-01,5.169309730070238418e-01,-1.095557520642380211e+00,8.531743722160479715e-01,4.386780728775743765e-01,1.033758994921037955e+00,-4.200840252084042659e-01,-7.493878485222064123e-01,-2.264678635139537877e-01,1.315283363541660755e+00,9.111873487281592077e-01,8.436419852552954346e-01,2.820301269860867155e+00,1.608010443973852954e+00
4.765752988487823583e-01,5.169309730070238418e-01,-1.095557520642380211e+00,8.531743722160479715e-01,-2.592851773041192631e-01,1.094895585801081817e+00,-4.200840252084042659e-01,4.928406571362257682e-01,2.593673572691578277e-01,-7.602924417041847516e-01,3.327551138260040009e+00,1.867587402715548350e+00,4.411151771560436252e+00,1.258442956153450254e+00
-9.035313777205725705e-01,5.169309730070238418e-01,-2.106471440041099985e-01,8.531743722160479715e-01,1.702306689615383506e-01,2.302495147833200362e-01,-4.200840252084042659e-01,4.928406571362257682e-01,1.644974687760202003e-02,1.315283363541660755e+00,1.676907981029650274e-01,8.436419852552954346e-01,-3.613997335382717613e-01,-8.389619707689667250e-01
1.007385559067764946e+00,5.169309730070238418e-01,1.559173609272430427e+00,8.531743722160479715e-01,4.386780728775743765e-01,5.883352613664335484e-01,-4.200840252084042659e-01,4.928406571362257682e-01,-4.208019518271984283e-01,1.315283363541660755e+00,2.026432174665950381e+00,8.436419852552954346e-01,-3.613997335382717613e-01,-8.389619707689667250e-01
1.580891427173927444e-01,5.169309730070238418e-01,6.742632326341602145e-01,8.531743722160479715e-01,-2.324404369125156744e-01,-1.682452399892334860e+00,-4.200840252084042659e-01,-7.493878485222064123e-01,6.237437728564915185e-01,-7.602924417041847516e-01,-6.687428213503783248e-01,8.436419852552954346e-01,-3.613997335382717613e-01,-8.389619707689667250e-01
2.642511947611892453e-01,5.169309730070238418e-01,-1.095557520642380211e+00,-1.558255497027467129e+00,1.702306689615383506e-01,5.534000665778370243e-01,2.380476142847624210e+00,1.735069162794658171e+00,3.079508793474690087e-01,1.315283363541660755e+00,-2.040574772096320211e-01,8.436419852552954346e-01,1.229450768161297836e+00,1.258442956153450254e+00
-1.222017533851962323e+00,5.169309730070238418e-01,-1.095557520642380211e+00,-9.553980297165883817e-01,6.534359960104031417e-01,4.485944822120477848e-01,-4.200840252084042659e-01,1.735069162794658171e+00,1.182454276757069822e+00,-7.602924417041847516e-01,-1.818333955333344826e-02,-1.803034322049575922e-01,2.820301269860867155e+00,2.097404926922417367e-01
-4.788831695453864556e-01,-1.934494259809790284e+00,-2.106471440041099985e-01,-3.525405624057095788e-01,-3.666641388705336735e-01,-1.682452399892334860e+00,-4.200840252084042659e-01,-7.493878485222064123e-01,7.452025780522694154e-01,-7.602924417041847516e-01,-7.616798901785275522e-01,-1.204248849665210619e+00,-3.613997335382717613e-01,-8.389619707689667250e-01
1.580891427173927444e-01,5.169309730070238418e-01,1.559173609272430427e+00,8.531743722160479715e-01,-9.821673495449766145e-02,2.913861056633638147e-01,-4.200840252084042659e-01,1.735069162794658171e+00,-5.642553623986471673e-02,1.315283363541660755e+00,8.182502799000098692e-01,1.867587402715548350e+00,-3.613997335382717613e-01,1.608010443973852954e+00
-5.423496137020034080e-02,5.169309730070238418e-01,-1.095557520642380211e+00,8.531743722160479715e-01,-1.768251377968686061e-02,7.804788327037138762e-01,-4.200840252084042659e-01,-7.493878485222064123e-01,-8.337618894928432445e-01,1.315283363541660755e+00,1.097061486384457663e+00,8.436419852552954346e-01,2.820301269860867155e+00,1.608010443973852954e+00
1.007385559067764946e+00,5.169309730070238418e-01,-2.106471440041099985e-01,8.531743722160479715e-01,7.071254767936103747e-01,2.651847095719164771e-01,-4.200840252084042659e-01,-7.493878485222064123e-01,-3.479266687097316568e-01,-7.602924417041847516e-01,-7.616798901785275522e-01,-1.204248849665210619e+00,-3.613997335382717613e-01,-8.389619707689667250e-01
-5.423496137020034080e-02,5.169309730070238418e-01,6.742632326341602145e-01,8.531743722160479715e-01,1.702306689615383506e-01,-1.682452399892334860e+00,-4.200840252084042659e-01,1.735069162794658171e+00,1.379085520733799308e-01,1.315283363541660755e+00,1.676907981029650274e-01,8.436419852552954346e-01,-3.613997335382717613e-01,1.608010443973852954e+00
1.007385559067764946e+00,5.169309730070238418e-01,1.559173609272430427e+00,-3.525405624057095788e-01,-3.319585581946929764e+00,-2.413756148627318465e-01,-4.200840252084042659e-01,4.928406571362257682e-01,-3.141479188212623175e+00,-7.602924417041847516e-01,-7.616798901785275522e-01,-1.204248849665210619e+00,-3.613997335382717613e-01,-8.389619707689667250e-01
-2.665590654577933982e-01,5.169309730070238418e-01,-2.106471440041099985e-01,8.531743722160479715e-01,1.702306689615383506e-01,-1.191024331026443173e-01,-4.200840252084042659e-01,-7.493878485222064123e-01,-7.123030842970653476e-01,-7.602924417041847516e-01,-7.616798901785275522e-01,-1.204248849665210619e+00,-3.613997335382717613e-01,1.608010443973852954e+00
-5.850452215891830399e-01,5.169309730070238418e-01,-2.106471440041099985e-01,8.531743722160479715e-01,-4.452725417129046320e-02,7.193422418236701255e-01,2.380476142847624210e+00,4.928406571362257682e-01,5.022849676607136216e-01,1.315283363541660755e+00,1.097061486384457663e+00,1.867587402715548350e+00,-3.613997335382717613e-01,-8.389619707689667250e-01
3.704132468049858296e-01,5.169309730070238418e-01,1.559173609272430427e+00,8.531743722160479715e-01,8.681939191432319625e-01,-1.715052252855389647e-01,-4.200840252084042659e-01,1.735069162794658171e+00,-2.507596245531093504e-01,1.315283363541660755e+00,2.026432174665950381e+00,1.867587402715548350e+00,-3.613997335382717613e-01,-8.389619707689667250e-01
-1.603970134139968695e-01,5.169309730070238418e-01,-1.095557520642380211e+00,8.531743722160479715e-01,-4.203536196537409064e-01,3.525226965434075654e-01,2.380476142847624210e+00,-7.493878485222064123e-01,4.294096845432469056e-01,-7.602924417041847516e-01,-6.687428213503783248e-01,-1.803034322049575922e-01,4.411151771560436252e+00,1.608010443973852954e+00
9.012235070239684731e-01,5.169309730070238418e-01,1.559173609272430427e+00,8.531743722160479715e-01,9.755728807096464283e-01,5.359324691835388732e-01,2.380476142847624210e+00,4.928406571362257682e-01,-5.179689959838207347e-01,1.315283363541660755e+00,2.026432174665950381e+00,8.436419852552954346e-01,-3.613997335382717613e-01,-8.389619707689667250e-01
1.580891427173927444e-01,5.169309730070238418e-01,-2.106471440041099985e-01,8.531743722160479715e-01,4.386780728775743765e-01,3.175875017548111523e-01,-4.200840252084042659e-01,-7.493878485222064123e-01,-4.693854739055095537e-01,1.315283363541660755e+00,-2.969945460377813040e-01,8.436419852552954346e-01,-3.613997335382717613e-01,-8.389619707689667250e-01
-1.965151898158538080e+00,5.169309730070238418e-01,-2.106471440041099985e-01,-3.525405624057095788e-01,-3.666641388705336735e-01,5.621338652749862108e-01,-4.200840252084042659e-01,-7.493878485222064123e-01,2.593673572691578277e-01,-7.602924417041847516e-01,-7.616798901785275522e-01,-1.204248849665210619e+00,-3.613997335382717613e-01,-8.389619707689667250e-01
4.765752988487823583e-01,-1.934494259809790284e+00,-1.095557520642380211e+00,8.531743722160479715e-01,-6.351115427865696716e-01,4.835296770006441980e-01,-4.200840252084042659e-01,1.735069162794658171e+00,-1.778843414356426067e-01,-7.602924417041847516e-01,1.676907981029650274e-01,8.436419852552954346e-01,-3.613997335382717613e-01,2.097404926922417367e-01
-1.603970134139968695e-01,5.169309730070238418e-01,-1.095557520642380211e+00,8.531743722160479715e-01,3.600696700352034457e-02,1.691129239032762854e-01,-4.200840252084042659e-01,-7.493878485222064123e-01,9.395366663655140282e-01,-7.602924417041847516e-01,1.676907981029650274e-01,-1.803034322049575922e-01,2.820301269860867155e+00,1.608010443973852954e+00
-1.009693429764369155e+00,5.169309730070238418e-01,-2.106471440041099985e-01,8.531743722160479715e-01,3.044543709195563497e-01,2.605842760407877545e+00,-4.200840252084042659e-01,-7.493878485222064123e-01,1.379085520733799308e-01,-7.602924417041847516e-01,-7.616798901785275522e-01,-1.204248849665210619e+00,-3.613997335382717613e-01,-8.389619707689667250e-01
-1.434341637939555270e+00,5.169309730070238418e-01,1.559173609272430427e+00,-1.558255497027467129e+00,-4.740431004369480839e-01,4.136592874234513162e-01,-4.200840252084042659e-01,-7.493878485222064123e-01,-1.198138305080177046e+00,1.315283363541660755e+00,-7.616798901785275522e-01,-1.204248849665210619e+00,-3.613997335382717613e-01,1.608010443973852954e+00
-9.035313777205725705e-01,-1.934494259809790284e+00,-2.106471440041099985e-01,-3.525405624057095788e-01,1.512467688541718536e+00,-1.682452399892334860e+00,-4.200840252084042659e-01,-7.493878485222064123e-01,1.231037798835381114e+00,-7.602924417041847516e-01,-7.616798901785275522e-01,-1.204248849665210619e+00,-3.613997335382717613e-01,-8.389619707689667250e-01
-1.009693429764369155e+00,5.169309730070238418e-01,-1.095557520642380211e+00,8.531743722160479715e-01,-3.666641388705336735e-01,3.810594344603964595e-02,-4.200840252084042659e-01,1.735069162794658171e+00,1.158162515717914287e+00,-7.602924417041847516e-01,-7.616798901785275522e-01,-1.803034322049575922e-01,1.229450768161297836e+00,2.097404926922417367e-01
-1.115855481808165628e+00,-1.934494259809790284e+00,-1.095557520642380211e+00,8.531743722160479715e-01,2.239201497447455558e-01,1.295772955835511331e+00,2.380476142847624210e+00,1.735069162794658171e+00,1.622003131125354936e-01,1.315283363541660755e+00,2.026432174665950381e+00,8.436419852552954346e-01,-3.613997335382717613e-01,1.608010443973852954e+00
4.765752988487823583e-01,5.169309730070238418e-01,-2.106471440041099985e-01,-1.558255497027467129e+00,1.702306689615383506e-01,1.778467226004253887e-01,-4.200840252084042659e-01,4.928406571362257682e-01,2.593673572691578277e-01,-7.602924417041847516e-01,-7.616798901785275522e-01,-1.204248849665210619e+00,-3.613997335382717613e-01,1.258442956153450254e+00
-4.788831695453864556e-01,5.169309730070238418e-01,-2.106471440041099985e-01,8.531743722160479715e-01,1.702306689615383506e-01,1.167101317203816241e-01,-4.200840252084042659e-01,-7.493878485222064123e-01,9.881201884438252092e-01,-7.602924417041847516e-01,-7.616798901785275522e-01,-1.204248849665210619e+00,-3.613997335382717613e-01,-8.389619707689667250e-01
-4.788831695453864556e-01,5.169309730070238418e-01,-1.095557520642380211e+00,-1.558255497027467129e+00,-9.821673495449766145e-02,-4.049824482830233913e-02,-4.200840252084042659e-01,-7.493878485222064123e-01,2.350755962300022373e-01,-7.602924417041847516e-01,1.097061486384457663e+00,8.436419852552954346e-01,4.411151771560436252e+00,1.608010443973852954e+00
9.012235070239684731e-01,-1.934494259809790284e+00,-1.095557520642380211e+00,-1.558255497027467129e+00,1.702306689615383506e-01,6.145366574578807750e-01,-4.200840252084042659e-01,-7.493878485222064123e-01,-7.851783674145320635e-01,-7.602924417041847516e-01,3.535649357592635100e-01,8.436419852552954346e-01,1.229450768161297836e+00,1.608010443973852954e+00
4.765752988487823583e-01,5.169309730070238418e-01,1.559173609272430427e+00,-1.558255497027467129e+00,-3.319585581946929764e+00,3.437888978462584344e-01,-4.200840252084042659e-01,4.928406571362257682e-01,-3.141479188212623175e+00,-7.602924417041847516e-01,-7.616798901785275522e-01,-1.204248849665210619e+00,-3.613997335382717613e-01,-8.389619707689667250e-01
9.012235070239684731e-01,5.169309730070238418e-01,-1.095557520642380211e+00,-1.558255497027467129e+00,1.702306689615383506e-01,3.350550991491093589e-01,-4.200840252084042659e-01,-7.493878485222064123e-01,4.051179235040913151e-01,-7.602924417041847516e-01,9.111873487281592077e-01,8.436419852552954346e-01,4.411151771560436252e+00,1.608010443973852954e+00
-1.603970134139968695e-01,5.169309730070238418e-01,-2.106471440041099985e-01,8.531743722160479715e-01,1.702306689615383506e-01,2.826523069662146836e-01,-4.200840252084042659e-01,-7.493878485222064123e-01,-2.264678635139537877e-01,1.315283363541660755e+00,1.097061486384457663e+00,8.436419852552954346e-01,-3.613997335382717613e-01,-8.389619707689667250e-01
-2.665590654577933982e-01,-1.934494259809790284e+00,-1.095557520642380211e+00,-1.558255497027467129e+00,1.702306689615383506e-01,5.534000665778370243e-01,-4.200840252084042659e-01,1.735069162794658171e+00,4.779932066215580311e-01,-7.602924417041847516e-01,-2.969945460377813040e-01,-1.803034322049575922e-01,-3.613997335382717613e-01,2.097404926922417367e-01
-1.540503689983351743e+00,5.169309730070238418e-01,-2.106471440041099985e-01,-3.525405624057095788e-01,-9.821673495449766145e-02,9.924253432608340364e-02,-4.200840252084042659e-01,-7.493878485222064123e-01,3.808261624649357246e-01,-7.602924417041847516e-01,-7.616798901785275522e-01,-1.204248849665210619e+00,-3.613997335382717613e-01,-8.389619707689667250e-01
2.175168131549527040e+00,5.169309730070238418e-01,1.559173609272430427e+00,8.531743722160479715e-01,8.413491787516284015e-01,1.025025196223888990e+00,-4.200840252084042659e-01,-7.493878485222064123e-01,-4.208019518271984283e-01,1.315283363541660755e+00,6.323761422437113033e-01,1.867587402715548350e+00,-3.613997335382717613e-01,-8.389619707689667250e-01
9.012235070239684731e-01,5.169309730070238418e-01,1.559173609272430427e+00,-1.558255497027467129e+00,-3.319585581946929764e+00,9.924253432608340364e-02,-4.200840252084042659e-01,4.928406571362257682e-01,-3.141479188212623175e+00,-7.602924417041847516e-01,-7.616798901785275522e-01,-1.204248849665210619e+00,-3.613997335382717613e-01,-8.389619707689667250e-01
9.012235070239684731e-01,5.169309730070238418e-01,1.559173609272430427e+00,-1.558255497027467129e+00,-9.821673495449766145e-02,2.389833134804691395e-01,-4.200840252084042659e-01,1.735069162794658171e+00,-1.052387738845243392e+00,-7.602924417041847516e-01,-7.616798901785275522e-01,-1.204248849665210619e+00,-3.613997335382717613e-01,-8.389619707689667250e-01
-1.009693429764369155e+00,5.169309730070238418e-01,-2.106471440041099985e-01,8.531743722160479715e-01,1.702306689615383506e-01,8.503492222809068135e-01,-4.200840252084042659e-01,-7.493878485222064123e-01,-7.123030842970653476e-01,1.315283363541660755e+00,1.097061486384457663e+00,8.436419852552954346e-01,-3.613997335382717613e-01,-8.389619707689667250e-01
5.192709067359619485e-02,5.169309730070238418e-01,-2.106471440041099985e-01,8.531743722160479715e-01,4.386780728775743765e-01,-1.682452399892334860e+00,-4.200840252084042659e-01,-7.493878485222064123e-01,-2.750513855922649409e-01,1.315283363541660755e+00,-7.616798901785275522e-01,-1.204248849665210619e+00,-3.613997335382717613e-01,-8.389619707689667250e-01
-3.727211175015899269e-01,5.169309730070238418e-01,-2.106471440041099985e-01,8.531743722160479715e-01,4.386780728775743765e-01,3.350550991491093589e-01,-4.200840252084042659e-01,4.928406571362257682e-01,2.593673572691578277e-01,1.315283363541660755e+00,3.885173551228935818e+00,8.436419852552954346e-01,-3.613997335382717613e-01,-8.389619707689667250e-01
1.007385559067764946e+00,-1.934494259809790284e+00,-1.095557520642380211e+00,-1.558255497027467129e+00,3.044543709195563497e-01,5.184648717892406111e-01,-4.200840252084042659e-01,1.735069162794658171e+00,1.036703710522136390e+00,-7.602924417041847516e-01,-7.616798901785275522e-01,-1.803034322049575922e-01,-3.613997335382717613e-01,2.097404926922417367e-01
2.642511947611892453e-01,-1.934494259809790284e+00,-1.095557520642380211e+00,-3.525405624057095788e-01,4.386780728775743765e-01,8.852844170695032266e-01,-4.200840252084042659e-01,1.735069162794658171e+00,5.751602507781803375e-01,-7.602924417041847516e-01,4.465020045874128485e-01,8.436419852552954346e-01,-3.613997335382717613e-01,2.097404926922417367e-01
-5.850452215891830399e-01,-1.934494259809790284e+00,-2.106471440041099985e-01,-1.558255497027467129e+00,-9.821673495449766145e-02,2.063834605174142550e-02,-4.200840252084042659e-01,-7.493878485222064123e-01,-1.050090583181758769e-01,-7.602924417041847516e-01,-7.616798901785275522e-01,-1.204248849665210619e+00,-3.613997335382717613e-01,-8.389619707689667250e-01
1.644357871330544230e+00,5.169309730070238418e-01,6.742632326341602145e-01,8.531743722160479715e-01,3.044543709195563497e-01,-1.682452399892334860e+00,-4.200840252084042659e-01,-7.493878485222064123e-01,1.644974687760202003e-02,-7.602924417041847516e-01,-7.616798901785275522e-01,8.436419852552954346e-01,-3.613997335382717613e-01,1.258442956153450254e+00
5.827373508925788315e-01,5.169309730070238418e-01,-1.095557520642380211e+00,-1.558255497027467129e+00,7.071254767936103747e-01,1.691129239032762854e-01,2.380476142847624210e+00,-7.493878485222064123e-01,6.723272949348026994e-01,-7.602924417041847516e-01,7.253132110718607528e-01,-1.803034322049575922e-01,-3.613997335382717613e-01,2.097404926922417367e-01
1.856681975418137398e+00,-1.934494259809790284e+00,-1.095557520642380211e+00,-3.525405624057095788e-01,9.755728807096464283e-01,9.551548066466960529e-01,-4.200840252084042659e-01,-7.493878485222064123e-01,7.937861001305805964e-01,-7.602924417041847516e-01,-3.899316148659305314e-01,-1.803034322049575922e-01,2.820301269860867155e+00,2.097404926922417367e-01
-1.752827794070944911e+00,5.169309730070238418e-01,-2.106471440041099985e-01,8.531743722160479715e-01,1.702306689615383506e-01,1.068694189709634479e+00,-4.200840252084042659e-01,-7.493878485222064123e-01,6.966190559739582344e-01,-7.602924417041847516e-01,-7.616798901785275522e-01,-1.204248849665210619e+00,-3.613997335382717613e-01,-8.389619707689667250e-01
5.192709067359619485e-02,-1.934494259809790284e+00,-1.095557520642380211e+00,-3.525405624057095788e-01,2.239201497447455558e-01,8.328816248866085514e-01,2.380476142847624210e+00,1.735069162794658171e+00,7.209108170131138804e-01,1.315283363541660755e+00,-7.616798901785275522e-01,-1.803034322049575922e-01,1.229450768161297836e+00,2.097404926922417367e-01
9.012235070239684731e-01,5.169309730070238418e-01,1.559173609272430427e+00,8.531743722160479715e-01,3.044543709195563497e-01,9.114858131609505643e-01,-4.200840252084042659e-01,-7.493878485222064123e-01,1.644974687760202003e-02,1.315283363541660755e+00,1.676907981029650274e-01,8.436419852552954346e-01,-3.613997335382717613e-01,-8.389619707689667250e-01
3.704132468049858296e-01,5.169309730070238418e-01,-2.106471440041099985e-01,8.531743722160479715e-01,7.071254767936103747e-01,5.446662678806879487e-01,-4.200840252084042659e-01,-7.493878485222064123e-01,-9.066371726103100714e-01,1.315283363541660755e+00,2.026432174665950381e+00,8.436419852552954346e-01,-3.613997335382717613e-01,-8.389619707689667250e-01
9.012235070239684731e-01,5.169309730070238418e-01,6.742632326341602145e-01,8.531743722160479715e-01,-2.324404369125156744e-01,-1.682452399892334860e+00,-4.200840252084042659e-01,-7.493878485222064123e-01,-1.392472393393421548e+00,1.315283363541660755e+00,-1.226365234319273911e+00,8.436419852552954346e-01,-3.613997335382717613e-01,2.097404926922417367e-01
-9.035313777205725705e-01,5.169309730070238418e-01,-1.095557520642380211e+00,8.531743722160479715e-01,-2.324404369125156744e-01,5.883352613664335484e-01,-4.200840252084042659e-01,1.735069162794658171e+00,1.352496604031159011e+00,-7.602924417041847516e-01,-7.616798901785275522e-01,-1.803034322049575922e-01,-3.613997335382717613e-01,2.097404926922417367e-01
-1.115855481808165628e+00,5.169309730070238418e-01,-1.095557520642380211e+00,-1.558255497027467129e+00,1.702306689615383506e-01,1.068694189709634479e+00,-4.200840252084042659e-01,-7.493878485222064123e-01,7.937861001305805964e-01,-7.602924417041847516e-01,1.004124417556308213e+00,-1.803034322049575922e-01,1.229450768161297836e+00,2.097404926922417367e-01
-2.283638054289927499e+00,5.169309730070238418e-01,6.742632326341602145e-01,-9.553980297165883817e-01,-7.693352447445876985e-01,-1.682452399892334860e+00,-4.200840252084042659e-01,-7.493878485222064123e-01,-5.642553623986471673e-02,-7.602924417041847516e-01,-1.111204083814827936e-01,-1.803034322049575922e-01,-3.613997335382717613e-01,-8.389619707689667250e-01
9.012235070239684731e-01,5.169309730070238418e-01,1.559173609272430427e+00,8.531743722160479715e-01,9.218833999264391954e-01,1.516453265089780511e-01,2.380476142847624210e+00,-7.493878485222064123e-01,-4.208019518271984283e-01,1.315283363541660755e+00,2.026432174665950381e+00,1.867587402715548350e+00,-3.613997335382717613e-01,-8.389619707689667250e-01
-4.788831695453864556e-01,5.169309730070238418e-01,1.559173609272430427e+00,-1.558255497027467129e+00,-3.319585581946929764e+00,-4.422529848971613609e-01,-4.200840252084042659e-01,-7.493878485222064123e-01,-3.141479188212623175e+00,-7.602924417041847516e-01,-7.616798901785275522e-01,-1.204248849665210619e+00,-3.613997335382717613e-01,-8.389619707689667250e-01
2.642511947611892453e-01,5.169309730070238418e-01,-1.095557520642380211e+00,8.531743722160479715e-01,2.239201497447455558e-01,-7.543343961689877308e-02,-4.200840252084042659e-01,1.735069162794658171e+00,-5.908442791012874507e-01,1.315283363541660755e+00,1.189998555212606890e+00,8.436419852552954346e-01,1.229450768161297836e+00,1.258442956153450254e+00
5.827373508925788315e-01,5.169309730070238418e-01,-2.106471440041099985e-01,8.531743722160479715e-01,4.386780728775743765e-01,-1.682452399892334860e+00,-4.200840252084042659e-01,-7.493878485222064123e-01,2.593673572691578277e-01,-7.602924417041847516e-01,-7.616798901785275522e-01,-1.204248849665210619e+00,-3.613997335382717613e-01,-8.389619707689667250e-01
-3.727211175015899269e-01,-1.934494259809790284e+00,6.742632326341602145e-01,8.531743722160479715e-01,9.755728807096464283e-01,-1.682452399892334860e+00,-4.200840252084042659e-01,-7.493878485222064123e-01,-4.693854739055095537e-01,-7.602924417041847516e-01,-7.616798901785275522e-01,-1.204248849665210619e+00,-3.613997335382717613e-01,2.097404926922417367e-01
2.642511947611892453e-01,5.169309730070238418e-01,1.559173609272430427e+00,-3.525405624057095788e-01,6.285170739512394023e-02,-2.326418161655827432e-01,-4.200840252084042659e-01,4.928406571362257682e-01,2.593673572691578277e-01,-7.602924417041847516e-01,-7.616798901785275522e-01,-1.204248849665210619e+00,-3.613997335382717613e-01,-8.389619707689667250e-01
-2.665590654577933982e-01,5.169309730070238418e-01,6.742632326341602145e-01,8.531743722160479715e-01,1.702306689615383506e-01,-1.682452399892334860e+00,-4.200840252084042659e-01,-7.493878485222064123e-01,9.881201884438252092e-01,-7.602924417041847516e-01,-1.412239371975572366e+00,-1.803034322049575922e-01,-3.613997335382717613e-01,-8.389619707689667250e-01
-7.973693256767760973e-01,5.169309730070238418e-01,-2.106471440041099985e-01,-1.558255497027467129e+00,-9.821673495449766145e-02,3.263213004519602278e-01,-4.200840252084042659e-01,-7.493878485222064123e-01,5.022849676607136216e-01,-7.602924417041847516e-01,-7.616798901785275522e-01,-1.204248849665210619e+00,-3.613997335382717613e-01,-8.389619707689667250e-01
2.387492235637119986e+00,-1.934494259809790284e+00,-1.095557520642380211e+00,-1.558255497027467129e+00,4.386780728775743765e-01,3.810594344603964595e-02,-4.200840252084042659e-01,4.928406571362257682e-01,-3.236349076705761219e-01,-7.602924417041847516e-01,2.606278669311143936e-01,8.436419852552954346e-01,-3.613997335382717613e-01,2.097404926922417367e-01
2.642511947611892453e-01,5.169309730070238418e-01,6.742632326341602145e-01,8.531743722160479715e-01,-9.821673495449766145e-02,-1.682452399892334860e+00,-4.200840252084042659e-01,4.928406571362257682e-01,-7.123030842970653476e-01,1.315283363541660755e+00,-1.691050578460020271e+00,1.867587402715548350e+00,-3.613997335382717613e-01,1.608010443973852954e+00
-1.540503689983351743e+00,5.169309730070238418e-01,-2.106471440041099985e-01,-3.525405624057095788e-01,-9.821673495449766145e-02,6.430733953748696274e-02,-4.200840252084042659e-01,-7.493878485222064123e-01,7.452025780522694154e-01,1.315283363541660755e+00,1.676907981029650274e-01,8.436419852552954346e-01,-3.613997335382717613e-01,-8.389619707689667250e-01
7.950614549801719999e-01,5.169309730070238418e-01,6.742632326341602145e-01,8.531743722160479715e-01,-3.666641388705336735e-01,-1.682452399892334860e+00,-4.200840252084042659e-01,-7.493878485222064123e-01,-3.965101907880428378e-01,-7.602924417041847516e-01,5.394390734155619649e-01,8.436419852552954346e-01,-3.613997335382717613e-01,-8.389619707689667250e-01
3.704132468049858296e-01,5.169309730070238418e-01,-1.095557520642380211e+00,-1.558255497027467129e+00,7.071254767936103747e-01,-2.151742187712845089e-01,-4.200840252084042659e-01,-7.493878485222064123e-01,1.085287232600447460e+00,-7.602924417041847516e-01,7.253132110718607528e-01,-1.803034322049575922e-01,-3.613997335382717613e-01,2.097404926922417367e-01
-1.752827794070944911e+00,5.169309730070238418e-01,-1.095557520642380211e+00,-1.558255497027467129e+00,1.702306689615383506e-01,5.009972743949424601e-01,-4.200840252084042659e-01,-7.493878485222064123e-01,1.401080126109470081e+00,-7.602924417041847516e-01,2.491117518806696296e+00,1.867587402715548350e+00,-3.613997335382717613e-01,2.097404926922417367e-01
-1.603970134139968695e-01,5.169309730070238418e-01,-2.106471440041099985e-01,-1.558255497027467129e+00,4.386780728775743765e-01,5.796014626692843619e-01,-4.200840252084042659e-01,4.928406571362257682e-01,9.881201884438252092e-01,-7.602924417041847516e-01,-7.616798901785275522e-01,-1.204248849665210619e+00,-3.613997335382717613e-01,-8.389619707689667250e-01
1.432033767242951061e+00,-1.934494259809790284e+00,-1.095557520642380211e+00,8.531743722160479715e-01,-4.740431004369480839e-01,2.651847095719164771e-01,-4.200840252084042659e-01,-7.493878485222064123e-01,3.079508793474690087e-01,-7.602924417041847516e-01,-4.828686836940798699e-01,-1.803034322049575922e-01,2.820301269860867155e+00,2.097404926922417367e-01
4.765752988487823583e-01,5.169309730070238418e-01,-2.106471440041099985e-01,-3.525405624057095788e-01,1.702306689615383506e-01,5.097310730920915356e-01,-4.200840252084042659e-01,-7.493878485222064123e-01,-4.693854739055095537e-01,-7.602924417041847516e-01,-7.616798901785275522e-01,-1.204248849665210619e+00,-3.613997335382717613e-01,-8.389619707689667250e-01
-1.328179585895758796e+00,5.169309730070238418e-01,-2.106471440041099985e-01,8.531743722160479715e-01,-3.666641388705336735e-01,8.416154235837576270e-01,-4.200840252084042659e-01,-7.493878485222064123e-01,9.881201884438252092e-01,-7.602924417041847516e-01,-7.616798901785275522e-01,-1.204248849665210619e+00,-3.613997335382717613e-01,1.258442956153450254e+00
-5.423496137020034080e-02,-1.934494259809790284e+00,-2.106471440041099985e-01,-1.558255497027467129e+00,-9.821673495449766145e-02,7.106084431265210499e-01,-4.200840252084042659e-01,-7.493878485222064123e-01,1.644974687760202003e-02,-7.602924417041847516e-01,-7.616798901785275522e-01,-1.204248849665210619e+00,-3.613997335382717613e-01,-8.389619707689667250e-01
-5.850452215891830399e-01,-1.934494259809790284e+00,-2.106471440041099985e-01,-3.525405624057095788e-01,-3.319585581946929764e+00,1.007557598829590617e+00,-4.200840252084042659e-01,4.928406571362257682e-01,-3.141479188212623175e+00,-7.602924417041847516e-01,1.097061486384457663e+00,-1.803034322049575922e-01,-3.613997335382717613e-01,-8.389619707689667250e-01
-1.540503689983351743e+00,-1.934494259809790284e+00,-1.095557520642380211e+00,-1.558255497027467129e+00,-7.961799851361912594e-01,5.557354084033785946e-02,-4.200840252084042659e-01,-7.493878485222064123e-01,1.206746037796225357e+00,-7.602924417041847516e-01,-7.616798901785275522e-01,-1.803034322049575922e-01,-3.613997335382717613e-01,2.097404926922417367e-01
-5.423496137020034080e-02,5.169309730070238418e-01,-1.095557520642380211e+00,-1.558255497027467129e+00,1.702306689615383506e-01,4.660620796063459914e-01,2.380476142847624210e+00,1.735069162794658171e+00,1.060995471561291925e+00,-7.602924417041847516e-01,-7.616798901785275522e-01,-1.803034322049575922e-01,4.411151771560436252e+00,2.097404926922417367e-01
4.765752988487823583e-01,5.169309730070238418e-01,-2.106471440041099985e-01,-1.558255497027467129e+00,4.386780728775743765e-01,-1.191024331026443173e-01,-4.200840252084042659e-01,-7.493878485222064123e-01,7.452025780522694154e-01,-7.602924417041847516e-01,-7.616798901785275522e-01,-1.204248849665210619e+00,-3.613997335382717613e-01,-8.389619707689667250e-01
-5.423496137020034080e-02,5.169309730070238418e-01,-2.106471440041099985e-01,8.531743722160479715e-01,4.386780728775743765e-01,4.398606835148986538e-01,-4.200840252084042659e-01,-7.493878485222064123e-01,6.237437728564915185e-01,-7.602924417041847516e-01,-7.616798901785275522e-01,-1.204248849665210619e+00,-3.613997335382717613e-01,-8.389619707689667250e-01
-1.752827794070944911e+00,-1.934494259809790284e+00,-2.106471440041099985e-01,-1.558255497027467129e+00,1.702306689615383506e-01,1.603791252061271544e-01,-4.200840252084042659e-01,-7.493878485222064123e-01,3.079508793474690087e-01,-7.602924417041847516e-01,-7.616798901785275522e-01,-1.204248849665210619e+00,-3.613997335382717613e-01,-8.389619707689667250e-01
5.192709067359619485e-02,5.169309730070238418e-01,-2.106471440041099985e-01,-1.558255497027467129e+00,-9.821673495449766145e-02,3.874578913320039786e-01,-4.200840252084042659e-01,-7.493878485222064123e-01,5.022849676607136216e-01,1.315283363541660755e+00,6.323761422437113033e-01,-1.204248849665210619e+00,-3.613997335382717613e-01,1.608010443973852954e+00
-5.423496137020034080e-02,5.169309730070238418e-01,-1.095557520642380211e+00,8.531743722160479715e-01,4.386780728775743765e-01,9.050873562893430035e-02,2.380476142847624210e+00,1.735069162794658171e+00,6.237437728564915185e-01,1.315283363541660755e+00,2.119369243494099386e+00,1.867587402715548350e+00,-3.613997335382717613e-01,1.608010443973852954e+00
9.012235070239684731e-01,5.169309730070238418e-01,-1.095557520642380211e+00,-3.525405624057095788e-01,1.165411881783311454e-01,1.341777291146798445e-01,2.380476142847624210e+00,1.735069162794658171e+00,2.593673572691578277e-01,-7.602924417041847516e-01,-7.616798901785275522e-01,-1.803034322049575922e-01,-3.613997335382717613e-01,2.097404926922417367e-01
4.765752988487823583e-01,5.169309730070238418e-01,-1.095557520642380211e+00,-3.525405624057095788e-01,-9.821673495449766145e-02,7.979464300980121383e-01,-4.200840252084042659e-01,1.735069162794658171e+00,7.452025780522694154e-01,-7.602924417041847516e-01,9.111873487281592077e-01,8.436419852552954346e-01,-3.613997335382717613e-01,2.097404926922417367e-01
-1.222017533851962323e+00,5.169309730070238418e-01,-2.106471440041099985e-01,-3.525405624057095788e-01,-9.821673495449766145e-02,2.937214474889053226e-02,-4.200840252084042659e-01,-7.493878485222064123e-01,5.022849676607136216e-01,-7.602924417041847516e-01,-7.616798901785275522e-01,-1.204248849665210619e+00,-3.613997335382717613e-01,-8.389619707689667250e-01
5.192709067359619485e-02,-1.934494259809790284e+00,-1.095557520642380211e+00,-1.558255497027467129e+00,-4.203536196537409064e-01,6.494718522464772992e-01,-4.200840252084042659e-01,1.735069162794658171e+00,9.152449053263584933e-01,-7.602924417041847516e-01,-7.616798901785275522e-01,-1.803034322049575922e-01,-3.613997335382717613e-01,2.097404926922417367e-01
-7.973693256767760973e-01,5.169309730070238418e-01,6.742632326341602145e-01,8.531743722160479715e-01,-6.351115427865696716e-01,-1.682452399892334860e+00,-4.200840252084042659e-01,4.928406571362257682e-01,8.932502999506876373e-02,-7.602924417041847516e-01,-3.178043679710408576e+00,8.436419852552954346e-01,-3.613997335382717613e-01,-8.389619707689667250e-01
1.580891427173927444e-01,5.169309730070238418e-01,1.559173609272430427e+00,-3.525405624057095788e-01,-3.666641388705336735e-01,1.865805212975744920e-01,2.380476142847624210e+00,4.928406571362257682e-01,1.231037798835381114e+00,-7.602924417041847516e-01,-7.616798901785275522e-01,-1.204248849665210619e+00,-3.613997335382717613e-01,-8.389619707689667250e-01
2.642511947611892453e-01,5.169309730070238418e-01,1.559173609272430427e+00,8.531743722160479715e-01,1.702306689615383506e-01,9.050873562893430035e-02,2.380476142847624210e+00,-7.493878485222064123e-01,-7.608866063753765285e-01,-7.602924417041847516e-01,6.323761422437113033e-01,8.436419852552954346e-01,-3.613997335382717613e-01,1.608010443973852954e+00
-1.603970134139968695e-01,5.169309730070238418e-01,-2.106471440041099985e-01,8.531743722160479715e-01,1.244020284625682482e+00,-1.682452399892334860e+00,-4.200840252084042659e-01,-7.493878485222064123e-01,-8.071729727902030027e-02,1.315283363541660755e+00,6.323761422437113033e-01,8.436419852552954346e-01,-3.613997335382717613e-01,-8.389619707689667250e-01
-1.540503689983351743e+00,5.169309730070238418e-01,-2.106471440041099985e-01,-1.558255497027467129e+00,9.755728807096464283e-01,-3.985839914114158167e-01,2.380476142847624210e+00,-7.493878485222064123e-01,7.452025780522694154e-01,-7.602924417041847516e-01,-7.616798901785275522e-01,-1.204248849665210619e+00,-3.613997335382717613e-01,-8.389619707689667250e-01
-1.603970134139968695e-01,5.169309730070238418e-01,-2.106471440041099985e-01,-3.525405624057095788e-01,4.386780728775743765e-01,-8.090725301774238654e-01,-4.200840252084042659e-01,-7.493878485222064123e-01,2.107838351908466745e-01,1.315283363541660755e+00,-7.616798901785275522e-01,-1.204248849665210619e+00,-3.613997335382717613e-01,-8.389619707689667250e-01
1.007385559067764946e+00,5.169309730070238418e-01,1.559173609272430427e+00,8.531743722160479715e-01,3.312991113111599661e-01,-1.682452399892334860e+00,-4.200840252084042659e-01,-7.493878485222064123e-01,-1.100971260923554684e+00,1.315283363541660755e+00,-7.616798901785275522e-01,-1.204248849665210619e+00,-3.613997335382717613e-01,1.608010443973852954e+00
-1.115855481808165628e+00,5.169309730070238418e-01,-2.106471440041099985e-01,-9.553980297165883817e-01,-9.821673495449766145e-02,8.590830209780558890e-01,-4.200840252084042659e-01,4.928406571362257682e-01,6.237437728564915185e-01,-7.602924417041847516e-01,-7.616798901785275522e-01,-1.204248849665210619e+00,-3.613997335382717613e-01,-8.389619707689667250e-01
1.113547611111561642e+00,-1.934494259809790284e+00,-1.095557520642380211e+00,-1.558255497027467129e+00,4.386780728775743765e-01,1.051226592315336328e+00,-4.200840252084042659e-01,-7.493878485222064123e-01,8.932502999506876373e-02,-7.602924417041847516e-01,-5.758057525222289863e-01,-1.803034322049575922e-01,-3.613997335382717613e-01,1.608010443973852954e+00
5.192709067359619485e-02,-1.934494259809790284e+00,-2.106471440041099985e-01,-3.525405624057095788e-01,-9.821673495449766145e-02,7.018746444293718634e-01,-4.200840252084042659e-01,-7.493878485222064123e-01,5.022849676607136216e-01,-7.602924417041847516e-01,6.323761422437113033e-01,8.436419852552954346e-01,-3.613997335382717613e-01,-8.389619707689667250e-01
-7.973693256767760973e-01,5.169309730070238418e-01,-1.095557520642380211e+00,8.531743722160479715e-01,-9.821673495449766145e-02,4.922634756977933290e-01,-4.200840252084042659e-01,1.735069162794658171e+00,3.565344014257801342e-01,-7.602924417041847516e-01,-1.818333955333344826e-02,-1.803034322049575922e-01,-3.613997335382717613e-01,1.608010443973852954e+00
-1.009693429764369155e+00,-1.934494259809790284e+00,-1.095557520642380211e+00,-1.558255497027467129e+00,-4.203536196537409064e-01,-4.509867835943104364e-01,-4.200840252084042659e-01,-7.493878485222064123e-01,1.109578993639603217e+00,-7.602924417041847516e-01,-2.040574772096320211e-01,8.436419852552954346e-01,-3.613997335382717613e-01,2.097404926922417367e-01
-4.788831695453864556e-01,-1.934494259809790284e+00,-2.106471440041099985e-01,-1.558255497027467129e+00,9.755728807096464283e-01,-1.103686344054952140e-01,-4.200840252084042659e-01,-7.493878485222064123e-01,6.480355338956470534e-01,-7.602924417041847516e-01,1.676907981029650274e-01,8.436419852552954346e-01,-3.613997335382717613e-01,-8.389619707689667250e-01
1.538195819286747756e+00,5.169309730070238418e-01,1.559173609272430427e+00,-1.558255497027467129e+00,2.776096305279527332e-01,5.359324691835388732e-01,2.380476142847624210e+00,-7.493878485222064123e-01,5.265767286998691565e-01,1.315283363541660755e+00,-7.616798901785275522e-01,-1.204248849665210619e+00,-3.613997335382717613e-01,2.097404926922417367e-01
9.012235070239684731e-01,5.169309730070238418e-01,1.559173609272430427e+00,8.531743722160479715e-01,-9.821673495449766145e-02,2.389833134804691395e-01,-4.200840252084042659e-01,4.928406571362257682e-01,-1.052387738845243392e+00,-7.602924417041847516e-01,-7.616798901785275522e-01,-1.204248849665210619e+00,-3.613997335382717613e-01,-8.389619707689667250e-01
7.950614549801719999e-01,5.169309730070238418e-01,-1.095557520642380211e+00,8.531743722160479715e-01,6.534359960104031417e-01,9.050873562893430035e-02,-4.200840252084042659e-01,-7.493878485222064123e-01,7.694943390914249504e-01,-7.602924417041847516e-01,-7.616798901785275522e-01,-1.803034322049575922e-01,1.229450768161297836e+00,1.608010443973852954e+00
6.888994029363754157e-01,-1.934494259809790284e+00,-1.095557520642380211e+00,8.531743722160479715e-01,9.218833999264391954e-01,9.813562027381433905e-01,-4.200840252084042659e-01,1.735069162794658171e+00,7.694943390914249504e-01,-7.602924417041847516e-01,-7.616798901785275522e-01,-1.803034322049575922e-01,-3.613997335382717613e-01,2.097404926922417367e-01
6.888994029363754157e-01,5.169309730070238418e-01,1.559173609272430427e+00,8.531743722160479715e-01,7.608149575768176076e-01,-1.682452399892334860e+00,-4.200840252084042659e-01,4.928406571362257682e-01,-2.750513855922649409e-01,1.315283363541660755e+00,-7.616798901785275522e-01,-1.204248849665210619e+00,-3.613997335382717613e-01,1.608010443973852954e+00
-5.423496137020034080e-02,-1.934494259809790284e+00,-2.106471440041099985e-01,-3.525405624057095788e-01,-2.861299176957228796e-01,2.404965390373448031e+00,-4.200840252084042659e-01,-7.493878485222064123e-01,-5.642553623986471673e-02,-7.602924417041847516e-01,-7.616798901785275522e-01,-1.204248849665210619e+00,-3.613997335382717613e-01,-8.389619707689667250e-01
-6.912072736329795131e-01,5.169309730070238418e-01,-2.106471440041099985e-01,-1.558255497027467129e+00,4.386780728775743765e-01,3.170748657443207223e-03,-4.200840252084042659e-01,-7.493878485222064123e-01,3.808261624649357246e-01,1.315283363541660755e+00,1.676907981029650274e-01,8.436419852552954346e-01,-3.613997335382717613e-01,-8.389619707689667250e-01
1.580891427173927444e-01,5.169309730070238418e-01,-1.095557520642380211e+00,8.531743722160479715e-01,9.755728807096464283e-01,8.416154235837576270e-01,-4.200840252084042659e-01,1.735069162794658171e+00,3.808261624649357246e-01,1.315283363541660755e+00,-1.818333955333344826e-02,8.436419852552954346e-01,1.229450768161297836e+00,1.608010443973852954e+00
1.219709663155358115e+00,-1.934494259809790284e+00,-1.095557520642380211e+00,-1.558255497027467129e+00,9.755728807096464283e-01,1.461715131081344321e+00,-4.200840252084042659e-01,1.735069162794658171e+00,5.265767286998691565e-01,-7.602924417041847516e-01,-1.818333955333344826e-02,-1.803034322049575922e-01,-3.613997335382717613e-01,2.097404926922417367e-01
5.192709067359619485e-02,5.169309730070238418e-01,-2.106471440041099985e-01,-9.553980297165883817e-01,-9.821673495449766145e-02,-1.889728226798371991e-01,-4.200840252084042659e-01,-7.493878485222064123e-01,1.864920741516910840e-01,-7.602924417041847516e-01,1.097061486384457663e+00,-1.803034322049575922e-01,-3.613997335382717613e-01,-8.389619707689667250e-01
5.827373508925788315e-01,5.169309730070238418e-01,6.742632326341602145e-01,8.531743722160479715e-01,3.044543709195563497e-01,-1.682452399892334860e+00,-4.200840252084042659e-01,-7.493878485222064123e-01,-3.479266687097316568e-01,1.315283363541660755e+00,1.676907981029650274e-01,8.436419852552954346e-01,-3.613997335382717613e-01,1.608010443973852954e+00
1.325871715199154588e+00,5.169309730070238418e-01,1.559173609272430427e+00,8.531743722160479715e-01,-3.129746580873264961e-01,5.970690600635826240e-01,-4.200840252084042659e-01,-7.493878485222064123e-01,2.593673572691578277e-01,-7.602924417041847516e-01,6.323761422437113033e-01,-1.803034322049575922e-01,-3.613997335382717613e-01,-8.389619707689667250e-01
-1.540503689983351743e+00,-1.934494259809790284e+00,-1.095557520642380211e+00,-1.558255497027467129e+00,3.849885920943671436e-01,2.389833134804691395e-01,-4.200840252084042659e-01,-7.493878485222064123e-01,5.508684897390248025e-01,-7.602924417041847516e-01,-7.616798901785275522e-01,8.436419852552954346e-01,-3.613997335382717613e-01,2.097404926922417367e-01
5.827373508925788315e-01,5.169309730070238418e-01,-1.095557520642380211e+00,8.531743722160479715e-01,1.244020284625682482e+00,1.164765975378274643e+00,-4.200840252084042659e-01,1.735069162794658171e+00,2.593673572691578277e-01,1.315283363541660755e+00,2.398180449978547291e+00,1.867587402715548350e+00,-3.613997335382717613e-01,1.608010443973852954e+00
5.192709067359619485e-02,-1.934494259809790284e+00,-2.106471440041099985e-01,-3.525405624057095788e-01,1.702306689615383506e-01,5.271986704863896867e-01,-4.200840252084042659e-01,4.928406571362257682e-01,6.237437728564915185e-01,-7.602924417041847516e-01,-7.616798901785275522e-01,-1.204248849665210619e+00,-3.613997335382717613e-01,-8.389619707689667250e-01
5.827373508925788315e-01,5.169309730070238418e-01,-2.106471440041099985e-01,8.531743722160479715e-01,1.702306689615383506e-01,-1.682452399892334860e+00,-4.200840252084042659e-01,-7.493878485222064123e-01,-1.050090583181758769e-01,-7.602924417041847516e-01,-7.616798901785275522e-01,-1.204248849665210619e+00,-3.613997335382717613e-01,-8.389619707689667250e-01
5.192709067359619485e-02,5.169309730070238418e-01,-1.095557520642380211e+00,-3.525405624057095788e-01,1.834604573240961711e+00,7.892126314008629517e-01,-4.200840252084042659e-01,1.735069162794658171e+00,1.595414214422714805e+00,-7.602924417041847516e-01,-7.616798901785275522e-01,-1.803034322049575922e-01,1.229450768161297836e+00,1.608010443973852954e+00
1.325871715199154588e+00,5.169309730070238418e-01,-1.095557520642380211e+00,8.531743722160479715e-01,9.755728807096464283e-01,3.088537030576620213e-01,-4.200840252084042659e-01,1.735069162794658171e+00,2.107838351908466745e-01,-7.602924417041847516e-01,1.375872692868905123e+00,-1.803034322049575922e-01,-3.613997335382717613e-01,1.258442956153450254e+00
7.950614549801719999e-01,5.169309730070238418e-01,6.742632326341602145e-01,-1.558255497027467129e+00,2.049362496373790421e+00,-1.682452399892334860e+00,-4.200840252084042659e-01,4.928406571362257682e-01,-1.441055915471732840e+00,-7.602924417041847516e-01,-7.616798901785275522e-01,-1.204248849665210619e+00,-3.613997335382717613e-01,2.097404926922417367e-01
-5.423496137020034080e-02,5.169309730070238418e-01,-2.106471440041099985e-01,8.531743722160479715e-01,1.512467688541718536e+00,8.066802287951612138e-01,-4.200840252084042659e-01,4.928406571362257682e-01,-2.264678635139537877e-01,1.315283363541660755e+00,6.323761422437113033e-01,8.436419852552954346e-01,-3.613997335382717613e-01,-8.389619707689667250e-01
2.642511947611892453e-01,5.169309730070238418e-01,-1.095557520642380211e+00,8.531743722160479715e-01,1.702306689615383506e-01,7.892126314008629517e-01,2.380476142847624210e+00,1.735069162794658171e+00,-6.394278011795986316e-01,1.315283363541660755e+00,7.253132110718607528e-01,1.867587402715548350e+00,-3.613997335382717613e-01,1.608010443973852954e+00
-5.423496137020034080e-02,-1.934494259809790284e+00,-1.095557520642380211e+00,8.531743722160479715e-01,3.849885920943671436e-01,3.612564952405566965e-01,-4.200840252084042659e-01,1.735069162794658171e+00,7.452025780522694154e-01,-7.602924417041847516e-01,-7.616798901785275522e-01,-1.803034322049575922e-01,-3.613997335382717613e-01,2.097404926922417367e-01
7.950614549801719999e-01,5.169309730070238418e-01,1.559173609272430427e+00,8.531743722160479715e-01,-3.666641388705336735e-01,-1.682452399892334860e+00,-4.200840252084042659e-01,-7.493878485222064123e-01,-5.179689959838207347e-01,1.315283363541660755e+00,1.097061486384457663e+00,1.867587402715548350e+00,-3.613997335382717613e-01,-8.389619707689667250e-01
-1.965151898158538080e+00,-1.934494259809790284e+00,-1.095557520642380211e+00,8.531743722160479715e-01,3.849885920943671436e-01,-8.416723831404787637e-02,-4.200840252084042659e-01,-7.493878485222064123e-01,1.279621320913692184e+00,-7.602924417041847516e-01,5.394390734155619649e-01,-1.803034322049575922e-01,-3.613997335382717613e-01,2.097404926922417367e-01
-9.035313777205725705e-01,-1.934494259809790284e+00,-1.095557520642380211e+00,-3.525405624057095788e-01,1.702306689615383506e-01,3.612564952405566965e-01,-4.200840252084042659e-01,1.735069162794658171e+00,1.109578993639603217e+00,-7.602924417041847516e-01,-2.040574772096320211e-01,8.436419852552954346e-01,-3.613997335382717613e-01,2.097404926922417367e-01
1.007385559067764946e+00,5.169309730070238418e-01,1.559173609272430427e+00,8.531743722160479715e-01,9.755728807096464283e-01,3.263213004519602278e-01,2.380476142847624210e+00,-7.493878485222064123e-01,-5.908442791012874507e-01,1.315283363541660755e+00,1.676907981029650274e-01,8.436419852552954346e-01,-3.613997335382717613e-01,-8.389619707689667250e-01
2.642511947611892453e-01,5.169309730070238418e-01,-1.095557520642380211e+00,-3.525405624057095788e-01,-9.821673495449766145e-02,4.136592874234513162e-01,-4.200840252084042659e-01,-7.493878485222064123e-01,9.638284274046696742e-01,-7.602924417041847516e-01,-7.616798901785275522e-01,1.867587402715548350e+00,-3.613997335382717613e-01,2.097404926922417367e-01
-4.788831695453864556e-01,-1.934494259809790284e+00,-1.095557520642380211e+00,-3.525405624057095788e-01,2.776096305279527332e-01,6.844070470350737123e-01,-4.200840252084042659e-01,-7.493878485222064123e-01,7.937861001305805964e-01,-7.602924417041847516e-01,-7.616798901785275522e-01,8.436419852552954346e-01,-3.613997335382717613e-01,2.097404926922417367e-01
1.007385559067764946e+00,5.169309730070238418e-01,-1.095557520642380211e+00,-9.553980297165883817e-01,5.729017748355923478e-01,3.525226965434075654e-01,2.380476142847624210e+00,1.735069162794658171e+00,5.022849676607136216e-01,-7.602924417041847516e-01,1.375872692868905123e+00,1.867587402715548350e+00,-3.613997335382717613e-01,1.258442956153450254e+00
-2.665590654577933982e-01,-1.934494259809790284e+00,1.559173609272430427e+00,8.531743722160479715e-01,-2.592851773041192631e-01,5.708676639721352863e-01,2.380476142847624210e+00,1.735069162794658171e+00,-8.094701284536877095e-01,-7.602924417041847516e-01,1.676907981029650274e-01,-1.803034322049575922e-01,-3.613997335382717613e-01,-8.389619707689667250e-01
-1.858989846114741384e+00,5.169309730070238418e-01,-2.106471440041099985e-01,-3.525405624057095788e-01,-9.821673495449766145e-02,6.494718522464772992e-01,-4.200840252084042659e-01,-7.493878485222064123e-01,7.452025780522694154e-01,-7.602924417041847516e-01,2.026432174665950381e+00,8.436419852552954346e-01,-3.613997335382717613e-01,-8.389619707689667250e-01
4.765752988487823583e-01,5.169309730070238418e-01,1.559173609272430427e+00,8.531743722160479715e-01,2.239201497447455558e-01,2.317627403401957054e+00,2.380476142847624210e+00,-7.493878485222064123e-01,-1.465347676510888375e+00,-7.602924417041847516e-01,1.676907981029650274e-01,1.867587402715548350e+00,-3.613997335382717613e-01,-8.389619707689667250e-01
-5.850452215891830399e-01,-1.934494259809790284e+00,-2.106471440041099985e-01,-3.525405624057095788e-01,-9.821673495449766145e-02,7.979464300980121383e-01,-4.200840252084042659e-01,-7.493878485222064123e-01,-2.264678635139537877e-01,-7.602924417041847516e-01,-7.616798901785275522e-01,-1.204248849665210619e+00,-3.613997335382717613e-01,-8.389619707689667250e-01
5.192709067359619485e-02,5.169309730070238418e-01,-2.106471440041099985e-01,8.531743722160479715e-01,1.702306689615383506e-01,4.311268848177495228e-01,-4.200840252084042659e-01,-7.493878485222064123e-01,-9.309289336494656064e-01,1.315283363541660755e+00,1.676907981029650274e-01,8.436419852552954346e-01,-3.613997335382717613e-01,-8.389619707689667250e-01
2.642511947611892453e-01,-1.934494259809790284e+00,-1.095557520642380211e+00,8.531743722160479715e-01,2.049362496373790421e+00,8.328816248866085514e-01,2.380476142847624210e+00,1.735069162794658171e+00,8.932502999506876373e-02,1.315283363541660755e+00,2.955802862947442655e+00,1.867587402715548350e+00,2.820301269860867155e+00,1.608010443973852954e+00
3.704132468049858296e-01,5.169309730070238418e-01,-1.095557520642380211e+00,-3.525405624057095788e-01,8.145044383600248405e-01,3.437888978462584344e-01,-4.200840252084042659e-01,1.735069162794658171e+00,8.423696222088917773e-01,-7.602924417041847516e-01,-7.616798901785275522e-01,-1.803034322049575922e-01,1.229450768161297836e+00,2.097404926922417367e-01
1.432033767242951061e+00,5.169309730070238418e-01,6.742632326341602145e-01,-9.553980297165883817e-01,5.729017748355923478e-01,-1.682452399892334860e+00,-4.200840252084042659e-01,1.735069162794658171e+00,-1.050090583181758769e-01,-7.602924417041847516e-01,-7.616798901785275522e-01,8.436419852552954346e-01,-3.613997335382717613e-01,2.097404926922417367e-01
4.765752988487823583e-01,5.169309730070238418e-01,-1.095557520642380211e+00,-1.558255497027467129e+00,4.386780728775743765e-01,1.603791252061271544e-01,2.380476142847624210e+00,1.735069162794658171e+00,8.666613832480473123e-01,-7.602924417041847516e-01,-7.616798901785275522e-01,-1.803034322049575922e-01,-3.613997335382717613e-01,2.097404926922417367e-01
2.642511947611892453e-01,5.169309730070238418e-01,-2.106471440041099985e-01,8.531743722160479715e-01,-9.821673495449766145e-02,-9.400795106346605534e-01,-4.200840252084042659e-01,-7.493878485222064123e-01,2.593673572691578277e-01,-7.602924417041847516e-01,-7.616798901785275522e-01,-1.204248849665210619e+00,-3.613997335382717613e-01,-8.389619707689667250e-01
5.192709067359619485e-02,5.169309730070238418e-01,-1.095557520642380211e+00,8.531743722160479715e-01,-3.666641388705336735e-01,1.167101317203816241e-01,-4.200840252084042659e-01,1.735069162794658171e+00,-5.179689959838207347e-01,1.315283363541660755e+00,-7.616798901785275522e-01,8.436419852552954346e-01,1.229450768161297836e+00,2.097404926922417367e-01
6.888994029363754157e-01,5.169309730070238418e-01,6.742632326341602145e-01,8.531743722160479715e-01,9.755728807096464283e-01,-1.682452399892334860e+00,-4.200840252084042659e-01,4.928406571362257682e-01,-7.365948453362209936e-01,1.315283363541660755e+00,-2.969945460377813040e-01,8.436419852552954346e-01,-3.613997335382717613e-01,1.608010443973852954e+00
5.827373508925788315e-01,5.169309730070238418e-01,6.742632326341602145e-01,8.531743722160479715e-01,3.600696700352034457e-02,-1.682452399892334860e+00,-4.200840252084042659e-01,-7.493878485222064123e-01,-2.507596245531093504e-01,1.315283363541660755e+00,7.475372927481579999e-02,-1.803034322049575922e-01,-3.613997335382717613e-01,-8.389619707689667250e-01
-1.328179585895758796e+00,5.169309730070238418e-01,-1.095557520642380211e+00,8.531743722160479715e-01,-3.666641388705336735e-01,-1.802390239826880680e-01,-4.200840252084042659e-01,1.735069162794658171e+00,6.966190559739582344e-01,-7.602924417041847516e-01,-7.616798901785275522e-01,-1.803034322049575922e-01,-3.613997335382717613e-01,1.608010443973852954e+00
-1.646665742027148438e+00,5.169309730070238418e-01,-2.106471440041099985e-01,8.531743722160479715e-01,-3.666641388705336735e-01,-1.682452399892334860e+00,-4.200840252084042659e-01,-7.493878485222064123e-01,5.022849676607136216e-01,1.315283363541660755e+00,1.676907981029650274e-01,8.436419852552954346e-01,-3.613997335382717613e-01,-8.389619707689667250e-01
5.827373508925788315e-01,5.169309730070238418e-01,-1.095557520642380211e+00,-9.553980297165883817e-01,2.776096305279527332e-01,9.924253432608340364e-02,-4.200840252084042659e-01,-7.493878485222064123e-01,7.937861001305805964e-01,-7.602924417041847516e-01,-1.818333955333344826e-02,-1.803034322049575922e-01,2.820301269860867155e+00,2.097404926922417367e-01
-1.965151898158538080e+00,5.169309730070238418e-01,-2.106471440041099985e-01,-3.525405624057095788e-01,7.071254767936103747e-01,6.232704561550299616e-01,-4.200840252084042659e-01,-7.493878485222064123e-01,9.395366663655140282e-01,-7.602924417041847516e-01,-7.616798901785275522e-01,-1.204248849665210619e+00,-3.613997335382717613e-01,-8.389619707689667250e-01
-6.912072736329795131e-01,5.169309730070238418e-01,6.742632326341602145e-01,8.531743722160479715e-01,9.755728807096464283e-01,-1.682452399892334860e+00,-4.200840252084042659e-01,-7.493878485222064123e-01,-1.293008193573314535e-01,1.315283363541660755e+00,-7.616798901785275522e-01,8.436419852552954346e-01,-3.613997335382717613e-01,1.608010443973852954e+00
4.765752988487823583e-01,5.169309730070238418e-01,-1.095557520642380211e+00,-1.558255497027467129e+00,-5.008878408285516448e-01,4.136592874234513162e-01,-4.200840252084042659e-01,1.735069162794658171e+00,5.994520118173359835e-01,1.315283363541660755e+00,-2.040574772096320211e-01,8.436419852552954346e-01,-3.613997335382717613e-01,1.608010443973852954e+00
1.580891427173927444e-01,5.169309730070238418e-01,6.742632326341602145e-01,8.531743722160479715e-01,4.386780728775743765e-01,-1.682452399892334860e+00,-4.200840252084042659e-01,-7.493878485222064123e-01,-1.125263021962710219e+00,-7.602924417041847516e-01,-7.616798901785275522e-01,8.436419852552954346e-01,-3.613997335382717613e-01,1.608010443973852954e+00
1.580891427173927444e-01,5.169309730070238418e-01,-2.106471440041099985e-01,-3.525405624057095788e-01,9.755728807096464283e-01,8.678168196752049646e-01,2.380476142847624210e+00,-7.493878485222064123e-01,3.322426403866245437e-01,1.315283363541660755e+00,1.097061486384457663e+00,8.436419852552954346e-01,-3.613997335382717613e-01,-8.389619707689667250e-01
1.580891427173927444e-01,5.169309730070238418e-01,1.559173609272430427e+00,8.531743722160479715e-01,-2.055956965209120857e-01,-5.796584222260055264e-02,2.380476142847624210e+00,4.928406571362257682e-01,-6.637195622187541666e-01,-7.602924417041847516e-01,-7.616798901785275522e-01,-1.204248849665210619e+00,-3.613997335382717613e-01,-8.389619707689667250e-01
2.642511947611892453e-01,5.169309730070238418e-01,6.742632326341602145e-01,8.531743722160479715e-01,4.386780728775743765e-01,-1.682452399892334860e+00,-4.200840252084042659e-01,-7.493878485222064123e-01,-2.021761024747981972e-01,1.315283363541660755e+00,9.111873487281592077e-01,-1.803034322049575922e-01,-3.613997335382717613e-01,-8.389619707689667250e-01
-1.115855481808165628e+00,5.169309730070238418e-01,-2.106471440041099985e-01,-3.525405624057095788e-01,4.923675536607815539e-01,1.254439304175307413e-01,-4.200840252084042659e-01,-7.493878485222064123e-01,2.107838351908466745e-01,-7.602924417041847516e-01,-7.616798901785275522e-01,-1.204248849665210619e+00,-3.613997335382717613e-01,-8.389619707689667250e-01
-1.434341637939555270e+00,5.169309730070238418e-01,-1.095557520642380211e+00,8.531743722160479715e-01,7.608149575768176076e-01,2.651847095719164771e-01,-4.200840252084042659e-01,-7.493878485222064123e-01,1.255329559874536649e+00,-7.602924417041847516e-01,-7.616798901785275522e-01,-1.803034322049575922e-01,-3.613997335382717613e-01,1.608010443973852954e+00
-5.423496137020034080e-02,5.169309730070238418e-01,6.742632326341602145e-01,-3.525405624057095788e-01,1.702306689615383506e-01,-1.682452399892334860e+00,-4.200840252084042659e-01,4.928406571362257682e-01,-2.264678635139537877e-01,-7.602924417041847516e-01,-1.111204083814827936e-01,1.867587402715548350e+00,-3.613997335382717613e-01,-8.389619707689667250e-01
-2.389800106333724194e+00,-1.934494259809790284e+00,-2.106471440041099985e-01,-3.525405624057095788e-01,-6.351115427865696716e-01,2.302495147833200362e-01,-4.200840252084042659e-01,4.928406571362257682e-01,5.022849676607136216e-01,-7.602924417041847516e-01,-7.616798901785275522e-01,-1.204248849665210619e+00,-3.613997335382717613e-01,-8.389619707689667250e-01
-2.665590654577933982e-01,5.169309730070238418e-01,-2.106471440041099985e-01,-3.525405624057095788e-01,3.600696700352034457e-02,-4.049824482830233913e-02,-4.200840252084042659e-01,-7.493878485222064123e-01,3.808261624649357246e-01,-7.602924417041847516e-01,-7.616798901785275522e-01,-1.204248849665210619e+00,-3.613997335382717613e-01,-8.389619707689667250e-01
-2.283638054289927499e+00,5.169309730070238418e-01,-2.106471440041099985e-01,-3.525405624057095788e-01,3.600696700352034457e-02,5.359324691835388732e-01,-4.200840252084042659e-01,-7.493878485222064123e-01,6.237437728564915185e-01,-7.602924417041847516e-01,-7.616798901785275522e-01,-1.204248849665210619e+00,-3.613997335382717613e-01,-8.389619707689667250e-01
-1.328179585895758796e+00,5.169309730070238418e-01,-2.106471440041099985e-01,8.531743722160479715e-01,-3.129746580873264961e-01,5.009972743949424601e-01,-4.200840252084042659e-01,-7.493878485222064123e-01,3.079508793474690087e-01,-7.602924417041847516e-01,-7.616798901785275522e-01,-1.204248849665210619e+00,-3.613997335382717613e-01,-8.389619707689667250e-01
-2.665590654577933982e-01,5.169309730070238418e-01,-1.095557520642380211e+00,-1.558255497027467129e+00,-3.666641388705336735e-01,-1.540376278912407582e-01,-4.200840252084042659e-01,-7.493878485222064123e-01,-1.535925803964870440e-01,-7.602924417041847516e-01,-2.040574772096320211e-01,-1.803034322049575922e-01,-3.613997335382717613e-01,2.097404926922417367e-01
-1.328179585895758796e+00,-1.934494259809790284e+00,-2.106471440041099985e-01,-3.525405624057095788e-01,3.600696700352034457e-02,-7.543343961689877308e-02,-4.200840252084042659e-01,-7.493878485222064123e-01,1.231037798835381114e+00,-7.602924417041847516e-01,-7.616798901785275522e-01,-1.204248849665210619e+00,-3.613997335382717613e-01,-8.389619707689667250e-01
1.432033767242951061e+00,5.169309730070238418e-01,-1.095557520642380211e+00,8.531743722160479715e-01,-6.351115427865696716e-01,9.289534105552487153e-01,-4.200840252084042659e-01,1.735069162794658171e+00,-1.050090583181758769e-01,1.315283363541660755e+00,7.475372927481579999e-02,8.436419852552954346e-01,2.820301269860867155e+00,2.097404926922417367e-01
9.012235070239684731e-01,5.169309730070238418e-01,1.559173609272430427e+00,-3.525405624057095788e-01,-9.821673495449766145e-02,5.359324691835388732e-01,-4.200840252084042659e-01,1.735069162794658171e+00,-8.823454115711544254e-01,1.315283363541660755e+00,-7.616798901785275522e-01,-1.204248849665210619e+00,-3.613997335382717613e-01,-8.389619707689667250e-01
5.827373508925788315e-01,5.169309730070238418e-01,1.559173609272430427e+00,8.531743722160479715e-01,-4.452725417129046320e-02,3.525226965434075654e-01,-4.200840252084042659e-01,-7.493878485222064123e-01,-2.993431466314205314e-01,1.315283363541660755e+00,4.465020045874128485e-01,1.867587402715548350e+00,-3.613997335382717613e-01,-8.389619707689667250e-01
1.644357871330544230e+00,5.169309730070238418e-01,6.742632326341602145e-01,8.531743722160479715e-01,-3.319585581946929764e+00,-1.682452399892334860e+00,-4.200840252084042659e-01,4.928406571362257682e-01,-3.141479188212623175e+00,-7.602924417041847516e-01,-7.616798901785275522e-01,-1.204248849665210619e+00,-3.613997335382717613e-01,1.608010443973852954e+00
-1.009693429764369155e+00,5.169309730070238418e-01,-1.095557520642380211e+00,-1.558255497027467129e+00,-9.821673495449766145e-02,2.913861056633638147e-01,-4.200840252084042659e-01,-7.493878485222064123e-01,9.638284274046696742e-01,-7.602924417041847516e-01,-7.616798901785275522e-01,-1.803034322049575922e-01,-3.613997335382717613e-01,2.097404926922417367e-01
5.192709067359619485e-02,-1.934494259809790284e+00,-2.106471440041099985e-01,-3.525405624057095788e-01,-9.821673495449766145e-02,2.477171121776182428e-01,-4.200840252084042659e-01,-7.493878485222064123e-01,2.107838351908466745e-01,-7.602924417041847516e-01,1.676907981029650274e-01,-1.803034322049575922e-01,-3.613997335382717613e-01,-8.389619707689667250e-01
-5.850452215891830399e-01,5.169309730070238418e-01,6.742632326341602145e-01,8.531743722160479715e-01,-2.324404369125156744e-01,-1.682452399892334860e+00,-4.200840252084042659e-01,-7.493878485222064123e-01,-3.213377520070914012e-02,-7.602924417041847516e-01,-7.616798901785275522e-01,8.436419852552954346e-01,-3.613997335382717613e-01,1.258442956153450254e+00
-2.602124210421317141e+00,5.169309730070238418e-01,-2.106471440041099985e-01,-3.525405624057095788e-01,-9.821673495449766145e-02,4.398606835148986538e-01,-4.200840252084042659e-01,-7.493878485222064123e-01,7.452025780522694154e-01,-7.602924417041847516e-01,-7.616798901785275522e-01,-1.204248849665210619e+00,-3.613997335382717613e-01,-8.389619707689667250e-01
-1.540503689983351743e+00,5.169309730070238418e-01,-2.106471440041099985e-01,8.531743722160479715e-01,-3.666641388705336735e-01,7.018746444293718634e-01,-4.200840252084042659e-01,-7.493878485222064123e-01,6.503326895591318713e-02,-7.602924417041847516e-01,-7.616798901785275522e-01,-1.204248849665210619e+00,-3.613997335382717613e-01,-8.389619707689667250e-01
1.644357871330544230e+00,5.169309730070238418e-01,1.559173609272430427e+00,-1.558255497027467129e+00,-3.319585581946929764e+00,6.844070470350737123e-01,-4.200840252084042659e-01,1.735069162794658171e+00,-3.141479188212623175e+00,-7.602924417041847516e-01,-7.616798901785275522e-01,-1.204248849665210619e+00,-3.613997335382717613e-01,-8.389619707689667250e-01
6.888994029363754157e-01,-1.934494259809790284e+00,-1.095557520642380211e+00,-1.558255497027467129e+00,-5.814220620033625497e-01,1.094895585801081817e+00,-4.200840252084042659e-01,-7.493878485222064123e-01,7.452025780522694154e-01,-7.602924417041847516e-01,-7.616798901785275522e-01,-1.803034322049575922e-01,1.229450768161297836e+00,2.097404926922417367e-01
1.219709663155358115e+00,5.169309730070238418e-01,-1.095557520642380211e+00,-9.553980297165883817e-01,3.849885920943671436e-01,7.804788327037138762e-01,2.380476142847624210e+00,1.735069162794658171e+00,1.085287232600447460e+00,-7.602924417041847516e-01,5.394390734155619649e-01,8.436419852552954346e-01,1.229450768161297836e+00,2.097404926922417367e-01
1.580891427173927444e-01,5.169309730070238418e-01,1.559173609272430427e+00,8.531743722160479715e-01,4.923675536607815539e-01,3.088537030576620213e-01,-4.200840252084042659e-01,4.928406571362257682e-01,4.779932066215580311e-01,1.315283363541660755e+00,1.561746830525203800e+00,-1.803034322049575922e-01,-3.613997335382717613e-01,-8.389619707689667250e-01
-1.328179585895758796e+00,-1.934494259809790284e+00,-1.095557520642380211e+00,-3.525405624057095788e-01,-5.008878408285516448e-01,4.683974214318874923e-02,-4.200840252084042659e-01,-7.493878485222064123e-01,9.395366663655140282e-01,-7.602924417041847516e-01,-7.616798901785275522e-01,-1.803034322049575922e-01,1.229450768161297836e+00,2.097404926922417367e-01
-1.328179585895758796e+00,5.169309730070238418e-01,-2.106471440041099985e-01,-3.525405624057095788e-01,3.600696700352034457e-02,6.669394496407754502e-01,-4.200840252084042659e-01,-7.493878485222064123e-01,3.565344014257801342e-01,-7.602924417041847516e-01,-7.616798901785275522e-01,-1.204248849665210619e+00,-3.613997335382717613e-01,-8.389619707689667250e-01
-5.850452215891830399e-01,5.169309730070238418e-01,1.559173609272430427e+00,-1.558255497027467129e+00,2.239201497447455558e-01,2.389833134804691395e-01,2.380476142847624210e+00,4.928406571362257682e-01,7.937861001305805964e-01,-7.602924417041847516e-01,-7.616798901785275522e-01,-1.204248849665210619e+00,-3.613997335382717613e-01,1.258442956153450254e+00
-1.603970134139968695e-01,5.169309730070238418e-01,-1.095557520642380211e+00,-3.525405624057095788e-01,1.165411881783311454e-01,1.079763330232325069e-01,2.380476142847624210e+00,-7.493878485222064123e-01,1.328204842992003254e+00,-7.602924417041847516e-01,-7.616798901785275522e-01,-1.803034322049575922e-01,-3.613997335382717613e-01,2.097404926922417367e-01
2.642511947611892453e-01,5.169309730070238418e-01,-2.106471440041099985e-01,-3.525405624057095788e-01,1.702306689615383506e-01,-7.543343961689877308e-02,-4.200840252084042659e-01,-7.493878485222064123e-01,-7.123030842970653476e-01,-7.602924417041847516e-01,-7.616798901785275522e-01,-1.204248849665210619e+00,-3.613997335382717613e-01,-8.389619707689667250e-01
-5.850452215891830399e-01,-1.934494259809790284e+00,-2.106471440041099985e-01,8.531743722160479715e-01,7.071254767936103747e-01,3.001199043605128902e-01,-4.200840252084042659e-01,-7.493878485222064123e-01,1.644974687760202003e-02,1.315283363541660755e+00,1.676907981029650274e-01,8.436419852552954346e-01,-3.613997335382717613e-01,-8.389619707689667250e-01
2.642511947611892453e-01,5.169309730070238418e-01,-2.106471440041099985e-01,8.531743722160479715e-01,1.244020284625682482e+00,1.706261494601519324e+00,-4.200840252084042659e-01,4.928406571362257682e-01,-1.778843414356426067e-01,1.315283363541660755e+00,1.097061486384457663e+00,8.436419852552954346e-01,-3.613997335382717613e-01,-8.389619707689667250e-01
-1.858989846114741384e+00,5.169309730070238418e-01,-2.106471440041099985e-01,-1.558255497027467129e+00,-3.129746580873264961e-01,1.287039157138362144e+00,-4.200840252084042659e-01,-7.493878485222064123e-01,1.328204842992003254e+00,-7.602924417041847516e-01,1.676907981029650274e-01,8.436419852552954346e-01,-3.613997335382717613e-01,2.097404926922417367e-01
-4.788831695453864556e-01,5.169309730070238418e-01,-1.095557520642380211e+00,-3.525405624057095788e-01,1.702306689615383506e-01,6.407380535493281126e-01,-4.200840252084042659e-01,-7.493878485222064123e-01,1.012411949482980855e+00,-7.602924417041847516e-01,-2.040574772096320211e-01,-1.803034322049575922e-01,-3.613997335382717613e-01,2.097404926922417367e-01
-1.603970134139968695e-01,5.169309730070238418e-01,1.559173609272430427e+00,-1.558255497027467129e+00,1.165411881783311454e-01,-1.682452399892334860e+00,-4.200840252084042659e-01,4.928406571362257682e-01,1.231037798835381114e+00,-7.602924417041847516e-01,2.026432174665950381e+00,-1.803034322049575922e-01,-3.613997335382717613e-01,-8.389619707689667250e-01
2.387492235637119986e+00,5.169309730070238418e-01,1.559173609272430427e+00,-1.558255497027467129e+00,-5.277325812201553168e-01,-1.682452399892334860e+00,-4.200840252084042659e-01,1.735069162794658171e+00,-2.264678635139537877e-01,-7.602924417041847516e-01,2.491117518806696296e+00,1.867587402715548350e+00,-3.613997335382717613e-01,-8.389619707689667250e-01
2.175168131549527040e+00,5.169309730070238418e-01,1.559173609272430427e+00,-1.558255497027467129e+00,-3.319585581946929764e+00,-1.682452399892334860e+00,-4.200840252084042659e-01,-7.493878485222064123e-01,-3.141479188212623175e+00,-7.602924417041847516e-01,-7.616798901785275522e-01,-1.204248849665210619e+00,-3.613997335382717613e-01,-8.389619707689667250e-01
-4.788831695453864556e-01,-1.934494259809790284e+00,-2.106471440041099985e-01,-1.558255497027467129e+00,1.702306689615383506e-01,1.254439304175307413e-01,-4.200840252084042659e-01,4.928406571362257682e-01,1.379085520733799308e-01,-7.602924417041847516e-01,-7.616798901785275522e-01,-1.204248849665210619e+00,-3.613997335382717613e-01,-8.389619707689667250e-01
-5.850452215891830399e-01,5.169309730070238418e-01,-2.106471440041099985e-01,8.531743722160479715e-01,9.755728807096464283e-01,3.170748657443207223e-03,-4.200840252084042659e-01,-7.493878485222064123e-01,-6.637195622187541666e-01,1.315283363541660755e+00,2.026432174665950381e+00,8.436419852552954346e-01,-3.613997335382717613e-01,-8.389619707689667250e-01
-1.603970134139968695e-01,5.169309730070238418e-01,6.742632326341602145e-01,8.531743722160479715e-01,1.109796582667664344e+00,-1.682452399892334860e+00,-4.200840252084042659e-01,-7.493878485222064123e-01,-1.778843414356426067e-01,1.315283363541660755e+00,1.676907981029650274e-01,-1.803034322049575922e-01,-3.613997335382717613e-01,1.608010443973852954e+00
1.580891427173927444e-01,5.169309730070238418e-01,-1.095557520642380211e+00,8.531743722160479715e-01,2.239201497447455558e-01,1.400578540201300681e+00,-4.200840252084042659e-01,-7.493878485222064123e-01,6.503326895591318713e-02,1.315283363541660755e+00,3.535649357592635100e-01,8.436419852552954346e-01,1.229450768161297836e+00,1.608010443973852954e+00
3.704132468049858296e-01,5.169309730070238418e-01,-1.095557520642380211e+00,8.531743722160479715e-01,7.608149575768176076e-01,7.106084431265210499e-01,-4.200840252084042659e-01,-7.493878485222064123e-01,-1.003804216766932322e+00,1.315283363541660755e+00,3.535649357592635100e-01,8.436419852552954346e-01,1.229450768161297836e+00,1.608010443973852954e+00
1.432033767242951061e+00,5.169309730070238418e-01,-1.095557520642380211e+00,8.531743722160479715e-01,-9.821673495449766145e-02,3.874578913320039786e-01,-4.200840252084042659e-01,-7.493878485222064123e-01,-1.416764154432577305e+00,-7.602924417041847516e-01,1.676907981029650274e-01,8.436419852552954346e-01,-3.613997335382717613e-01,2.097404926922417367e-01
7.950614549801719999e-01,5.169309730070238418e-01,1.559173609272430427e+00,8.531743722160479715e-01,-3.319585581946929764e+00,-1.682452399892334860e+00,2.380476142847624210e+00,4.928406571362257682e-01,-1.052387738845243392e+00,-7.602924417041847516e-01,6.323761422437113033e-01,8.436419852552954346e-01,-3.613997335382717613e-01,1.608010443973852954e+00
-7.973693256767760973e-01,5.169309730070238418e-01,6.742632326341602145e-01,8.531743722160479715e-01,-2.324404369125156744e-01,-1.682452399892334860e+00,-4.200840252084042659e-01,-7.493878485222064123e-01,-3.965101907880428378e-01,1.315283363541660755e+00,6.323761422437113033e-01,8.436419852552954346e-01,-3.613997335382717613e-01,1.608010443973852954e+00
9.012235070239684731e-01,5.169309730070238418e-01,6.742632326341602145e-01,-1.558255497027467129e+00,9.755728807096464283e-01,-1.682452399892334860e+00,-4.200840252084042659e-01,-7.493878485222064123e-01,-1.392472393393421548e+00,1.315283363541660755e+00,-7.616798901785275522e-01,8.436419852552954346e-01,-3.613997335382717613e-01,2.097404926922417367e-01
4.765752988487823583e-01,5.169309730070238418e-01,1.559173609272430427e+00,8.531743722160479715e-01,-9.821673495449766145e-02,-1.682452399892334860e+00,-4.200840252084042659e-01,1.735069162794658171e+00,-5.665525180621319157e-01,1.315283363541660755e+00,6.323761422437113033e-01,1.867587402715548350e+00,-3.613997335382717613e-01,1.608010443973852954e+00
1.113547611111561642e+00,5.169309730070238418e-01,-1.095557520642380211e+00,8.531743722160479715e-01,-9.821673495449766145e-02,4.660620796063459914e-01,-4.200840252084042659e-01,1.735069162794658171e+00,-8.094701284536877095e-01,1.315283363541660755e+00,1.282935624040756339e+00,1.867587402715548350e+00,1.229450768161297836e+00,2.097404926922417367e-01
4.765752988487823583e-01,5.169309730070238418e-01,-1.095557520642380211e+00,-3.525405624057095788e-01,3.600696700352034457e-02,2.389833134804691395e-01,-4.200840252084042659e-01,-7.493878485222064123e-01,3.565344014257801342e-01,-7.602924417041847516e-01,-3.899316148659305314e-01,8.436419852552954346e-01,-3.613997335382717613e-01,1.608010443973852954e+00
-1.328179585895758796e+00,5.169309730070238418e-01,-2.106471440041099985e-01,8.531743722160479715e-01,1.702306689615383506e-01,-1.802390239826880680e-01,-4.200840252084042659e-01,4.928406571362257682e-01,1.644974687760202003e-02,-7.602924417041847516e-01,1.097061486384457663e+00,8.436419852552954346e-01,-3.613997335382717613e-01,-8.389619707689667250e-01
5.192709067359619485e-02,5.169309730070238418e-01,-1.095557520642380211e+00,8.531743722160479715e-01,4.386780728775743765e-01,4.049254887263022407e-01,-4.200840252084042659e-01,-7.493878485222064123e-01,7.452025780522694154e-01,-7.602924417041847516e-01,3.535649357592635100e-01,-1.803034322049575922e-01,-3.613997335382717613e-01,2.097404926922417367e-01
5.192709067359619485e-02,5.169309730070238418e-01,-1.095557520642380211e+00,8.531743722160479715e-01,-3.666641388705336735e-01,4.049254887263022407e-01,-4.200840252084042659e-01,-7.493878485222064123e-01,-8.071729727902030027e-02,1.315283363541660755e+00,1.840558037009651482e+00,8.436419852552954346e-01,1.229450768161297836e+00,1.608010443973852954e+00
-1.858989846114741384e+00,5.169309730070238418e-01,-2.106471440041099985e-01,-1.558255497027467129e+00,7.071254767936103747e-01,-2.850446083484773907e-01,-4.200840252084042659e-01,-7.493878485222064123e-01,1.036703710522136390e+00,-7.602924417041847516e-01,-7.616798901785275522e-01,-1.204248849665210619e+00,-3.613997335382717613e-01,-8.389619707689667250e-01
-1.222017533851962323e+00,-1.934494259809790284e+00,-1.095557520642380211e+00,-1.558255497027467129e+00,-9.821673495449766145e-02,1.429115278118289478e-01,-4.200840252084042659e-01,-7.493878485222064123e-01,1.060995471561291925e+00,-7.602924417041847516e-01,-7.616798901785275522e-01,8.436419852552954346e-01,-3.613997335382717613e-01,2.097404926922417367e-01
-1.646665742027148438e+00,5.169309730070238418e-01,6.742632326341602145e-01,8.531743722160479715e-01,7.071254767936103747e-01,-1.682452399892334860e+00,-4.200840252084042659e-01,-7.493878485222064123e-01,-2.264678635139537877e-01,1.315283363541660755e+00,-7.616798901785275522e-01,-1.204248849665210619e+00,-3.613997335382717613e-01,2.097404926922417367e-01
-5.850452215891830399e-01,5.169309730070238418e-01,1.559173609272430427e+00,8.531743722160479715e-01,4.386780728775743765e-01,-1.682452399892334860e+00,-4.200840252084042659e-01,-7.493878485222064123e-01,7.209108170131138804e-01,1.315283363541660755e+00,6.323761422437113033e-01,-1.803034322049575922e-01,-3.613997335382717613e-01,-8.389619707689667250e-01
-3.727211175015899269e-01,5.169309730070238418e-01,-1.095557520642380211e+00,-1.558255497027467129e+00,1.433859285699347619e-01,2.937214474889053226e-02,-4.200840252084042659e-01,-7.493878485222064123e-01,8.180778611697361313e-01,-7.602924417041847516e-01,-7.616798901785275522e-01,-1.803034322049575922e-01,-3.613997335382717613e-01,2.097404926922417367e-01
-1.328179585895758796e+00,5.169309730070238418e-01,-1.095557520642380211e+00,-3.525405624057095788e-01,3.044543709195563497e-01,9.050873562893430035e-02,-4.200840252084042659e-01,-7.493878485222064123e-01,6.503326895591318713e-02,-7.602924417041847516e-01,-7.616798901785275522e-01,8.436419852552954346e-01,-3.613997335382717613e-01,1.258442956153450254e+00
-1.603970134139968695e-01,5.169309730070238418e-01,-2.106471440041099985e-01,8.531743722160479715e-01,9.755728807096464283e-01,4.660620796063459914e-01,-4.200840252084042659e-01,4.928406571362257682e-01,-1.149554783001865754e+00,1.315283363541660755e+00,2.955802862947442655e+00,8.436419852552954346e-01,-3.613997335382717613e-01,-8.389619707689667250e-01
-5.850452215891830399e-01,5.169309730070238418e-01,-1.095557520642380211e+00,8.531743722160479715e-01,9.162226611916741981e-03,7.106084431265210499e-01,-4.200840252084042659e-01,1.735069162794658171e+00,8.909531442872028473e-01,-7.602924417041847516e-01,-2.969945460377813040e-01,8.436419852552954346e-01,-3.613997335382717613e-01,1.608010443973852954e+00
3.704132468049858296e-01,-1.934494259809790284e+00,-1.095557520642380211e+00,-3.525405624057095788e-01,1.702306689615383506e-01,3.787240926348549031e-01,-4.200840252084042659e-01,1.735069162794658171e+00,1.085287232600447460e+00,-7.602924417041847516e-01,-7.616798901785275522e-01,8.436419852552954346e-01,1.229450768161297836e+00,2.097404926922417367e-01
1.007385559067764946e+00,5.169309730070238418e-01,6.742632326341602145e-01,8.531743722160479715e-01,4.386780728775743765e-01,-1.682452399892334860e+00,-4.200840252084042659e-01,1.735069162794658171e+00,4.779932066215580311e-01,-7.602924417041847516e-01,1.097061486384457663e+00,-1.803034322049575922e-01,-3.613997335382717613e-01,-8.389619707689667250e-01
2.642511947611892453e-01,5.169309730070238418e-01,6.742632326341602145e-01,8.531743722160479715e-01,-2.324404369125156744e-01,-1.682452399892334860e+00,-4.200840252084042659e-01,4.928406571362257682e-01,-1.149554783001865754e+00,-7.602924417041847516e-01,-1.691050578460020271e+00,-1.803034322049575922e-01,-3.613997335382717613e-01,-8.389619707689667250e-01
4.765752988487823583e-01,5.169309730070238418e-01,6.742632326341602145e-01,8.531743722160479715e-01,-2.324404369125156744e-01,-1.682452399892334860e+00,-4.200840252084042659e-01,-7.493878485222064123e-01,2.107838351908466745e-01,-7.602924417041847516e-01,-2.969945460377813040e-01,-1.803034322049575922e-01,-3.613997335382717613e-01,-8.389619707689667250e-01
-2.665590654577933982e-01,5.169309730070238418e-01,6.742632326341602145e-01,8.531743722160479715e-01,1.702306689615383506e-01,-1.682452399892334860e+00,-4.200840252084042659e-01,4.928406571362257682e-01,8.180778611697361313e-01,-7.602924417041847516e-01,-7.616798901785275522e-01,-1.204248849665210619e+00,-3.613997335382717613e-01,1.608010443973852954e+00
3.704132468049858296e-01,5.169309730070238418e-01,1.559173609272430427e+00,8.531743722160479715e-01,1.165411881783311454e-01,-1.682452399892334860e+00,2.380476142847624210e+00,4.928406571362257682e-01,4.537014455824024406e-01,1.315283363541660755e+00,1.676907981029650274e-01,8.436419852552954346e-01,-3.613997335382717613e-01,-8.389619707689667250e-01
-2.665590654577933982e-01,-1.934494259809790284e+00,-2.106471440041099985e-01,8.531743722160479715e-01,9.755728807096464283e-01,9.638886053438451285e-01,-4.200840252084042659e-01,-7.493878485222064123e-01,5.022849676607136216e-01,1.315283363541660755e+00,1.676907981029650274e-01,8.436419852552954346e-01,-3.613997335382717613e-01,-8.389619707689667250e-01
3.704132468049858296e-01,5.169309730070238418e-01,1.559173609272430427e+00,8.531743722160479715e-01,1.702306689615383506e-01,1.254439304175307413e-01,-4.200840252084042659e-01,4.928406571362257682e-01,-8.094701284536877095e-01,1.315283363541660755e+00,1.676907981029650274e-01,8.436419852552954346e-01,-3.613997335382717613e-01,-8.389619707689667250e-01
4.765752988487823583e-01,5.169309730070238418e-01,-1.095557520642380211e+00,-1.558255497027467129e+00,-3.129746580873264961e-01,3.263213004519602278e-01,-4.200840252084042659e-01,1.735069162794658171e+00,8.666613832480473123e-01,-7.602924417041847516e-01,1.561746830525203800e+00,8.436419852552954346e-01,1.229450768161297836e+00,1.608010443973852954e+00
1.962844027461933871e+00,5.169309730070238418e-01,1.559173609272430427e+00,8.531743722160479715e-01,-3.319585581946929764e+00,1.603791252061271544e-01,-4.200840252084042659e-01,-7.493878485222064123e-01,-3.141479188212623175e+00,-7.602924417041847516e-01,-7.616798901785275522e-01,-1.204248849665210619e+00,-3.613997335382717613e-01,-8.389619707689667250e-01
4.765752988487823583e-01,5.169309730070238418e-01,-1.095557520642380211e+00,8.531743722160479715e-01,3.600696700352034457e-02,9.376872092523979019e-01,-4.200840252084042659e-01,1.735069162794658171e+00,1.012411949482980855e+00,-7.602924417041847516e-01,-7.616798901785275522e-01,-1.803034322049575922e-01,2.820301269860867155e+00,1.608010443973852954e+00
1.219709663155358115e+00,5.169309730070238418e-01,6.742632326341602145e-01,8.531743722160479715e-01,8.413491787516284015e-01,-1.682452399892334860e+00,-4.200840252084042659e-01,-7.493878485222064123e-01,5.994520118173359835e-01,-7.602924417041847516e-01,1.676907981029650274e-01,-1.803034322049575922e-01,-3.613997335382717613e-01,-8.389619707689667250e-01
-5.423496137020034080e-02,5.169309730070238418e-01,-1.095557520642380211e+00,8.531743722160479715e-01,4.923675536607815539e-01,2.913861056633638147e-01,-4.200840252084042659e-01,1.735069162794658171e+00,-4.450937128663540188e-01,1.315283363541660755e+00,-7.616798901785275522e-01,-1.803034322049575922e-01,-3.613997335382717613e-01,1.608010443973852954e+00
-5.850452215891830399e-01,5.169309730070238418e-01,-1.095557520642380211e+00,-3.525405624057095788e-01,-3.666641388705336735e-01,3.175875017548111523e-01,-4.200840252084042659e-01,-7.493878485222064123e-01,9.395366663655140282e-01,-7.602924417041847516e-01,1.676907981029650274e-01,1.867587402715548350e+00,-3.613997335382717613e-01,1.608010443973852954e+00
-5.850452215891830399e-01,5.169309730070238418e-01,-2.106471440041099985e-01,8.531743722160479715e-01,9.755728807096464283e-01,6.582056509436263747e-01,-4.200840252084042659e-01,-7.493878485222064123e-01,-6.394278011795986316e-01,1.315283363541660755e+00,1.676907981029650274e-01,8.436419852552954346e-01,-3.613997335382717613e-01,-8.389619707689667250e-01
1.219709663155358115e+00,-1.934494259809790284e+00,-1.095557520642380211e+00,-1.558255497027467129e+00,4.386780728775743765e-01,1.959541656818843514e+00,2.380476142847624210e+00,1.735069162794658171e+00,6.723272949348026994e-01,-7.602924417041847516e-01,-1.818333955333344826e-02,-1.803034322049575922e-01,1.229450768161297836e+00,2.097404926922417367e-01
-1.752827794070944911e+00,5.169309730070238418e-01,1.559173609272430427e+00,-1.558255497027467129e+00,-1.519062157377048805e-01,4.136592874234513162e-01,-4.200840252084042659e-01,1.735069162794658171e+00,8.666613832480473123e-01,-7.602924417041847516e-01,1.676907981029650274e-01,8.436419852552954346e-01,-3.613997335382717613e-01,2.097404926922417367e-01
1.113547611111561642e+00,5.169309730070238418e-01,1.559173609272430427e+00,8.531743722160479715e-01,-3.319585581946929764e+00,9.900900014352924661e-01,2.380476142847624210e+00,4.928406571362257682e-01,-3.141479188212623175e+00,-7.602924417041847516e-01,-7.616798901785275522e-01,-1.204248849665210619e+00,-3.613997335382717613e-01,-8.389619707689667250e-01
-3.727211175015899269e-01,-1.934494259809790284e+00,-2.106471440041099985e-01,-1.558255497027467129e+00,4.386780728775743765e-01,8.328816248866085514e-01,-4.200840252084042659e-01,-7.493878485222064123e-01,2.593673572691578277e-01,1.315283363541660755e+00,-7.616798901785275522e-01,-1.204248849665210619e+00,-3.613997335382717613e-01,1.608010443973852954e+00
-2.665590654577933982e-01,5.169309730070238418e-01,6.742632326341602145e-01,8.531743722160479715e-01,4.386780728775743765e-01,-1.682452399892334860e+00,-4.200840252084042659e-01,-7.493878485222064123e-01,-1.683973525863288634e+00,-7.602924417041847516e-01,-7.616798901785275522e-01,8.436419852552954346e-01,-3.613997335382717613e-01,2.097404926922417367e-01
4.765752988487823583e-01,5.169309730070238418e-01,-2.106471440041099985e-01,8.531743722160479715e-01,3.044543709195563497e-01,2.564509108747673460e-01,-4.200840252084042659e-01,-7.493878485222064123e-01,-7.123030842970653476e-01,-7.602924417041847516e-01,-7.616798901785275522e-01,-1.204248849665210619e+00,-3.613997335382717613e-01,-8.389619707689667250e-01
-1.965151898158538080e+00,5.169309730070238418e-01,-1.095557520642380211e+00,-3.525405624057095788e-01,-4.452725417129046320e-02,-5.563050039705901700e-03,-4.200840252084042659e-01,-7.493878485222064123e-01,1.085287232600447460e+00,-7.602924417041847516e-01,-7.616798901785275522e-01,-1.803034322049575922e-01,-3.613997335382717613e-01,2.097404926922417367e-01
-1.646665742027148438e+00,5.169309730070238418e-01,6.742632326341602145e-01,-1.558255497027467129e+00,-6.351115427865696716e-01,-1.682452399892334860e+00,-4.200840252084042659e-01,-7.493878485222064123e-01,1.206746037796225357e+00,-7.602924417041847516e-01,-1.783987647288169720e+00,-1.803034322049575922e-01,-3.613997335382717613e-01,-8.389619707689667250e-01
-2.071313950202334553e+00,-1.934494259809790284e+00,-1.095557520642380211e+00,-3.525405624057095788e-01,-1.519062157377048805e-01,1.516453265089780511e-01,-4.200840252084042659e-01,-7.493878485222064123e-01,1.522538931305247978e+00,-7.602924417041847516e-01,-1.111204083814827936e-01,-1.803034322049575922e-01,-3.613997335382717613e-01,2.097404926922417367e-01
4.765752988487823583e-01,-1.934494259809790284e+00,-1.095557520642380211e+00,-1.558255497027467129e+00,-9.821673495449766145e-02,1.287039157138362144e+00,-4.200840252084042659e-01,-7.493878485222064123e-01,1.036703710522136390e+00,-7.602924417041847516e-01,-7.616798901785275522e-01,-1.803034322049575922e-01,-3.613997335382717613e-01,2.097404926922417367e-01
-1.965151898158538080e+00,5.169309730070238418e-01,1.559173609272430427e+00,-1.558255497027467129e+00,-3.319585581946929764e+00,-2.763108096513282597e-01,-4.200840252084042659e-01,4.928406571362257682e-01,-3.141479188212623175e+00,-7.602924417041847516e-01,-7.616798901785275522e-01,-1.204248849665210619e+00,-3.613997335382717613e-01,-8.389619707689667250e-01
-5.423496137020034080e-02,5.169309730070238418e-01,-2.106471440041099985e-01,-3.525405624057095788e-01,-9.821673495449766145e-02,-1.682452399892334860e+00,-4.200840252084042659e-01,-7.493878485222064123e-01,6.503326895591318713e-02,-7.602924417041847516e-01,-7.616798901785275522e-01,-1.204248849665210619e+00,-3.613997335382717613e-01,-8.389619707689667250e-01
-1.646665742027148438e+00,5.169309730070238418e-01,1.559173609272430427e+00,8.531743722160479715e-01,-3.666641388705336735e-01,8.416154235837576270e-01,-4.200840252084042659e-01,-7.493878485222064123e-01,-5.908442791012874507e-01,1.315283363541660755e+00,6.323761422437113033e-01,1.867587402715548350e+00,-3.613997335382717613e-01,-8.389619707689667250e-01
-1.115855481808165628e+00,-1.934494259809790284e+00,-2.106471440041099985e-01,-3.525405624057095788e-01,-9.821673495449766145e-02,1.953143199947235953e-01,-4.200840252084042659e-01,4.928406571362257682e-01,1.109578993639603217e+00,-7.602924417041847516e-01,-7.616798901785275522e-01,-1.204248849665210619e+00,-3.613997335382717613e-01,-8.389619707689667250e-01
1.325871715199154588e+00,5.169309730070238418e-01,-1.095557520642380211e+00,8.531743722160479715e-01,-3.129746580873264961e-01,1.691129239032762854e-01,-4.200840252084042659e-01,1.735069162794658171e+00,6.503326895591318713e-02,1.315283363541660755e+00,-6.687428213503783248e-01,-1.803034322049575922e-01,1.229450768161297836e+00,2.097404926922417367e-01
3.704132468049858296e-01,5.169309730070238418e-01,-1.095557520642380211e+00,8.531743722160479715e-01,7.071254767936103747e-01,7.280760405208192010e-01,-4.200840252084042659e-01,1.735069162794658171e+00,-4.208019518271984283e-01,1.315283363541660755e+00,-2.040574772096320211e-01,8.436419852552954346e-01,1.229450768161297836e+00,1.258442956153450254e+00
1.644357871330544230e+00,5.169309730070238418e-01,1.559173609272430427e+00,8.531743722160479715e-01,-4.452725417129046320e-02,2.040481186918726986e-01,2.380476142847624210e+00,1.735069162794658171e+00,-1.100971260923554684e+00,1.315283363541660755e+00,-7.616798901785275522e-01,-1.204248849665210619e+00,-3.613997335382717613e-01,1.608010443973852954e+00
-9.035313777205725705e-01,-1.934494259809790284e+00,-2.106471440041099985e-01,-3.525405624057095788e-01,1.702306689615383506e-01,3.874578913320039786e-01,-4.200840252084042659e-01,-7.493878485222064123e-01,9.881201884438252092e-01,-7.602924417041847516e-01,-7.616798901785275522e-01,-1.204248849665210619e+00,-3.613997335382717613e-01,-8.389619707689667250e-01
2.642511947611892453e-01,-1.934494259809790284e+00,-2.106471440041099985e-01,-1.558255497027467129e+00,1.702306689615383506e-01,2.302495147833200362e-01,-4.200840252084042659e-01,4.928406571362257682e-01,8.423696222088917773e-01,-7.602924417041847516e-01,-7.616798901785275522e-01,-1.204248849665210619e+00,-3.613997335382717613e-01,1.608010443973852954e+00
1.113547611111561642e+00,5.169309730070238418e-01,1.559173609272430427e+00,8.531743722160479715e-01,-3.319585581946929764e+00,4.485944822120477848e-01,2.380476142847624210e+00,4.928406571362257682e-01,-3.141479188212623175e+00,-7.602924417041847516e-01,-7.616798901785275522e-01,-1.204248849665210619e+00,-3.613997335382717613e-01,-8.389619707689667250e-01
-2.665590654577933982e-01,5.169309730070238418e-01,1.559173609272430427e+00,8.531743722160479715e-01,-3.319585581946929764e+00,2.215157160861709329e-01,2.380476142847624210e+00,1.735069162794658171e+00,-3.141479188212623175e+00,-7.602924417041847516e-01,-7.616798901785275522e-01,-1.204248849665210619e+00,-3.613997335382717613e-01,-8.389619707689667250e-01
4.765752988487823583e-01,5.169309730070238418e-01,6.742632326341602145e-01,8.531743722160479715e-01,1.244020284625682482e+00,-1.682452399892334860e+00,-4.200840252084042659e-01,4.928406571362257682e-01,-5.908442791012874507e-01,1.315283363541660755e+00,-7.616798901785275522e-01,-1.204248849665210619e+00,-3.613997335382717613e-01,2.097404926922417367e-01
1.538195819286747756e+00,-1.934494259809790284e+00,-1.095557520642380211e+00,-1.558255497027467129e+00,-9.821673495449766145e-02,1.603791252061271544e-01,-4.200840252084042659e-01,1.735069162794658171e+00,-3.479266687097316568e-01,-7.602924417041847516e-01,6.323761422437113033e-01,8.436419852552954346e-01,-3.613997335382717613e-01,2.097404926922417367e-01
2.642511947611892453e-01,5.169309730070238418e-01,1.559173609272430427e+00,-1.558255497027467129e+00,1.244020284625682482e+00,-1.682452399892334860e+00,-4.200840252084042659e-01,1.735069162794658171e+00,-1.535925803964870440e-01,1.315283363541660755e+00,1.561746830525203800e+00,-1.204248849665210619e+00,-3.613997335382717613e-01,-8.389619707689667250e-01
5.192709067359619485e-02,5.169309730070238418e-01,1.559173609272430427e+00,8.531743722160479715e-01,3.312991113111599661e-01,2.389833134804691395e-01,-4.200840252084042659e-01,-7.493878485222064123e-01,2.593673572691578277e-01,1.315283363541660755e+00,2.026432174665950381e+00,8.436419852552954346e-01,-3.613997335382717613e-01,-8.389619707689667250e-01
-1.115855481808165628e+00,5.169309730070238418e-01,-2.106471440041099985e-01,8.531743722160479715e-01,7.071254767936103747e-01,4.747958783034950669e-01,-4.200840252084042659e-01,-7.493878485222064123e-01,1.644974687760202003e-02,1.315283363541660755e+00,1.097061486384457663e+00,8.436419852552954346e-01,-3.613997335382717613e-01,-8.389619707689667250e-01
-5.423496137020034080e-02,5.169309730070238418e-01,1.559173609272430427e+00,8.531743722160479715e-01,9.162226611916741981e-03,4.398606835148986538e-01,-4.200840252084042659e-01,-7.493878485222064123e-01,-1.778843414356426067e-01,1.315283363541660755e+00,1.097061486384457663e+00,8.436419852552954346e-01,-3.613997335382717613e-01,1.608010443973852954e+00
2.281330183593323291e+00,5.169309730070238418e-01,1.559173609272430427e+00,8.531743722160479715e-01,3.312991113111599661e-01,2.826523069662146836e-01,-4.200840252084042659e-01,-7.493878485222064123e-01,-4.208019518271984283e-01,1.315283363541660755e+00,2.026432174665950381e+00,8.436419852552954346e-01,-3.613997335382717613e-01,-8.389619707689667250e-01
5.827373508925788315e-01,5.169309730070238418e-01,-2.106471440041099985e-01,8.531743722160479715e-01,4.386780728775743765e-01,6.232704561550299616e-01,2.380476142847624210e+00,1.735069162794658171e+00,-2.507596245531093504e-01,1.315283363541660755e+00,-7.616798901785275522e-01,-1.204248849665210619e+00,-3.613997335382717613e-01,-8.389619707689667250e-01
3.704132468049858296e-01,5.169309730070238418e-01,1.559173609272430427e+00,-3.525405624057095788e-01,1.512467688541718536e+00,8.066802287951612138e-01,2.380476142847624210e+00,4.928406571362257682e-01,-2.264678635139537877e-01,-7.602924417041847516e-01,-1.818333955333344826e-02,-1.204248849665210619e+00,-3.613997335382717613e-01,-8.389619707689667250e-01
5.192709067359619485e-02,-1.934494259809790284e+00,-1.095557520642380211e+00,-1.558255497027467129e+00,-3.666641388705336735e-01,1.865805212975744920e-01,-4.200840252084042659e-01,-7.493878485222064123e-01,6.966190559739582344e-01,-7.602924417041847516e-01,7.253132110718607528e-01,8.436419852552954346e-01,-3.613997335382717613e-01,2.097404926922417367e-01
5.192709067359619485e-02,5.169309730070238418e-01,1.559173609272430427e+00,-1.558255497027467129e+00,-3.319585581946929764e+00,9.050873562893430035e-02,-4.200840252084042659e-01,4.928406571362257682e-01,-3.141479188212623175e+00,-7.602924417041847516e-01,-7.616798901785275522e-01,-1.204248849665210619e+00,-3.613997335382717613e-01,-8.389619707689667250e-01
1.432033767242951061e+00,-1.934494259809790284e+00,-1.095557520642380211e+00,-1.558255497027467129e+00,-2.324404369125156744e-01,3.243410065299762390e+00,-4.200840252084042659e-01,1.735069162794658171e+00,7.452025780522694154e-01,-7.602924417041847516e-01,7.253132110718607528e-01,8.436419852552954346e-01,-3.613997335382717613e-01,1.608010443973852954e+00
-2.665590654577933982e-01,-1.934494259809790284e+00,6.742632326341602145e-01,8.531743722160479715e-01,-9.821673495449766145e-02,-1.682452399892334860e+00,-4.200840252084042659e-01,-7.493878485222064123e-01,-5.642553623986471673e-02,1.315283363541660755e+00,6.323761422437113033e-01,-1.803034322049575922e-01,-3.613997335382717613e-01,-8.389619707689667250e-01
-5.423496137020034080e-02,5.169309730070238418e-01,6.742632326341602145e-01,8.531743722160479715e-01,-1.172006350618641779e+00,-1.682452399892334860e+00,-4.200840252084042659e-01,-7.493878485222064123e-01,2.836591183083134182e-01,1.315283363541660755e+00,1.097061486384457663e+00,1.867587402715548350e+00,-3.613997335382717613e-01,-8.389619707689667250e-01
9.012235070239684731e-01,5.169309730070238418e-01,6.742632326341602145e-01,8.531743722160479715e-01,-2.324404369125156744e-01,-1.682452399892334860e+00,-4.200840252084042659e-01,-7.493878485222064123e-01,-3.213377520070914012e-02,1.315283363541660755e+00,1.561746830525203800e+00,1.867587402715548350e+00,-3.613997335382717613e-01,-8.389619707689667250e-01
2.642511947611892453e-01,5.169309730070238418e-01,-1.095557520642380211e+00,8.531743722160479715e-01,3.600696700352034457e-02,4.922634756977933290e-01,2.380476142847624210e+00,1.735069162794658171e+00,3.565344014257801342e-01,1.315283363541660755e+00,3.535649357592635100e-01,8.436419852552954346e-01,1.229450768161297836e+00,2.097404926922417367e-01
-6.912072736329795131e-01,5.169309730070238418e-01,-1.095557520642380211e+00,8.531743722160479715e-01,-3.129746580873264961e-01,9.924253432608340364e-02,-4.200840252084042659e-01,-7.493878485222064123e-01,3.322426403866245437e-01,-7.602924417041847516e-01,-6.687428213503783248e-01,-1.803034322049575922e-01,-3.613997335382717613e-01,2.097404926922417367e-01
2.069006079505730344e+00,-1.934494259809790284e+00,6.742632326341602145e-01,-1.558255497027467129e+00,9.755728807096464283e-01,-1.682452399892334860e+00,-4.200840252084042659e-01,4.928406571362257682e-01,-2.021761024747981972e-01,-7.602924417041847516e-01,-7.616798901785275522e-01,-1.803034322049575922e-01,-3.613997335382717613e-01,2.097404926922417367e-01
1.856681975418137398e+00,-1.934494259809790284e+00,-1.095557520642380211e+00,-1.558255497027467129e+00,-3.666641388705336735e-01,6.320042548521790371e-01,2.380476142847624210e+00,1.735069162794658171e+00,1.644974687760202003e-02,-7.602924417041847516e-01,-7.616798901785275522e-01,-1.803034322049575922e-01,1.229450768161297836e+00,2.097404926922417367e-01
-2.665590654577933982e-01,-1.934494259809790284e+00,-2.106471440041099985e-01,-1.558255497027467129e+00,1.702306689615383506e-01,2.389833134804691395e-01,-4.200840252084042659e-01,-7.493878485222064123e-01,7.452025780522694154e-01,1.315283363541660755e+00,1.097061486384457663e+00,-1.803034322049575922e-01,-3.613997335382717613e-01,-8.389619707689667250e-01
-2.665590654577933982e-01,-1.934494259809790284e+00,-2.106471440041099985e-01,-3.525405624057095788e-01,9.755728807096464283e-01,1.190454735459231701e-02,-4.200840252084042659e-01,-7.493878485222064123e-01,9.881201884438252092e-01,-7.602924417041847516e-01,-7.616798901785275522e-01,-1.204248849665210619e+00,-3.613997335382717613e-01,-8.389619707689667250e-01
-6.912072736329795131e-01,5.169309730070238418e-01,-2.106471440041099985e-01,8.531743722160479715e-01,9.755728807096464283e-01,8.590830209780558890e-01,-4.200840252084042659e-01,4.928406571362257682e-01,6.966190559739582344e-01,1.315283363541660755e+00,2.026432174665950381e+00,8.436419852552954346e-01,-3.613997335382717613e-01,-8.389619707689667250e-01
1.219709663155358115e+00,5.169309730070238418e-01,-1.095557520642380211e+00,8.531743722160479715e-01,3.044543709195563497e-01,5.359324691835388732e-01,-4.200840252084042659e-01,1.735069162794658171e+00,-5.642553623986471673e-02,-7.602924417041847516e-01,1.840558037009651482e+00,8.436419852552954346e-01,1.229450768161297836e+00,1.608010443973852954e+00
-1.009693429764369155e+00,5.169309730070238418e-01,-1.095557520642380211e+00,-3.525405624057095788e-01,1.702306689615383506e-01,2.302495147833200362e-01,-4.200840252084042659e-01,1.735069162794658171e+00,1.425371887148625616e+00,-7.602924417041847516e-01,-7.616798901785275522e-01,-1.803034322049575922e-01,-3.613997335382717613e-01,2.097404926922417367e-01
-1.222017533851962323e+00,-1.934494259809790284e+00,-1.095557520642380211e+00,8.531743722160479715e-01,-5.814220620033625497e-01,6.320042548521790371e-01,-4.200840252084042659e-01,1.735069162794658171e+00,-1.778843414356426067e-01,-7.602924417041847516e-01,-2.040574772096320211e-01,8.436419852552954346e-01,-3.613997335382717613e-01,2.097404926922417367e-01
-5.850452215891830399e-01,5.169309730070238418e-01,-2.106471440041099985e-01,-1.558255497027467129e+00,-3.666641388705336735e-01,1.603791252061271544e-01,-4.200840252084042659e-01,-7.493878485222064123e-01,2.107838351908466745e-01,-7.602924417041847516e-01,-7.616798901785275522e-01,-1.204248849665210619e+00,-3.613997335382717613e-01,1.258442956153450254e+00
1.580891427173927444e-01,5.169309730070238418e-01,1.559173609272430427e+00,8.531743722160479715e-01,-3.319585581946929764e+00,9.924253432608340364e-02,2.380476142847624210e+00,4.928406571362257682e-01,-3.141479188212623175e+00,-7.602924417041847516e-01,-7.616798901785275522e-01,-1.204248849665210619e+00,-3.613997335382717613e-01,-8.389619707689667250e-01
-3.727211175015899269e-01,5.169309730070238418e-01,-1.095557520642380211e+00,8.531743722160479715e-01,5.460570344439887869e-01,6.430733953748696274e-02,-4.200840252084042659e-01,1.735069162794658171e+00,-8.071729727902030027e-02,1.315283363541660755e+00,7.475372927481579999e-02,8.436419852552954346e-01,-3.613997335382717613e-01,1.608010443973852954e+00
-5.423496137020034080e-02,5.169309730070238418e-01,1.559173609272430427e+00,8.531743722160479715e-01,6.285170739512394023e-02,-1.682452399892334860e+00,-4.200840252084042659e-01,-7.493878485222064123e-01,-5.665525180621319157e-01,-7.602924417041847516e-01,-7.616798901785275522e-01,-1.204248849665210619e+00,-3.613997335382717613e-01,-8.389619707689667250e-01
9.012235070239684731e-01,5.169309730070238418e-01,1.559173609272430427e+00,8.531743722160479715e-01,9.218833999264391954e-01,-1.977066213769863023e-01,-4.200840252084042659e-01,4.928406571362257682e-01,2.107838351908466745e-01,1.315283363541660755e+00,-7.616798901785275522e-01,-1.204248849665210619e+00,-3.613997335382717613e-01,-8.389619707689667250e-01
1.007385559067764946e+00,5.169309730070238418e-01,-1.095557520642380211e+00,8.531743722160479715e-01,1.702306689615383506e-01,5.359324691835388732e-01,-4.200840252084042659e-01,1.735069162794658171e+00,4.294096845432469056e-01,-7.602924417041847516e-01,5.394390734155619649e-01,8.436419852552954346e-01,1.229450768161297836e+00,1.608010443973852954e+00
1.113547611111561642e+00,5.169309730070238418e-01,1.559173609272430427e+00,8.531743722160479715e-01,5.460570344439887869e-01,-1.682452399892334860e+00,-4.200840252084042659e-01,4.928406571362257682e-01,-1.778843414356426067e-01,1.315283363541660755e+00,1.676907981029650274e-01,8.436419852552954346e-01,-3.613997335382717613e-01,-8.389619707689667250e-01
-1.115855481808165628e+00,5.169309730070238418e-01,-1.095557520642380211e+00,8.531743722160479715e-01,-9.821673495449766145e-02,-1.365700304969425238e-01,-4.200840252084042659e-01,1.735069162794658171e+00,-2.264678635139537877e-01,1.315283363541660755e+00,1.561746830525203800e+00,8.436419852552954346e-01,-3.613997335382717613e-01,1.608010443973852954e+00
5.192709067359619485e-02,5.169309730070238418e-01,-2.106471440041099985e-01,-3.525405624057095788e-01,-9.821673495449766145e-02,3.961916900291531096e-01,-4.200840252084042659e-01,-7.493878485222064123e-01,5.994520118173359835e-01,-7.602924417041847516e-01,-7.616798901785275522e-01,-1.204248849665210619e+00,-3.613997335382717613e-01,-8.389619707689667250e-01
-2.665590654577933982e-01,-1.934494259809790284e+00,-1.095557520642380211e+00,-1.558255497027467129e+00,-9.821673495449766145e-02,8.940182157666523022e-01,-4.200840252084042659e-01,1.735069162794658171e+00,6.723272949348026994e-01,-7.602924417041847516e-01,-2.040574772096320211e-01,-1.803034322049575922e-01,-3.613997335382717613e-01,2.097404926922417367e-01
-2.708286262465113836e+00,5.169309730070238418e-01,-1.095557520642380211e+00,-3.525405624057095788e-01,1.702306689615383506e-01,-5.295909718686524492e-01,-4.200840252084042659e-01,1.735069162794658171e+00,1.352496604031159011e+00,-7.602924417041847516e-01,-7.616798901785275522e-01,-1.204248849665210619e+00,-3.613997335382717613e-01,-8.389619707689667250e-01
7.950614549801719999e-01,5.169309730070238418e-01,6.742632326341602145e-01,8.531743722160479715e-01,1.702306689615383506e-01,-1.682452399892334860e+00,-4.200840252084042659e-01,-7.493878485222064123e-01,-1.271013588197643651e+00,-7.602924417041847516e-01,1.561746830525203800e+00,8.436419852552954346e-01,-3.613997335382717613e-01,-8.389619707689667250e-01
1.580891427173927444e-01,5.169309730070238418e-01,-2.106471440041099985e-01,-9.553980297165883817e-01,4.386780728775743765e-01,8.940182157666523022e-01,-4.200840252084042659e-01,-7.493878485222064123e-01,1.622003131125354936e-01,-7.602924417041847516e-01,-7.616798901785275522e-01,-1.204248849665210619e+00,-3.613997335382717613e-01,-8.389619707689667250e-01
-3.727211175015899269e-01,5.169309730070238418e-01,6.742632326341602145e-01,8.531743722160479715e-01,-2.324404369125156744e-01,-1.682452399892334860e+00,-4.200840252084042659e-01,-7.493878485222064123e-01,-2.264678635139537877e-01,1.315283363541660755e+00,-2.969945460377813040e-01,8.436419852552954346e-01,-3.613997335382717613e-01,1.258442956153450254e+00
2.642511947611892453e-01,5.169309730070238418e-01,6.742632326341602145e-01,-1.558255497027467129e+00,3.600696700352034457e-02,-1.682452399892334860e+00,-4.200840252084042659e-01,-7.493878485222064123e-01,-7.608866063753765285e-01,-7.602924417041847516e-01,-2.620421266741512767e+00,8.436419852552954346e-01,-3.613997335382717613e-01,1.608010443973852954e+00
3.704132468049858296e-01,5.169309730070238418e-01,6.742632326341602145e-01,8.531743722160479715e-01,4.386780728775743765e-01,-1.682452399892334860e+00,-4.200840252084042659e-01,-7.493878485222064123e-01,-2.264678635139537877e-01,1.315283363541660755e+00,1.097061486384457663e+00,8.436419852552954346e-01,-3.613997335382717613e-01,1.258442956153450254e+00
6.888994029363754157e-01,-1.934494259809790284e+00,-1.095557520642380211e+00,-9.553980297165883817e-01,7.071254767936103747e-01,4.136592874234513162e-01,-4.200840252084042659e-01,-7.493878485222064123e-01,1.012411949482980855e+00,-7.602924417041847516e-01,7.475372927481579999e-02,-1.803034322049575922e-01,-3.613997335382717613e-01,2.097404926922417367e-01
-1.222017533851962323e+00,5.169309730070238418e-01,6.742632326341602145e-01,8.531743722160479715e-01,5.729017748355923478e-01,-1.682452399892334860e+00,-4.200840252084042659e-01,-7.493878485222064123e-01,-7.365948453362209936e-01,1.315283363541660755e+00,-7.616798901785275522e-01,8.436419852552954346e-01,-3.613997335382717613e-01,-8.389619707689667250e-01
3.704132468049858296e-01,-1.934494259809790284e+00,-1.095557520642380211e+00,8.531743722160479715e-01,4.386780728775743765e-01,4.223930861206004472e-01,-4.200840252084042659e-01,-7.493878485222064123e-01,-1.535925803964870440e-01,1.315283363541660755e+00,-5.758057525222289863e-01,8.436419852552954346e-01,-3.613997335382717613e-01,1.608010443973852954e+00
-3.727211175015899269e-01,5.169309730070238418e-01,-2.106471440041099985e-01,-3.525405624057095788e-01,-9.821673495449766145e-02,-2.151742187712845089e-01,-4.200840252084042659e-01,-7.493878485222064123e-01,7.452025780522694154e-01,-7.602924417041847516e-01,-7.616798901785275522e-01,-1.204248849665210619e+00,-3.613997335382717613e-01,-8.389619707689667250e-01
-1.603970134139968695e-01,5.169309730070238418e-01,-1.095557520642380211e+00,-9.553980297165883817e-01,7.608149575768176076e-01,9.202196118580996398e-01,2.380476142847624210e+00,-7.493878485222064123e-01,1.182454276757069822e+00,-7.602924417041847516e-01,3.535649357592635100e-01,8.436419852552954346e-01,-3.613997335382717613e-01,1.608010443973852954e+00
1.219709663155358115e+00,5.169309730070238418e-01,1.559173609272430427e+00,8.531743722160479715e-01,-3.319585581946929764e+00,-1.682452399892334860e+00,-4.200840252084042659e-01,-7.493878485222064123e-01,-3.141479188212623175e+00,-7.602924417041847516e-01,-7.616798901785275522e-01,-1.204248849665210619e+00,-3.613997335382717613e-01,-8.389619707689667250e-01
-5.423496137020034080e-02,5.169309730070238418e-01,6.742632326341602145e-01,-1.558255497027467129e+00,9.755728807096464283e-01,-1.682452399892334860e+00,-4.200840252084042659e-01,1.735069162794658171e+00,-1.778843414356426067e-01,1.315283363541660755e+00,-7.616798901785275522e-01,-1.204248849665210619e+00,-3.613997335382717613e-01,1.608010443973852954e+00
6.888994029363754157e-01,5.169309730070238418e-01,1.559173609272430427e+00,8.531743722160479715e-01,-3.319585581946929764e+00,2.063834605174142550e-02,-4.200840252084042659e-01,-7.493878485222064123e-01,-3.141479188212623175e+00,-7.602924417041847516e-01,-7.616798901785275522e-01,-1.204248849665210619e+00,-3.613997335382717613e-01,-8.389619707689667250e-01
2.642511947611892453e-01,5.169309730070238418e-01,-2.106471440041099985e-01,8.531743722160479715e-01,7.071254767936103747e-01,1.778467226004253887e-01,2.380476142847624210e+00,-7.493878485222064123e-01,-1.050090583181758769e-01,1.315283363541660755e+00,1.676907981029650274e-01,8.436419852552954346e-01,-3.613997335382717613e-01,-8.389619707689667250e-01
6.888994029363754157e-01,5.169309730070238418e-01,1.559173609272430427e+00,-1.558255497027467129e+00,-9.821673495449766145e-02,-1.682452399892334860e+00,-4.200840252084042659e-01,-7.493878485222064123e-01,2.836591183083134182e-01,1.315283363541660755e+00,1.097061486384457663e+00,-1.803034322049575922e-01,-3.613997335382717613e-01,-8.389619707689667250e-01
7.950614549801719999e-01,5.169309730070238418e-01,-2.106471440041099985e-01,8.531743722160479715e-01,3.600696700352034457e-02,8.678168196752049646e-01,-4.200840252084042659e-01,4.928406571362257682e-01,-3.479266687097316568e-01,1.315283363541660755e+00,-7.616798901785275522e-01,-1.204248849665210619e+00,-3.613997335382717613e-01,-8.389619707689667250e-01
-1.328179585895758796e+00,5.169309730070238418e-01,-1.095557520642380211e+00,-1.558255497027467129e+00,-3.129746580873264961e-01,5.009972743949424601e-01,-4.200840252084042659e-01,-7.493878485222064123e-01,1.206746037796225357e+00,-7.602924417041847516e-01,-7.616798901785275522e-01,-1.803034322049575922e-01,-3.613997335382717613e-01,2.097404926922417367e-01
3.704132468049858296e-01,5.169309730070238418e-01,-1.095557520642380211e+00,8.531743722160479715e-01,1.109796582667664344e+00,8.416154235837576270e-01,2.380476142847624210e+00,1.735069162794658171e+00,-1.293008193573314535e-01,-7.602924417041847516e-01,1.676907981029650274e-01,8.436419852552954346e-01,4.411151771560436252e+00,1.608010443973852954e+00
1.219709663155358115e+00,5.169309730070238418e-01,6.742632326341602145e-01,8.531743722160479715e-01,5.729017748355923478e-01,-1.682452399892334860e+00,-4.200840252084042659e-01,4.928406571362257682e-01,-1.513931198589199445e+00,-7.602924417041847516e-01,-7.616798901785275522e-01,-1.204248849665210619e+00,-3.613997335382717613e-01,1.258442956153450254e+00
1.538195819286747756e+00,5.169309730070238418e-01,1.559173609272430427e+00,-9.553980297165883817e-01,-3.319585581946929764e+00,-1.016348357083460968e-01,2.380476142847624210e+00,4.928406571362257682e-01,-3.141479188212623175e+00,-7.602924417041847516e-01,-7.616798901785275522e-01,-1.204248849665210619e+00,-3.613997335382717613e-01,-8.389619707689667250e-01
6.888994029363754157e-01,5.169309730070238418e-01,6.742632326341602145e-01,8.531743722160479715e-01,9.755728807096464283e-01,-1.682452399892334860e+00,-4.200840252084042659e-01,-7.493878485222064123e-01,4.779932066215580311e-01,-7.602924417041847516e-01,-3.899316148659305314e-01,8.436419852552954346e-01,-3.613997335382717613e-01,-8.389619707689667250e-01
-1.328179585895758796e+00,-1.934494259809790284e+00,-2.106471440041099985e-01,-3.525405624057095788e-01,-3.666641388705336735e-01,5.009972743949424601e-01,-4.200840252084042659e-01,4.928406571362257682e-01,3.079508793474690087e-01,-7.602924417041847516e-01,-7.616798901785275522e-01,-1.204248849665210619e+00,-3.613997335382717613e-01,-8.389619707689667250e-01
1.580891427173927444e-01,5.169309730070238418e-01,-2.106471440041099985e-01,-3.525405624057095788e-01,4.386780728775743765e-01,2.937214474889053226e-02,-4.200840252084042659e-01,-7.493878485222064123e-01,5.022849676607136216e-01,-7.602924417041847516e-01,-7.616798901785275522e-01,-1.204248849665210619e+00,-3.613997335382717613e-01,1.608010443973852954e+00
-1.752827794070944911e+00,-1.934494259809790284e+00,-2.106471440041099985e-01,8.531743722160479715e-01,1.702306689615383506e-01,-1.715052252855389647e-01,-4.200840252084042659e-01,4.928406571362257682e-01,1.328204842992003254e+00,-7.602924417041847516e-01,-7.616798901785275522e-01,-1.204248849665210619e+00,-3.613997335382717613e-01,-8.389619707689667250e-01
-1.222017533851962323e+00,5.169309730070238418e-01,-1.095557520642380211e+00,-1.558255497027467129e+00,-9.821673495449766145e-02,4.136592874234513162e-01,2.380476142847624210e+00,-7.493878485222064123e-01,1.571122453383559048e+00,-7.602924417041847516e-01,-1.818333955333344826e-02,1.867587402715548350e+00,-3.613997335382717613e-01,1.608010443973852954e+00
1.580891427173927444e-01,5.169309730070238418e-01,-1.095557520642380211e+00,8.531743722160479715e-01,4.386780728775743765e-01,2.127819173890218296e-01,-4.200840252084042659e-01,-7.493878485222064123e-01,-4.450937128663540188e-01,1.315283363541660755e+00,4.442795964197831182e+00,1.867587402715548350e+00,-3.613997335382717613e-01,1.608010443973852954e+00
1.644357871330544230e+00,5.169309730070238418e-01,1.559173609272430427e+00,8.531743722160479715e-01,-3.319585581946929764e+00,-1.682452399892334860e+00,2.380476142847624210e+00,-7.493878485222064123e-01,-3.141479188212623175e+00,-7.602924417041847516e-01,-7.616798901785275522e-01,-1.204248849665210619e+00,-3.613997335382717613e-01,-8.389619707689667250e-01
-1.328179585895758796e+00,5.169309730070238418e-01,6.742632326341602145e-01,8.531743722160479715e-01,3.600696700352034457e-02,-1.682452399892334860e+00,-4.200840252084042659e-01,-7.493878485222064123e-01,1.133870754678758752e+00,-7.602924417041847516e-01,7.253132110718607528e-01,-1.803034322049575922e-01,-3.613997335382717613e-01,-8.389619707689667250e-01
1.113547611111561642e+00,5.169309730070238418e-01,-1.095557520642380211e+00,-1.558255497027467129e+00,3.600696700352034457e-02,1.016291397526739804e+00,-4.200840252084042659e-01,-7.493878485222064123e-01,4.074150791675760358e-02,1.315283363541660755e+00,9.111873487281592077e-01,8.436419852552954346e-01,-3.613997335382717613e-01,1.608010443973852954e+00
2.642511947611892453e-01,5.169309730070238418e-01,1.559173609272430427e+00,8.531743722160479715e-01,-3.319585581946929764e+00,7.804788327037138762e-01,2.380476142847624210e+00,-7.493878485222064123e-01,-3.141479188212623175e+00,-7.602924417041847516e-01,-7.616798901785275522e-01,-1.204248849665210619e+00,-3.613997335382717613e-01,-8.389619707689667250e-01
-9.035313777205725705e-01,-1.934494259809790284e+00,-1.095557520642380211e+00,8.531743722160479715e-01,3.849885920943671436e-01,3.787240926348549031e-01,-4.200840252084042659e-01,1.735069162794658171e+00,5.508684897390248025e-01,1.315283363541660755e+00,-5.758057525222289863e-01,8.436419852552954346e-01,-3.613997335382717613e-01,2.097404926922417367e-01
-1.222017533851962323e+00,5.169309730070238418e-01,6.742632326341602145e-01,8.531743722160479715e-01,-5.008878408285516448e-01,-1.682452399892334860e+00,-4.200840252084042659e-01,-7.493878485222064123e-01,-3.213377520070914012e-02,1.315283363541660755e+00,-2.155735922600766852e+00,1.867587402715548350e+00,-3.613997335382717613e-01,-8.389619707689667250e-01
4.765752988487823583e-01,-1.934494259809790284e+00,-1.095557520642380211e+00,8.531743722160479715e-01,1.702306689615383506e-01,3.810594344603964595e-02,-4.200840252084042659e-01,-7.493878485222064123e-01,4.074150791675760358e-02,-7.602924417041847516e-01,-2.040574772096320211e-01,8.436419852552954346e-01,-3.613997335382717613e-01,2.097404926922417367e-01
1.007385559067764946e+00,5.169309730070238418e-01,-1.095557520642380211e+00,8.531743722160479715e-01,4.386780728775743765e-01,-4.923204352545144241e-02,-4.200840252084042659e-01,1.735069162794658171e+00,3.565344014257801342e-01,1.315283363541660755e+00,2.955802862947442655e+00,-1.803034322049575922e-01,2.820301269860867155e+00,1.608010443973852954e+00
-5.850452215891830399e-01,5.169309730070238418e-01,-2.106471440041099985e-01,-3.525405624057095788e-01,-6.351115427865696716e-01,-1.682452399892334860e+00,-4.200840252084042659e-01,-7.493878485222064123e-01,-7.123030842970653476e-01,-7.602924417041847516e-01,-7.616798901785275522e-01,-1.204248849665210619e+00,-3.613997335382717613e-01,-8.389619707689667250e-01
-2.665590654577933982e-01,5.169309730070238418e-01,-1.095557520642380211e+00,-1.558255497027467129e+00,-6.351115427865696716e-01,2.564509108747673460e-01,-4.200840252084042659e-01,-7.493878485222064123e-01,3.322426403866245437e-01,1.315283363541660755e+00,3.535649357592635100e-01,8.436419852552954346e-01,-3.613997335382717613e-01,2.097404926922417367e-01
5.827373508925788315e-01,5.169309730070238418e-01,-1.095557520642380211e+00,-9.553980297165883817e-01,1.458778207758511192e+00,6.756732483379246368e-01,-4.200840252084042659e-01,1.735069162794658171e+00,3.808261624649357246e-01,-7.602924417041847516e-01,3.141677000603741554e+00,1.867587402715548350e+00,-3.613997335382717613e-01,1.608010443973852954e+00
3.704132468049858296e-01,5.169309730070238418e-01,-1.095557520642380211e+00,-1.558255497027467129e+00,7.071254767936103747e-01,-5.819937640515471244e-01,2.380476142847624210e+00,-7.493878485222064123e-01,1.060995471561291925e+00,-7.602924417041847516e-01,-5.758057525222289863e-01,-1.803034322049575922e-01,1.229450768161297836e+00,1.608010443973852954e+00
-5.423496137020034080e-02,5.169309730070238418e-01,-2.106471440041099985e-01,-3.525405624057095788e-01,4.386780728775743765e-01,1.112363183195379968e+00,-4.200840252084042659e-01,-7.493878485222064123e-01,7.937861001305805964e-01,-7.602924417041847516e-01,-7.616798901785275522e-01,-1.204248849665210619e+00,-3.613997335382717613e-01,-8.389619707689667250e-01
4.765752988487823583e-01,5.169309730070238418e-01,-1.095557520642380211e+00,8.531743722160479715e-01,-6.351115427865696716e-01,3.612564952405566965e-01,-4.200840252084042659e-01,-7.493878485222064123e-01,6.480355338956470534e-01,-7.602924417041847516e-01,-6.687428213503783248e-01,-1.803034322049575922e-01,1.229450768161297836e+00,1.608010443973852954e+00
-3.727211175015899269e-01,5.169309730070238418e-01,-2.106471440041099985e-01,-3.525405624057095788e-01,4.386780728775743765e-01,2.040481186918726986e-01,-4.200840252084042659e-01,-7.493878485222064123e-01,9.881201884438252092e-01,-7.602924417041847516e-01,-7.616798901785275522e-01,-1.204248849665210619e+00,-3.613997335382717613e-01,2.097404926922417367e-01
1.113547611111561642e+00,5.169309730070238418e-01,6.742632326341602145e-01,8.531743722160479715e-01,-3.666641388705336735e-01,-1.682452399892334860e+00,-4.200840252084042659e-01,-7.493878485222064123e-01,-3.722184297488872473e-01,1.315283363541660755e+00,4.465020045874128485e-01,1.867587402715548350e+00,-3.613997335382717613e-01,-8.389619707689667250e-01
4.765752988487823583e-01,5.169309730070238418e-01,1.559173609272430427e+00,8.531743722160479715e-01,-3.666641388705336735e-01,4.683974214318874923e-02,-4.200840252084042659e-01,-7.493878485222064123e-01,-4.693854739055095537e-01,-7.602924417041847516e-01,-7.616798901785275522e-01,-1.204248849665210619e+00,-3.613997335382717613e-01,-8.389619707689667250e-01
9.012235070239684731e-01,-1.934494259809790284e+00,-1.095557520642380211e+00,8.531743722160479715e-01,9.162226611916741981e-03,1.429115278118289478e-01,-4.200840252084042659e-01,-7.493878485222064123e-01,8.180778611697361313e-01,-7.602924417041847516e-01,-7.616798901785275522e-01,-1.803034322049575922e-01,-3.613997335382717613e-01,2.097404926922417367e-01
-5.423496137020034080e-02,5.169309730070238418e-01,6.742632326341602145e-01,-3.525405624057095788e-01,-9.821673495449766145e-02,-1.682452399892334860e+00,-4.200840252084042659e-01,-7.493878485222064123e-01,-8.337618894928432445e-01,-7.602924417041847516e-01,-7.616798901785275522e-01,8.436419852552954346e-01,-3.613997335382717613e-01,2.097404926922417367e-01
-5.850452215891830399e-01,5.169309730070238418e-01,-2.106471440041099985e-01,-3.525405624057095788e-01,4.386780728775743765e-01,3.961916900291531096e-01,-4.200840252084042659e-01,-7.493878485222064123e-01,-2.750513855922649409e-01,-7.602924417041847516e-01,-7.616798901785275522e-01,-1.204248849665210619e+00,-3.613997335382717613e-01,-8.389619707689667250e-01
-1.009693429764369155e+00,5.169309730070238418e-01,1.559173609272430427e+00,8.531743722160479715e-01,1.702306689615383506e-01,1.429115278118289478e-01,-4.200840252084042659e-01,4.928406571362257682e-01,-5.642553623986471673e-02,-7.602924417041847516e-01,-7.616798901785275522e-01,-1.204248849665210619e+00,-3.613997335382717613e-01,-8.389619707689667250e-01
1.325871715199154588e+00,-1.934494259809790284e+00,6.742632326341602145e-01,8.531743722160479715e-01,8.413491787516284015e-01,-1.682452399892334860e+00,-4.200840252084042659e-01,-7.493878485222064123e-01,-9.552206946886211414e-01,-7.602924417041847516e-01,-7.616798901785275522e-01,-1.204248849665210619e+00,-3.613997335382717613e-01,1.608010443973852954e+00
1.007385559067764946e+00,5.169309730070238418e-01,1.559173609272430427e+00,8.531743722160479715e-01,-3.666641388705336735e-01,5.184648717892406111e-01,-4.200840252084042659e-01,4.928406571362257682e-01,2.593673572691578277e-01,1.315283363541660755e+00,1.097061486384457663e+00,8.436419852552954346e-01,-3.613997335382717613e-01,-8.389619707689667250e-01
5.827373508925788315e-01,5.169309730070238418e-01,-1.095557520642380211e+00,8.531743722160479715e-01,3.849885920943671436e-01,6.844070470350737123e-01,-4.200840252084042659e-01,1.735069162794658171e+00,1.279621320913692184e+00,-7.602924417041847516e-01,-7.616798901785275522e-01,-1.803034322049575922e-01,-3.613997335382717613e-01,2.097404926922417367e-01
-5.423496137020034080e-02,5.169309730070238418e-01,6.742632326341602145e-01,8.531743722160479715e-01,-9.821673495449766145e-02,-1.682452399892334860e+00,-4.200840252084042659e-01,-7.493878485222064123e-01,-2.264678635139537877e-01,-7.602924417041847516e-01,-7.616798901785275522e-01,8.436419852552954346e-01,-3.613997335382717613e-01,1.608010443973852954e+00
2.642511947611892453e-01,5.169309730070238418e-01,1.559173609272430427e+00,8.531743722160479715e-01,-3.319585581946929764e+00,-1.682452399892334860e+00,-4.200840252084042659e-01,1.735069162794658171e+00,-3.141479188212623175e+00,-7.602924417041847516e-01,-7.616798901785275522e-01,-1.204248849665210619e+00,-3.613997335382717613e-01,-8.389619707689667250e-01
6.888994029363754157e-01,5.169309730070238418e-01,1.559173609272430427e+00,8.531743722160479715e-01,-9.821673495449766145e-02,-1.682452399892334860e+00,-4.200840252084042659e-01,-7.493878485222064123e-01,8.932502999506876373e-02,1.315283363541660755e+00,1.097061486384457663e+00,-1.803034322049575922e-01,-3.613997335382717613e-01,1.608010443973852954e+00
5.192709067359619485e-02,5.169309730070238418e-01,1.559173609272430427e+00,8.531743722160479715e-01,1.702306689615383506e-01,8.177493693178518319e-02,2.380476142847624210e+00,-7.493878485222064123e-01,-4.208019518271984283e-01,1.315283363541660755e+00,1.097061486384457663e+00,8.436419852552954346e-01,-3.613997335382717613e-01,-8.389619707689667250e-01
-3.727211175015899269e-01,5.169309730070238418e-01,6.742632326341602145e-01,8.531743722160479715e-01,-9.821673495449766145e-02,-1.682452399892334860e+00,-4.200840252084042659e-01,4.928406571362257682e-01,6.480355338956470534e-01,1.315283363541660755e+00,-7.616798901785275522e-01,-1.803034322049575922e-01,-3.613997335382717613e-01,1.258442956153450254e+00
1.113547611111561642e+00,5.169309730070238418e-01,1.559173609272430427e+00,8.531743722160479715e-01,1.702306689615383506e-01,5.708676639721352863e-01,2.380476142847624210e+00,1.735069162794658171e+00,1.644974687760202003e-02,-7.602924417041847516e-01,-7.616798901785275522e-01,-1.204248849665210619e+00,-3.613997335382717613e-01,1.258442956153450254e+00
1.113547611111561642e+00,5.169309730070238418e-01,1.559173609272430427e+00,8.531743722160479715e-01,-9.821673495449766145e-02,-1.682452399892334860e+00,2.380476142847624210e+00,4.928406571362257682e-01,-5.665525180621319157e-01,-7.602924417041847516e-01,1.097061486384457663e+00,8.436419852552954346e-01,-3.613997335382717613e-01,-8.389619707689667250e-01
-7.973693256767760973e-01,5.169309730070238418e-01,-2.106471440041099985e-01,8.531743722160479715e-01,-3.666641388705336735e-01,4.136592874234513162e-01,-4.200840252084042659e-01,4.928406571362257682e-01,2.593673572691578277e-01,-7.602924417041847516e-01,-7.616798901785275522e-01,-1.204248849665210619e+00,-3.613997335382717613e-01,2.097404926922417367e-01
1.432033767242951061e+00,5.169309730070238418e-01,1.559173609272430427e+00,8.531743722160479715e-01,4.386780728775743765e-01,2.302495147833200362e-01,-4.200840252084042659e-01,4.928406571362257682e-01,-1.778843414356426067e-01,1.315283363541660755e+00,1.097061486384457663e+00,8.436419852552954346e-01,-3.613997335382717613e-01,1.608010443973852954e+00
-5.850452215891830399e-01,5.169309730070238418e-01,-2.106471440041099985e-01,8.531743722160479715e-01,-4.740431004369480839e-01,6.145366574578807750e-01,2.380476142847624210e+00,-7.493878485222064123e-01,-4.693854739055095537e-01,-7.602924417041847516e-01,-7.616798901785275522e-01,-1.204248849665210619e+00,-3.613997335382717613e-01,-8.389619707689667250e-01
5.827373508925788315e-01,5.169309730070238418e-01,-1.095557520642380211e+00,-1.558255497027467129e+00,6.285170739512394023e-02,2.215157160861709329e-01,2.380476142847624210e+00,-7.493878485222064123e-01,1.136167910342243403e-01,-7.602924417041847516e-01,1.282935624040756339e+00,8.436419852552954346e-01,1.229450768161297836e+00,1.258442956153450254e+00
1.580891427173927444e-01,5.169309730070238418e-01,1.559173609272430427e+00,-1.558255497027467129e+00,-3.319585581946929764e+00,-1.682452399892334860e+00,-4.200840252084042659e-01,-7.493878485222064123e-01,6.237437728564915185e-01,-7.602924417041847516e-01,6.323761422437113033e-01,8.436419852552954346e-01,-3.613997335382717613e-01,-8.389619707689667250e-01
-5.423496137020034080e-02,5.169309730070238418e-01,-2.106471440041099985e-01,8.531743722160479715e-01,1.702306689615383506e-01,-9.290103701119699353e-02,-4.200840252084042659e-01,-7.493878485222064123e-01,4.537014455824024406e-01,-7.602924417041847516e-01,-7.616798901785275522e-01,-1.204248849665210619e+00,-3.613997335382717613e-01,-8.389619707689667250e-01
-1.752827794070944911e+00,5.169309730070238418e-01,-2.106471440041099985e-01,8.531743722160479715e-01,4.386780728775743765e-01,1.254439304175307413e-01,-4.200840252084042659e-01,-7.493878485222064123e-01,1.644974687760202003e-02,1.315283363541660755e+00,6.323761422437113033e-01,8.436419852552954346e-01,-3.613997335382717613e-01,-8.389619707689667250e-01
-1.603970134139968695e-01,5.169309730070238418e-01,-1.095557520642380211e+00,-9.553980297165883817e-01,-1.519062157377048805e-01,-5.796584222260055264e-02,-4.200840252084042659e-01,1.735069162794658171e+00,1.473955409226936908e+00,-7.602924417041847516e-01,-7.616798901785275522e-01,8.436419852552954346e-01,-3.613997335382717613e-01,1.258442956153450254e+00
9.012235070239684731e-01,5.169309730070238418e-01,6.742632326341602145e-01,-9.553980297165883817e-01,-9.821673495449766145e-02,-1.682452399892334860e+00,-4.200840252084042659e-01,1.735069162794658171e+00,1.136167910342243403e-01,-7.602924417041847516e-01,-1.505176440803721594e+00,8.436419852552954346e-01,2.820301269860867155e+00,-8.389619707689667250e-01
-4.788831695453864556e-01,5.169309730070238418e-01,-1.095557520642380211e+00,-1.558255497027467129e+00,-1.519062157377048805e-01,-3.811163940171175546e-01,-4.200840252084042659e-01,1.735069162794658171e+00,-8.071729727902030027e-02,-7.602924417041847516e-01,-1.818333955333344826e-02,-1.803034322049575922e-01,4.411151771560436252e+00,2.097404926922417367e-01
6.888994029363754157e-01,5.169309730070238418e-01,1.559173609272430427e+00,8.531743722160479715e-01,4.923675536607815539e-01,2.040481186918726986e-01,-4.200840252084042659e-01,-7.493878485222064123e-01,-4.693854739055095537e-01,1.315283363541660755e+00,1.561746830525203800e+00,8.436419852552954346e-01,-3.613997335382717613e-01,-8.389619707689667250e-01
-1.434341637939555270e+00,5.169309730070238418e-01,6.742632326341602145e-01,8.531743722160479715e-01,-7.693352447445876985e-01,-1.682452399892334860e+00,-4.200840252084042659e-01,4.928406571362257682e-01,3.565344014257801342e-01,-7.602924417041847516e-01,-7.616798901785275522e-01,-1.803034322049575922e-01,-3.613997335382717613e-01,-8.389619707689667250e-01
5.827373508925788315e-01,5.169309730070238418e-01,6.742632326341602145e-01,8.531743722160479715e-01,-9.821673495449766145e-02,-1.682452399892334860e+00,-4.200840252084042659e-01,-7.493878485222064123e-01,-3.479266687097316568e-01,-7.602924417041847516e-01,-7.616798901785275522e-01,8.436419852552954346e-01,-3.613997335382717613e-01,2.097404926922417367e-01
-1.009693429764369155e+00,5.169309730070238418e-01,-2.106471440041099985e-01,8.531743722160479715e-01,7.071254767936103747e-01,1.915872663333098025e+00,-4.200840252084042659e-01,-7.493878485222064123e-01,9.881201884438252092e-01,-7.602924417041847516e-01,-7.616798901785275522e-01,-1.204248849665210619e+00,-3.613997335382717613e-01,-8.389619707689667250e-01
1.580891427173927444e-01,5.169309730070238418e-01,1.559173609272430427e+00,-1.558255497027467129e+00,-3.319585581946929764e+00,-1.682452399892334860e+00,-4.200840252084042659e-01,4.928406571362257682e-01,-3.141479188212623175e+00,-7.602924417041847516e-01,-7.616798901785275522e-01,-1.204248849665210619e+00,-3.613997335382717613e-01,-8.389619707689667250e-01
2.642511947611892453e-01,5.169309730070238418e-01,1.559173609272430427e+00,-3.525405624057095788e-01,9.162226611916741981e-03,2.739185082690656081e-01,2.380476142847624210e+00,-7.493878485222064123e-01,7.694943390914249504e-01,-7.602924417041847516e-01,1.097061486384457663e+00,8.436419852552954346e-01,-3.613997335382717613e-01,-8.389619707689667250e-01
2.175168131549527040e+00,-1.934494259809790284e+00,-1.095557520642380211e+00,-3.525405624057095788e-01,-9.821673495449766145e-02,6.669394496407754502e-01,-4.200840252084042659e-01,1.735069162794658171e+00,-2.021761024747981972e-01,1.315283363541660755e+00,-5.758057525222289863e-01,-1.803034322049575922e-01,1.229450768161297836e+00,2.097404926922417367e-01
6.888994029363754157e-01,5.169309730070238418e-01,1.559173609272430427e+00,8.531743722160479715e-01,2.239201497447455558e-01,2.215157160861709329e-01,-4.200840252084042659e-01,4.928406571362257682e-01,2.593673572691578277e-01,1.315283363541660755e+00,6.323761422437113033e-01,1.867587402715548350e+00,-3.613997335382717613e-01,-8.389619707689667250e-01
6.888994029363754157e-01,5.169309730070238418e-01,6.742632326341602145e-01,8.531743722160479715e-01,1.702306689615383506e-01,-1.682452399892334860e+00,-4.200840252084042659e-01,4.928406571362257682e-01,1.644974687760202003e-02,1.315283363541660755e+00,2.606278669311143936e-01,1.867587402715548350e+00,1.229450768161297836e+00,-8.389619707689667250e-01
-1.965151898158538080e+00,5.169309730070238418e-01,-2.106471440041099985e-01,-3.525405624057095788e-01,-9.821673495449766145e-02,1.007557598829590617e+00,-4.200840252084042659e-01,1.735069162794658171e+00,1.231037798835381114e+00,-7.602924417041847516e-01,-7.616798901785275522e-01,-1.204248849665210619e+00,-3.613997335382717613e-01,-8.389619707689667250e-01
1.580891427173927444e-01,5.169309730070238418e-01,6.742632326341602145e-01,-3.525405624057095788e-01,4.386780728775743765e-01,-1.682452399892334860e+00,-4.200840252084042659e-01,4.928406571362257682e-01,5.022849676607136216e-01,-7.602924417041847516e-01,-5.758057525222289863e-01,-1.803034322049575922e-01,-3.613997335382717613e-01,-8.389619707689667250e-01
-4.788831695453864556e-01,5.169309730070238418e-01,-2.106471440041099985e-01,8.531743722160479715e-01,-9.821673495449766145e-02,9.114858131609505643e-01,-4.200840252084042659e-01,-7.493878485222064123e-01,6.503326895591318713e-02,-7.602924417041847516e-01,1.676907981029650274e-01,8.436419852552954346e-01,-3.613997335382717613e-01,-8.389619707689667250e-01
1.007385559067764946e+00,5.169309730070238418e-01,1.559173609272430427e+00,8.531743722160479715e-01,-7.424905043529841375e-01,9.813562027381433905e-01,-4.200840252084042659e-01,4.928406571362257682e-01,-2.021761024747981972e-01,1.315283363541660755e+00,1.676907981029650274e-01,-1.803034322049575922e-01,-3.613997335382717613e-01,-8.389619707689667250e-01
1.325871715199154588e+00,5.169309730070238418e-01,6.742632326341602145e-01,8.531743722160479715e-01,7.071254767936103747e-01,-1.682452399892334860e+00,-4.200840252084042659e-01,-7.493878485222064123e-01,-5.179689959838207347e-01,1.315283363541660755e+00,1.097061486384457663e+00,8.436419852552954346e-01,-3.613997335382717613e-01,1.608010443973852954e+00
-1.222017533851962323e+00,5.169309730070238418e-01,-2.106471440041099985e-01,-3.525405624057095788e-01,7.071254767936103747e-01,6.582056509436263747e-01,-4.200840252084042659e-01,-7.493878485222064123e-01,1.622003131125354936e-01,-7.602924417041847516e-01,-7.616798901785275522e-01,-1.204248849665210619e+00,-3.613997335382717613e-01,-8.389619707689667250e-01
1.750519923374340703e+00,5.169309730070238418e-01,-1.095557520642380211e+00,-3.525405624057095788e-01,8.681939191432319625e-01,4.573282809091968604e-01,-4.200840252084042659e-01,1.735069162794658171e+00,3.322426403866245437e-01,-7.602924417041847516e-01,-7.616798901785275522e-01,-1.803034322049575922e-01,-3.613997335382717613e-01,2.097404926922417367e-01
-2.665590654577933982e-01,5.169309730070238418e-01,6.742632326341602145e-01,8.531743722160479715e-01,-3.666641388705336735e-01,-1.682452399892334860e+00,-4.200840252084042659e-01,-7.493878485222064123e-01,-9.066371726103100714e-01,-7.602924417041847516e-01,-7.616798901785275522e-01,8.436419852552954346e-01,-3.613997335382717613e-01,-8.389619707689667250e-01
-2.665590654577933982e-01,5.169309730070238418e-01,6.742632326341602145e-01,8.531743722160479715e-01,-7.693352447445876985e-01,-1.682452399892334860e+00,-4.200840252084042659e-01,-7.493878485222064123e-01,-8.071729727902030027e-02,-7.602924417041847516e-01,1.282935624040756339e+00,8.436419852552954346e-01,-3.613997335382717613e-01,-8.389619707689667250e-01
1.580891427173927444e-01,-1.934494259809790284e+00,-1.095557520642380211e+00,8.531743722160479715e-01,1.165411881783311454e-01,1.079763330232325069e-01,-4.200840252084042659e-01,4.928406571362257682e-01,1.644974687760202003e-02,1.315283363541660755e+00,1.097061486384457663e+00,8.436419852552954346e-01,1.229450768161297836e+00,1.608010443973852954e+00
-9.035313777205725705e-01,-1.934494259809790284e+00,-2.106471440041099985e-01,8.531743722160479715e-01,2.239201497447455558e-01,9.114858131609505643e-01,-4.200840252084042659e-01,-7.493878485222064123e-01,3.565344014257801342e-01,-7.602924417041847516e-01,-7.616798901785275522e-01,-1.204248849665210619e+00,-3.613997335382717613e-01,-8.389619707689667250e-01
-7.973693256767760973e-01,5.169309730070238418e-01,-2.106471440041099985e-01,-1.558255497027467129e+00,7.071254767936103747e-01,-2.588432122570300531e-01,-4.200840252084042659e-01,-7.493878485222064123e-01,-3.236349076705761219e-01,-7.602924417041847516e-01,-7.616798901785275522e-01,-1.204248849665210619e+00,-3.613997335382717613e-01,-8.389619707689667250e-01
1.007385559067764946e+00,-1.934494259809790284e+00,-1.095557520642380211e+00,8.531743722160479715e-01,-4.203536196537409064e-01,6.669394496407754502e-01,-4.200840252084042659e-01,-7.493878485222064123e-01,9.638284274046696742e-01,1.315283363541660755e+00,9.111873487281592077e-01,8.436419852552954346e-01,2.820301269860867155e+00,2.097404926922417367e-01
2.642511947611892453e-01,5.169309730070238418e-01,1.559173609272430427e+00,8.531743722160479715e-01,1.165411881783311454e-01,2.651847095719164771e-01,-4.200840252084042659e-01,4.928406571362257682e-01,-2.507596245531093504e-01,1.315283363541660755e+00,1.097061486384457663e+00,1.867587402715548350e+00,-3.613997335382717613e-01,-8.389619707689667250e-01
7.950614549801719999e-01,5.169309730070238418e-01,1.559173609272430427e+00,8.531743722160479715e-01,-9.821673495449766145e-02,7.804788327037138762e-01,-4.200840252084042659e-01,4.928406571362257682e-01,1.379085520733799308e-01,1.315283363541660755e+00,2.955802862947442655e+00,1.867587402715548350e+00,-3.613997335382717613e-01,1.258442956153450254e+00
2.642511947611892453e-01,5.169309730070238418e-01,-2.106471440041099985e-01,-1.558255497027467129e+00,1.702306689615383506e-01,7.280760405208192010e-01,-4.200840252084042659e-01,-7.493878485222064123e-01,-3.213377520070914012e-02,1.315283363541660755e+00,1.676907981029650274e-01,-1.803034322049575922e-01,-3.613997335382717613e-01,1.258442956153450254e+00
-1.434341637939555270e+00,5.169309730070238418e-01,-2.106471440041099985e-01,-1.558255497027467129e+00,4.386780728775743765e-01,-1.682452399892334860e+00,-4.200840252084042659e-01,-7.493878485222064123e-01,1.425371887148625616e+00,-7.602924417041847516e-01,-7.616798901785275522e-01,-1.204248849665210619e+00,-3.613997335382717613e-01,-8.389619707689667250e-01
-7.973693256767760973e-01,5.169309730070238418e-01,-2.106471440041099985e-01,8.531743722160479715e-01,-1.519062157377048805e-01,-5.796584222260055264e-02,-4.200840252084042659e-01,-7.493878485222064123e-01,-1.293008193573314535e-01,-7.602924417041847516e-01,-7.616798901785275522e-01,-1.204248849665210619e+00,-3.613997335382717613e-01,1.608010443973852954e+00
-5.423496137020034080e-02,5.169309730070238418e-01,6.742632326341602145e-01,-1.558255497027467129e+00,-5.008878408285516448e-01,-1.682452399892334860e+00,-4.200840252084042659e-01,-7.493878485222064123e-01,-3.479266687097316568e-01,-7.602924417041847516e-01,-7.616798901785275522e-01,8.436419852552954346e-01,-3.613997335382717613e-01,1.608010443973852954e+00
4.765752988487823583e-01,5.169309730070238418e-01,1.559173609272430427e+00,-1.558255497027467129e+00,7.071254767936103747e-01,2.302495147833200362e-01,-4.200840252084042659e-01,4.928406571362257682e-01,-2.750513855922649409e-01,1.315283363541660755e+00,-7.616798901785275522e-01,-1.204248849665210619e+00,-3.613997335382717613e-01,-8.389619707689667250e-01
7.950614549801719999e-01,5.169309730070238418e-01,1.559173609272430427e+00,-9.553980297165883817e-01,4.923675536607815539e-01,6.430733953748696274e-02,2.380476142847624210e+00,4.928406571362257682e-01,-7.123030842970653476e-01,-7.602924417041847516e-01,6.323761422437113033e-01,1.867587402715548350e+00,-3.613997335382717613e-01,-8.389619707689667250e-01
-9.035313777205725705e-01,5.169309730070238418e-01,1.559173609272430427e+00,-1.558255497027467129e+00,-3.319585581946929764e+00,3.787240926348549031e-01,-4.200840252084042659e-01,-7.493878485222064123e-01,-3.141479188212623175e+00,-7.602924417041847516e-01,-7.616798901785275522e-01,-1.204248849665210619e+00,-3.613997335382717613e-01,-8.389619707689667250e-01
-6.912072736329795131e-01,5.169309730070238418e-01,6.742632326341602145e-01,8.531743722160479715e-01,-3.666641388705336735e-01,-1.682452399892334860e+00,-4.200840252084042659e-01,4.928406571362257682e-01,4.779932066215580311e-01,-7.602924417041847516e-01,1.189998555212606890e+00,-1.803034322049575922e-01,-3.613997335382717613e-01,-8.389619707689667250e-01
4.765752988487823583e-01,5.169309730070238418e-01,1.559173609272430427e+00,-3.525405624057095788e-01,6.285170739512394023e-02,-1.682452399892334860e+00,2.380476142847624210e+00,-7.493878485222064123e-01,-4.693854739055095537e-01,1.315283363541660755e+00,1.097061486384457663e+00,8.436419852552954346e-01,-3.613997335382717613e-01,-8.389619707689667250e-01
5.192709067359619485e-02,5.169309730070238418e-01,6.742632326341602145e-01,8.531743722160479715e-01,-9.821673495449766145e-02,-1.682452399892334860e+00,-4.200840252084042659e-01,-7.493878485222064123e-01,6.237437728564915185e-01,-7.602924417041847516e-01,-7.616798901785275522e-01,8.436419852552954346e-01,-3.613997335382717613e-01,1.608010443973852954e+00
1.580891427173927444e-01,5.169309730070238418e-01,1.559173609272430427e+00,8.531743722160479715e-01,1.297709765408889604e+00,5.883352613664335484e-01,-4.200840252084042659e-01,-7.493878485222064123e-01,-1.368180632354266013e+00,-7.602924417041847516e-01,1.097061486384457663e+00,-1.204248849665210619e+00,-3.613997335382717613e-01,-8.389619707689667250e-01
-1.009693429764369155e+00,5.169309730070238418e-01,-2.106471440041099985e-01,-3.525405624057095788e-01,7.071254767936103747e-01,8.328816248866085514e-01,-4.200840252084042659e-01,-7.493878485222064123e-01,5.022849676607136216e-01,1.315283363541660755e+00,2.026432174665950381e+00,8.436419852552954346e-01,-3.613997335382717613e-01,-8.389619707689667250e-01
1.644357871330544230e+00,5.169309730070238418e-01,1.559173609272430427e+00,8.531743722160479715e-01,-3.319585581946929764e+00,1.516453265089780511e-01,2.380476142847624210e+00,4.928406571362257682e-01,-3.141479188212623175e+00,-7.602924417041847516e-01,-7.616798901785275522e-01,-1.204248849665210619e+00,-3.613997335382717613e-01,-8.389619707689667250e-01
4.765752988487823583e-01,5.169309730070238418e-01,-2.106471440041099985e-01,-3.525405624057095788e-01,3.312991113111599661e-01,-2.501094135598809221e-01,-4.200840252084042659e-01,4.928406571362257682e-01,-7.365948453362209936e-01,1.315283363541660755e+00,1.097061486384457663e+00,8.436419852552954346e-01,-3.613997335382717613e-01,-8.389619707689667250e-01
-1.009693429764369155e+00,5.169309730070238418e-01,-1.095557520642380211e+00,-1.558255497027467129e+00,4.386780728775743765e-01,3.699902939377057720e-01,-4.200840252084042659e-01,1.735069162794658171e+00,1.231037798835381114e+00,-7.602924417041847516e-01,-7.616798901785275522e-01,-1.803034322049575922e-01,-3.613997335382717613e-01,2.097404926922417367e-01
-4.788831695453864556e-01,-1.934494259809790284e+00,-1.095557520642380211e+00,8.531743722160479715e-01,1.702306689615383506e-01,6.669394496407754502e-01,-4.200840252084042659e-01,-7.493878485222064123e-01,8.180778611697361313e-01,-7.602924417041847516e-01,-7.616798901785275522e-01,-1.803034322049575922e-01,-3.613997335382717613e-01,2.097404926922417367e-01
1.007385559067764946e+00,5.169309730070238418e-01,6.742632326341602145e-01,8.531743722160479715e-01,7.071254767936103747e-01,-1.682452399892334860e+00,-4.200840252084042659e-01,-7.493878485222064123e-01,-1.052387738845243392e+00,1.315283363541660755e+00,1.097061486384457663e+00,8.436419852552954346e-01,-3.613997335382717613e-01,-8.389619707689667250e-01
1.538195819286747756e+00,5.169309730070238418e-01,-1.095557520642380211e+00,-1.558255497027467129e+00,-1.519062157377048805e-01,7.368098392179683875e-01,-4.200840252084042659e-01,-7.493878485222064123e-01,5.265767286998691565e-01,-7.602924417041847516e-01,1.676907981029650274e-01,-1.803034322049575922e-01,1.229450768161297836e+00,1.608010443973852954e+00
5.827373508925788315e-01,-1.934494259809790284e+00,-2.106471440041099985e-01,8.531743722160479715e-01,1.702306689615383506e-01,1.269571559744063993e+00,2.380476142847624210e+00,4.928406571362257682e-01,1.644974687760202003e-02,1.315283363541660755e+00,6.323761422437113033e-01,8.436419852552954346e-01,-3.613997335382717613e-01,-8.389619707689667250e-01
-1.222017533851962323e+00,5.169309730070238418e-01,-1.095557520642380211e+00,8.531743722160479715e-01,4.386780728775743765e-01,2.913861056633638147e-01,-4.200840252084042659e-01,-7.493878485222064123e-01,1.182454276757069822e+00,-7.602924417041847516e-01,-7.616798901785275522e-01,-1.803034322049575922e-01,-3.613997335382717613e-01,2.097404926922417367e-01
-3.727211175015899269e-01,5.169309730070238418e-01,-2.106471440041099985e-01,8.531743722160479715e-01,1.702306689615383506e-01,3.525226965434075654e-01,-4.200840252084042659e-01,-7.493878485222064123e-01,-2.021761024747981972e-01,1.315283363541660755e+00,1.097061486384457663e+00,8.436419852552954346e-01,-3.613997335382717613e-01,1.608010443973852954e+00
1.750519923374340703e+00,5.169309730070238418e-01,-1.095557520642380211e+00,-1.558255497027467129e+00,9.755728807096464283e-01,6.669394496407754502e-01,-4.200840252084042659e-01,-7.493878485222064123e-01,-4.208019518271984283e-01,1.315283363541660755e+00,1.933495105837800931e+00,8.436419852552954346e-01,1.229450768161297836e+00,1.608010443973852954e+00
2.642511947611892453e-01,5.169309730070238418e-01,6.742632326341602145e-01,-1.558255497027467129e+00,8.413491787516284015e-01,-1.682452399892334860e+00,-4.200840252084042659e-01,4.928406571362257682e-01,-7.365948453362209936e-01,-7.602924417041847516e-01,-7.616798901785275522e-01,8.436419852552954346e-01,-3.613997335382717613e-01,2.097404926922417367e-01
1.432033767242951061e+00,5.169309730070238418e-01,1.559173609272430427e+00,-9.553980297165883817e-01,4.923675536607815539e-01,6.756732483379246368e-01,2.380476142847624210e+00,-7.493878485222064123e-01,-1.050090583181758769e-01,-7.602924417041847516e-01,1.561746830525203800e+00,-1.803034322049575922e-01,-3.613997335382717613e-01,-8.389619707689667250e-01
6.888994029363754157e-01,5.169309730070238418e-01,1.559173609272430427e+00,-1.558255497027467129e+00,-3.319585581946929764e+00,1.077427988406783665e+00,2.380476142847624210e+00,4.928406571362257682e-01,-3.141479188212623175e+00,-7.602924417041847516e-01,-7.616798901785275522e-01,-1.204248849665210619e+00,-3.613997335382717613e-01,-8.389619707689667250e-01
5.827373508925788315e-01,5.169309730070238418e-01,1.559173609272430427e+00,8.531743722160479715e-01,4.386780728775743765e-01,7.106084431265210499e-01,-4.200840252084042659e-01,-7.493878485222064123e-01,5.994520118173359835e-01,1.315283363541660755e+00,1.097061486384457663e+00,8.436419852552954346e-01,-3.613997335382717613e-01,-8.389619707689667250e-01
1.007385559067764946e+00,5.169309730070238418e-01,1.559173609272430427e+00,-1.558255497027467129e+00,-3.319585581946929764e+00,-1.682452399892334860e+00,-4.200840252084042659e-01,1.735069162794658171e+00,-3.141479188212623175e+00,-7.602924417041847516e-01,-7.616798901785275522e-01,-1.204248849665210619e+00,-3.613997335382717613e-01,-8.389619707689667250e-01
-1.603970134139968695e-01,5.169309730070238418e-01,-1.095557520642380211e+00,8.531743722160479715e-01,1.165411881783311454e-01,5.446662678806879487e-01,-4.200840252084042659e-01,-7.493878485222064123e-01,7.694943390914249504e-01,1.315283363541660755e+00,-7.616798901785275522e-01,-1.803034322049575922e-01,1.229450768161297836e+00,1.608010443973852954e+00
-2.665590654577933982e-01,5.169309730070238418e-01,-2.106471440041099985e-01,-1.558255497027467129e+00,3.044543709195563497e-01,-2.850446083484773907e-01,-4.200840252084042659e-01,-7.493878485222064123e-01,5.022849676607136216e-01,-7.602924417041847516e-01,1.097061486384457663e+00,8.436419852552954346e-01,-3.613997335382717613e-01,-8.389619707689667250e-01
-1.328179585895758796e+00,5.169309730070238418e-01,-1.095557520642380211e+00,-3.525405624057095788e-01,-3.666641388705336735e-01,3.699902939377057720e-01,-4.200840252084042659e-01,-7.493878485222064123e-01,5.751602507781803375e-01,-7.602924417041847516e-01,-7.616798901785275522e-01,-1.803034322049575922e-01,-3.613997335382717613e-01,2.097404926922417367e-01
1.007385559067764946e+00,5.169309730070238418e-01,1.559173609272430427e+00,-1.558255497027467129e+00,1.702306689615383506e-01,-1.682452399892334860e+00,-4.200840252084042659e-01,4.928406571362257682e-01,-4.450937128663540188e-01,1.315283363541660755e+00,-7.616798901785275522e-01,-1.204248849665210619e+00,-3.613997335382717613e-01,-8.389619707689667250e-01
2.642511947611892453e-01,-1.934494259809790284e+00,-2.106471440041099985e-01,-3.525405624057095788e-01,-9.821673495449766145e-02,7.542774366122665386e-01,-4.200840252084042659e-01,-7.493878485222064123e-01,5.022849676607136216e-01,-7.602924417041847516e-01,1.676907981029650274e-01,8.436419852552954346e-01,-3.613997335382717613e-01,-8.389619707689667250e-01
9.012235070239684731e-01,-1.934494259809790284e+00,6.742632326341602145e-01,8.531743722160479715e-01,-9.821673495449766145e-02,-1.682452399892334860e+00,-4.200840252084042659e-01,4.928406571362257682e-01,-1.535925803964870440e-01,1.315283363541660755e+00,8.182502799000098692e-01,1.867587402715548350e+00,-3.613997335382717613e-01,-8.389619707689667250e-01
1.580891427173927444e-01,-1.934494259809790284e+00,-2.106471440041099985e-01,-3.525405624057095788e-01,-4.452725417129046320e-02,1.112363183195379968e+00,-4.200840252084042659e-01,-7.493878485222064123e-01,6.237437728564915185e-01,-7.602924417041847516e-01,-7.616798901785275522e-01,-1.204248849665210619e+00,-3.613997335382717613e-01,-8.389619707689667250e-01
4.765752988487823583e-01,5.169309730070238418e-01,-2.106471440041099985e-01,8.531743722160479715e-01,1.702306689615383506e-01,6.145366574578807750e-01,-4.200840252084042659e-01,-7.493878485222064123e-01,2.593673572691578277e-01,1.315283363541660755e+00,1.097061486384457663e+00,8.436419852552954346e-01,-3.613997335382717613e-01,-8.389619707689667250e-01
1.219709663155358115e+00,5.169309730070238418e-01,1.559173609272430427e+00,8.531743722160479715e-01,3.312991113111599661e-01,4.835296770006441980e-01,-4.200840252084042659e-01,-7.493878485222064123e-01,2.593673572691578277e-01,1.315283363541660755e+00,2.955802862947442655e+00,1.867587402715548350e+00,-3.613997335382717613e-01,-8.389619707689667250e-01
4.765752988487823583e-01,5.169309730070238418e-01,-1.095557520642380211e+00,8.531743722160479715e-01,1.165411881783311454e-01,5.796014626692843619e-01,-4.200840252084042659e-01,1.735069162794658171e+00,1.644974687760202003e-02,1.315283363541660755e+00,2.026432174665950381e+00,8.436419852552954346e-01,2.820301269860867155e+00,1.608010443973852954e+00
-6.912072736329795131e-01,5.169309730070238418e-01,-2.106471440041099985e-01,8.531743722160479715e-01,4.386780728775743765e-01,7.280760405208192010e-01,2.380476142847624210e+00,-7.493878485222064123e-01,-1.050090583181758769e-01,1.315283363541660755e+00,-7.616798901785275522e-01,-1.204248849665210619e+00,-3.613997335382717613e-01,-8.389619707689667250e-01
-5.850452215891830399e-01,-1.934494259809790284e+00,-2.106471440041099985e-01,8.531743722160479715e-01,-4.203536196537409064e-01,-2.588432122570300531e-01,-4.200840252084042659e-01,-7.493878485222064123e-01,1.109578993639603217e+00,-7.602924417041847516e-01,1.097061486384457663e+00,-1.803034322049575922e-01,-3.613997335382717613e-01,-8.389619707689667250e-01
9.012235070239684731e-01,5.169309730070238418e-01,1.559173609272430427e+00,-3.525405624057095788e-01,-3.319585581946929764e+00,-1.682452399892334860e+00,-4.200840252084042659e-01,-7.493878485222064123e-01,-3.141479188212623175e+00,-7.602924417041847516e-01,-7.616798901785275522e-01,-1.204248849665210619e+00,-3.613997335382717613e-01,-8.389619707689667250e-01
-7.973693256767760973e-01,-1.934494259809790284e+00,-1.095557520642380211e+00,8.531743722160479715e-01,3.849885920943671436e-01,4.398606835148986538e-01,-4.200840252084042659e-01,1.735069162794658171e+00,5.508684897390248025e-01,1.315283363541660755e+00,-7.616798901785275522e-01,8.436419852552954346e-01,-3.613997335382717613e-01,2.097404926922417367e-01
-1.328179585895758796e+00,-1.934494259809790284e+00,-1.095557520642380211e+00,-3.525405624057095788e-01,1.702306689615383506e-01,9.924253432608340364e-02,-4.200840252084042659e-01,1.735069162794658171e+00,1.036703710522136390e+00,-7.602924417041847516e-01,5.394390734155619649e-01,-1.803034322049575922e-01,-3.613997335382717613e-01,2.097404926922417367e-01
-5.423496137020034080e-02,5.169309730070238418e-01,6.742632326341602145e-01,8.531743722160479715e-01,3.600696700352034457e-02,-1.682452399892334860e+00,-4.200840252084042659e-01,-7.493878485222064123e-01,-2.264678635139537877e-01,-7.602924417041847516e-01,6.323761422437113033e-01,-1.803034322049575922e-01,-3.613997335382717613e-01,-8.389619707689667250e-01
-5.850452215891830399e-01,5.169309730070238418e-01,1.559173609272430427e+00,-1.558255497027467129e+00,-5.814220620033625497e-01,-1.682452399892334860e+00,-4.200840252084042659e-01,4.928406571362257682e-01,-4.693854739055095537e-01,1.315283363541660755e+00,1.676907981029650274e-01,1.867587402715548350e+00,-3.613997335382717613e-01,-8.389619707689667250e-01
-1.115855481808165628e+00,5.169309730070238418e-01,6.742632326341602145e-01,8.531743722160479715e-01,-2.324404369125156744e-01,-1.682452399892334860e+00,-4.200840252084042659e-01,-7.493878485222064123e-01,3.808261624649357246e-01,1.315283363541660755e+00,1.097061486384457663e+00,8.436419852552954346e-01,-3.613997335382717613e-01,1.608010443973852954e+00
1.007385559067764946e+00,5.169309730070238418e-01,1.559173609272430427e+00,8.531743722160479715e-01,6.285170739512394023e-02,-1.682452399892334860e+00,-4.200840252084042659e-01,4.928406571362257682e-01,-2.264678635139537877e-01,-7.602924417041847516e-01,6.323761422437113033e-01,1.867587402715548350e+00,-3.613997335382717613e-01,-8.389619707689667250e-01
5.192709067359619485e-02,5.169309730070238418e-01,-2.106471440041099985e-01,8.531743722160479715e-01,1.702306689615383506e-01,3.584028214488578001e+00,2.380476142847624210e+00,-7.493878485222064123e-01,-1.050090583181758769e-01,1.315283363541660755e+00,1.676907981029650274e-01,8.436419852552954346e-01,-3.613997335382717613e-01,-8.389619707689667250e-01
1.325871715199154588e+00,5.169309730070238418e-01,1.559173609272430427e+00,-1.558255497027467129e+00,-9.821673495449766145e-02,-1.682452399892334860e+00,-4.200840252084042659e-01,4.928406571362257682e-01,-2.264678635139537877e-01,-7.602924417041847516e-01,-1.226365234319273911e+00,-1.803034322049575922e-01,-3.613997335382717613e-01,-8.389619707689667250e-01
7.950614549801719999e-01,5.169309730070238418e-01,6.742632326341602145e-01,8.531743722160479715e-01,3.600696700352034457e-02,-1.682452399892334860e+00,-4.200840252084042659e-01,-7.493878485222064123e-01,-5.908442791012874507e-01,1.315283363541660755e+00,-7.616798901785275522e-01,1.867587402715548350e+00,-3.613997335382717613e-01,1.608010443973852954e+00
-1.603970134139968695e-01,5.169309730070238418e-01,-1.095557520642380211e+00,-3.525405624057095788e-01,2.776096305279527332e-01,7.304113823463607991e-02,-4.200840252084042659e-01,-7.493878485222064123e-01,6.966190559739582344e-01,-7.602924417041847516e-01,-1.818333955333344826e-02,-1.803034322049575922e-01,1.229450768161297836e+00,2.097404926922417367e-01
6.888994029363754157e-01,5.169309730070238418e-01,1.559173609272430427e+00,-1.558255497027467129e+00,1.512467688541718536e+00,-1.682452399892334860e+00,-4.200840252084042659e-01,4.928406571362257682e-01,2.593673572691578277e-01,1.315283363541660755e+00,6.323761422437113033e-01,8.436419852552954346e-01,-3.613997335382717613e-01,-8.389619707689667250e-01
1.580891427173927444e-01,5.169309730070238418e-01,-2.106471440041099985e-01,8.531743722160479715e-01,5.729017748355923478e-01,4.835296770006441980e-01,-4.200840252084042659e-01,-7.493878485222064123e-01,-8.094701284536877095e-01,1.315283363541660755e+00,1.097061486384457663e+00,8.436419852552954346e-01,-3.613997335382717613e-01,-8.389619707689667250e-01
-4.788831695453864556e-01,-1.934494259809790284e+00,-2.106471440041099985e-01,-3.525405624057095788e-01,9.162226611916741981e-03,7.304113823463607991e-02,-4.200840252084042659e-01,-7.493878485222064123e-01,8.423696222088917773e-01,-7.602924417041847516e-01,-7.616798901785275522e-01,-1.204248849665210619e+00,-3.613997335382717613e-01,-8.389619707689667250e-01
-1.328179585895758796e+00,5.169309730070238418e-01,-2.106471440041099985e-01,8.531743722160479715e-01,-9.821673495449766145e-02,3.874578913320039786e-01,-4.200840252084042659e-01,-7.493878485222064123e-01,2.107838351908466745e-01,1.315283363541660755e+00,1.676907981029650274e-01,8.436419852552954346e-01,-3.613997335382717613e-01,-8.389619707689667250e-01
-3.727211175015899269e-01,5.169309730070238418e-01,-1.095557520642380211e+00,8.531743722160479715e-01,7.071254767936103747e-01,4.398606835148986538e-01,-4.200840252084042659e-01,1.735069162794658171e+00,-3.213377520070914012e-02,-7.602924417041847516e-01,1.654683899353353249e+00,8.436419852552954346e-01,-3.613997335382717613e-01,1.608010443973852954e+00
1.113547611111561642e+00,5.169309730070238418e-01,-1.095557520642380211e+00,-1.558255497027467129e+00,4.386780728775743765e-01,1.243370163652616656e+00,-4.200840252084042659e-01,-7.493878485222064123e-01,6.966190559739582344e-01,-7.602924417041847516e-01,-7.616798901785275522e-01,-1.803034322049575922e-01,-3.613997335382717613e-01,2.097404926922417367e-01
5.827373508925788315e-01,5.169309730070238418e-01,1.559173609272430427e+00,8.531743722160479715e-01,1.458778207758511192e+00,-1.682452399892334860e+00,2.380476142847624210e+00,1.735069162794658171e+00,-2.264678635139537877e-01,1.315283363541660755e+00,-7.616798901785275522e-01,-1.204248849665210619e+00,-3.613997335382717613e-01,1.608010443973852954e+00
-3.727211175015899269e-01,-1.934494259809790284e+00,-1.095557520642380211e+00,8.531743722160479715e-01,-3.666641388705336735e-01,5.359324691835388732e-01,-4.200840252084042659e-01,1.735069162794658171e+00,7.209108170131138804e-01,-7.602924417041847516e-01,-7.616798901785275522e-01,-1.803034322049575922e-01,-3.613997335382717613e-01,2.097404926922417367e-01
-1.115855481808165628e+00,-1.934494259809790284e+00,-1.095557520642380211e+00,-1.558255497027467129e+00,-4.452725417129046320e-02,1.778467226004253887e-01,-4.200840252084042659e-01,-7.493878485222064123e-01,8.666613832480473123e-01,-7.602924417041847516e-01,-5.758057525222289863e-01,8.436419852552954346e-01,-3.613997335382717613e-01,2.097404926922417367e-01
1.325871715199154588e+00,-1.934494259809790284e+00,-1.095557520642380211e+00,-9.553980297165883817e-01,7.071254767936103747e-01,2.913861056633638147e-01,-4.200840252084042659e-01,-7.493878485222064123e-01,-3.722184297488872473e-01,-7.602924417041847516e-01,1.654683899353353249e+00,1.867587402715548350e+00,-3.613997335382717613e-01,2.097404926922417367e-01
1.644357871330544230e+00,5.169309730070238418e-01,1.559173609272430427e+00,8.531743722160479715e-01,4.386780728775743765e-01,1.341777291146798445e-01,-4.200840252084042659e-01,4.928406571362257682e-01,2.593673572691578277e-01,1.315283363541660755e+00,1.097061486384457663e+00,-1.204248849665210619e+00,-3.613997335382717613e-01,-8.389619707689667250e-01
-1.603970134139968695e-01,-1.934494259809790284e+00,-1.095557520642380211e+00,-1.558255497027467129e+00,3.312991113111599661e-01,2.937214474889053226e-02,-4.200840252084042659e-01,1.735069162794658171e+00,9.638284274046696742e-01,-7.602924417041847516e-01,-6.687428213503783248e-01,8.436419852552954346e-01,-3.613997335382717613e-01,2.097404926922417367e-01
9.012235070239684731e-01,-1.934494259809790284e+00,-2.106471440041099985e-01,-9.553980297165883817e-01,9.755728807096464283e-01,3.170748657443207223e-03,-4.200840252084042659e-01,-7.493878485222064123e-01,-3.236349076705761219e-01,-7.602924417041847516e-01,-7.616798901785275522e-01,-1.204248849665210619e+00,-3.613997335382717613e-01,-8.389619707689667250e-01
9.012235070239684731e-01,5.169309730070238418e-01,1.559173609272430427e+00,8.531743722160479715e-01,7.608149575768176076e-01,-3.461811992285211415e-01,-4.200840252084042659e-01,4.928406571362257682e-01,-7.851783674145320635e-01,1.315283363541660755e+00,7.253132110718607528e-01,-1.803034322049575922e-01,-3.613997335382717613e-01,1.608010443973852954e+00
-9.035313777205725705e-01,5.169309730070238418e-01,-2.106471440041099985e-01,-1.558255497027467129e+00,3.044543709195563497e-01,-1.682452399892334860e+00,-4.200840252084042659e-01,-7.493878485222064123e-01,-4.693854739055095537e-01,-7.602924417041847516e-01,-7.616798901785275522e-01,-1.204248849665210619e+00,-3.613997335382717613e-01,-8.389619707689667250e-01
2.642511947611892453e-01,5.169309730070238418e-01,-1.095557520642380211e+00,-3.525405624057095788e-01,1.702306689615383506e-01,2.477171121776182428e-01,-4.200840252084042659e-01,1.735069162794658171e+00,8.180778611697361313e-01,-7.602924417041847516e-01,-7.616798901785275522e-01,-1.803034322049575922e-01,-3.613997335382717613e-01,1.608010443973852954e+00
-3.727211175015899269e-01,5.169309730070238418e-01,-2.106471440041099985e-01,8.531743722160479715e-01,7.071254767936103747e-01,1.953143199947235953e-01,-4.200840252084042659e-01,-7.493878485222064123e-01,2.593673572691578277e-01,1.315283363541660755e+00,-7.616798901785275522e-01,-1.204248849665210619e+00,-3.613997335382717613e-01,-8.389619707689667250e-01
6.888994029363754157e-01,5.169309730070238418e-01,6.742632326341602145e-01,-1.558255497027467129e+00,-2.324404369125156744e-01,-1.682452399892334860e+00,-4.200840252084042659e-01,-7.493878485222064123e-01,3.322426403866245437e-01,-7.602924417041847516e-01,1.468809761697054572e+00,-1.803034322049575922e-01,-3.613997335382717613e-01,-8.389619707689667250e-01
-6.912072736329795131e-01,5.169309730070238418e-01,-2.106471440041099985e-01,-3.525405624057095788e-01,9.755728807096464283e-01,6.145366574578807750e-01,-4.200840252084042659e-01,-7.493878485222064123e-01,1.085287232600447460e+00,-7.602924417041847516e-01,-7.616798901785275522e-01,-1.204248849665210619e+00,-3.613997335382717613e-01,-8.389619707689667250e-01
-1.603970134139968695e-01,5.169309730070238418e-01,-2.106471440041099985e-01,8.531743722160479715e-01,9.755728807096464283e-01,1.208434968864020131e+00,-4.200840252084042659e-01,-7.493878485222064123e-01,-8.580536505319988905e-01,1.315283363541660755e+00,1.561746830525203800e+00,-1.204248849665210619e+00,-3.613997335382717613e-01,-8.389619707689667250e-01
-1.646665742027148438e+00,5.169309730070238418e-01,-2.106471440041099985e-01,8.531743722160479715e-01,-9.821673495449766145e-02,7.804788327037138762e-01,-4.200840252084042659e-01,-7.493878485222064123e-01,9.881201884438252092e-01,-7.602924417041847516e-01,-7.616798901785275522e-01,-1.204248849665210619e+00,-3.613997335382717613e-01,-8.389619707689667250e-01
-1.965151898158538080e+00,5.169309730070238418e-01,-1.095557520642380211e+00,8.531743722160479715e-01,-9.821673495449766145e-02,4.683974214318874923e-02,-4.200840252084042659e-01,-7.493878485222064123e-01,1.644974687760202003e-02,1.315283363541660755e+00,7.253132110718607528e-01,8.436419852552954346e-01,-3.613997335382717613e-01,1.608010443973852954e+00
4.765752988487823583e-01,5.169309730070238418e-01,-1.095557520642380211e+00,8.531743722160479715e-01,1.165411881783311454e-01,2.040481186918726986e-01,-4.200840252084042659e-01,1.735069162794658171e+00,4.074150791675760358e-02,1.315283363541660755e+00,1.282935624040756339e+00,8.436419852552954346e-01,4.411151771560436252e+00,1.608010443973852954e+00
2.642511947611892453e-01,5.169309730070238418e-01,-2.106471440041099985e-01,-1.558255497027467129e+00,1.702306689615383506e-01,-1.682452399892334860e+00,-4.200840252084042659e-01,-7.493878485222064123e-01,-3.722184297488872473e-01,-7.602924417041847516e-01,-7.616798901785275522e-01,-1.204248849665210619e+00,-3.613997335382717613e-01,-8.389619707689667250e-01
5.192709067359619485e-02,5.169309730070238418e-01,6.742632326341602145e-01,8.531743722160479715e-01,1.512467688541718536e+00,-1.682452399892334860e+00,-4.200840252084042659e-01,-7.493878485222064123e-01,5.022849676607136216e-01,-7.602924417041847516e-01,6.323761422437113033e-01,8.436419852552954346e-01,-3.613997335382717613e-01,1.608010443973852954e+00
-1.009693429764369155e+00,5.169309730070238418e-01,-1.095557520642380211e+00,-3.525405624057095788e-01,-9.821673495449766145e-02,2.389833134804691395e-01,-4.200840252084042659e-01,-7.493878485222064123e-01,9.881201884438252092e-01,-7.602924417041847516e-01,-7.616798901785275522e-01,-1.803034322049575922e-01,-3.613997335382717613e-01,2.097404926922417367e-01
7.950614549801719999e-01,5.169309730070238418e-01,1.559173609272430427e+00,8.531743722160479715e-01,1.780915092457754367e+00,8.241478261894594759e-01,2.380476142847624210e+00,1.735069162794658171e+00,5.022849676607136216e-01,1.315283363541660755e+00,1.097061486384457663e+00,1.867587402715548350e+00,-3.613997335382717613e-01,-8.389619707689667250e-01
5.192709067359619485e-02,5.169309730070238418e-01,-2.106471440041099985e-01,8.531743722160479715e-01,3.600696700352034457e-02,2.739185082690656081e-01,-4.200840252084042659e-01,-7.493878485222064123e-01,-1.778843414356426067e-01,-7.602924417041847516e-01,1.097061486384457663e+00,8.436419852552954346e-01,-3.613997335382717613e-01,-8.389619707689667250e-01
5.192709067359619485e-02,5.169309730070238418e-01,-1.095557520642380211e+00,8.531743722160479715e-01,-9.821673495449766145e-02,-4.049824482830233913e-02,-4.200840252084042659e-01,-7.493878485222064123e-01,-3.965101907880428378e-01,-7.602924417041847516e-01,5.394390734155619649e-01,8.436419852552954346e-01,1.229450768161297836e+00,1.608010443973852954e+00
-1.603970134139968695e-01,5.169309730070238418e-01,-1.095557520642380211e+00,-1.558255497027467129e+00,1.297709765408889604e+00,5.557354084033785946e-02,2.380476142847624210e+00,-7.493878485222064123e-01,7.937861001305805964e-01,-7.602924417041847516e-01,-2.969945460377813040e-01,-1.803034322049575922e-01,-3.613997335382717613e-01,1.608010443973852954e+00
-2.665590654577933982e-01,5.169309730070238418e-01,-1.095557520642380211e+00,8.531743722160479715e-01,4.386780728775743765e-01,9.289534105552487153e-01,-4.200840252084042659e-01,-7.493878485222064123e-01,1.060995471561291925e+00,1.315283363541660755e+00,7.253132110718607528e-01,-1.803034322049575922e-01,-3.613997335382717613e-01,1.608010443973852954e+00
1.219709663155358115e+00,-1.934494259809790284e+00,-1.095557520642380211e+00,8.531743722160479715e-01,7.071254767936103747e-01,2.826523069662146836e-01,-4.200840252084042659e-01,1.735069162794658171e+00,-3.722184297488872473e-01,-7.602924417041847516e-01,1.676907981029650274e-01,8.436419852552954346e-01,4.411151771560436252e+00,1.608010443973852954e+00
-2.177476002246131248e+00,-1.934494259809790284e+00,-2.106471440041099985e-01,8.531743722160479715e-01,-6.351115427865696716e-01,4.660620796063459914e-01,-4.200840252084042659e-01,-7.493878485222064123e-01,5.022849676607136216e-01,1.315283363541660755e+00,1.676907981029650274e-01,8.436419852552954346e-01,-3.613997335382717613e-01,-8.389619707689667250e-01
-9.035313777205725705e-01,5.169309730070238418e-01,-2.106471440041099985e-01,8.531743722160479715e-01,-9.821673495449766145e-02,2.826523069662146836e-01,-4.200840252084042659e-01,-7.493878485222064123e-01,2.593673572691578277e-01,-7.602924417041847516e-01,-7.616798901785275522e-01,-1.204248849665210619e+00,-3.613997335382717613e-01,-8.389619707689667250e-01
1.325871715199154588e+00,5.169309730070238418e-01,-1.095557520642380211e+00,-3.525405624057095788e-01,9.755728807096464283e-01,4.660620796063459914e-01,-4.200840252084042659e-01,-7.493878485222064123e-01,-2.264678635139537877e-01,1.315283363541660755e+00,-7.616798901785275522e-01,8.436419852552954346e-01,4.411151771560436252e+00,1.258442956153450254e+00
-1.328179585895758796e+00,5.169309730070238418e-01,1.559173609272430427e+00,8.531743722160479715e-01,-5.277325812201553168e-01,-1.682452399892334860e+00,-4.200840252084042659e-01,4.928406571362257682e-01,-4.450937128663540188e-01,-7.602924417041847516e-01,-7.616798901785275522e-01,-1.204248849665210619e+00,-3.613997335382717613e-01,-8.389619707689667250e-01
-7.973693256767760973e-01,-1.934494259809790284e+00,-1.095557520642380211e+00,-3.525405624057095788e-01,-5.008878408285516448e-01,9.924253432608340364e-02,-4.200840252084042659e-01,-7.493878485222064123e-01,1.036703710522136390e+00,-7.602924417041847516e-01,-7.616798901785275522e-01,-1.803034322049575922e-01,-3.613997335382717613e-01,2.097404926922417367e-01
3.704132468049858296e-01,5.169309730070238418e-01,1.559173609272430427e+00,8.531743722160479715e-01,4.386780728775743765e-01,1.865805212975744920e-01,-4.200840252084042659e-01,4.928406571362257682e-01,3.565344014257801342e-01,1.315283363541660755e+00,1.097061486384457663e+00,8.436419852552954346e-01,-3.613997335382717613e-01,1.258442956153450254e+00
-1.009693429764369155e+00,5.169309730070238418e-01,-1.095557520642380211e+00,8.531743722160479715e-01,-3.129746580873264961e-01,8.503492222809068135e-01,-4.200840252084042659e-01,1.735069162794658171e+00,5.751602507781803375e-01,-7.602924417041847516e-01,-7.616798901785275522e-01,-1.803034322049575922e-01,1.229450768161297836e+00,2.097404926922417367e-01
-1.540503689983351743e+00,5.169309730070238418e-01,-2.106471440041099985e-01,-3.525405624057095788e-01,1.702306689615383506e-01,-1.682452399892334860e+00,-4.200840252084042659e-01,-7.493878485222064123e-01,-2.264678635139537877e-01,-7.602924417041847516e-01,-7.616798901785275522e-01,-1.204248849665210619e+00,-3.613997335382717613e-01,-8.389619707689667250e-01
2.642511947611892453e-01,5.169309730070238418e-01,1.559173609272430427e+00,8.531743722160479715e-01,-9.821673495449766145e-02,-8.090725301774238654e-01,-4.200840252084042659e-01,-7.493878485222064123e-01,-2.264678635139537877e-01,1.315283363541660755e+00,6.323761422437113033e-01,8.436419852552954346e-01,-3.613997335382717613e-01,1.608010443973852954e+00
2.175168131549527040e+00,5.169309730070238418e-01,6.742632326341602145e-01,-3.525405624057095788e-01,5.729017748355923478e-01,-1.682452399892334860e+00,-4.200840252084042659e-01,4.928406571362257682e-01,-1.535925803964870440e-01,-7.602924417041847516e-01,4.465020045874128485e-01,-1.803034322049575922e-01,-3.613997335382717613e-01,-8.389619707689667250e-01
1.325871715199154588e+00,5.169309730070238418e-01,1.559173609272430427e+00,-1.558255497027467129e+00,-3.666641388705336735e-01,1.778467226004253887e-01,2.380476142847624210e+00,1.735069162794658171e+00,-7.365948453362209936e-01,1.315283363541660755e+00,4.465020045874128485e-01,8.436419852552954346e-01,-3.613997335382717613e-01,-8.389619707689667250e-01
-1.328179585895758796e+00,5.169309730070238418e-01,-1.095557520642380211e+00,-3.525405624057095788e-01,-9.821673495449766145e-02,-3.112460044399247283e-01,-4.200840252084042659e-01,-7.493878485222064123e-01,1.279621320913692184e+00,-7.602924417041847516e-01,-7.616798901785275522e-01,-1.803034322049575922e-01,-3.613997335382717613e-01,2.097404926922417367e-01
1.113547611111561642e+00,-1.934494259809790284e+00,6.742632326341602145e-01,8.531743722160479715e-01,2.049362496373790421e+00,-1.682452399892334860e+00,-4.200840252084042659e-01,-7.493878485222064123e-01,2.593673572691578277e-01,1.315283363541660755e+00,1.676907981029650274e-01,8.436419852552954346e-01,-3.613997335382717613e-01,2.097404926922417367e-01
4.765752988487823583e-01,5.169309730070238418e-01,-1.095557520642380211e+00,8.531743722160479715e-01,5.997465152271960198e-01,2.215157160861709329e-01,-4.200840252084042659e-01,-7.493878485222064123e-01,-5.908442791012874507e-01,-7.602924417041847516e-01,1.097061486384457663e+00,8.436419852552954346e-01,1.229450768161297836e+00,1.608010443973852954e+00
1.219709663155358115e+00,5.169309730070238418e-01,1.559173609272430427e+00,8.531743722160479715e-01,7.071254767936103747e-01,3.787240926348549031e-01,2.380476142847624210e+00,4.928406571362257682e-01,-5.908442791012874507e-01,1.315283363541660755e+00,-7.616798901785275522e-01,-1.204248849665210619e+00,-3.613997335382717613e-01,-8.389619707689667250e-01
1.580891427173927444e-01,-1.934494259809790284e+00,-2.106471440041099985e-01,-3.525405624057095788e-01,1.702306689615383506e-01,1.758664286784413999e+00,-4.200840252084042659e-01,1.735069162794658171e+00,5.022849676607136216e-01,-7.602924417041847516e-01,-7.616798901785275522e-01,-1.204248849665210619e+00,-3.613997335382717613e-01,-8.389619707689667250e-01
5.192709067359619485e-02,5.169309730070238418e-01,-2.106471440041099985e-01,-3.525405624057095788e-01,9.755728807096464283e-01,9.813562027381433905e-01,-4.200840252084042659e-01,-7.493878485222064123e-01,1.109578993639603217e+00,-7.602924417041847516e-01,-7.616798901785275522e-01,-1.204248849665210619e+00,-3.613997335382717613e-01,-8.389619707689667250e-01
9.012235070239684731e-01,5.169309730070238418e-01,1.559173609272430427e+00,-9.553980297165883817e-01,-3.319585581946929764e+00,-4.684543809886086430e-01,-4.200840252084042659e-01,4.928406571362257682e-01,-3.141479188212623175e+00,-7.602924417041847516e-01,-7.616798901785275522e-01,-1.204248849665210619e+00,-3.613997335382717613e-01,-8.389619707689667250e-01
1.007385559067764946e+00,5.169309730070238418e-01,1.559173609272430427e+00,8.531743722160479715e-01,9.755728807096464283e-01,6.494718522464772992e-01,2.380476142847624210e+00,4.928406571362257682e-01,-1.003804216766932322e+00,1.315283363541660755e+00,1.097061486384457663e+00,-1.204248849665210619e+00,-3.613997335382717613e-01,-8.389619707689667250e-01
-1.222017533851962323e+00,5.169309730070238418e-01,-1.095557520642380211e+00,-1.558255497027467129e+00,1.702306689615383506e-01,-1.103686344054952140e-01,-4.200840252084042659e-01,-7.493878485222064123e-01,5.022849676607136216e-01,-7.602924417041847516e-01,-7.616798901785275522e-01,-1.803034322049575922e-01,-3.613997335382717613e-01,2.097404926922417367e-01
1.113547611111561642e+00,-1.934494259809790284e+00,-1.095557520642380211e+00,8.531743722160479715e-01,1.512467688541718536e+00,1.156032176681125678e+00,-4.200840252084042659e-01,-7.493878485222064123e-01,5.994520118173359835e-01,1.315283363541660755e+00,-7.616798901785275522e-01,-1.803034322049575922e-01,-3.613997335382717613e-01,2.097404926922417367e-01
2.493654287680916681e+00,5.169309730070238418e-01,-1.095557520642380211e+00,8.531743722160479715e-01,3.600696700352034457e-02,9.726224040409943150e-01,-4.200840252084042659e-01,1.735069162794658171e+00,7.937861001305805964e-01,1.315283363541660755e+00,-7.616798901785275522e-01,-1.803034322049575922e-01,4.411151771560436252e+00,2.097404926922417367e-01
-1.115855481808165628e+00,5.169309730070238418e-01,-2.106471440041099985e-01,8.531743722160479715e-01,-9.821673495449766145e-02,-1.540376278912407582e-01,-4.200840252084042659e-01,-7.493878485222064123e-01,-2.264678635139537877e-01,1.315283363541660755e+00,1.676907981029650274e-01,8.436419852552954346e-01,-3.613997335382717613e-01,1.608010443973852954e+00
6.888994029363754157e-01,5.169309730070238418e-01,1.559173609272430427e+00,-3.525405624057095788e-01,9.755728807096464283e-01,6.494718522464772992e-01,2.380476142847624210e+00,4.928406571362257682e-01,6.723272949348026994e-01,-7.602924417041847516e-01,-2.969945460377813040e-01,8.436419852552954346e-01,-3.613997335382717613e-01,-8.389619707689667250e-01
-5.850452215891830399e-01,5.169309730070238418e-01,-2.106471440041099985e-01,-3.525405624057095788e-01,1.702306689615383506e-01,4.573282809091968604e-01,-4.200840252084042659e-01,-7.493878485222064123e-01,7.452025780522694154e-01,-7.602924417041847516e-01,-7.616798901785275522e-01,-1.204248849665210619e+00,-3.613997335382717613e-01,-8.389619707689667250e-01
1.113547611111561642e+00,-1.934494259809790284e+00,6.742632326341602145e-01,8.531743722160479715e-01,-7.693352447445876985e-01,-1.682452399892334860e+00,-4.200840252084042659e-01,-7.493878485222064123e-01,3.808261624649357246e-01,-7.602924417041847516e-01,2.606278669311143936e-01,1.867587402715548350e+00,-3.613997335382717613e-01,-8.389619707689667250e-01
3.704132468049858296e-01,5.169309730070238418e-01,-2.106471440041099985e-01,-3.525405624057095788e-01,4.386780728775743765e-01,5.883352613664335484e-01,2.380476142847624210e+00,-7.493878485222064123e-01,2.593673572691578277e-01,-7.602924417041847516e-01,-7.616798901785275522e-01,-1.204248849665210619e+00,-3.613997335382717613e-01,1.258442956153450254e+00
1.219709663155358115e+00,5.169309730070238418e-01,1.559173609272430427e+00,8.531743722160479715e-01,7.071254767936103747e-01,3.699902939377057720e-01,-4.200840252084042659e-01,-7.493878485222064123e-01,-2.264678635139537877e-01,1.315283363541660755e+00,6.323761422437113033e-01,8.436419852552954346e-01,-3.613997335382717613e-01,-8.389619707689667250e-01
1.007385559067764946e+00,-1.934494259809790284e+00,1.559173609272430427e+00,-3.525405624057095788e-01,-3.319585581946929764e+00,-1.682452399892334860e+00,-4.200840252084042659e-01,-7.493878485222064123e-01,-3.141479188212623175e+00,-7.602924417041847516e-01,-7.616798901785275522e-01,-1.204248849665210619e+00,-3.613997335382717613e-01,-8.389619707689667250e-01
5.192709067359619485e-02,5.169309730070238418e-01,-1.095557520642380211e+00,-3.525405624057095788e-01,-4.203536196537409064e-01,1.016291397526739804e+00,-4.200840252084042659e-01,-7.493878485222064123e-01,6.480355338956470534e-01,-7.602924417041847516e-01,-7.616798901785275522e-01,-1.803034322049575922e-01,-3.613997335382717613e-01,1.608010443973852954e+00
-1.603970134139968695e-01,5.169309730070238418e-01,-2.106471440041099985e-01,8.531743722160479715e-01,1.702306689615383506e-01,9.202196118580996398e-01,-4.200840252084042659e-01,-7.493878485222064123e-01,-4.693854739055095537e-01,1.315283363541660755e+00,1.676907981029650274e-01,8.436419852552954346e-01,-3.613997335382717613e-01,-8.389619707689667250e-01
-6.912072736329795131e-01,-1.934494259809790284e+00,-2.106471440041099985e-01,-1.558255497027467129e+00,1.702306689615383506e-01,-1.682452399892334860e+00,-4.200840252084042659e-01,-7.493878485222064123e-01,3.808261624649357246e-01,-7.602924417041847516e-01,1.097061486384457663e+00,8.436419852552954346e-01,-3.613997335382717613e-01,-8.389619707689667250e-01
1.432033767242951061e+00,5.169309730070238418e-01,-1.095557520642380211e+00,8.531743722160479715e-01,9.755728807096464283e-01,8.154140274923102893e-01,-4.200840252084042659e-01,1.735069162794658171e+00,-5.179689959838207347e-01,1.315283363541660755e+00,6.323761422437113033e-01,8.436419852552954346e-01,4.411151771560436252e+00,2.097404926922417367e-01
4.765752988487823583e-01,5.169309730070238418e-01,1.559173609272430427e+00,-1.558255497027467129e+00,7.071254767936103747e-01,2.302495147833200362e-01,-4.200840252084042659e-01,4.928406571362257682e-01,-2.750513855922649409e-01,1.315283363541660755e+00,-7.616798901785275522e-01,-1.204248849665210619e+00,-3.613997335382717613e-01,-8.389619707689667250e-01
-4.788831695453864556e-01,5.169309730070238418e-01,-2.106471440041099985e-01,8.531743722160479715e-01,1.702306689615383506e-01,1.295772955835511331e+00,-4.200840252084042659e-01,-7.493878485222064123e-01,-2.264678635139537877e-01,1.315283363541660755e+00,1.676907981029650274e-01,8.436419852552954346e-01,-3.613997335382717613e-01,-8.389619707689667250e-01
-9.035313777205725705e-01,5.169309730070238418e-01,-1.095557520642380211e+00,8.531743722160479715e-01,-5.277325812201553168e-01,1.341777291146798445e-01,-4.200840252084042659e-01,1.735069162794658171e+00,4.537014455824024406e-01,1.315283363541660755e+00,2.026432174665950381e+00,8.436419852552954346e-01,-3.613997335382717613e-01,2.097404926922417367e-01
-9.035313777205725705e-01,5.169309730070238418e-01,-1.095557520642380211e+00,8.531743722160479715e-01,4.923675536607815539e-01,1.016291397526739804e+00,-4.200840252084042659e-01,1.735069162794658171e+00,4.294096845432469056e-01,1.315283363541660755e+00,-7.616798901785275522e-01,8.436419852552954346e-01,4.411151771560436252e+00,1.608010443973852954e+00
-1.009693429764369155e+00,5.169309730070238418e-01,-1.095557520642380211e+00,-1.558255497027467129e+00,1.702306689615383506e-01,3.525226965434075654e-01,-4.200840252084042659e-01,-7.493878485222064123e-01,1.206746037796225357e+00,1.315283363541660755e+00,-3.899316148659305314e-01,-1.803034322049575922e-01,-3.613997335382717613e-01,2.097404926922417367e-01
1.538195819286747756e+00,5.169309730070238418e-01,1.559173609272430427e+00,8.531743722160479715e-01,3.849885920943671436e-01,-1.682452399892334860e+00,-4.200840252084042659e-01,-7.493878485222064123e-01,1.644974687760202003e-02,1.315283363541660755e+00,2.026432174665950381e+00,8.436419852552954346e-01,-3.613997335382717613e-01,-8.389619707689667250e-01
-6.912072736329795131e-01,5.169309730070238418e-01,-2.106471440041099985e-01,8.531743722160479715e-01,7.071254767936103747e-01,2.913861056633638147e-01,-4.200840252084042659e-01,-7.493878485222064123e-01,-7.608866063753765285e-01,1.315283363541660755e+00,6.323761422437113033e-01,8.436419852552954346e-01,-3.613997335382717613e-01,1.608010443973852954e+00
-1.603970134139968695e-01,-1.934494259809790284e+00,-2.106471440041099985e-01,-3.525405624057095788e-01,4.386780728775743765e-01,-1.682452399892334860e+00,-4.200840252084042659e-01,-7.493878485222064123e-01,2.593673572691578277e-01,-7.602924417041847516e-01,-7.616798901785275522e-01,-1.204248849665210619e+00,-3.613997335382717613e-01,-8.389619707689667250e-01
5.192709067359619485e-02,5.169309730070238418e-01,-2.106471440041099985e-01,-3.525405624057095788e-01,9.755728807096464283e-01,2.063834605174142550e-02,-4.200840252084042659e-01,4.928406571362257682e-01,1.644974687760202003e-02,-7.602924417041847516e-01,1.676907981029650274e-01,-1.803034322049575922e-01,-3.613997335382717613e-01,-8.389619707689667250e-01
-1.115855481808165628e+00,-1.934494259809790284e+00,-2.106471440041099985e-01,-3.525405624057095788e-01,-9.821673495449766145e-02,6.407380535493281126e-01,-4.200840252084042659e-01,-7.493878485222064123e-01,-2.750513855922649409e-01,-7.602924417041847516e-01,-7.616798901785275522e-01,-1.204248849665210619e+00,-3.613997335382717613e-01,-8.389619707689667250e-01
9.012235070239684731e-01,-1.934494259809790284e+00,-1.095557520642380211e+00,8.531743722160479715e-01,9.755728807096464283e-01,-2.501094135598809221e-01,-4.200840252084042659e-01,1.735069162794658171e+00,3.808261624649357246e-01,-7.602924417041847516e-01,5.000418377166726991e+00,1.867587402715548350e+00,4.411151771560436252e+00,1.608010443973852954e+00
-1.540503689983351743e+00,5.169309730070238418e-01,-2.106471440041099985e-01,-1.558255497027467129e+00,-9.821673495449766145e-02,1.278305358441213180e+00,-4.200840252084042659e-01,-7.493878485222064123e-01,9.881201884438252092e-01,-7.602924417041847516e-01,-7.616798901785275522e-01,-1.204248849665210619e+00,-3.613997335382717613e-01,-8.389619707689667250e-01
-1.603970134139968695e-01,5.169309730070238418e-01,-2.106471440041099985e-01,8.531743722160479715e-01,-3.129746580873264961e-01,1.304506754532660517e+00,-4.200840252084042659e-01,4.928406571362257682e-01,-8.094701284536877095e-01,1.315283363541660755e+00,1.676907981029650274e-01,8.436419852552954346e-01,-3.613997335382717613e-01,-8.389619707689667250e-01
-1.434341637939555270e+00,5.169309730070238418e-01,-2.106471440041099985e-01,-1.558255497027467129e+00,1.702306689615383506e-01,1.953143199947235953e-01,-4.200840252084042659e-01,-7.493878485222064123e-01,2.107838351908466745e-01,-7.602924417041847516e-01,-7.616798901785275522e-01,-1.204248849665210619e+00,-3.613997335382717613e-01,-8.389619707689667250e-01
-5.423496137020034080e-02,5.169309730070238418e-01,1.559173609272430427e+00,8.531743722160479715e-01,8.145044383600248405e-01,-1.682452399892334860e+00,-4.200840252084042659e-01,4.928406571362257682e-01,2.593673572691578277e-01,1.315283363541660755e+00,6.323761422437113033e-01,8.436419852552954346e-01,-3.613997335382717613e-01,-8.389619707689667250e-01
-1.328179585895758796e+00,-1.934494259809790284e+00,-1.095557520642380211e+00,-3.525405624057095788e-01,6.285170739512394023e-02,9.900900014352924661e-01,-4.200840252084042659e-01,-7.493878485222064123e-01,8.180778611697361313e-01,-7.602924417041847516e-01,-7.616798901785275522e-01,-1.803034322049575922e-01,-3.613997335382717613e-01,2.097404926922417367e-01
-1.009693429764369155e+00,5.169309730070238418e-01,-1.095557520642380211e+00,-3.525405624057095788e-01,-9.821673495449766145e-02,6.145366574578807750e-01,-4.200840252084042659e-01,-7.493878485222064123e-01,1.060995471561291925e+00,-7.602924417041847516e-01,-7.616798901785275522e-01,-1.803034322049575922e-01,-3.613997335382717613e-01,1.608010443973852954e+00
-1.965151898158538080e+00,-1.934494259809790284e+00,-2.106471440041099985e-01,-9.553980297165883817e-01,-9.821673495449766145e-02,-2.850446083484773907e-01,-4.200840252084042659e-01,4.928406571362257682e-01,1.352496604031159011e+00,-7.602924417041847516e-01,-7.616798901785275522e-01,-1.204248849665210619e+00,-3.613997335382717613e-01,-8.389619707689667250e-01
-1.858989846114741384e+00,5.169309730070238418e-01,6.742632326341602145e-01,8.531743722160479715e-01,-3.666641388705336735e-01,-1.682452399892334860e+00,-4.200840252084042659e-01,-7.493878485222064123e-01,-1.050090583181758769e-01,1.315283363541660755e+00,1.676907981029650274e-01,8.436419852552954346e-01,-3.613997335382717613e-01,1.258442956153450254e+00
-7.973693256767760973e-01,5.169309730070238418e-01,-2.106471440041099985e-01,8.531743722160479715e-01,1.512467688541718536e+00,7.630112353094157251e-01,-4.200840252084042659e-01,4.928406571362257682e-01,-2.264678635139537877e-01,-7.602924417041847516e-01,-7.616798901785275522e-01,-1.204248849665210619e+00,-3.613997335382717613e-01,-8.389619707689667250e-01
1.856681975418137398e+00,-1.934494259809790284e+00,-1.095557520642380211e+00,8.531743722160479715e-01,-3.129746580873264961e-01,-3.811163940171175546e-01,-4.200840252084042659e-01,-7.493878485222064123e-01,-1.050090583181758769e-01,-7.602924417041847516e-01,7.253132110718607528e-01,8.436419852552954346e-01,-3.613997335382717613e-01,2.097404926922417367e-01
-1.603970134139968695e-01,5.169309730070238418e-01,-1.095557520642380211e+00,-1.558255497027467129e+00,3.849885920943671436e-01,2.651847095719164771e-01,-4.200840252084042659e-01,-7.493878485222064123e-01,9.638284274046696742e-01,-7.602924417041847516e-01,-7.616798901785275522e-01,-1.803034322049575922e-01,-3.613997335382717613e-01,2.097404926922417367e-01
9.012235070239684731e-01,5.169309730070238418e-01,1.559173609272430427e+00,-1.558255497027467129e+00,-3.319585581946929764e+00,-1.682452399892334860e+00,2.380476142847624210e+00,4.928406571362257682e-01,-3.141479188212623175e+00,-7.602924417041847516e-01,-7.616798901785275522e-01,-1.204248849665210619e+00,-3.613997335382717613e-01,-8.389619707689667250e-01
-5.423496137020034080e-02,5.169309730070238418e-01,1.559173609272430427e+00,8.531743722160479715e-01,5.460570344439887869e-01,9.376872092523979019e-01,2.380476142847624210e+00,4.928406571362257682e-01,-3.213377520070914012e-02,1.315283363541660755e+00,6.323761422437113033e-01,8.436419852552954346e-01,-3.613997335382717613e-01,-8.389619707689667250e-01
5.192709067359619485e-02,5.169309730070238418e-01,6.742632326341602145e-01,8.531743722160479715e-01,1.702306689615383506e-01,-1.682452399892334860e+00,-4.200840252084042659e-01,-7.493878485222064123e-01,-4.693854739055095537e-01,1.315283363541660755e+00,2.026432174665950381e+00,8.436419852552954346e-01,-3.613997335382717613e-01,1.608010443973852954e+00
-1.115855481808165628e+00,5.169309730070238418e-01,1.559173609272430427e+00,8.531743722160479715e-01,-4.452725417129046320e-02,-1.682452399892334860e+00,-4.200840252084042659e-01,-7.493878485222064123e-01,-2.264678635139537877e-01,-7.602924417041847516e-01,-2.969945460377813040e-01,-1.803034322049575922e-01,-3.613997335382717613e-01,-8.389619707689667250e-01
5.827373508925788315e-01,5.169309730070238418e-01,-2.106471440041099985e-01,-1.558255497027467129e+00,1.512467688541718536e+00,1.778467226004253887e-01,-4.200840252084042659e-01,-7.493878485222064123e-01,-7.123030842970653476e-01,-7.602924417041847516e-01,-7.616798901785275522e-01,-1.204248849665210619e+00,-3.613997335382717613e-01,-8.389619707689667250e-01
3.704132468049858296e-01,5.169309730070238418e-01,1.559173609272430427e+00,8.531743722160479715e-01,-4.452725417129046320e-02,6.232704561550299616e-01,-4.200840252084042659e-01,1.735069162794658171e+00,-7.123030842970653476e-01,-7.602924417041847516e-01,-7.616798901785275522e-01,-1.204248849665210619e+00,-3.613997335382717613e-01,-8.389619707689667250e-01
-7.973693256767760973e-01,5.169309730070238418e-01,-2.106471440041099985e-01,8.531743722160479715e-01,-3.666641388705336735e-01,8.177493693178518319e-02,-4.200840252084042659e-01,-7.493878485222064123e-01,5.022849676607136216e-01,1.315283363541660755e+00,-7.616798901785275522e-01,-1.204248849665210619e+00,-3.613997335382717613e-01,-8.389619707689667250e-01
7.950614549801719999e-01,5.169309730070238418e-01,1.559173609272430427e+00,-3.525405624057095788e-01,-3.319585581946929764e+00,7.892126314008629517e-01,-4.200840252084042659e-01,-7.493878485222064123e-01,-3.141479188212623175e+00,-7.602924417041847516e-01,-7.616798901785275522e-01,-1.204248849665210619e+00,-3.613997335382717613e-01,-8.389619707689667250e-01
7.950614549801719999e-01,5.169309730070238418e-01,-1.095557520642380211e+00,-9.553980297165883817e-01,2.776096305279527332e-01,3.612564952405566965e-01,-4.200840252084042659e-01,-7.493878485222064123e-01,3.808261624649357246e-01,-7.602924417041847516e-01,1.654683899353353249e+00,8.436419852552954346e-01,2.820301269860867155e+00,2.097404926922417367e-01
-1.603970134139968695e-01,5.169309730070238418e-01,-2.106471440041099985e-01,8.531743722160479715e-01,4.386780728775743765e-01,1.846002273755905199e+00,-4.200840252084042659e-01,-7.493878485222064123e-01,-1.293008193573314535e-01,1.315283363541660755e+00,1.097061486384457663e+00,8.436419852552954346e-01,-3.613997335382717613e-01,-8.389619707689667250e-01
-4.788831695453864556e-01,5.169309730070238418e-01,-2.106471440041099985e-01,8.531743722160479715e-01,4.386780728775743765e-01,3.612564952405566965e-01,-4.200840252084042659e-01,-7.493878485222064123e-01,2.593673572691578277e-01,1.315283363541660755e+00,1.676907981029650274e-01,8.436419852552954346e-01,-3.613997335382717613e-01,-8.389619707689667250e-01
7.950614549801719999e-01,5.169309730070238418e-01,6.742632326341602145e-01,8.531743722160479715e-01,7.071254767936103747e-01,-1.682452399892334860e+00,-4.200840252084042659e-01,-7.493878485222064123e-01,-5.908442791012874507e-01,1.315283363541660755e+00,-7.616798901785275522e-01,8.436419852552954346e-01,-3.613997335382717613e-01,1.608010443973852954e+00
1.644357871330544230e+00,5.169309730070238418e-01,-1.095557520642380211e+00,-1.558255497027467129e+00,4.386780728775743765e-01,5.359324691835388732e-01,-4.200840252084042659e-01,1.735069162794658171e+00,4.051179235040913151e-01,-7.602924417041847516e-01,1.097061486384457663e+00,8.436419852552954346e-01,4.411151771560436252e+00,1.608010443973852954e+00
3.704132468049858296e-01,5.169309730070238418e-01,1.559173609272430427e+00,8.531743722160479715e-01,1.702306689615383506e-01,1.033758994921037955e+00,-4.200840252084042659e-01,4.928406571362257682e-01,4.537014455824024406e-01,1.315283363541660755e+00,1.097061486384457663e+00,8.436419852552954346e-01,-3.613997335382717613e-01,-8.389619707689667250e-01
1.007385559067764946e+00,5.169309730070238418e-01,6.742632326341602145e-01,8.531743722160479715e-01,7.071254767936103747e-01,-1.682452399892334860e+00,-4.200840252084042659e-01,4.928406571362257682e-01,5.994520118173359835e-01,-7.602924417041847516e-01,2.676991656462995195e+00,-1.803034322049575922e-01,-3.613997335382717613e-01,-8.389619707689667250e-01
3.704132468049858296e-01,-1.934494259809790284e+00,-2.106471440041099985e-01,8.531743722160479715e-01,1.512467688541718536e+00,1.348175748018406006e+00,-4.200840252084042659e-01,4.928406571362257682e-01,-8.071729727902030027e-02,1.315283363541660755e+00,-1.818333955333344826e-02,8.436419852552954346e-01,-3.613997335382717613e-01,-8.389619707689667250e-01
7.950614549801719999e-01,5.169309730070238418e-01,6.742632326341602145e-01,8.531743722160479715e-01,-5.008878408285516448e-01,-1.682452399892334860e+00,-4.200840252084042659e-01,-7.493878485222064123e-01,-4.693854739055095537e-01,1.315283363541660755e+00,6.323761422437113033e-01,-1.803034322049575922e-01,-3.613997335382717613e-01,-8.389619707689667250e-01
-5.850452215891830399e-01,5.169309730070238418e-01,-2.106471440041099985e-01,8.531743722160479715e-01,-9.821673495449766145e-02,5.883352613664335484e-01,-4.200840252084042659e-01,-7.493878485222064123e-01,-3.479266687097316568e-01,-7.602924417041847516e-01,1.097061486384457663e+00,8.436419852552954346e-01,-3.613997335382717613e-01,-8.389619707689667250e-01
5.192709067359619485e-02,5.169309730070238418e-01,-1.095557520642380211e+00,-1.558255497027467129e+00,3.600696700352034457e-02,7.018746444293718634e-01,-4.200840252084042659e-01,1.735069162794658171e+00,5.508684897390248025e-01,-7.602924417041847516e-01,-2.969945460377813040e-01,1.867587402715548350e+00,1.229450768161297836e+00,2.097404926922417367e-01
3.704132468049858296e-01,-1.934494259809790284e+00,-2.106471440041099985e-01,-9.553980297165883817e-01,1.702306689615383506e-01,1.007557598829590617e+00,-4.200840252084042659e-01,-7.493878485222064123e-01,-7.608866063753765285e-01,-7.602924417041847516e-01,1.676907981029650274e-01,8.436419852552954346e-01,-3.613997335382717613e-01,-8.389619707689667250e-01
-5.850452215891830399e-01,-1.934494259809790284e+00,-2.106471440041099985e-01,8.531743722160479715e-01,3.849885920943671436e-01,1.865805212975744920e-01,-4.200840252084042659e-01,-7.493878485222064123e-01,-5.179689959838207347e-01,1.315283363541660755e+00,6.323761422437113033e-01,8.436419852552954346e-01,-3.613997335382717613e-01,-8.389619707689667250e-01
1.856681975418137398e+00,5.169309730070238418e-01,1.559173609272430427e+00,-1.558255497027467129e+00,-3.319585581946929764e+00,2.477171121776182428e-01,-4.200840252084042659e-01,-7.493878485222064123e-01,-3.141479188212623175e+00,-7.602924417041847516e-01,-7.616798901785275522e-01,-1.204248849665210619e+00,-3.613997335382717613e-01,-8.389619707689667250e-01
6.888994029363754157e-01,5.169309730070238418e-01,1.559173609272430427e+00,8.531743722160479715e-01,1.702306689615383506e-01,-5.796584222260055264e-02,2.380476142847624210e+00,4.928406571362257682e-01,2.593673572691578277e-01,1.315283363541660755e+00,-2.969945460377813040e-01,8.436419852552954346e-01,-3.613997335382717613e-01,-8.389619707689667250e-01
1.113547611111561642e+00,5.169309730070238418e-01,-1.095557520642380211e+00,8.531743722160479715e-01,1.165411881783311454e-01,6.145366574578807750e-01,-4.200840252084042659e-01,-7.493878485222064123e-01,-5.908442791012874507e-01,1.315283363541660755e+00,-5.758057525222289863e-01,8.436419852552954346e-01,1.229450768161297836e+00,1.608010443973852954e+00
4.765752988487823583e-01,-1.934494259809790284e+00,-1.095557520642380211e+00,-9.553980297165883817e-01,7.071254767936103747e-01,7.892126314008629517e-01,2.380476142847624210e+00,1.735069162794658171e+00,7.937861001305805964e-01,-7.602924417041847516e-01,1.676907981029650274e-01,-1.803034322049575922e-01,-3.613997335382717613e-01,2.097404926922417367e-01
-2.071313950202334553e+00,5.169309730070238418e-01,-2.106471440041099985e-01,-3.525405624057095788e-01,7.071254767936103747e-01,1.865805212975744920e-01,-4.200840252084042659e-01,4.928406571362257682e-01,9.395366663655140282e-01,-7.602924417041847516e-01,-7.616798901785275522e-01,-1.204248849665210619e+00,-3.613997335382717613e-01,-8.389619707689667250e-01
1.580891427173927444e-01,-1.934494259809790284e+00,-2.106471440041099985e-01,-3.525405624057095788e-01,-3.666641388705336735e-01,1.321974351926958668e+00,-4.200840252084042659e-01,4.928406571362257682e-01,7.452025780522694154e-01,-7.602924417041847516e-01,-7.616798901785275522e-01,-1.204248849665210619e+00,-3.613997335382717613e-01,-8.389619707689667250e-01
-7.973693256767760973e-01,5.169309730070238418e-01,-1.095557520642380211e+00,-3.525405624057095788e-01,-6.082668023949661107e-01,3.810594344603964595e-02,2.380476142847624210e+00,-7.493878485222064123e-01,6.480355338956470534e-01,-7.602924417041847516e-01,-7.616798901785275522e-01,-1.803034322049575922e-01,-3.613997335382717613e-01,1.608010443973852954e+00
1.325871715199154588e+00,-1.934494259809790284e+00,-1.095557520642380211e+00,-1.558255497027467129e+00,5.997465152271960198e-01,7.455436379151174631e-01,-4.200840252084042659e-01,1.735069162794658171e+00,5.508684897390248025e-01,-7.602924417041847516e-01,-7.616798901785275522e-01,8.436419852552954346e-01,1.229450768161297836e+00,2.097404926922417367e-01
-2.665590654577933982e-01,5.169309730070238418e-01,-1.095557520642380211e+00,8.531743722160479715e-01,4.386780728775743765e-01,9.202196118580996398e-01,-4.200840252084042659e-01,-7.493878485222064123e-01,-1.778843414356426067e-01,1.315283363541660755e+00,3.141677000603741554e+00,8.436419852552954346e-01,4.411151771560436252e+00,1.608010443973852954e+00
-7.973693256767760973e-01,5.169309730070238418e-01,-2.106471440041099985e-01,8.531743722160479715e-01,-3.666641388705336735e-01,3.961916900291531096e-01,-4.200840252084042659e-01,4.928406571362257682e-01,2.593673572691578277e-01,1.315283363541660755e+00,1.676907981029650274e-01,8.436419852552954346e-01,-3.613997335382717613e-01,2.097404926922417367e-01
1.007385559067764946e+00,5.169309730070238418e-01,1.559173609272430427e+00,8.531743722160479715e-01,1.702306689615383506e-01,1.007557598829590617e+00,-4.200840252084042659e-01,-7.493878485222064123e-01,2.107838351908466745e-01,1.315283363541660755e+00,1.097061486384457663e+00,8.436419852552954346e-01,-3.613997335382717613e-01,-8.389619707689667250e-01
-3.727211175015899269e-01,-1.934494259809790284e+00,-2.106471440041099985e-01,8.531743722160479715e-01,-9.821673495449766145e-02,1.182233572772572794e+00,-4.200840252084042659e-01,-7.493878485222064123e-01,-4.693854739055095537e-01,1.315283363541660755e+00,1.676907981029650274e-01,8.436419852552954346e-01,-3.613997335382717613e-01,-8.389619707689667250e-01
-2.389800106333724194e+00,5.169309730070238418e-01,-2.106471440041099985e-01,8.531743722160479715e-01,-9.821673495449766145e-02,6.756732483379246368e-01,-4.200840252084042659e-01,-7.493878485222064123e-01,5.751602507781803375e-01,1.315283363541660755e+00,6.323761422437113033e-01,8.436419852552954346e-01,-3.613997335382717613e-01,-8.389619707689667250e-01
-1.434341637939555270e+00,5.169309730070238418e-01,-2.106471440041099985e-01,-3.525405624057095788e-01,1.702306689615383506e-01,7.193422418236701255e-01,-4.200840252084042659e-01,-7.493878485222064123e-01,5.022849676607136216e-01,-7.602924417041847516e-01,-7.616798901785275522e-01,-1.204248849665210619e+00,-3.613997335382717613e-01,-8.389619707689667250e-01
-1.222017533851962323e+00,5.169309730070238418e-01,1.559173609272430427e+00,-1.558255497027467129e+00,2.776096305279527332e-01,4.136592874234513162e-01,-4.200840252084042659e-01,-7.493878485222064123e-01,7.452025780522694154e-01,-7.602924417041847516e-01,-7.616798901785275522e-01,-1.204248849665210619e+00,-3.613997335382717613e-01,-8.389619707689667250e-01
-2.283638054289927499e+00,-1.934494259809790284e+00,-2.106471440041099985e-01,-3.525405624057095788e-01,-5.008878408285516448e-01,4.683974214318874923e-02,-4.200840252084042659e-01,-7.493878485222064123e-01,8.666613832480473123e-01,-7.602924417041847516e-01,-7.616798901785275522e-01,-1.204248849665210619e+00,-3.613997335382717613e-01,-8.389619707689667250e-01
3.704132468049858296e-01,5.169309730070238418e-01,6.742632326341602145e-01,8.531743722160479715e-01,-3.666641388705336735e-01,-1.682452399892334860e+00,-4.200840252084042659e-01,4.928406571362257682e-01,4.074150791675760358e-02,1.315283363541660755e+00,5.394390734155619649e-01,-1.803034322049575922e-01,1.229450768161297836e+00,-8.389619707689667250e-01
5.192709067359619485e-02,5.169309730070238418e-01,-1.095557520642380211e+00,-1.558255497027467129e+00,-9.821673495449766145e-02,5.708676639721352863e-01,-4.200840252084042659e-01,1.735069162794658171e+00,4.294096845432469056e-01,-7.602924417041847516e-01,-3.899316148659305314e-01,8.436419852552954346e-01,-3.613997335382717613e-01,1.608010443973852954e+00
3.704132468049858296e-01,5.169309730070238418e-01,6.742632326341602145e-01,8.531743722160479715e-01,4.386780728775743765e-01,-1.682452399892334860e+00,-4.200840252084042659e-01,-7.493878485222064123e-01,-7.123030842970653476e-01,1.315283363541660755e+00,-7.616798901785275522e-01,-1.204248849665210619e+00,-3.613997335382717613e-01,1.258442956153450254e+00
1.856681975418137398e+00,5.169309730070238418e-01,1.559173609272430427e+00,8.531743722160479715e-01,1.702306689615383506e-01,2.477171121776182428e-01,-4.200840252084042659e-01,4.928406571362257682e-01,-3.479266687097316568e-01,1.315283363541660755e+00,-7.616798901785275522e-01,-1.204248849665210619e+00,-3.613997335382717613e-01,-8.389619707689667250e-01
-5.850452215891830399e-01,5.169309730070238418e-01,-1.095557520642380211e+00,8.531743722160479715e-01,-4.452725417129046320e-02,2.564509108747673460e-01,-4.200840252084042659e-01,1.735069162794658171e+00,1.376788365070314546e+00,-7.602924417041847516e-01,-7.616798901785275522e-01,-1.803034322049575922e-01,-3.613997335382717613e-01,2.097404926922417367e-01
-1.009693429764369155e+00,5.169309730070238418e-01,-2.106471440041099985e-01,-3.525405624057095788e-01,1.702306689615383506e-01,1.953143199947235953e-01,-4.200840252084042659e-01,-7.493878485222064123e-01,1.379085520733799308e-01,-7.602924417041847516e-01,-7.616798901785275522e-01,-1.204248849665210619e+00,-3.613997335382717613e-01,-8.389619707689667250e-01
-5.423496137020034080e-02,-1.934494259809790284e+00,-1.095557520642380211e+00,-1.558255497027467129e+00,1.165411881783311454e-01,2.040481186918726986e-01,-4.200840252084042659e-01,1.735069162794658171e+00,-3.479266687097316568e-01,-7.602924417041847516e-01,-7.616798901785275522e-01,-1.803034322049575922e-01,-3.613997335382717613e-01,-8.389619707689667250e-01
5.192709067359619485e-02,5.169309730070238418e-01,-2.106471440041099985e-01,8.531743722160479715e-01,7.071254767936103747e-01,1.505384124567090032e+00,-4.200840252084042659e-01,4.928406571362257682e-01,1.136167910342243403e-01,-7.602924417041847516e-01,1.676907981029650274e-01,-1.803034322049575922e-01,-3.613997335382717613e-01,-8.389619707689667250e-01
-1.646665742027148438e+00,-1.934494259809790284e+00,-2.106471440041099985e-01,-3.525405624057095788e-01,-9.821673495449766145e-02,7.193422418236701255e-01,-4.200840252084042659e-01,-7.493878485222064123e-01,-7.842014161553558307e-03,-7.602924417041847516e-01,-7.616798901785275522e-01,-1.204248849665210619e+00,-3.613997335382717613e-01,-8.389619707689667250e-01
-1.603970134139968695e-01,5.169309730070238418e-01,-1.095557520642380211e+00,8.531743722160479715e-01,-3.129746580873264961e-01,3.263213004519602278e-01,-4.200840252084042659e-01,-7.493878485222064123e-01,7.452025780522694154e-01,-7.602924417041847516e-01,-7.616798901785275522e-01,-1.803034322049575922e-01,1.229450768161297836e+00,2.097404926922417367e-01
1.580891427173927444e-01,5.169309730070238418e-01,-2.106471440041099985e-01,-1.558255497027467129e+00,-9.821673495449766145e-02,2.389833134804691395e-01,-4.200840252084042659e-01,1.735069162794658171e+00,1.136167910342243403e-01,-7.602924417041847516e-01,-7.616798901785275522e-01,-1.204248849665210619e+00,-3.613997335382717613e-01,-8.389619707689667250e-01
1.007385559067764946e+00,-1.934494259809790284e+00,-1.095557520642380211e+00,8.531743722160479715e-01,7.071254767936103747e-01,1.872203669847352536e+00,-4.200840252084042659e-01,1.735069162794658171e+00,5.994520118173359835e-01,-7.602924417041847516e-01,2.955802862947442655e+00,8.436419852552954346e-01,4.411151771560436252e+00,1.608010443973852954e+00
-9.035313777205725705e-01,5.169309730070238418e-01,6.742632326341602145e-01,-1.558255497027467129e+00,-3.666641388705336735e-01,-1.682452399892334860e+00,-4.200840252084042659e-01,-7.493878485222064123e-01,2.107838351908466745e-01,-7.602924417041847516e-01,-8.546169590066768906e-01,-1.803034322049575922e-01,-3.613997335382717613e-01,-8.389619707689667250e-01
1.113547611111561642e+00,5.169309730070238418e-01,-1.095557520642380211e+00,-9.553980297165883817e-01,-3.666641388705336735e-01,1.603791252061271544e-01,-4.200840252084042659e-01,1.735069162794658171e+00,3.565344014257801342e-01,1.315283363541660755e+00,9.111873487281592077e-01,8.436419852552954346e-01,-3.613997335382717613e-01,2.097404926922417367e-01
1.007385559067764946e+00,5.169309730070238418e-01,6.742632326341602145e-01,8.531743722160479715e-01,1.646691390499736452e+00,-1.682452399892334860e+00,-4.200840252084042659e-01,-7.493878485222064123e-01,-7.608866063753765285e-01,1.315283363541660755e+00,-7.616798901785275522e-01,-1.803034322049575922e-01,-3.613997335382717613e-01,1.608010443973852954e+00
1.432033767242951061e+00,5.169309730070238418e-01,-1.095557520642380211e+00,8.531743722160479715e-01,3.600696700352034457e-02,5.359324691835388732e-01,2.380476142847624210e+00,-7.493878485222064123e-01,8.180778611697361313e-01,-7.602924417041847516e-01,-5.758057525222289863e-01,8.436419852552954346e-01,2.820301269860867155e+00,1.608010443973852954e+00
5.827373508925788315e-01,5.169309730070238418e-01,-1.095557520642380211e+00,8.531743722160479715e-01,4.386780728775743765e-01,-1.365700304969425238e-01,-4.200840252084042659e-01,-7.493878485222064123e-01,7.937861001305805964e-01,1.315283363541660755e+00,-7.616798901785275522e-01,-1.803034322049575922e-01,1.229450768161297836e+00,1.608010443973852954e+00
7.950614549801719999e-01,5.169309730070238418e-01,-1.095557520642380211e+00,8.531743722160479715e-01,4.386780728775743765e-01,1.254439304175307413e-01,-4.200840252084042659e-01,1.735069162794658171e+00,2.107838351908466745e-01,1.315283363541660755e+00,1.004124417556308213e+00,-1.803034322049575922e-01,1.229450768161297836e+00,1.608010443973852954e+00
2.281330183593323291e+00,5.169309730070238418e-01,1.559173609272430427e+00,8.531743722160479715e-01,9.755728807096464283e-01,1.025025196223888990e+00,2.380476142847624210e+00,-7.493878485222064123e-01,-4.208019518271984283e-01,1.315283363541660755e+00,1.097061486384457663e+00,1.867587402715548350e+00,-3.613997335382717613e-01,1.608010443973852954e+00
-5.423496137020034080e-02,-1.934494259809790284e+00,-2.106471440041099985e-01,-3.525405624057095788e-01,4.386780728775743765e-01,2.040481186918726986e-01,-4.200840252084042659e-01,-7.493878485222064123e-01,3.079508793474690087e-01,1.315283363541660755e+00,1.097061486384457663e+00,8.436419852552954346e-01,-3.613997335382717613e-01,-8.389619707689667250e-01
3.704132468049858296e-01,-1.934494259809790284e+00,-1.095557520642380211e+00,8.531743722160479715e-01,1.165411881783311454e-01,9.638886053438451285e-01,-4.200840252084042659e-01,1.735069162794658171e+00,7.209108170131138804e-01,-7.602924417041847516e-01,-7.616798901785275522e-01,-1.803034322049575922e-01,1.229450768161297836e+00,2.097404926922417367e-01
